Date,Ativo,Modelo,Real,Pred_Base,Pred_SeqOnly,Pred_ResidualOnly,Pred_Hibrido,ErroAbs_Base,ErroAbs_Hibrido,Hybrid_Better,Event_Day,Year
2020-12-29,PRIO3,TRANSFORMER,13.542248725891112,13.724779281557161,13.931065933227003,13.724779281557161,13.931065933227003,0.18253055566604992,0.388817207335892,False,True,2020
2020-12-30,PRIO3,TRANSFORMER,14.015488624572754,12.906610349136255,13.137339044863074,12.906610349136255,13.137339044863074,1.1088782754364992,0.8781495797096799,True,True,2020
2020-12-31,PRIO3,TRANSFORMER,14.015488624572754,12.826784906279762,12.826784906279762,12.826784906279762,12.826784906279762,1.1887037182929916,1.1887037182929916,False,False,2020
2021-01-04,PRIO3,TRANSFORMER,14.936010360717772,12.997197738029588,12.997197738029588,12.997197738029588,12.997197738029588,1.938812622688184,1.938812622688184,False,True,2021
2021-01-05,PRIO3,TRANSFORMER,14.734333992004396,14.198483184418912,14.419174685372976,14.198483184418912,14.419174685372976,0.5358508075854846,0.3151593066314202,True,True,2021
2021-01-06,PRIO3,TRANSFORMER,14.566603660583496,15.570578437893717,15.852072027237378,15.570578437893717,15.852072027237378,1.003974777310221,1.2854683666538822,False,True,2021
2021-01-07,PRIO3,TRANSFORMER,14.782257080078123,14.272017440444767,14.57849691705677,14.272017440444767,14.57849691705677,0.5102396396333564,0.2037601630213537,True,True,2021
2021-01-08,PRIO3,TRANSFORMER,14.866122245788574,14.241206325285347,14.460014821902055,14.241206325285347,14.460014821902055,0.6249159205032271,0.4061074238865192,True,True,2021
2021-01-11,PRIO3,TRANSFORMER,15.545031547546388,14.523608111733163,14.817591137633459,14.523608111733163,14.817591137633459,1.021423435813226,0.7274404099129299,True,True,2021
2021-01-12,PRIO3,TRANSFORMER,15.27546501159668,17.287336357630156,17.48483317336812,17.287336357630156,17.48483317336812,2.0118713460334767,2.2093681617714402,False,True,2021
2021-01-13,PRIO3,TRANSFORMER,15.870509147644045,16.358209840515148,16.74373140331004,16.358209840515148,16.74373140331004,0.48770069287110296,0.8732222556659952,False,True,2021
2021-01-14,PRIO3,TRANSFORMER,15.574984550476074,16.557369770968595,16.83716473059476,16.557369770968595,16.83716473059476,0.982385220492521,1.262180180118687,False,True,2021
2021-01-15,PRIO3,TRANSFORMER,14.83217716217041,15.695724806088068,15.759169493528638,15.695724806088068,15.759169493528638,0.8635476439176575,0.9269923313582282,False,True,2021
2021-01-18,PRIO3,TRANSFORMER,14.544638633728027,15.01172651665418,14.967270986501573,15.01172651665418,14.967270986501573,0.4670878829261529,0.4226323527735456,True,True,2021
2021-01-19,PRIO3,TRANSFORMER,14.676426887512209,14.92443364011237,15.211210617281779,14.92443364011237,15.211210617281779,0.24800675260016192,0.5347837297695701,False,True,2021
2021-01-20,PRIO3,TRANSFORMER,14.139289855957031,15.47439807923921,15.2504501453739,15.47439807923921,15.2504501453739,1.3351082232821785,1.111160289416869,True,True,2021
2021-01-21,PRIO3,TRANSFORMER,14.83217716217041,14.66798757327969,14.976882618914052,14.66798757327969,14.976882618914052,0.16418958889071966,0.1447054567436421,True,True,2021
2021-01-22,PRIO3,TRANSFORMER,14.376907348632812,15.665108774735076,15.666951587946114,15.062867952361858,14.901418002218133,1.2882014261022636,0.5245106535853203,True,True,2021
2021-01-25,PRIO3,TRANSFORMER,14.376907348632812,14.503895073923731,14.486983700532814,16.21534656108844,16.31669908646114,0.12698772529091862,1.939791737828326,False,False,2021
2021-01-26,PRIO3,TRANSFORMER,14.097356796264648,14.488039887527352,14.488039887527352,16.12237735921321,16.129532670406082,0.3906830912627033,2.0321758741414335,False,False,2021
2021-01-27,PRIO3,TRANSFORMER,13.658062934875488,14.506665391619814,14.506665391619814,15.183912347742314,15.099161101929285,0.8486024567443256,1.4410981670537968,False,True,2021
2021-01-28,PRIO3,TRANSFORMER,14.332978248596191,14.608910580321927,14.94616663448859,13.981432930384251,14.232153518373938,0.27593233172573584,0.10082473022225358,True,True,2021
2021-01-29,PRIO3,TRANSFORMER,14.07539176940918,14.166346052503258,14.166346052503258,14.334514927422825,14.178542168762704,0.09095428309407794,0.10315039935352388,False,True,2021
2021-02-01,PRIO3,TRANSFORMER,14.67043685913086,16.18147625088878,16.59746893761925,15.71550835067883,15.992307783415534,1.5110393917579223,1.3218709242846742,True,True,2021
2021-02-02,PRIO3,TRANSFORMER,15.541038513183594,15.651261015598736,15.962330156066336,14.944648344919608,15.143178574957796,0.11022250241514264,0.3978599382257979,False,True,2021
2021-02-03,PRIO3,TRANSFORMER,15.351343154907228,16.50332793998525,16.806741404404775,15.975516930375838,16.166686864606266,1.1519847850780227,0.8153437096990377,True,True,2021
2021-02-04,PRIO3,TRANSFORMER,15.151663780212402,15.674922958113642,15.965915164507432,14.989096991050392,15.116818909639665,0.5232591779012399,0.03484487057273711,True,True,2021
2021-02-05,PRIO3,TRANSFORMER,15.674822807312012,15.306701741627096,15.647217467943722,14.708262370689582,14.913040842597784,0.36812106568491565,0.7617819647142277,False,True,2021
2021-02-08,PRIO3,TRANSFORMER,16.191993713378906,16.947978183876135,17.284029406763235,16.60405510723678,16.72694951935754,0.7559844704972285,0.5349558059786332,True,True,2021
2021-02-09,PRIO3,TRANSFORMER,15.523067474365234,16.69646303576253,16.42818906776602,16.211406064401498,15.70809214243378,1.173395561397296,0.18502466806854478,True,True,2021
2021-02-10,PRIO3,TRANSFORMER,15.860525131225586,16.846163158158316,17.21325721297182,16.17118381923548,16.46818927291735,0.9856380269327296,0.6076641416917639,True,True,2021
2021-02-11,PRIO3,TRANSFORMER,15.441198348999023,16.05537509957202,15.788058310461558,15.348675308487682,14.95173397272272,0.614176750572998,0.48946437627630424,True,True,2021
2021-02-12,PRIO3,TRANSFORMER,15.892474174499512,15.778417363949176,15.949908473596865,15.154506995776373,15.285907419151542,0.1140568105503359,0.6065667553479699,False,True,2021
2021-02-16,PRIO3,TRANSFORMER,15.892474174499512,15.928077916456198,16.135092201260978,15.476682245416882,15.537946349949374,0.03560374195668636,0.35452782455013754,False,True,2021
2021-02-17,PRIO3,TRANSFORMER,17.394062042236328,15.900438987379276,16.010203944854055,15.607463430580975,15.48149899486326,1.4936230548570517,1.9125630473730677,False,True,2021
2021-02-18,PRIO3,TRANSFORMER,17.653644561767578,17.711225174400727,17.72411871088755,18.142561028740793,18.053805189900842,0.057580612633149286,0.40016062813326414,False,False,2021
2021-02-19,PRIO3,TRANSFORMER,17.74949073791504,18.068057921611686,17.79604365135659,17.753038519690463,17.32074643334688,0.31856718369664705,0.42874430456815915,False,True,2021
2021-02-22,PRIO3,TRANSFORMER,18.408432006835938,16.45302099592192,16.79611353161713,16.07158208524445,16.32870147026246,1.9554110109140161,2.0797305365734786,False,True,2021
2021-02-23,PRIO3,TRANSFORMER,17.72153663635254,18.411362872657808,18.59429136850627,18.457969972499065,18.52656028271079,0.6898262363052687,0.8050236463582507,False,True,2021
2021-02-24,PRIO3,TRANSFORMER,17.443981170654297,19.228310031577823,19.53733728682074,19.19571105790298,19.25352147410659,1.7843288609235266,1.8095403034522946,False,True,2021
2021-02-25,PRIO3,TRANSFORMER,16.755088806152344,18.418519491249132,18.131545746266024,18.084029670974797,17.621382586019504,1.6634306850967882,0.8662937798671599,True,True,2021
2021-02-26,PRIO3,TRANSFORMER,16.6951847076416,18.506779915393597,18.23403432075459,17.896963788141523,17.497281657808784,1.8115952077519957,0.8020969501671829,True,True,2021
2021-03-01,PRIO3,TRANSFORMER,17.61770248413086,17.494722144636878,17.789790012005227,16.776753308685787,17.040845903072086,0.12298033949398146,0.5768565810587738,False,True,2021
2021-03-02,PRIO3,TRANSFORMER,17.106525421142578,18.259672342308978,18.03185669787083,17.800167360258886,17.436205103745202,1.1531469211663996,0.3296796826026238,True,True,2021
2021-03-03,PRIO3,TRANSFORMER,17.89525604248047,17.980498692915408,18.275158269730436,17.48269086642935,17.670908298203454,0.08524265043493884,0.22434774427701498,False,True,2021
2021-03-04,PRIO3,TRANSFORMER,18.56817626953125,18.78686239578069,19.12884689556613,18.34654348532673,18.546110426929097,0.21868612624944106,0.02206584260215294,True,True,2021
2021-03-05,PRIO3,TRANSFORMER,19.97990798950196,19.54731056126998,19.902684475107122,19.149386648820812,19.32696089839807,0.4325974282319791,0.6529470911038899,False,True,2021
2021-03-08,PRIO3,TRANSFORMER,18.969532012939453,20.68308465295081,20.533965240226465,20.396185002942733,20.040716281965604,1.7135526400113577,1.0711842690261513,True,True,2021
2021-03-09,PRIO3,TRANSFORMER,19.714336395263672,20.276877194217164,20.636988209485434,19.706156688000114,19.96851647452567,0.5625407989534921,0.2541800792619995,True,True,2021
2021-03-10,PRIO3,TRANSFORMER,18.84972381591797,20.10224548900466,20.159285706816803,19.60310548113755,19.49327960458909,1.2525216730866902,0.6435557886711223,True,True,2021
2021-03-11,PRIO3,TRANSFORMER,18.54022026062012,20.176959395746593,20.463292939879278,19.5977133979305,19.757891428079887,1.6367391351264722,1.2176711674597662,True,True,2021
2021-03-12,PRIO3,TRANSFORMER,18.672008514404297,20.107939298159778,20.25609937540727,19.842761785008904,20.015580521992828,1.4359307837554809,1.3435720075885307,True,False,2021
2021-03-15,PRIO3,TRANSFORMER,18.130878448486328,19.321706031607977,19.06892298813277,18.617575009027252,18.202037170248296,1.1908275831216493,0.07115872176196802,True,True,2021
2021-03-16,PRIO3,TRANSFORMER,18.17081451416016,18.814221782740223,18.454086768920373,18.106496147733225,17.663854223769135,0.6434072685800629,0.5069602903910244,True,True,2021
2021-03-17,PRIO3,TRANSFORMER,19.26905059814453,18.85830008592612,19.264422073993956,18.262486101340198,18.629974125740077,0.4107505122184101,0.6390764724044544,False,True,2021
2021-03-18,PRIO3,TRANSFORMER,17.611711502075195,19.65548868039049,19.520415845416323,19.336099496645055,18.99617684368806,2.0437771783152954,1.384465341612863,True,True,2021
2021-03-19,PRIO3,TRANSFORMER,18.755874633789062,19.575349018578606,19.64403832793545,18.837725289227805,18.82437776123398,0.8194743847895438,0.0685031274449166,True,True,2021
2021-03-22,PRIO3,TRANSFORMER,18.08095932006836,20.190661639808127,19.8041793131591,19.49804975387682,19.03238971431023,2.1097023197397675,0.9514303942418714,True,True,2021
2021-03-23,PRIO3,TRANSFORMER,17.378087997436523,18.530596733602156,18.10661027416332,17.622172150081926,17.22490229913434,1.1525087361656325,0.15318569830218465,True,True,2021
2021-03-24,PRIO3,TRANSFORMER,17.573772430419922,18.247053377137664,18.60517020057642,17.500366930128894,17.88719883311426,0.6732809467177425,0.31342640269433986,True,True,2021
2021-03-25,PRIO3,TRANSFORMER,17.85332489013672,19.10425289903114,18.99135458346398,18.2043899624224,18.069472226534963,1.250928008894423,0.2161473363982438,True,True,2021
2021-03-26,PRIO3,TRANSFORMER,18.47233009338379,18.77886842728522,19.287665594223515,18.02632933251501,18.477985975092604,0.3065383339014325,0.005655881708815258,True,True,2021
2021-03-29,PRIO3,TRANSFORMER,18.84972381591797,20.07336457599979,20.543105801696413,19.48189466469614,19.78155107453675,1.223640760081821,0.9318272586187817,True,True,2021
2021-03-30,PRIO3,TRANSFORMER,18.42440795898437,19.177752478218995,18.90030935335304,18.446238756312187,17.990729708369745,0.7533445192346235,0.4336782506146264,True,True,2021
2021-03-31,PRIO3,TRANSFORMER,18.426403045654297,19.281364317272793,18.89908188863876,18.589022703696784,18.161530152975786,0.854961271618496,0.2648728926785111,True,True,2021
2021-04-01,PRIO3,TRANSFORMER,18.166820526123047,19.417089886695123,19.660107045088694,18.725373668353086,18.966117694104724,1.2502693605720765,0.7992971679816776,True,True,2021
2021-04-05,PRIO3,TRANSFORMER,18.09493637084961,18.620746300823047,18.320203390226403,17.831831317018768,17.466154458771506,0.5258099299734376,0.6287819120781037,False,True,2021
2021-04-06,PRIO3,TRANSFORMER,18.66801643371582,18.187985319316073,18.532038438384983,17.525553228449972,17.818479501709252,0.4800311143997469,0.8495369320065684,False,True,2021
2021-04-07,PRIO3,TRANSFORMER,18.8896598815918,18.960940122550515,18.818072360977517,18.87626190073199,18.74950547758907,0.0712802409587141,0.14015440400272894,False,False,2021
2021-04-08,PRIO3,TRANSFORMER,18.919612884521484,18.836224342823133,18.528742484919707,18.376813877590617,17.96359715206717,0.0833885416983513,0.9560157324543148,False,True,2021
2021-04-09,PRIO3,TRANSFORMER,18.86769676208496,19.097955755443056,19.097955755443056,18.984473296113674,19.145608000108002,0.2302589933580954,0.27791123802304085,False,False,2021
2021-04-12,PRIO3,TRANSFORMER,19.350919723510746,18.94520492226845,19.338667500870596,18.445687576657324,18.757707032432272,0.4057148012422971,0.5932126910784739,False,True,2021
2021-04-13,PRIO3,TRANSFORMER,20.067768096923828,19.85654711453921,20.127225496824707,19.464077483460972,19.55036971285802,0.21122098238461717,0.5173983840658067,False,True,2021
2021-04-14,PRIO3,TRANSFORMER,20.32735061645508,20.574001957663526,20.80367891847413,20.198197287479857,20.245301640506177,0.24665134120844456,0.08204897594890426,True,True,2021
2021-04-15,PRIO3,TRANSFORMER,19.488698959350582,20.48192580489082,20.089589018643004,20.009278554945205,19.467511822020505,0.9932268455402387,0.021187137330077377,True,True,2021
2021-04-16,PRIO3,TRANSFORMER,19.596525192260746,20.630770707110116,20.630770707110116,20.37275012781208,20.504225590248453,1.0342455148493706,0.907700397987707,True,False,2021
2021-04-19,PRIO3,TRANSFORMER,19.1692123413086,20.07843122369215,20.328706300391538,19.37292922480255,19.584076170843236,0.9092188823835485,0.4148638295346352,True,True,2021
2021-04-20,PRIO3,TRANSFORMER,18.562185287475582,20.32431766149989,19.915332585604588,19.63947935678127,19.125121742376688,1.7621323740243078,0.5629364549011058,True,True,2021
2021-04-21,PRIO3,TRANSFORMER,18.562185287475582,20.046766803028277,20.115528626807173,19.19184084030351,19.29326883530407,1.4845815155526942,0.7310835478284865,True,True,2021
2021-04-22,PRIO3,TRANSFORMER,18.16482353210449,19.86878314530314,19.88487829556632,19.339722926580173,19.42345714274699,1.703959613198652,1.2586336106425016,True,False,2021
2021-04-23,PRIO3,TRANSFORMER,18.34054183959961,19.22058837199427,19.146328666509568,18.630457904459167,18.621874017091177,0.8800465323946618,0.28133217749156714,True,False,2021
2021-04-26,PRIO3,TRANSFORMER,18.03103828430176,19.203233784651648,19.203233784651648,18.74523229780388,18.793121582870796,1.1721955003498863,0.7620832985690349,True,False,2021
2021-04-27,PRIO3,TRANSFORMER,17.987110137939453,18.674831956521903,18.34473065301521,17.86743421707953,17.50579085062236,0.6877218185824496,0.48131928731709195,True,True,2021
2021-04-28,PRIO3,TRANSFORMER,18.42440795898437,18.773307368724662,19.117629983641148,18.063096602085345,18.416452082751128,0.3488994097402909,0.007955876233243231,True,True,2021
2021-04-29,PRIO3,TRANSFORMER,18.49030113220215,19.183649668092702,19.488996032247602,18.607977942294482,18.7875286822557,0.6933485358905536,0.2972275500535524,True,True,2021
2021-04-30,PRIO3,TRANSFORMER,18.28662872314453,19.30318477077086,19.25610101875292,18.67956381672346,18.476839076229382,1.0165560476263273,0.19021035308485068,True,True,2021
2021-05-03,PRIO3,TRANSFORMER,18.342538833618164,18.896678623199453,19.16441533365008,18.164109694365525,18.36289925838092,0.5541397895812885,0.02036042476275668,True,True,2021
2021-05-04,PRIO3,TRANSFORMER,19.021448135375977,18.82547409755985,19.11855915234934,18.161194790123737,18.33276886335221,0.195974037816125,0.6886792720237658,False,True,2021
2021-05-05,PRIO3,TRANSFORMER,19.36888885498047,20.208758268935725,20.56703037291485,19.757622852887508,19.9404711976612,0.839869413955256,0.5715823426807312,True,True,2021
2021-05-06,PRIO3,TRANSFORMER,19.1692123413086,19.39736706278417,19.385466474600666,19.003201698318424,18.95715799326299,0.22815472147556903,0.21205434804561207,True,False,2021
2021-05-07,PRIO3,TRANSFORMER,19.1791934967041,19.040109683863694,19.324582822607635,18.47485965425863,18.65377386684314,0.13908381284040772,0.5254196298609628,False,True,2021
2021-05-10,PRIO3,TRANSFORMER,18.45036506652832,18.80581254315408,18.470172821890202,18.36343132054279,17.875613210656454,0.35544747662575915,0.5747518558718667,False,True,2021
2021-05-11,PRIO3,TRANSFORMER,18.1408634185791,18.868157668537524,18.51761967519301,18.343598902706358,17.96273062585513,0.7272942499584225,0.17813279272397153,True,True,2021
2021-05-12,PRIO3,TRANSFORMER,17.78143882751465,18.09837441316157,18.119175020242714,17.458069295527473,17.509551561170678,0.31693558564692026,0.2718872663439704,True,True,2021
2021-05-13,PRIO3,TRANSFORMER,17.302209854125977,18.067046974776193,17.798191950575607,17.486153145603613,17.173122782161695,0.7648371206502169,0.12908707196428182,True,True,2021
2021-05-14,PRIO3,TRANSFORMER,18.290620803833008,17.786954282804903,18.024256954177694,17.133871674226622,17.371043436485817,0.503666521028105,0.9195773673471912,False,True,2021
2021-05-17,PRIO3,TRANSFORMER,18.779834747314453,17.872911994712968,18.159385554252214,17.495058740885593,17.66875700998777,0.9069227526014849,1.1110777373266814,False,True,2021
2021-05-18,PRIO3,TRANSFORMER,18.60012435913086,18.23571681674841,18.23571681674841,18.175133650825387,17.869929186936076,0.3644075423824482,0.730195172194783,False,True,2021
2021-05-19,PRIO3,TRANSFORMER,18.2307186126709,18.087530561709816,17.84229394132342,17.83069530303733,17.493528930980553,0.14318805096108278,0.7371896816903458,False,True,2021
2021-05-20,PRIO3,TRANSFORMER,17.701568603515625,17.754309550058128,17.474259215972985,17.40866497448922,17.120519540619693,0.05274094654250305,0.5810490628959322,False,True,2021
2021-05-21,PRIO3,TRANSFORMER,17.991104125976562,17.519643090386726,17.752561080557417,17.119490580101438,17.386971603816015,0.47146103558983654,0.6041325221605476,False,True,2021
2021-05-24,PRIO3,TRANSFORMER,19.1692123413086,17.63668316265944,17.94383270098291,17.366854007208655,17.58499993148228,1.5325291786491597,1.5842124098263213,False,True,2021
2021-05-25,PRIO3,TRANSFORMER,18.7998046875,18.76394504794681,18.480120537398573,18.857854660086478,18.42614601186982,0.03585963955319116,0.3736586756301783,False,True,2021
2021-05-26,PRIO3,TRANSFORMER,18.81977272033692,18.4551382321792,18.50619212853115,18.475753783628225,18.63461146509821,0.3646344881577228,0.18516125523871096,True,False,2021
2021-05-27,PRIO3,TRANSFORMER,19.299001693725582,18.349238147299946,18.6466725662278,18.127153314134542,18.40223580985259,0.9497635464256362,0.896765883872991,True,True,2021
2021-05-28,PRIO3,TRANSFORMER,19.62847328186035,19.466393968093783,19.81105418250841,19.440920662024197,19.666046129880783,0.1620793137665686,0.03757284802043159,True,True,2021
2021-05-31,PRIO3,TRANSFORMER,19.698360443115234,18.899068984866876,18.887495133502814,19.00710934933551,18.875849470239455,0.7992914582483586,0.8225109728757793,False,False,2021
2021-06-01,PRIO3,TRANSFORMER,19.62847328186035,19.084475613337805,19.390820906404297,19.043080767485417,19.265771344302145,0.5439976685225467,0.36270193755820657,True,True,2021
2021-06-02,PRIO3,TRANSFORMER,20.24748039245605,19.56813368337815,19.977531606721612,19.537864652746684,19.818620110555173,0.6793467090779011,0.428860281900878,True,True,2021
2021-06-03,PRIO3,TRANSFORMER,20.24748039245605,19.88582713029311,19.99435842520238,20.148226692744327,20.092461810147707,0.36165326216294247,0.15501858230834387,True,False,2021
2021-06-04,PRIO3,TRANSFORMER,20.46712684631348,19.942245282015605,19.942245282015605,20.137541967496706,20.045688633953386,0.5248815642978748,0.42143821236009416,True,False,2021
2021-06-07,PRIO3,TRANSFORMER,19.66840934753418,20.237428993499208,19.922376921415292,20.17664434774654,19.798354184180457,0.5690196459650281,0.12994483664627765,True,True,2021
2021-06-08,PRIO3,TRANSFORMER,19.289018630981445,19.99558379013739,19.677842579416385,19.629971205040043,19.357649742456505,0.706565159155943,0.06863111147506018,True,True,2021
2021-06-09,PRIO3,TRANSFORMER,18.969532012939453,19.533278993618097,19.533278993618097,19.209255970034242,19.37398631813404,0.5637469806786441,0.40445430519458725,True,False,2021
2021-06-10,PRIO3,TRANSFORMER,19.488698959350582,19.48682990096782,19.828180471681044,18.941404282113837,19.276262554235668,0.001869058382762745,0.21243640511491435,False,True,2021
2021-06-11,PRIO3,TRANSFORMER,19.65842628479004,19.23993762211669,19.255574002983124,19.1404582904697,19.057705671371735,0.41848866267335083,0.6007206134183036,False,False,2021
2021-06-14,PRIO3,TRANSFORMER,19.348920822143555,19.23417658669894,19.23417658669894,19.327677072267885,19.286491884809536,0.11474423544461487,0.062428937334019,True,False,2021
2021-06-15,PRIO3,TRANSFORMER,20.04780006408692,19.75721903505601,20.108421478490065,19.562923881656097,19.87829260675828,0.29058102903091054,0.16950745732864192,True,True,2021
2021-06-16,PRIO3,TRANSFORMER,20.017847061157227,20.187608376133255,20.02461690677624,20.28022106706851,20.012999621522916,0.16976131497602864,0.0048474396343110016,True,False,2021
2021-06-17,PRIO3,TRANSFORMER,19.10930633544922,19.912833366632498,19.645738653245974,19.620801425877954,19.318828425238664,0.803527031183279,0.20952208978944498,True,True,2021
2021-06-18,PRIO3,TRANSFORMER,18.969532012939453,19.736715875919344,19.77554979187949,19.18321815387711,19.261910852377383,0.7671838629798913,0.2923788394379301,True,True,2021
2021-06-21,PRIO3,TRANSFORMER,19.388858795166016,19.31856852236348,19.751820537131813,18.712716446942828,19.11717578080901,0.0702902728025343,0.2716830143570057,False,True,2021
2021-06-22,PRIO3,TRANSFORMER,19.299001693725582,19.272223247485872,19.257826132651633,19.146766540083455,19.004968256556904,0.026778446239710263,0.2940334371686788,False,False,2021
2021-06-23,PRIO3,TRANSFORMER,19.4587459564209,19.10215186558263,19.10215186558263,19.066509955242534,19.027203912575402,0.3565940908382679,0.43154204384549644,False,False,2021
2021-06-24,PRIO3,TRANSFORMER,19.41880989074707,19.37070036161933,19.37070036161933,19.444754127196013,19.469992420830646,0.04810952912773914,0.05118253008357598,False,False,2021
2021-06-25,PRIO3,TRANSFORMER,19.04940223693848,19.301549215368656,19.085070225024086,19.076006544860345,18.827856621863223,0.25214697843017575,0.22154561507525727,True,True,2021
2021-06-28,PRIO3,TRANSFORMER,18.73990058898925,19.700140534222115,19.43600051960058,19.376040920704558,19.12264200607047,0.960239945232864,0.38274141708122045,True,True,2021
2021-06-29,PRIO3,TRANSFORMER,18.94956398010254,19.066705754904508,19.136310515129473,18.727037340827977,18.917552747248855,0.11714177480196852,0.03201123285368368,True,False,2021
2021-06-30,PRIO3,TRANSFORMER,19.4587459564209,19.089666501971227,19.44712810550162,18.6582433576286,18.976704360666652,0.36907945444967183,0.48204159575424654,False,True,2021
2021-07-01,PRIO3,TRANSFORMER,20.507062911987305,19.75630509827039,20.16151736750438,19.550021245792696,19.81434334093888,0.7507578137169162,0.6927195710484249,True,True,2021
2021-07-02,PRIO3,TRANSFORMER,21.225908279418945,20.505268635399574,20.833861732411364,20.473332239519117,20.619703174132397,0.7206396440193714,0.6062051052865485,True,True,2021
2021-07-05,PRIO3,TRANSFORMER,21.455537796020508,20.63122171874548,20.772243435733873,20.902756228750935,20.93019438087552,0.8243160772750286,0.5253434151449881,True,False,2021
2021-07-06,PRIO3,TRANSFORMER,20.2075424194336,20.671531947362723,20.35008209320265,20.741974594202226,20.317797293582128,0.4639895279291224,0.1102548741485272,True,True,2021
2021-07-07,PRIO3,TRANSFORMER,19.80818557739257,20.328283160029684,20.050366539105312,20.022198353140652,19.80281222484446,0.5200975826371135,0.005373352548112109,True,True,2021
2021-07-08,PRIO3,TRANSFORMER,19.54860115051269,19.97962818982974,19.796404522338655,19.53604071901435,19.414543801964257,0.43102703931704767,0.13405734854843487,True,True,2021
2021-07-09,PRIO3,TRANSFORMER,19.54860115051269,19.213725336448608,19.346179726467014,18.77104688478905,18.94371843862838,0.33487581406408395,0.6048827118843114,False,True,2021
2021-07-12,PRIO3,TRANSFORMER,19.40882682800293,19.439572391235288,19.408373933562277,19.44950884352837,19.424424763321067,0.03074556323235811,0.015597935318137246,True,False,2021
2021-07-13,PRIO3,TRANSFORMER,19.538618087768555,19.412206196552958,19.64886039251088,19.176870895489607,19.3894453670442,0.12641189121559648,0.14917272072435495,False,True,2021
2021-07-14,PRIO3,TRANSFORMER,19.3189697265625,19.694707120464017,19.430538176912943,19.46890945388502,19.110707480501944,0.3757373939015167,0.20826224606055632,True,True,2021
2021-07-15,PRIO3,TRANSFORMER,18.919612884521484,19.45038901179585,19.130243882797966,19.092560261909647,18.797561769837593,0.5307761272743647,0.12205111468389163,True,True,2021
2021-07-16,PRIO3,TRANSFORMER,18.81977272033692,19.496407515979158,19.291438959077666,19.045018062726797,18.929991155085478,0.6766347956422365,0.11021843474855686,True,True,2021
2021-07-19,PRIO3,TRANSFORMER,18.17081451416016,19.088515145853027,18.91685798303121,18.61205160412275,18.47450900684618,0.9177006316928669,0.3036944926860201,True,True,2021
2021-07-20,PRIO3,TRANSFORMER,18.769851684570312,18.59416639812388,18.902970901234216,17.996735432910533,18.32793757341223,0.17568528644643422,0.4419141111580842,False,True,2021
2021-07-21,PRIO3,TRANSFORMER,18.969532012939453,18.22812280196732,18.384326678617352,17.94386924222903,17.96591893694457,0.7414092109721331,1.0036130759948847,False,True,2021
2021-07-22,PRIO3,TRANSFORMER,19.02943420410156,18.866650608903132,19.031311759708778,18.828985773113587,18.908605109364963,0.16278359519842667,0.12082909473659598,True,True,2021
2021-07-23,PRIO3,TRANSFORMER,18.919612884521484,18.84840165697793,18.853015709689764,18.911001191595325,18.909835268536156,0.07121122754355369,0.009777615985328225,True,False,2021
2021-07-26,PRIO3,TRANSFORMER,18.719932556152344,18.89056613909226,19.195090474486623,18.704891183307062,18.956609294398156,0.17063358293991726,0.23667673824581215,False,True,2021
2021-07-27,PRIO3,TRANSFORMER,17.92121696472168,18.915818535845833,18.60151554721395,18.618226863514742,18.19327302503541,0.9946015711241536,0.2720560603137301,True,True,2021
2021-07-28,PRIO3,TRANSFORMER,17.971134185791016,19.27472508561411,19.634691941454726,18.717523359929558,19.095137773857484,1.3035908998230958,1.1240035880664685,True,True,2021
2021-07-29,PRIO3,TRANSFORMER,18.35052490234375,19.157887543094635,19.455459198115978,18.44427374694002,18.58110703579492,0.8073626407508847,0.2305821334511684,True,True,2021
2021-07-30,PRIO3,TRANSFORMER,17.82137680053711,18.500406184924035,18.17941237986883,17.90260854695509,17.359566569113717,0.6790293843869257,0.4618102314233923,True,True,2021
2021-08-02,PRIO3,TRANSFORMER,17.561792373657227,18.40510997926791,18.14517241861868,17.837670992281122,17.560537596442014,0.8433176056106824,0.0012547772152124992,True,True,2021
2021-08-03,PRIO3,TRANSFORMER,17.871295928955078,18.049445607482145,18.057573255394765,17.705849611588537,17.80158586518952,0.17814967852706687,0.06971006376555877,True,False,2021
2021-08-04,PRIO3,TRANSFORMER,17.27225685119629,17.62529341693583,17.362804256522764,17.23889472722928,16.95318826446344,0.35303656573954,0.31906858673285043,True,True,2021
2021-08-05,PRIO3,TRANSFORMER,17.242305755615234,17.460370800881197,17.899270768984508,16.97281645111224,17.453899317291185,0.2180650452659627,0.21159356167595078,True,True,2021
2021-08-06,PRIO3,TRANSFORMER,17.441984176635742,17.82215106063555,18.03190330430355,17.680509828384352,17.7890550671772,0.38016688399980936,0.3470708905414561,True,False,2021
2021-08-09,PRIO3,TRANSFORMER,17.551809310913086,17.137220113178348,17.017826709201323,16.713662320858393,16.39836527776035,0.41458919773473824,1.1534440331527342,False,True,2021
2021-08-10,PRIO3,TRANSFORMER,18.689979553222656,17.151336777365206,17.42171572090399,16.984579805864254,17.22381178510847,1.5386427758574506,1.466167768114186,True,True,2021
2021-08-11,PRIO3,TRANSFORMER,18.270652770996094,18.41586362839259,18.13464268797095,18.61234194845284,18.26645874188876,0.14521085739649564,0.00419402910733524,True,True,2021
2021-08-12,PRIO3,TRANSFORMER,17.72153663635254,17.976274500919292,17.738133550467573,17.78059657534495,17.620236999403897,0.25473786456675285,0.1012996369486423,True,True,2021
2021-08-13,PRIO3,TRANSFORMER,17.392065048217773,17.635860704648916,17.635860704648916,17.522346930557333,17.634437831965556,0.24379565643114276,0.2423727837477827,True,False,2021
2021-08-16,PRIO3,TRANSFORMER,16.74310874938965,17.260672209361363,16.993385181893743,16.90105977347039,16.62665011386159,0.5175634599717149,0.11645863552805835,True,True,2021
2021-08-17,PRIO3,TRANSFORMER,16.7231388092041,16.958157005907065,16.800517433357015,16.752333608754242,16.68362150803726,0.23501819670296342,0.0395173011668426,True,False,2021
2021-08-18,PRIO3,TRANSFORMER,17.252290725708008,16.78033162773698,17.025433579717223,16.405513387703778,16.686414602652892,0.47195909797102686,0.5658761230551157,False,True,2021
2021-08-19,PRIO3,TRANSFORMER,18.070974349975582,17.625543175265978,17.547600665279717,17.464069428807804,17.31496180217717,0.44543117470960425,0.756012547798413,False,True,2021
2021-08-20,PRIO3,TRANSFORMER,18.001087188720703,17.11137246616263,16.885899102902552,17.006559873698293,16.780633760127586,0.8897147225580717,1.2204534285931175,False,True,2021
2021-08-23,PRIO3,TRANSFORMER,18.65004539489746,17.003076488341183,17.307118755981904,17.02905075345788,17.432803220939558,1.6469689065562783,1.217242173957903,True,True,2021
2021-08-24,PRIO3,TRANSFORMER,19.04940223693848,17.84927004988378,18.172487150836456,18.162548592933938,18.465345098476696,1.2001321870546988,0.5840571384617839,True,True,2021
2021-08-25,PRIO3,TRANSFORMER,18.8896598815918,18.261632115509432,18.259653500750083,18.74191160580933,18.69310322954248,0.6280277660823685,0.1965566520493205,True,False,2021
2021-08-26,PRIO3,TRANSFORMER,18.03103828430176,18.42089028071351,18.135072671978214,18.50069342096523,18.207131226332738,0.3898519964117497,0.17609294203097647,True,True,2021
2021-08-27,PRIO3,TRANSFORMER,19.36888885498047,18.15395691691062,18.544999135600996,17.856369473540926,18.337661454174228,1.2149319380698493,1.031227400806241,True,True,2021
2021-08-30,PRIO3,TRANSFORMER,19.26905059814453,19.30268270121451,19.560824336353647,19.59936728527947,19.811581336375905,0.03363210306997999,0.542530738231374,False,False,2021
2021-08-31,PRIO3,TRANSFORMER,19.139259338378903,19.27210241040621,19.366115561149925,19.173546765342536,19.130599904148927,0.13284307202730616,0.00865943422997617,True,True,2021
2021-09-01,PRIO3,TRANSFORMER,18.60012435913086,18.632812989482378,18.394033596410576,18.383399569032186,18.057547501991017,0.03268863035151881,0.5425768571398422,False,True,2021
2021-09-02,PRIO3,TRANSFORMER,18.73990058898925,18.595386682435407,18.76571901238827,18.367433149149587,18.580286471619907,0.14451390655384344,0.15961411736934394,False,True,2021
2021-09-03,PRIO3,TRANSFORMER,18.120893478393555,18.89083759703883,18.56129264418222,18.728468249889225,18.354423619973574,0.7699441186452738,0.23353014158001884,True,True,2021
2021-09-06,PRIO3,TRANSFORMER,18.50028610229492,19.719838680137926,20.006740112935567,19.296592616551642,19.636110001833718,1.2195525778430074,1.1358238995387993,True,True,2021
2021-09-07,PRIO3,TRANSFORMER,18.50028610229492,18.103838461672257,18.182671740607233,17.619313138987543,17.62039471609272,0.3964476406226609,0.8798913862021998,False,False,2021
2021-09-08,PRIO3,TRANSFORMER,18.2307186126709,17.989089188121046,17.847477614257155,17.92867274092689,17.747399989279284,0.2416294245498527,0.48331862339161447,False,False,2021
2021-09-09,PRIO3,TRANSFORMER,19.74828147888184,18.432910166278607,18.778073746013707,18.325505619021374,18.6970295674995,1.315371312603233,1.0512519113823409,True,True,2021
2021-09-10,PRIO3,TRANSFORMER,19.069372177124023,19.8256706877892,19.497552065576734,20.01815094504532,19.608855065100144,0.7562985106651752,0.5394828879761207,True,True,2021
2021-09-13,PRIO3,TRANSFORMER,19.488698959350582,19.233527300137087,19.724201117188144,18.88972811784984,19.441999123485232,0.25517165921349516,0.046699835865350536,True,True,2021
2021-09-14,PRIO3,TRANSFORMER,19.598520278930664,19.405401877616427,19.60363016865593,19.422549730880142,19.510472845242337,0.19311840131423708,0.08804743368832746,True,False,2021
2021-09-15,PRIO3,TRANSFORMER,21.05618095397949,19.575948098184824,19.816812641614135,19.438042695611617,19.54794685548352,1.4802328557946645,1.5082340984959686,False,True,2021
2021-09-16,PRIO3,TRANSFORMER,20.85650062561035,20.826185539059352,20.841614614724417,21.31839868326074,21.2876184314663,0.030315086550999126,0.4311178058559477,False,False,2021
2021-09-17,PRIO3,TRANSFORMER,20.03781509399414,20.329531526197755,20.41105385806266,20.24986669589741,20.305276708023328,0.2917164322036143,0.26746161402918744,True,True,2021
2021-09-20,PRIO3,TRANSFORMER,18.89964485168457,20.475210837316013,20.612680283474962,20.19313087959504,20.26539955901954,1.5755659856314423,1.3657547073349683,True,True,2021
2021-09-21,PRIO3,TRANSFORMER,19.229114532470703,20.305645779795867,20.71126726987437,19.597827047204163,19.89210232862542,1.076531247325164,0.6629877961547166,True,True,2021
2021-09-22,PRIO3,TRANSFORMER,20.666805267333984,19.70722737365476,20.087175280852048,19.07403220404295,19.230637622205023,0.9595778936792243,1.4361676451289611,False,True,2021
2021-09-23,PRIO3,TRANSFORMER,21.13605117797852,20.583054527054074,20.972310196723466,20.553691889870354,20.75444232345501,0.5529966509244453,0.3816088545235097,True,True,2021
2021-09-24,PRIO3,TRANSFORMER,21.954736709594727,21.37595425615575,21.535762609876333,21.35144050572158,21.362884813268103,0.5787824534389756,0.5918518963266237,False,True,2021
2021-09-27,PRIO3,TRANSFORMER,23.072940826416016,22.000526231355806,22.5310888207439,21.967560159816014,22.409316407770792,1.0724145950602093,0.6636244186452238,True,True,2021
2021-09-28,PRIO3,TRANSFORMER,21.894832611083984,22.818549010477895,22.33212751203562,22.944982314058,22.271821513308414,0.9237163993939106,0.37698890222442927,True,True,2021
2021-09-29,PRIO3,TRANSFORMER,22.81335830688477,22.607032212180854,23.15635631681757,22.182441988359052,22.81203545338431,0.20632609470391472,0.00132285350045791,True,True,2021
2021-09-30,PRIO3,TRANSFORMER,24.979877471923828,22.25672892209846,22.707944181341855,22.057790695332525,22.324360641431724,2.7231485498253676,2.655516830492104,True,True,2021
2021-10-01,PRIO3,TRANSFORMER,26.3077449798584,24.760670636682363,25.476078378487063,25.254130533579335,25.839940989387507,1.5470743431760354,0.46780399047089105,True,True,2021
2021-10-04,PRIO3,TRANSFORMER,26.01820945739746,25.05192884500761,25.653502863169763,25.484557808342498,25.866687175827675,0.966280612389852,0.1515222815697861,True,True,2021
2021-10-05,PRIO3,TRANSFORMER,26.15798568725586,25.11405271940012,25.725614126377984,25.316087385536427,25.67785988409177,1.0439329678557385,0.48012580316408915,True,True,2021
2021-10-06,PRIO3,TRANSFORMER,26.207904815673828,25.91973820288166,25.533103671675246,26.118460479635157,25.453362350155068,0.2881666127921676,0.7545424655187603,False,True,2021
2021-10-07,PRIO3,TRANSFORMER,26.65718460083008,25.9215796918985,25.9215796918985,26.108694645346848,26.18457591288415,0.735604908931581,0.47260868794593236,True,False,2021
2021-10-08,PRIO3,TRANSFORMER,26.97667121887207,26.468655103662968,27.07618667163106,26.536731466773997,27.142605915003752,0.5080161152091023,0.1659346961316821,True,True,2021
2021-10-11,PRIO3,TRANSFORMER,27.745437622070312,26.359178411418753,27.0310305903667,26.406004818460477,26.86956760203456,1.3862592106515592,0.8758700200357517,True,True,2021
2021-10-12,PRIO3,TRANSFORMER,27.745437622070312,27.39843175830518,27.284101717952243,27.864992625960575,27.499530467629278,0.3470058637651334,0.24590715444103495,True,False,2021
2021-10-13,PRIO3,TRANSFORMER,26.906784057617188,27.668912796651142,27.668912796651142,27.92693105404223,27.90394685395806,0.7621287390339546,0.9971627963408736,False,False,2021
2021-10-14,PRIO3,TRANSFORMER,28.1048583984375,28.049912108829403,28.663794512735773,27.725169319126138,28.308829976039057,0.05494628960809678,0.20397157760155693,False,True,2021
2021-10-15,PRIO3,TRANSFORMER,27.69551658630371,28.01522335731255,28.15198928362438,27.952396953535718,27.89617134643756,0.31970677100883904,0.20065476013384753,True,False,2021
2021-10-18,PRIO3,TRANSFORMER,27.11644554138184,28.22154501214942,27.73648885039517,27.995844682565235,27.345232177834852,1.1050994707675805,0.22878663645301245,True,True,2021
2021-10-19,PRIO3,TRANSFORMER,26.72707176208496,28.09734491742398,28.742259589006995,27.621386594551254,28.31875769776754,1.3702731553390208,1.5916859356825803,False,True,2021
2021-10-20,PRIO3,TRANSFORMER,26.81692695617676,27.975083321765254,28.04779376379831,27.464970855212304,27.39420166620475,1.1581563655884928,0.5772747100279894,True,False,2021
2021-10-21,PRIO3,TRANSFORMER,26.24784278869629,27.647485489144657,27.25204152253266,27.038332768893206,26.46633415350136,1.3996427004483678,0.2184913648050717,True,True,2021
2021-10-22,PRIO3,TRANSFORMER,26.437536239624023,28.076904729723196,28.117210724454036,27.515713441246604,27.658306914719947,1.639368490099173,1.220770675095924,True,False,2021
2021-10-25,PRIO3,TRANSFORMER,27.37602996826172,28.166501169466756,28.85111839725382,27.38978260580196,28.03468413098752,0.7904712012050368,0.6586541627258029,True,True,2021
2021-10-26,PRIO3,TRANSFORMER,27.10646247863769,27.996781236252957,28.66167087986671,27.432366704081545,27.79535522653551,0.8903187576152654,0.6888927478978175,True,True,2021
2021-10-27,PRIO3,TRANSFORMER,25.3093490600586,27.841735349530097,27.40171872053193,27.339832664949242,26.53594444531557,2.5323862894714964,1.2265953852569709,True,True,2021
2021-10-28,PRIO3,TRANSFORMER,23.472299575805664,27.764246444782657,27.170231063257148,26.75627298016093,26.104624642788746,4.291946868976993,2.632325066983082,True,True,2021
2021-10-29,PRIO3,TRANSFORMER,23.43236351013184,26.998559736600356,26.998559736600356,25.223236108213364,25.179811586406913,3.5661962264685165,1.7474480762750737,True,True,2021
2021-11-01,PRIO3,TRANSFORMER,23.36247444152832,25.934958569127133,26.59400714295145,23.995091285606588,24.5191988534501,2.5724841275988126,1.156724411921779,True,True,2021
2021-11-02,PRIO3,TRANSFORMER,23.36247444152832,25.47801910913796,25.315147558143476,24.07116570403631,23.479679250863917,2.1155446676096403,0.11720480933559685,True,False,2021
2021-11-03,PRIO3,TRANSFORMER,23.76183319091797,25.259550774898884,25.26614906956723,23.984668160928244,23.787502329215897,1.497717583980915,0.025669138297928384,True,True,2021
2021-11-04,PRIO3,TRANSFORMER,23.35249137878418,24.931070491210605,24.70664909707374,23.925681571556595,23.6055898257939,1.578579112426425,0.2530984470097195,True,True,2021
2021-11-05,PRIO3,TRANSFORMER,27.52578926086425,24.84369847489127,25.239779908172803,23.881651136035575,24.264794347091822,2.6820907859729815,3.2609949137724286,False,True,2021
2021-11-08,PRIO3,TRANSFORMER,27.715484619140625,27.634498055976906,28.303226119587737,28.226024800437724,28.73106459924859,0.08098656316371944,1.0155799801079652,False,True,2021
2021-11-09,PRIO3,TRANSFORMER,26.457504272460938,27.112754180743536,26.587415289053535,27.226240394540596,26.457593832975896,0.6552499082825989,8.956051495800921e-05,True,True,2021
2021-11-10,PRIO3,TRANSFORMER,25.66876983642578,26.998428687936496,26.68559302226889,26.617584126484672,26.34765361045428,1.3296588515107146,0.678883774028499,True,True,2021
2021-11-11,PRIO3,TRANSFORMER,25.628835678100582,26.31866735497897,25.79483680575319,25.61030354083832,25.148280233698507,0.6898316768783879,0.480555444402075,True,True,2021
2021-11-12,PRIO3,TRANSFORMER,24.32093620300293,25.787641149710623,26.21321589189029,25.23722670410584,25.815201291076562,1.4667049467076936,1.4942650880736323,False,True,2021
2021-11-15,PRIO3,TRANSFORMER,24.32093620300293,25.477474491314126,25.50302459437757,24.864216047120237,24.743311604622402,1.1565382883111965,0.4223754016194725,True,False,2021
2021-11-16,PRIO3,TRANSFORMER,23.472299575805664,25.397946673588706,25.165221232300443,24.81165936257772,24.469549318082436,1.9256470977830418,0.9972497422767717,True,False,2021
2021-11-17,PRIO3,TRANSFORMER,23.02301979064941,24.89543631719019,24.543975876428874,23.928357050814665,23.550624076992076,1.8724165265407784,0.5276042863426653,True,True,2021
2021-11-18,PRIO3,TRANSFORMER,22.004657745361328,24.377554122713946,23.93737233568839,23.34267811929722,22.944145592934106,2.3728963773526175,0.9394878475727779,True,True,2021
2021-11-19,PRIO3,TRANSFORMER,21.425586700439453,23.982968297761715,23.60706229810366,22.74911598899403,22.45626399925719,2.5573815973222622,1.0306772988177357,True,True,2021
2021-11-22,PRIO3,TRANSFORMER,21.49547576904297,23.220990947538937,23.220990947538937,21.93601794502358,22.066922767477916,1.725515178495968,0.5714469984349471,True,False,2021
2021-11-23,PRIO3,TRANSFORMER,22.63364601135254,23.25196438433882,23.771327580037035,22.133720962755266,22.59453097935838,0.6183183729862805,0.039115031994157334,True,True,2021
2021-11-24,PRIO3,TRANSFORMER,21.86488151550293,23.757737341888244,23.58571009515873,23.139115048043642,22.695768745097386,1.8928558263853148,0.830887229594456,True,True,2021
2021-11-25,PRIO3,TRANSFORMER,22.044591903686523,23.457666536401078,23.880414126478914,22.491486908582267,22.82703259051101,1.4130746327145545,0.7824406868244864,True,True,2021
2021-11-26,PRIO3,TRANSFORMER,20.1176872253418,23.21433895140001,22.773849808406315,22.26409428039116,21.586528515505588,3.0966517260582087,1.4688412901637875,True,True,2021
2021-11-29,PRIO3,TRANSFORMER,20.806581497192383,22.95680960567711,23.449869449243305,21.39740754777004,21.851534865788498,2.1502281084847255,1.044953368596115,True,True,2021
2021-11-30,PRIO3,TRANSFORMER,20.257463455200195,22.028385985940986,21.567936998582024,20.617020226497303,19.86806869070941,1.7709225307407905,0.3893947644907847,True,True,2021
2021-12-01,PRIO3,TRANSFORMER,20.27742958068848,21.057237948890403,20.64069082086301,19.889996872600392,19.46828432816473,0.7798083682019232,0.8091452525237486,False,True,2021
2021-12-02,PRIO3,TRANSFORMER,20.926387786865234,20.995802505465832,21.538131588326543,20.270870534783107,20.97884954544483,0.06941471860059778,0.05246175857959656,True,True,2021
2021-12-03,PRIO3,TRANSFORMER,21.175987243652344,20.73130715738995,20.61722573662008,20.53208712239041,20.261549973296216,0.4446800862623945,0.9144372703561281,False,False,2021
2021-12-06,PRIO3,TRANSFORMER,21.575345993041992,21.29284898010002,21.551446273603776,21.226214399135788,21.454427749929224,0.28249701294197394,0.12091824311276866,True,True,2021
2021-12-07,PRIO3,TRANSFORMER,21.894832611083984,21.494734552568687,21.521836167800178,21.40275407489808,21.287829998828766,0.40009805851529734,0.6070026122552186,False,True,2021
2021-12-08,PRIO3,TRANSFORMER,20.93637084960937,22.647647086393306,22.225931652357023,22.605221504587593,22.14568749617582,1.7112762367839345,1.2093166465664495,True,True,2021
2021-12-09,PRIO3,TRANSFORMER,20.70674133300781,22.165007621876597,22.165007621876597,21.465375010572757,21.616142424664268,1.4582662888687885,0.9094010916564592,True,False,2021
2021-12-10,PRIO3,TRANSFORMER,20.666805267333984,21.03580808848787,21.03580808848787,20.246318472348,20.243343190554818,0.3690028211538845,0.4234620767791668,False,False,2021
2021-12-13,PRIO3,TRANSFORMER,20.357301712036133,21.17506516411163,21.17506516411163,20.821805038613242,20.805909844734206,0.8177634520754964,0.4486081326980731,True,False,2021
2021-12-14,PRIO3,TRANSFORMER,19.66840934753418,21.247693354781347,20.727433979253416,20.668752631968875,20.107073975253325,1.5792840072471677,0.4386646277191453,True,True,2021
2021-12-15,PRIO3,TRANSFORMER,19.868087768554688,20.61641662359068,20.503356489689413,19.8486133690233,19.913466000483243,0.748328855035993,0.045378231928555834,True,False,2021
2021-12-16,PRIO3,TRANSFORMER,19.98789596557617,20.464943940371384,20.445209078857705,19.927561308145936,19.996522503933555,0.4770479747952159,0.008626538357386693,True,False,2021
2021-12-17,PRIO3,TRANSFORMER,20.267446517944336,20.955506743259534,20.671315396213927,20.46499078336286,20.16553045751966,0.6880602253151977,0.10191606042467427,True,True,2021
2021-12-20,PRIO3,TRANSFORMER,19.079355239868164,20.612299653228632,20.236824743031466,20.07143384318119,19.772933070900326,1.5329444133604682,0.6935778310321616,True,True,2021
2021-12-21,PRIO3,TRANSFORMER,19.598520278930664,20.111200197379986,20.492137083051162,19.226488329301215,19.71816072972161,0.5126799184493223,0.11964045079094632,True,True,2021
2021-12-22,PRIO3,TRANSFORMER,19.83813667297364,20.139335664738482,19.998094228803716,19.693045489768988,19.43812289054797,0.3011989917648421,0.40001378242567043,False,False,2021
2021-12-23,PRIO3,TRANSFORMER,19.66840934753418,20.360080331288117,20.582252564859893,19.95430900020708,20.159930592729232,0.6916709837539372,0.49152124519505236,True,True,2021
2021-12-27,PRIO3,TRANSFORMER,20.62686920166016,20.635908835891854,21.164629566618657,20.110639981942906,20.5318353155855,0.009039634231694293,0.09503388607465979,False,True,2021
2021-12-28,PRIO3,TRANSFORMER,20.017847061157227,20.77896036601011,20.495575307719925,20.459950244231997,19.915501018259437,0.7611133048528842,0.10234604289778915,True,True,2021
2021-12-29,PRIO3,TRANSFORMER,20.017847061157227,21.161099971757025,21.09512897334984,20.77890008193647,20.766373059964604,1.1432529105997986,0.7485259988073771,True,False,2021
2021-12-30,PRIO3,TRANSFORMER,20.63685417175293,20.70044774994693,20.96188367676282,19.944656412523354,20.195352329922656,0.06359357819400202,0.44150184183027363,False,True,2021
2021-12-31,PRIO3,TRANSFORMER,20.63685417175293,20.74544169184915,20.468591595058633,20.34811179472187,19.946890399902422,0.10858752009622208,0.6899637718505076,False,True,2021
2022-01-03,PRIO3,TRANSFORMER,20.257463455200195,20.552469130453673,20.27923529373765,20.407717174939837,20.22837066084676,0.29500567525347776,0.029092794353434925,True,False,2022
2022-01-04,PRIO3,TRANSFORMER,20.6867733001709,20.72887424745504,21.028801494419067,20.368122469520618,20.791768521947443,0.04210094728414049,0.10499522177654441,False,True,2022
2022-01-05,PRIO3,TRANSFORMER,18.460350036621094,20.82431426625527,20.425173748470403,20.533910708206083,20.039930184104612,2.3639642296341776,1.5795801474835187,True,True,2022
2022-01-06,PRIO3,TRANSFORMER,18.929594039916992,21.240563967081215,21.70461923486447,20.133308463481242,20.63918121289546,2.310969927164223,1.7095871729784662,True,True,2022
2022-01-07,PRIO3,TRANSFORMER,19.78821563720703,20.528547643507096,20.99451467414541,19.186738252229123,19.413352428102627,0.7403320063000649,0.3748632091044044,True,True,2022
2022-01-10,PRIO3,TRANSFORMER,20.107702255249023,20.64203833930604,20.51008142438228,20.02807941208767,19.64299555435,0.534336084057017,0.464706700899022,True,False,2022
2022-01-11,PRIO3,TRANSFORMER,21.166004180908203,20.290618582684786,20.880916916474938,19.762365168314247,20.319894812553155,0.8753855982234171,0.846109368355048,True,True,2022
2022-01-12,PRIO3,TRANSFORMER,21.32574844360352,21.098930996200977,21.520483290000154,21.090976594341274,21.312305664724473,0.22681744740254217,0.013442778879046102,True,True,2022
2022-01-13,PRIO3,TRANSFORMER,21.98468971252441,21.6236234663712,22.059529563405967,21.52081402512733,21.732566234888747,0.3610662461532108,0.25212347763566356,True,True,2022
2022-01-14,PRIO3,TRANSFORMER,22.86327743530273,22.021588474727253,22.39435903156258,21.90957130710502,22.069849727001134,0.8416889605754783,0.7934277083015964,True,True,2022
2022-01-17,PRIO3,TRANSFORMER,22.78340530395508,22.43824834085177,22.547788349867993,22.692697740076543,22.6465012678114,0.34515696310331023,0.13690403614368307,True,False,2022
2022-01-18,PRIO3,TRANSFORMER,23.881641387939453,22.19163688056605,22.659518511673845,22.143296056986248,22.527062368815244,1.690004507373402,1.354579019124209,True,True,2022
2022-01-19,PRIO3,TRANSFORMER,23.951528549194336,23.515227534588277,23.308177588945025,24.041716510716682,23.60935996531775,0.43630101460605886,0.34216858387658533,True,True,2022
2022-01-20,PRIO3,TRANSFORMER,24.16119384765625,23.479481884107045,23.479481884107045,23.753109028243205,23.799546787648044,0.6817119635492048,0.361647060008206,True,False,2022
2022-01-21,PRIO3,TRANSFORMER,23.56215476989746,23.48400561590627,23.10856343695618,23.529596015655162,23.18188219901237,0.07814915399119116,0.38027257088509003,False,True,2022
2022-01-24,PRIO3,TRANSFORMER,23.13284492492676,23.60290164360677,23.60640156630411,23.64286160240494,23.804291940180427,0.4700567186800093,0.6714470152536656,False,False,2022
2022-01-25,PRIO3,TRANSFORMER,23.841705322265625,23.218917995946967,23.591425875777233,22.80781849635946,23.18576317341959,0.6227873263186581,0.6559421488460337,False,True,2022
2022-01-26,PRIO3,TRANSFORMER,23.55217170715332,23.573097433197432,24.050869807320073,23.503987087934455,23.841166623368448,0.020925726044112025,0.2889949162151275,False,True,2022
2022-01-27,PRIO3,TRANSFORMER,23.771818161010746,24.149394144106665,24.21743661162834,24.15960570777742,23.995158312639386,0.37757598309591955,0.22334015162864063,True,False,2022
2022-01-28,PRIO3,TRANSFORMER,23.80177116394043,24.214159414944774,23.645725883644776,23.82504699910984,23.14880396841579,0.4123882510043444,0.6529671955246386,False,True,2022
2022-01-31,PRIO3,TRANSFORMER,23.881641387939453,24.020569903670733,23.79330558157522,23.78334593768337,23.76734463317636,0.13892851573127984,0.11429675476309242,True,False,2022
2022-02-01,PRIO3,TRANSFORMER,23.70193099975586,24.167819245859263,24.464396106712673,23.830353996887,24.25304456362379,0.46588824610340396,0.5511135638679292,False,True,2022
2022-02-02,PRIO3,TRANSFORMER,22.993070602416992,23.81176257904727,23.492762293069124,23.383974804277553,22.942277311364933,0.8186919766302765,0.05079329105205943,True,True,2022
2022-02-03,PRIO3,TRANSFORMER,22.703533172607425,23.91102002840644,23.93842051111217,23.5157468403029,23.611943946516313,1.207486855799015,0.9084107739088871,True,False,2022
2022-02-04,PRIO3,TRANSFORMER,24.3708553314209,23.559870878766404,24.020370322399916,22.791965053291715,23.219888506440032,0.8109844526544947,1.1509668249808662,False,True,2022
2022-02-07,PRIO3,TRANSFORMER,24.13124084472656,24.952719900673372,24.866733045234618,25.084432978690785,24.840898080669803,0.8214790559468135,0.7096572359432436,True,False,2022
2022-02-08,PRIO3,TRANSFORMER,23.831722259521484,24.490037275538796,24.405575064576972,24.024003160330846,23.882967327822616,0.6583150160173119,0.051245068301131624,True,True,2022
2022-02-09,PRIO3,TRANSFORMER,24.460712432861328,24.00034756309948,24.429061830307553,23.428561683644652,23.86518059844578,0.46036486976184676,0.5955318344155494,False,True,2022
2022-02-10,PRIO3,TRANSFORMER,24.710309982299805,24.34652452220098,24.49172108830886,24.383753934421687,24.39139506142782,0.36378546009882484,0.31891492087198614,True,False,2022
2022-02-11,PRIO3,TRANSFORMER,25.75862693786621,25.340104856836092,25.74228418749432,25.271416612718536,25.568985253407597,0.4185220810301189,0.18964168445861418,True,True,2022
2022-02-14,PRIO3,TRANSFORMER,26.457504272460938,25.775659557586266,25.81456909476255,25.715533348483362,25.582302394790982,0.6818447148746714,0.875201877669955,False,True,2022
2022-02-15,PRIO3,TRANSFORMER,25.70870780944824,26.0781437008053,25.551232665414865,26.121362489187433,25.546838916771264,0.36943589135706034,0.16186889267697424,True,True,2022
2022-02-16,PRIO3,TRANSFORMER,25.19952392578125,25.88727557671973,25.54240730092569,25.590590839713105,25.413141571836757,0.6877516509384805,0.21361764605550704,True,True,2022
2022-02-17,PRIO3,TRANSFORMER,24.850086212158203,26.096776438103234,25.758686484853122,25.569023311869785,25.380599754440578,1.2466902259450308,0.5305135422823746,True,True,2022
2022-02-18,PRIO3,TRANSFORMER,24.340904235839844,25.456227588461786,25.139844661170198,24.69837740370545,24.493056238490755,1.1153233526219424,0.15215200265091156,True,True,2022
2022-02-21,PRIO3,TRANSFORMER,25.229476928710938,24.94043111005776,25.63641854511237,24.166388941462,24.973896106664032,0.2890458186531788,0.25558082204690535,True,True,2022
2022-02-22,PRIO3,TRANSFORMER,24.50064849853516,25.224349742241486,25.14177351503911,24.931994441798242,24.59502428221488,0.7237012437063264,0.09437578367971966,True,True,2022
2022-02-23,PRIO3,TRANSFORMER,24.850086212158203,26.296576294499687,26.004565429705217,26.033085319219428,25.663226646997796,1.4464900823414837,0.8131404348395925,True,False,2022
2022-02-24,PRIO3,TRANSFORMER,24.82013511657715,25.9942725559348,25.757884903738518,25.1456591528277,24.943242541898183,1.1741374393576507,0.12310742532103447,True,True,2022
2022-02-25,PRIO3,TRANSFORMER,25.778594970703125,26.723898756456464,27.138185703993532,25.910960983643406,26.395854216769983,0.9453037857533388,0.6172592460668582,True,True,2022
2022-02-28,PRIO3,TRANSFORMER,25.778594970703125,29.74581797363578,30.020458081692787,28.98827468212158,29.039937852974894,3.9672230029326556,3.2613428822717694,True,True,2022
2022-03-01,PRIO3,TRANSFORMER,25.778594970703125,29.908840809547115,30.25267838174737,28.124204076617602,28.099963736104737,4.13024583884399,2.321368765401612,True,True,2022
2022-03-02,PRIO3,TRANSFORMER,28.1048583984375,30.18185261884321,30.57496604712458,27.948949787739263,27.987380038112363,2.076994220405709,0.11747836032513703,True,True,2022
2022-03-03,PRIO3,TRANSFORMER,28.41436004638672,29.157896225083732,28.97774644179085,27.55837763038003,27.092400693200876,0.7435361786970134,1.321959353185843,False,True,2022
2022-03-04,PRIO3,TRANSFORMER,28.1547794342041,29.089664121410777,29.670072437017108,28.32001957813977,28.932945640019753,0.9348846872066758,0.7781662058156513,True,True,2022
2022-03-07,PRIO3,TRANSFORMER,27.50581932067871,29.422457948456895,29.65318896448658,28.738950937161178,28.707918518209855,1.916638627778184,1.202099197531144,True,True,2022
2022-03-08,PRIO3,TRANSFORMER,27.89519500732422,30.091590724196152,30.862390686166822,29.060885111546703,29.59906413126539,2.1963957168719332,1.7038691239411712,True,True,2022
2022-03-09,PRIO3,TRANSFORMER,26.09808158874512,30.728311931694464,30.316771275930613,29.47938460830186,28.651114050975377,4.630230342949343,2.553032462230256,True,True,2022
2022-03-10,PRIO3,TRANSFORMER,25.778594970703125,29.45049215093877,30.072515560093663,27.253978155888852,27.759529680205823,3.6718971802356464,1.980934709502698,True,True,2022
2022-03-11,PRIO3,TRANSFORMER,24.87005424499512,27.87652111109682,27.363271075864784,25.689212737208894,24.79846577405248,3.0064668661017,0.07158847094263976,True,True,2022
2022-03-14,PRIO3,TRANSFORMER,23.52221870422364,27.268501262914583,26.565485836262052,25.408298403628695,24.75439971443654,3.746282558690943,1.2321810102129014,True,True,2022
2022-03-15,PRIO3,TRANSFORMER,23.67197799682617,26.169990092933574,25.43326501867228,24.046775180025616,23.55436720230066,2.4980120961074057,0.1176107945255076,True,True,2022
2022-03-16,PRIO3,TRANSFORMER,23.122859954833984,25.030925318245295,24.430316981558732,23.270734492422328,23.053807823848075,1.9080653634113105,0.06905213098590934,True,True,2022
2022-03-17,PRIO3,TRANSFORMER,25.009828567504883,25.013292465233306,25.274562667948985,23.652418757514038,24.231682278885522,0.0034638977284231487,0.7781462886193609,False,True,2022
2022-03-18,PRIO3,TRANSFORMER,25.86845016479492,26.132152769622678,26.605155032782022,25.611029143676827,26.070155757989877,0.26370260482775976,0.2017055931949585,True,True,2022
2022-03-21,PRIO3,TRANSFORMER,26.128034591674805,26.196227056596797,26.55709837980139,25.79325246919009,25.89927976559563,0.06819246492199227,0.2287548260791752,False,True,2022
2022-03-22,PRIO3,TRANSFORMER,26.51740837097168,27.167879716099776,27.287758683222503,27.06689095010726,26.986277595752217,0.6504713451280963,0.46886922478053705,True,False,2022
2022-03-23,PRIO3,TRANSFORMER,27.296157836914062,26.93532960725318,27.68938616829048,26.383980981848538,27.015353991977882,0.360828229660882,0.28080384493618027,True,True,2022
2022-03-24,PRIO3,TRANSFORMER,26.068130493164062,28.103362944377352,27.387398422426838,27.87529001167403,26.840559400181714,2.0352324512132896,0.7724289070176518,True,True,2022
2022-03-25,PRIO3,TRANSFORMER,25.18954086303711,27.370845163597266,26.793146983652456,26.318073945536074,25.88053454121504,2.181304300560157,0.6909936781779322,True,True,2022
2022-03-28,PRIO3,TRANSFORMER,24.9898624420166,27.15809531650845,26.757203999902607,25.79255688726582,25.636118556863703,2.1682328744918493,0.6462561148471018,True,True,2022
2022-03-29,PRIO3,TRANSFORMER,25.19952392578125,26.015834315966543,26.196670650502092,24.632326031744345,24.974049408075548,0.8163103901852935,0.22547451770570248,True,True,2022
2022-03-30,PRIO3,TRANSFORMER,25.03978157043457,26.034257715788442,26.58028050106095,25.184748433743007,25.680738888509108,0.9944761453538717,0.6409573180745376,True,True,2022
2022-03-31,PRIO3,TRANSFORMER,23.771818161010746,26.041024592249585,25.55230597099582,25.261494427920756,24.4789283039073,2.269206431238839,0.7071101428965534,True,True,2022
2022-04-01,PRIO3,TRANSFORMER,24.450727462768555,25.632561224373774,25.713012675640016,24.323202930303534,24.455842612229457,1.181833761605219,0.005115149460902302,True,True,2022
2022-04-04,PRIO3,TRANSFORMER,24.32093620300293,24.86016976020086,25.130675975791068,23.984993754588906,24.164380601859566,0.5392335571979316,0.15655560114336353,True,True,2022
2022-04-05,PRIO3,TRANSFORMER,24.01143264770508,25.03183500020417,24.575244907123924,24.656126366727523,24.05888816365131,1.0204023524990866,0.0474555159462291,True,False,2022
2022-04-06,PRIO3,TRANSFORMER,23.51223373413086,24.89734333053896,24.543286630657555,24.13472465122235,23.911184316792646,1.3851095964080997,0.3989505826617865,True,True,2022
2022-04-07,PRIO3,TRANSFORMER,23.52221870422364,25.399075053642463,26.029699421151566,24.44393052510034,25.216280994914243,1.8768563494188228,1.6940622906906029,True,True,2022
2022-04-08,PRIO3,TRANSFORMER,23.542186737060547,24.09484896711895,24.018928291805715,22.872434579619817,22.4554973400017,0.5526622300584023,1.0866893970588478,False,True,2022
2022-04-11,PRIO3,TRANSFORMER,23.31255531311035,24.03705905925267,24.232497358970033,23.279929923711446,23.441624896383217,0.724503746142318,0.12906958327286588,True,True,2022
2022-04-12,PRIO3,TRANSFORMER,23.7119140625,23.598292815272572,23.83880774117408,23.022611693480336,23.109604324645,0.11362124722742806,0.6023097378549984,False,True,2022
2022-04-13,PRIO3,TRANSFORMER,24.300968170166016,24.383937213802355,24.889050070867192,24.033932034757523,24.43372046631113,0.08296904363633928,0.13275229614511375,False,True,2022
2022-04-14,PRIO3,TRANSFORMER,24.860069274902344,24.82576863497222,25.286095409991457,24.492903954379546,24.702611869102785,0.03430063993012311,0.15745740579955836,False,True,2022
2022-04-18,PRIO3,TRANSFORMER,24.800167083740234,25.107527517098305,25.107527517098305,25.05662159409757,24.81232047882905,0.3073604333580704,0.01215339508881641,True,False,2022
2022-04-19,PRIO3,TRANSFORMER,24.620454788208008,25.26768770557311,25.722122431276514,24.842406871086872,25.23433727634837,0.6472329173651019,0.6138824881403622,True,True,2022
2022-04-20,PRIO3,TRANSFORMER,25.65878868103028,24.847992446046064,25.24194193690723,24.256322815631332,24.422646710346672,0.8107962349842168,1.236141970683608,False,True,2022
2022-04-21,PRIO3,TRANSFORMER,25.65878868103028,25.20470265424666,25.1560711090678,25.379210414684465,25.166956704050516,0.45408602678362087,0.4918319769797641,False,False,2022
2022-04-22,PRIO3,TRANSFORMER,24.44074249267578,25.3032393359546,25.142237257957795,25.502199512894673,25.32598238320991,0.8624968432788194,0.8852398905341303,False,False,2022
2022-04-25,PRIO3,TRANSFORMER,24.66039085388184,25.095118740368378,24.59376465210763,24.508166086098853,24.01436575584057,0.43472788648653804,0.646025098041271,False,True,2022
2022-04-26,PRIO3,TRANSFORMER,25.26941299438477,24.554201764839988,24.98223960261953,23.9908700245216,24.63364400933438,0.7152112295447814,0.6357689850503903,True,True,2022
2022-04-27,PRIO3,TRANSFORMER,25.54896354675293,25.2256227864047,25.897898205333945,25.104251551812474,25.656656203322157,0.32334076034823056,0.10769265656922755,True,True,2022
2022-04-28,PRIO3,TRANSFORMER,26.23785781860352,25.213196990367777,25.585784585203083,25.12238197340813,25.16502227840191,1.0246608282357421,1.0728355402016092,False,True,2022
2022-04-29,PRIO3,TRANSFORMER,26.65718460083008,26.624691514052927,26.227075247134874,26.720494224154795,26.094938748282274,0.0324930867771549,0.5622458525478073,False,True,2022
2022-05-02,PRIO3,TRANSFORMER,25.109668731689453,27.40970875111995,27.846032513885916,27.250242904889866,27.80041032960257,2.3000400194304973,2.6907415979131173,False,True,2022
2022-05-03,PRIO3,TRANSFORMER,25.788578033447266,25.950682706859652,25.523671183468583,24.812232439891282,24.157101303307044,0.16210467341238655,1.6314767301402213,False,True,2022
2022-05-04,PRIO3,TRANSFORMER,27.28617286682129,25.25893637791637,26.04060918566172,24.62440962390698,25.51426196162878,2.0272364889049186,1.7719109051925095,True,True,2022
2022-05-05,PRIO3,TRANSFORMER,26.507423400878903,26.614435679657845,26.237640773189547,26.987749613417794,26.43762305767247,0.10701227877894226,0.06980034320643114,True,True,2022
2022-05-06,PRIO3,TRANSFORMER,26.457504272460938,26.721390110605427,27.1467568149824,26.66162095088813,27.119256217829513,0.26388583814448907,0.6617519453685752,False,True,2022
2022-05-09,PRIO3,TRANSFORMER,24.18115997314453,26.517680919392262,26.11175085577096,26.118309150598485,25.585607092090576,2.336520946247731,1.4044471189460452,True,True,2022
2022-05-10,PRIO3,TRANSFORMER,24.231081008911133,25.964609605773518,25.40837663427916,24.81695458124248,24.28194108871316,1.733528596862385,0.050860079802028224,True,True,2022
2022-05-11,PRIO3,TRANSFORMER,25.44912338256836,24.870816187691474,25.81516476314888,23.69077387926403,24.818206203530966,0.578307194876885,0.6309171790373931,False,True,2022
2022-05-12,PRIO3,TRANSFORMER,26.09808158874512,25.897068485964553,26.309313156967935,25.567458370413373,25.71078889606541,0.20101310278056772,0.38729269267971134,False,True,2022
2022-05-13,PRIO3,TRANSFORMER,27.04655838012696,25.9663098345423,26.365638455616548,25.792913644950808,25.928138064356354,1.0802485455846593,1.1184203157706065,False,True,2022
2022-05-16,PRIO3,TRANSFORMER,27.016605377197266,26.98776268824284,27.368834159880343,27.036701048585577,27.226826653536992,0.028842688954426876,0.21022127633972687,False,True,2022
2022-05-17,PRIO3,TRANSFORMER,26.47747230529785,27.18799313310626,26.603800384708038,27.00347869057145,26.22518113778756,0.7105208278084092,0.25229116751029323,True,True,2022
2022-05-18,PRIO3,TRANSFORMER,25.13962173461914,27.209719980415855,26.40015909835353,26.667203169560747,26.00226875209538,2.0700982457967143,0.8626470174762382,True,True,2022
2022-05-19,PRIO3,TRANSFORMER,24.83012008666992,26.65079062132949,26.99649527518514,25.54406417364138,26.16719297714619,1.8206705346595733,1.3370728904762714,True,True,2022
2022-05-20,PRIO3,TRANSFORMER,25.43914031982422,26.289387339225073,26.70197857367565,25.14402777669454,25.42088580417913,0.8502470194008538,0.018254515645089953,True,True,2022
2022-05-23,PRIO3,TRANSFORMER,26.128034591674805,26.66737593599595,27.142439728973333,25.88037945776238,26.101197767898647,0.5393413443211443,0.026836823776157814,True,True,2022
2022-05-24,PRIO3,TRANSFORMER,27.146398544311523,26.500242937445364,27.00950240978458,25.916814660857575,26.163502244455692,0.6461556068661594,0.982896299855831,False,True,2022
2022-05-25,PRIO3,TRANSFORMER,27.425949096679688,26.92043430977131,27.31183907503447,26.76822807795878,26.918795134107466,0.5055147869083783,0.5071539625722217,False,True,2022
2022-05-26,PRIO3,TRANSFORMER,27.935131072998047,26.916633898519365,27.3081423316762,26.81290163271777,27.010498028276942,1.0184971744786822,0.9246330447211051,True,True,2022
2022-05-27,PRIO3,TRANSFORMER,28.6739444732666,27.759644424171256,28.163264690606464,27.854048177076233,28.10142920558212,0.9143000490953455,0.57251526768448,True,True,2022
2022-05-30,PRIO3,TRANSFORMER,28.21468162536621,28.130164949032803,28.130164949032803,28.250193977299876,27.882735493392175,0.08451667633340776,0.33194613197403555,False,True,2022
2022-05-31,PRIO3,TRANSFORMER,27.945114135742188,28.238802589442173,28.791662690464513,28.04283885136171,28.55821749797803,0.29368845369998553,0.6131033622358437,False,True,2022
2022-06-01,PRIO3,TRANSFORMER,28.1048583984375,28.51262621968192,28.55246304248073,28.116973151835346,27.92553686759652,0.4077678212444198,0.1793215308409799,True,True,2022
2022-06-02,PRIO3,TRANSFORMER,28.653976440429688,27.598680924406295,28.042384429921796,27.12969947293028,27.477475509638168,1.055295516023392,1.1765009307915193,False,True,2022
2022-06-03,PRIO3,TRANSFORMER,27.7654037475586,27.949746679442057,27.58094068693702,27.989461322269772,27.463527635441388,0.18434293188345663,0.3018761121172133,False,True,2022
2022-06-06,PRIO3,TRANSFORMER,27.016605377197266,28.067955978105317,27.50036196729561,27.801888463356335,27.329868724733057,1.0513506009080515,0.3132633475357913,True,True,2022
2022-06-07,PRIO3,TRANSFORMER,27.26620483398437,27.579872888246314,27.96178534780855,26.88872775757796,27.471597449557454,0.31366805426194233,0.20539261557308208,True,True,2022
2022-06-08,PRIO3,TRANSFORMER,27.75541877746582,27.36353707317369,27.771603507398662,26.853143774672606,27.13913573300602,0.39188170429213187,0.6162830444597986,False,True,2022
2022-06-09,PRIO3,TRANSFORMER,27.17634963989257,27.79456634019394,27.178548288043913,27.60271823378718,26.79534972974394,0.6182167003013674,0.3809999101486312,True,True,2022
2022-06-10,PRIO3,TRANSFORMER,27.056543350219727,27.743336524208814,27.491099465528436,27.465201663999306,27.39263761769567,0.6867931739890878,0.33609426747594284,True,False,2022
2022-06-13,PRIO3,TRANSFORMER,25.988258361816406,27.37293853835763,26.88932140523524,26.78303589282389,26.421039404167654,1.3846801765412238,0.43278104235124815,True,True,2022
2022-06-14,PRIO3,TRANSFORMER,25.5988826751709,27.095622546322545,26.73025494369267,26.439071305872975,26.2374301714003,1.4967398711516466,0.6385474962294033,True,False,2022
2022-06-15,PRIO3,TRANSFORMER,25.2194938659668,26.904958653920914,26.46891888932468,25.897415487993165,25.53890945214981,1.685464787954114,0.319415586183009,True,True,2022
2022-06-16,PRIO3,TRANSFORMER,25.2194938659668,26.37126552324648,26.529196503271518,25.520713844128526,25.823206634543077,1.151771657279678,0.6037127685762762,True,False,2022
2022-06-17,PRIO3,TRANSFORMER,23.003053665161133,26.36748213130153,25.979984659271665,25.470727411375318,24.977162234804272,3.364428466140396,1.974108569643139,True,True,2022
2022-06-20,PRIO3,TRANSFORMER,22.803373336791992,26.08948536698665,26.21696880585262,24.6300014743775,24.788951209655682,3.2861120301946585,1.98557787286369,True,False,2022
2022-06-21,PRIO3,TRANSFORMER,22.69355010986328,25.10537117090206,25.606746938629154,23.29147540478024,23.630655083491842,2.411821061038779,0.9371049736285606,True,True,2022
2022-06-22,PRIO3,TRANSFORMER,21.23589134216309,24.507252304564062,24.093708082029245,23.025473024046885,22.284378929839566,3.2713609624009727,1.048487587676476,True,True,2022
2022-06-23,PRIO3,TRANSFORMER,20.43717384338379,23.77725423218456,23.253880353918436,22.036739894253646,21.495858045786854,3.3400803888007715,1.0586842024030645,True,True,2022
2022-06-24,PRIO3,TRANSFORMER,21.49547576904297,23.23972239681744,23.55930183621718,21.347858601366756,21.801468850801076,1.7442466277744728,0.3059930817581069,True,True,2022
2022-06-27,PRIO3,TRANSFORMER,22.63364601135254,23.13119367997284,23.504715009516698,21.81943483735126,22.055292307058934,0.49754766862029953,0.5783537042936047,False,True,2022
2022-06-28,PRIO3,TRANSFORMER,22.6236629486084,23.572367304927354,23.9646024032829,22.900967874732157,23.08383671613873,0.9487043563189559,0.4601737675303319,True,True,2022
2022-06-29,PRIO3,TRANSFORMER,22.4339656829834,24.12619342481132,23.802584092113047,23.432622788981494,22.865152799952796,1.6922277418279208,0.43118711696939727,True,True,2022
2022-06-30,PRIO3,TRANSFORMER,21.954736709594727,23.72045484798538,23.263756448082724,22.707537724425308,22.263988513406645,1.7657181383906533,0.3092518038119181,True,True,2022
2022-07-01,PRIO3,TRANSFORMER,22.06455993652344,23.400188081852804,23.15242527257751,22.275511150750216,22.17229951221399,1.3356281453293626,0.10773957569054815,True,True,2022
2022-07-04,PRIO3,TRANSFORMER,22.753454208374023,22.512312961031853,22.871354987409035,21.53398318320775,21.98728859688387,0.24114124734217057,0.7661656114901518,False,True,2022
2022-07-05,PRIO3,TRANSFORMER,21.13605117797852,22.48784940915749,21.89243021313773,22.13259628877956,21.430649987421,1.3517982311789716,0.29459880944247985,True,True,2022
2022-07-06,PRIO3,TRANSFORMER,20.85650062561035,22.083430679589,21.671513033306404,21.319128632927196,21.051288019598296,1.2269300539786485,0.1947873939879443,True,True,2022
2022-07-07,PRIO3,TRANSFORMER,21.185970306396484,21.387525682981533,21.758564223574485,20.495284408601595,21.04678944941426,0.2015553765850484,0.13918085698222527,True,True,2022
2022-07-08,PRIO3,TRANSFORMER,21.72510528564453,21.98532033152128,22.354648103524873,21.47227087151782,21.73524607239505,0.26021504587674826,0.010140786750518771,True,True,2022
2022-07-11,PRIO3,TRANSFORMER,21.884849548339844,21.741786812905573,21.943027278228065,21.459099948031138,21.47180207410529,0.1430627354342704,0.4130474742345527,False,False,2022
2022-07-12,PRIO3,TRANSFORMER,22.20433616638184,21.83569934890302,21.439634230196646,21.558265599853332,21.051058252091654,0.36863681747881927,1.153277914290186,False,True,2022
2022-07-13,PRIO3,TRANSFORMER,21.55537796020508,22.043974820182896,21.526770530247337,21.8911884540534,21.53132611683123,0.48859685997781455,0.0240518433738508,True,True,2022
2022-07-14,PRIO3,TRANSFORMER,20.726709365844727,21.584522459515938,21.013020988855878,21.150920481133628,20.806886446882647,0.8578130936712114,0.08017708103792032,True,True,2022
2022-07-15,PRIO3,TRANSFORMER,20.666805267333984,21.678148220190522,21.56044393563834,20.938079321851607,21.03031647655227,1.0113429528565376,0.3635112092182844,True,True,2022
2022-07-18,PRIO3,TRANSFORMER,22.054576873779297,21.701812715601477,22.07793608647582,20.936096289581066,21.37194742930152,0.3527641581778198,0.6826294444777758,False,True,2022
2022-07-19,PRIO3,TRANSFORMER,22.32414436340332,22.482640650251724,22.852589447132566,22.193521733237965,22.449937921639233,0.1584962868484041,0.12579355823591243,True,True,2022
2022-07-20,PRIO3,TRANSFORMER,22.22430419921875,22.5059051919483,22.66402757162694,22.327619187950937,22.307014727051634,0.2816009927295511,0.08271052783288368,True,False,2022
2022-07-21,PRIO3,TRANSFORMER,22.803373336791992,22.289210269498085,22.655976195747616,21.87029323085773,22.122410849190583,0.5141630672939073,0.6809624876014091,False,True,2022
2022-07-22,PRIO3,TRANSFORMER,22.63364601135254,22.576537868872876,22.73515650084011,22.575457142990476,22.615021109105882,0.057108142479663115,0.018624902246656916,True,False,2022
2022-07-25,PRIO3,TRANSFORMER,23.572139739990234,22.550493223378695,22.933947526978333,22.327720552546747,22.609266434198666,1.0216465166115398,0.9628733057915682,True,True,2022
2022-07-26,PRIO3,TRANSFORMER,23.70193099975586,23.092463694010064,23.192038875055196,23.323935332162467,23.31690691383856,0.6094673057457953,0.38502408591729775,True,False,2022
2022-07-27,PRIO3,TRANSFORMER,23.65201187133789,23.20124344563284,23.59950787297416,23.23610157886999,23.57880417718468,0.45076842570504994,0.07320769415321138,True,True,2022
2022-07-28,PRIO3,TRANSFORMER,23.75185203552246,23.70825370680079,24.640246445377635,23.598159943160045,24.351583614020903,0.043598328721671464,0.5997315784984423,False,True,2022
2022-07-29,PRIO3,TRANSFORMER,24.18115997314453,23.49857073883244,24.505614659198145,23.26902780444599,23.85157828357783,0.6825892343120898,0.32958168956670164,True,True,2022
2022-08-01,PRIO3,TRANSFORMER,23.3325252532959,24.022955159546058,23.526911323809973,23.979860581582123,23.00409336393954,0.6904299062501593,0.32843188935635936,True,True,2022
2022-08-02,PRIO3,TRANSFORMER,23.35249137878418,22.966809299501918,23.083391584723017,22.66218593232975,22.845686279340516,0.3856820792822617,0.5068050994436639,False,False,2022
2022-08-03,PRIO3,TRANSFORMER,23.721899032592773,23.078711242992895,22.60410006012138,22.84843412377215,22.39755616418927,0.6431877895998781,1.3243428684035017,False,True,2022
2022-08-04,PRIO3,TRANSFORMER,23.31255531311035,23.020502660174543,22.465481372791686,23.00183444599774,22.65157108851209,0.2920526529358085,0.6609842245982627,False,True,2022
2022-08-05,PRIO3,TRANSFORMER,24.031400680541992,23.31672369841948,23.823450727803024,23.204740904955067,23.993447772789306,0.7146769821225121,0.037952907752686116,True,True,2022
2022-08-08,PRIO3,TRANSFORMER,24.610471725463867,23.262604004106635,23.856181535818866,23.253044176895276,23.71597058510474,1.3478677213572325,0.8945011403591288,True,True,2022
2022-08-09,PRIO3,TRANSFORMER,25.009828567504883,23.8605033213844,24.22857910343151,24.14897592205172,24.272114282827832,1.1493252461204833,0.7377142846770504,True,True,2022
2022-08-10,PRIO3,TRANSFORMER,24.760229110717773,24.111367055522777,24.26549307372064,24.56686570062347,24.560987731207796,0.6488620551949964,0.1992413795099779,True,False,2022
2022-08-11,PRIO3,TRANSFORMER,25.319334030151367,24.272727956106067,24.551061348866988,24.37134756077715,24.55803552611377,1.0466060740453003,0.7612985040375975,True,True,2022
2022-08-12,PRIO3,TRANSFORMER,25.828516006469727,24.855360104044124,25.233944073624063,25.04244632601111,25.324268437988184,0.9731559024256029,0.5042475684815422,True,True,2022
2022-08-15,PRIO3,TRANSFORMER,25.28938102722168,24.85306419953052,24.4997191170552,25.068454785691415,24.55287658831137,0.436316827691158,0.736504438910309,False,True,2022
2022-08-16,PRIO3,TRANSFORMER,24.2810001373291,24.665684182413543,24.149269641638064,24.67826178214864,24.26905551611497,0.3846840450844411,0.011944621214130535,True,True,2022
2022-08-17,PRIO3,TRANSFORMER,24.300968170166016,24.421789003524196,24.797364870448895,24.06606298622397,24.667198733617575,0.12082083335818083,0.366230563451559,False,True,2022
2022-08-18,PRIO3,TRANSFORMER,24.600486755371094,24.47157217841476,24.781537701507602,24.112192953247366,24.316170722387966,0.12891457695633335,0.2843160329831278,False,True,2022
2022-08-19,PRIO3,TRANSFORMER,23.931560516357425,24.82103982052371,24.457559556756756,24.58591329091097,24.052844799546797,0.889479304166283,0.12128428318937168,True,True,2022
2022-08-22,PRIO3,TRANSFORMER,23.382444381713867,24.85849250749652,25.23098323683203,24.28265417390915,24.718527952551398,1.476048125782654,1.3360835708375305,True,True,2022
2022-08-23,PRIO3,TRANSFORMER,25.06973457336425,24.61602269556799,25.424780413450925,23.700817250651287,24.327441804748055,0.453711877796259,0.7422927686161955,False,True,2022
2022-08-24,PRIO3,TRANSFORMER,25.938337326049805,25.383534724425488,25.755134507912256,25.091165278790587,25.12371530471647,0.554802601624317,0.8146220213333351,False,True,2022
2022-08-25,PRIO3,TRANSFORMER,26.347681045532227,25.9571091971809,26.028570802697708,26.10045163899626,25.963313016880328,0.3905718483513283,0.3843680286518989,True,False,2022
2022-08-26,PRIO3,TRANSFORMER,26.51740837097168,26.038590831349325,25.55802736426452,26.070305516514626,25.493938215102094,0.47881753962235507,1.0234701558695853,False,True,2022
2022-08-29,PRIO3,TRANSFORMER,27.18633270263672,26.22476843442712,26.604619003609585,26.179999942007605,26.757153508274722,0.9615642682095995,0.42917919436199625,True,True,2022
2022-08-30,PRIO3,TRANSFORMER,26.82691192626953,27.318595891123152,26.70265810084877,27.42787129781582,26.72141761779051,0.4916839648536211,0.1054943084790203,True,True,2022
2022-08-31,PRIO3,TRANSFORMER,27.26620483398437,26.850005013565323,27.27643548262735,26.529661884831636,27.11828435857303,0.4161998204190489,0.14792047541133968,True,True,2022
2022-09-01,PRIO3,TRANSFORMER,27.156383514404297,26.574515193170782,25.838046674144657,26.400837294809623,25.573890317289077,0.5818683212335145,1.5824931971152196,False,True,2022
2022-09-02,PRIO3,TRANSFORMER,27.70549964904785,26.221585824019087,26.692613130292695,26.224224590014696,26.965357763860382,1.4839138250287647,0.7401418851874695,True,True,2022
2022-09-05,PRIO3,TRANSFORMER,29.49263000488281,27.47295589977412,27.866002130410497,27.830243816385643,28.17201718253831,2.019674105108688,1.3206128223445006,True,True,2022
2022-09-06,PRIO3,TRANSFORMER,28.6739444732666,28.04995976288899,27.10948858582463,28.731320613729658,27.64855280103195,0.6239847103776128,1.025391672234651,False,True,2022
2022-09-07,PRIO3,TRANSFORMER,28.6739444732666,27.774184018136935,26.99701717481829,28.015558314078593,27.59474018063392,0.8997604551296661,1.0792042926326815,False,True,2022
2022-09-08,PRIO3,TRANSFORMER,27.50581932067871,27.66737765516021,27.737908605276214,27.973531451375194,28.5549999831981,0.16155833448149792,1.0491806625193902,False,False,2022
2022-09-09,PRIO3,TRANSFORMER,28.00501823425293,27.69854851592123,27.88167835650353,27.452286597190394,27.64256190373093,0.306469718331698,0.36245633052200077,False,True,2022
2022-09-12,PRIO3,TRANSFORMER,27.555740356445312,27.915622968917432,28.41619644214548,27.904554231606912,28.35320622001079,0.35988261247211994,0.7974658635654777,False,False,2022
2022-09-13,PRIO3,TRANSFORMER,26.986656188964844,28.17221284889422,27.61633621487042,27.795200466303676,26.95369409145849,1.1855566599293752,0.032962097506352706,True,True,2022
2022-09-14,PRIO3,TRANSFORMER,28.36444091796875,27.888769906340997,28.35835015438226,27.165964257901756,27.74914088517666,0.47567101162775316,0.6153000327920886,False,True,2022
2022-09-15,PRIO3,TRANSFORMER,27.655580520629883,28.213406379544494,27.72026297821454,27.99559253162226,27.40535448625193,0.5578258589146117,0.25022603437795254,True,True,2022
2022-09-16,PRIO3,TRANSFORMER,27.975067138671875,28.042534239247146,27.585699693277213,27.782099938392363,27.462145151988185,0.06746710057527139,0.5129219866836898,False,False,2022
2022-09-19,PRIO3,TRANSFORMER,28.034971237182617,28.18947723390977,27.371106577439804,27.85394513127454,27.28413700038047,0.1545059967271527,0.7508342368021488,False,True,2022
2022-09-20,PRIO3,TRANSFORMER,28.284570693969727,28.343694280381982,28.39206588456311,28.16263089665075,28.62768420364371,0.059123586412255236,0.3431135096739837,False,False,2022
2022-09-21,PRIO3,TRANSFORMER,28.484249114990234,28.297871498229114,28.297871498229114,28.140636225441536,28.236513586654578,0.18637761676112063,0.2477355283356566,False,False,2022
2022-09-22,PRIO3,TRANSFORMER,29.50261306762696,28.620001027512274,29.19697897782536,28.44111419528025,29.019545956099314,0.8826120401146866,0.4830671115276459,True,True,2022
2022-09-23,PRIO3,TRANSFORMER,28.074907302856445,29.07560957769445,28.666547564939304,29.182619090013304,28.5716157202656,1.0007022748380052,0.49670841740915606,True,True,2022
2022-09-26,PRIO3,TRANSFORMER,28.074907302856445,28.820588877822587,28.214556623350866,28.32503658967904,27.75240378608192,0.7456815749661416,0.3225035167745247,True,True,2022
2022-09-27,PRIO3,TRANSFORMER,27.13641357421875,27.624967244059803,27.1445151436195,26.98193532619696,26.774757332559812,0.4885536698410533,0.36165624165893817,True,True,2022
2022-09-28,PRIO3,TRANSFORMER,27.865243911743164,28.019837291438847,28.623907189583388,27.502347280867117,28.36041345695079,0.1545933796956831,0.49516954520762724,False,True,2022
2022-09-29,PRIO3,TRANSFORMER,27.18633270263672,28.719368251401562,28.31531816431458,28.357021510891347,27.749933684686955,1.5330355487648433,0.5636009820502359,True,True,2022
2022-09-30,PRIO3,TRANSFORMER,27.48585319519043,28.176111972126733,28.09585983626093,27.501220979489684,27.454473148745457,0.6902587769363038,0.03138004644497272,True,False,2022
2022-10-03,PRIO3,TRANSFORMER,28.893592834472656,27.84254717047375,28.326697254791288,27.148973059360696,27.696373797764835,1.0510456639989059,1.1972190367078213,False,True,2022
2022-10-04,PRIO3,TRANSFORMER,30.281362533569336,28.808360505746805,29.42162513780402,28.839574475577685,29.33923418980019,1.473002027822531,0.942128343769145,True,True,2022
2022-10-05,PRIO3,TRANSFORMER,31.24980735778809,30.31150740146049,30.916018308811555,30.72583497594023,31.090950915784898,0.9382999563276009,0.1588564420031915,True,True,2022
2022-10-06,PRIO3,TRANSFORMER,31.559310913085938,30.57844161622873,31.00363972379946,30.85794870090121,30.991377137821253,0.9808692968572075,0.5679337752646845,True,True,2022
2022-10-07,PRIO3,TRANSFORMER,31.95866775512696,30.8456089955028,31.04194551676822,31.018698855412755,30.973999969824085,1.1130587596241597,0.9846677853028751,True,True,2022
2022-10-10,PRIO3,TRANSFORMER,31.40954971313477,31.498827017271196,30.894837564822538,31.79301273262274,31.10310656842913,0.0892773041364272,0.30644314470563927,False,True,2022
2022-10-11,PRIO3,TRANSFORMER,31.4494857788086,31.512636482966798,30.701320334792523,31.38470995386083,30.783151147328258,0.0631507041581969,0.6663346314803427,False,True,2022
2022-10-12,PRIO3,TRANSFORMER,31.4494857788086,31.270742774580043,30.778731831735417,30.990239683649392,30.904525136744617,0.17874300422855782,0.5449606420639839,False,True,2022
2022-10-13,PRIO3,TRANSFORMER,31.70907020568848,31.222784069399324,31.76044362689595,31.043363812477516,31.897085470081944,0.48628613628915573,0.1880152643934636,True,True,2022
2022-10-14,PRIO3,TRANSFORMER,31.000207901000977,31.5698604988755,30.972340296394112,31.535126041927253,30.79336230773791,0.5696525978745228,0.20684559326306484,True,True,2022
2022-10-17,PRIO3,TRANSFORMER,31.29972648620605,31.31391054484172,31.190295106447106,31.08808922007271,31.127778327790992,0.014184058635667185,0.17194815841505928,False,False,2022
2022-10-18,PRIO3,TRANSFORMER,32.178314208984375,31.261758282417475,31.943645904002523,30.949317868256152,31.761033834187455,0.9165559265669003,0.4172803747969205,True,True,2022
2022-10-19,PRIO3,TRANSFORMER,33.37639236450195,31.696535200837985,32.214564605416015,31.78930141014865,32.09432346320524,1.6798571636639679,1.2820689012967108,True,True,2022
2022-10-20,PRIO3,TRANSFORMER,33.156742095947266,32.353226863164025,33.01114068729023,32.850559801177944,33.30388940481629,0.8035152327832407,0.14714730886902316,True,True,2022
2022-10-21,PRIO3,TRANSFORMER,33.79571533203125,32.65635433618746,33.36153179583159,32.93681669543338,33.329769840877994,1.1393609958437878,0.46594549115325634,True,True,2022
2022-10-24,PRIO3,TRANSFORMER,33.43629837036133,33.053893010903295,33.698793628728026,33.35111108832715,33.67454599833614,0.38240535945803344,0.2382476279748147,True,True,2022
2022-10-25,PRIO3,TRANSFORMER,33.735816955566406,33.011234117920765,33.011234117920765,32.963738508261436,32.355877490051384,0.7245828376456416,1.3799394655150223,False,True,2022
2022-10-26,PRIO3,TRANSFORMER,33.276554107666016,33.36024223874085,34.01111990762693,33.454869689697375,34.06746024449988,0.08368813107483675,0.7909061368338612,False,True,2022
2022-10-27,PRIO3,TRANSFORMER,33.55610275268555,33.80999955117821,33.12868888362721,33.65091197728857,32.67283534763393,0.25389679849266145,0.8832674050516189,False,True,2022
2022-10-28,PRIO3,TRANSFORMER,33.96544647216797,33.9494931951692,33.9494931951692,33.50866038972387,33.4488258616219,0.015953276998772026,0.5166206105460702,False,True,2022
2022-10-31,PRIO3,TRANSFORMER,35.333248138427734,33.81852282012122,34.36450881488157,33.57030001102331,34.19957594497153,1.5147253183065175,1.1336721934562064,True,True,2022
2022-11-01,PRIO3,TRANSFORMER,37.070457458496094,34.3214722746402,34.74563669537261,34.56634942711598,34.79081088389276,2.7489851838558934,2.2796465746033334,True,True,2022
2022-11-02,PRIO3,TRANSFORMER,37.070457458496094,35.951576392812484,35.8508958054986,37.09732285422786,36.90562119026788,1.1188810656836097,0.16483626822821407,True,False,2022
2022-11-03,PRIO3,TRANSFORMER,36.68108367919922,36.282646164060026,36.49620316955986,36.98223227955935,37.23009871207298,0.398437515139193,0.5490150328737613,False,False,2022
2022-11-04,PRIO3,TRANSFORMER,37.58962631225586,36.01688628147443,36.57097892283727,36.08979745323195,36.5762988901814,1.572740030781432,1.013327422074461,True,True,2022
2022-11-07,PRIO3,TRANSFORMER,36.361595153808594,37.07897783641721,36.55573379643356,37.49796121450538,36.804437338538754,0.7173826826086156,0.4428421847301607,True,True,2022
2022-11-08,PRIO3,TRANSFORMER,37.36997604370117,36.66364037044619,37.25034618822784,36.38473636246528,37.07017943361807,0.7063356732549835,0.2997966100830993,True,True,2022
2022-11-09,PRIO3,TRANSFORMER,37.16031646728516,36.47650968617668,35.97659069518043,36.43082128762424,35.79275029554169,0.6838067811084798,1.3675661717434764,False,True,2022
2022-11-10,PRIO3,TRANSFORMER,36.52134323120117,36.99127904940357,37.3231658059542,37.04624412906341,37.498356192426414,0.4699358182024014,0.9770129612252418,False,True,2022
2022-11-11,PRIO3,TRANSFORMER,37.63954544067383,36.69179030421563,37.32590268640918,36.39998601400357,36.91721890470281,0.9477551364581984,0.7223265359710211,True,True,2022
2022-11-14,PRIO3,TRANSFORMER,38.438262939453125,37.50848898125352,38.14376497521243,37.572270745142035,37.95602902081131,0.9297739581996041,0.48223391864181764,True,True,2022
2022-11-15,PRIO3,TRANSFORMER,38.438262939453125,37.78872718829962,37.916067453282544,38.197999716405455,38.01526910433101,0.6495357511535076,0.42299383512211364,True,False,2022
2022-11-16,PRIO3,TRANSFORMER,36.21183776855469,37.93870132153802,37.93870132153802,38.24394241818041,38.13255145633034,1.7268635529833318,1.9207136877756525,False,False,2022
2022-11-17,PRIO3,TRANSFORMER,35.74259185791016,37.69445043913248,37.262735121312566,36.88814907999771,36.26912146597928,1.951858581222318,0.5265296080691186,True,True,2022
2022-11-18,PRIO3,TRANSFORMER,34.44467544555664,36.649510941779084,36.01994675521994,35.50537744456461,34.96040553268091,2.2048354962224437,0.5157300871242683,True,True,2022
2022-11-21,PRIO3,TRANSFORMER,34.4346923828125,36.465484579105436,35.8595784290013,35.194798612854264,34.80023741141836,2.0307921962929356,0.36554502860585814,True,True,2022
2022-11-22,PRIO3,TRANSFORMER,35.41312026977539,35.787449003877185,36.50582249927397,34.54250096691015,35.502107420655,0.3743287341017947,0.08898715087961051,True,True,2022
2022-11-23,PRIO3,TRANSFORMER,35.21343994140625,36.39959433207497,36.74686637619229,35.7309824064291,35.7910029100543,1.1861543906687189,0.5775629686480528,True,True,2022
2022-11-24,PRIO3,TRANSFORMER,36.45145034790039,36.240645918258195,36.790578174476465,35.54443103353261,35.794709733354296,0.21080442964219515,0.656740614546095,False,True,2022
2022-11-25,PRIO3,TRANSFORMER,34.59443664550781,36.42737324495192,35.6578548099327,36.15221158353338,35.123073572220946,1.8329365994441105,0.5286369267131334,True,True,2022
2022-11-28,PRIO3,TRANSFORMER,34.84403610229492,36.129407727740016,36.65565120817781,35.25489951316393,35.951048656326584,1.2853716254450944,1.1070125540316624,True,True,2022
2022-11-29,PRIO3,TRANSFORMER,35.22342300415039,35.62917625654811,35.62917625654811,34.77877644515652,34.27430750828294,0.40575325239771587,0.9491154958674528,False,True,2022
2022-11-30,PRIO3,TRANSFORMER,35.9921875,36.125758788320326,36.64611507295977,35.6015711795063,36.03902628745032,0.13357128832032572,0.04683878745031933,True,True,2022
2022-12-01,PRIO3,TRANSFORMER,36.64114761352539,36.65643439586458,36.65643439586458,36.46759910727739,35.932498495005596,0.015286782339188676,0.7086491185197943,False,True,2022
2022-12-02,PRIO3,TRANSFORMER,36.631160736083984,36.958084593040866,36.958084593040866,36.82588364993454,36.768897312818,0.3269238569568813,0.13773657673401374,True,False,2022
2022-12-05,PRIO3,TRANSFORMER,35.96223831176758,36.8513956632824,36.377254355273834,36.45824061886147,35.92371105405997,0.8891573515148252,0.038527257707606566,True,True,2022
2022-12-06,PRIO3,TRANSFORMER,34.584449768066406,36.56115350758475,36.02953264426209,35.97750715934849,35.60114672721289,1.9767037395183422,1.0166969591464863,True,True,2022
2022-12-07,PRIO3,TRANSFORMER,32.61760711669922,35.89709929305275,35.31496704923057,34.84020352039272,34.43821137185824,3.2794921763535285,1.8206042551590187,True,True,2022
2022-12-08,PRIO3,TRANSFORMER,33.11680603027344,35.040051242991524,34.295892820579866,33.35649251182406,32.759449113960855,1.9232452127180863,0.3573569163125825,True,True,2022
2022-12-09,PRIO3,TRANSFORMER,33.596038818359375,34.60887560993112,34.606367946756414,33.38551976805825,33.67931968234557,1.0128367915717433,0.08328086398619661,True,False,2022
2022-12-12,PRIO3,TRANSFORMER,34.584449768066406,34.466340615780155,35.14492161064111,33.63776160170616,34.35592525998505,0.11810915228625163,0.22852450808135671,False,True,2022
2022-12-13,PRIO3,TRANSFORMER,34.83404922485352,35.008274494901485,34.97379161058127,34.704261324931146,34.38153966274017,0.1742252700479625,0.4525095621133559,False,True,2022
2022-12-14,PRIO3,TRANSFORMER,36.12198257446289,35.83066272626775,36.286574791930505,35.54991754050275,35.94083225236711,0.291319848195144,0.18115032209578175,True,True,2022
2022-12-15,PRIO3,TRANSFORMER,35.71263885498047,36.568693060583456,37.070465622579285,36.433324904119,36.76431389239114,0.8560542056029874,1.0516750374106678,False,True,2022
2022-12-16,PRIO3,TRANSFORMER,35.293312072753906,36.25211522924201,35.528787765189456,35.73213504879327,34.714420692052386,0.9588031564881021,0.5788913807015206,True,True,2022
2022-12-19,PRIO3,TRANSFORMER,35.72262191772461,36.05980727178468,35.958913210520016,35.50249529573532,35.59691252472158,0.3371853540600682,0.12570939300302797,True,False,2022
2022-12-20,PRIO3,TRANSFORMER,35.802494049072266,36.075303350803466,36.776064122477194,35.61689583162917,36.427328561160046,0.27280930173120055,0.6248345120877801,False,True,2022
2022-12-21,PRIO3,TRANSFORMER,35.5728645324707,36.40007257460152,36.878930474797905,36.031665652095604,36.22238988167676,0.8272080421308203,0.6495253492060584,True,True,2022
2022-12-22,PRIO3,TRANSFORMER,35.20345687866211,36.65811249953427,36.166492268490956,36.08816480748047,35.279732151827886,1.4546556208721597,0.07627527316577698,True,True,2022
2022-12-23,PRIO3,TRANSFORMER,35.43309020996094,36.53490292847593,37.19269431297545,35.66712504470842,36.40573818476424,1.1018127185149922,0.9726479748033015,True,True,2022
2022-12-26,PRIO3,TRANSFORMER,35.3831672668457,36.66738461798505,37.31970168454425,35.99629250010714,36.35665133507213,1.2842173511393469,0.9734840682264263,True,False,2022
2022-12-27,PRIO3,TRANSFORMER,35.522945404052734,36.32100598009566,36.931726894424266,35.466958251927096,35.64356517094928,0.7980605760429285,0.12061976689654585,True,True,2022
2022-12-28,PRIO3,TRANSFORMER,37.19026565551758,36.77523256254986,36.648858399934156,36.10310352835266,35.59238824053775,0.4150330929677182,1.597877414979827,False,True,2022
2022-12-29,PRIO3,TRANSFORMER,37.15032958984375,37.118694091220334,37.73828741207977,37.08398001015298,37.680981555196176,0.03163549862341597,0.5306519653524262,False,False,2022
2022-12-30,PRIO3,TRANSFORMER,37.15032958984375,37.200289754745626,37.827788628311616,36.99980718892454,37.38083391301972,0.049960164901875714,0.23050432317597114,False,True,2022
2023-01-02,PRIO3,TRANSFORMER,36.7010498046875,37.6019641210612,37.82181433316454,37.4803641690389,37.34879005262285,0.9009143163737008,0.6477402479353529,True,False,2023
2023-01-03,PRIO3,TRANSFORMER,34.2449951171875,37.539258186369466,36.81291675739874,36.96201218275425,36.03845406538322,3.294263069181966,1.7934589481957204,True,True,2023
2023-01-04,PRIO3,TRANSFORMER,34.03533172607422,36.74656353991708,36.579088840364506,35.185961002824534,35.14658526355678,2.7112318138428577,1.1112535374825612,True,True,2023
2023-01-05,PRIO3,TRANSFORMER,34.91392135620117,35.51274207160441,36.305218277213534,33.92325669240382,34.70332949061476,0.5988207154032352,0.21059186558640874,True,True,2023
2023-01-06,PRIO3,TRANSFORMER,35.12358474731445,35.73775943517509,35.19281277828809,35.00075826019611,34.078674810144456,0.6141746878606398,1.0449099371699972,False,True,2023
2023-01-09,PRIO3,TRANSFORMER,35.95225143432617,35.75871530787782,36.41122016461259,35.2332400517622,35.99404109835148,0.1935361264483504,0.04178966402530904,True,True,2023
2023-01-10,PRIO3,TRANSFORMER,36.15193176269531,36.47027381209378,36.450692354090876,36.34461541507044,36.10576035531744,0.318342049398467,0.0461714073778694,True,False,2023
2023-01-11,PRIO3,TRANSFORMER,38.957427978515625,36.44528606556398,37.17486781887728,36.10436543736906,36.76579530036749,2.5121419129516482,2.1916326781481317,True,True,2023
2023-01-12,PRIO3,TRANSFORMER,39.686256408691406,37.93724276692856,37.93724276692856,38.743652392205135,38.52025520167891,1.7490136417628435,1.1660012070124992,True,False,2023
2023-01-13,PRIO3,TRANSFORMER,38.98737716674805,38.57901360281224,38.57901360281224,39.35191719960733,39.38417974789155,0.40836356393580786,0.3968025811435041,True,False,2023
2023-01-16,PRIO3,TRANSFORMER,39.0073471069336,38.72918005421968,37.90667424991639,38.81256539350307,38.0499192781572,0.2781670527139184,0.9574278287764031,False,True,2023
2023-01-17,PRIO3,TRANSFORMER,38.677879333496094,38.68762401233042,39.487297031792295,38.59592698757912,39.76871532459079,0.009744678834323395,1.0908359910946928,False,True,2023
2023-01-18,PRIO3,TRANSFORMER,38.907508850097656,38.94163206343609,39.52869929342356,38.839051337646424,39.18595748377491,0.03412321333843238,0.27844863367725026,False,False,2023
2023-01-19,PRIO3,TRANSFORMER,40.455020904541016,39.20650353819656,39.798758864824194,38.959945047782746,39.221754322646696,1.2485173663444584,1.2332665818943198,True,True,2023
2023-01-20,PRIO3,TRANSFORMER,41.03409194946289,39.52993164060342,39.542165280367996,39.88187915381775,39.625967495386554,1.5041603088594684,1.4081244540763365,True,False,2023
2023-01-23,PRIO3,TRANSFORMER,41.49335479736328,40.315610928712545,40.315610928712545,40.88321338222674,40.88846074145514,1.1777438686507367,0.6048940559081402,True,False,2023
2023-01-24,PRIO3,TRANSFORMER,40.964202880859375,41.170565604013404,40.61278979370064,41.52457082665125,41.0403319204916,0.20636272315402948,0.07612903963222806,True,True,2023
2023-01-25,PRIO3,TRANSFORMER,41.85277557373047,40.79250552615315,41.396973774142054,40.593752586065904,41.44676881473981,1.060270047577319,0.40600675899065664,True,True,2023
2023-01-26,PRIO3,TRANSFORMER,42.27210235595703,40.94257496751072,41.538517475443186,41.04989119448231,41.463112874945324,1.3295273884463086,0.8089894810117073,True,True,2023
2023-01-27,PRIO3,TRANSFORMER,41.72298812866211,41.842549113674295,41.842549113674295,42.321831227462354,41.81704753770596,0.11956098501218548,0.0940594090438509,True,True,2023
2023-01-30,PRIO3,TRANSFORMER,41.43344879150391,42.15933968635318,41.51400621998105,42.01042529546292,41.30178073422454,0.7258908948492646,0.13166805727937003,True,True,2023
2023-01-31,PRIO3,TRANSFORMER,42.03248596191406,41.566856763526516,41.6220410156627,41.176183116354736,41.469455999347005,0.46562919838754624,0.5630299625670574,False,False,2023
2023-02-01,PRIO3,TRANSFORMER,41.03409194946289,41.701418212350404,41.32350988741306,41.582257703103764,41.26240018942912,0.6673262628875136,0.22830823996623195,True,True,2023
2023-02-02,PRIO3,TRANSFORMER,39.98577499389648,41.69278601984263,40.90356791753083,41.27433969776557,40.610247962219894,1.7070110259461515,0.6244729683234169,True,True,2023
2023-02-03,PRIO3,TRANSFORMER,40.10558319091797,41.114122774295765,40.51279142274327,40.200066270421836,39.87885623753981,1.0085395833777966,0.2267269533781615,True,True,2023
2023-02-06,PRIO3,TRANSFORMER,41.133934020996094,40.96686832631514,41.70841582702065,40.200495494015996,41.21144759744365,0.16706569468095722,0.07751357644755785,True,True,2023
2023-02-07,PRIO3,TRANSFORMER,41.5632438659668,41.15396156810925,41.90023989795298,40.870468563670435,41.36826457480674,0.4092822978575441,0.19497929116005963,True,True,2023
2023-02-08,PRIO3,TRANSFORMER,42.48176574707031,41.84015960297222,43.037136188461474,41.749060403391354,42.55891629106919,0.6416061440980911,0.07715054399887578,True,True,2023
2023-02-09,PRIO3,TRANSFORMER,41.8927116394043,42.300906281936136,42.90523196612282,42.26164566457674,42.28083485592462,0.40819464253183924,0.3881232165203201,True,True,2023
2023-02-10,PRIO3,TRANSFORMER,42.68144607543945,42.406752755998355,43.04088513478614,42.09979832201283,42.3344892282438,0.27469331944109854,0.34695684719565634,False,True,2023
2023-02-13,PRIO3,TRANSFORMER,41.97258377075195,42.91265846414234,43.31547772357406,42.85959503438367,42.94440480800299,0.9400746933903861,0.9718210372510399,False,False,2023
2023-02-14,PRIO3,TRANSFORMER,40.79447555541992,42.83064923145707,42.05175725256193,42.29205974450995,41.23254251112784,2.0361736760371514,0.4380669557079173,True,True,2023
2023-02-15,PRIO3,TRANSFORMER,40.834415435791016,42.38328993937529,42.37714798800988,41.417067000990386,41.590289782307295,1.5488745035842726,0.7558743465162792,True,False,2023
2023-02-16,PRIO3,TRANSFORMER,40.185455322265625,42.08499935339978,42.08499935339978,41.18961812837172,41.18956250130023,1.8995440311341554,1.0041071790346052,True,False,2023
2023-02-17,PRIO3,TRANSFORMER,38.14872360229492,41.83829769078699,40.82141241409179,40.76690297022413,39.63069359418756,3.6895740884920656,1.4819699918926403,True,True,2023
2023-02-21,PRIO3,TRANSFORMER,38.14872360229492,41.10268920385664,41.09537272270238,39.37529994493381,39.618669632109615,2.9539656015617197,1.4699460298146931,True,False,2023
2023-02-22,PRIO3,TRANSFORMER,37.53970336914063,40.94267708335269,40.39455970314903,39.23621575627379,38.613493085830505,3.4029737142120595,1.0737897166898733,True,True,2023
2023-02-23,PRIO3,TRANSFORMER,37.409915924072266,39.719302065673446,40.2307031120402,37.895893009930816,38.44273022492764,2.3093861416011805,1.032814300855371,True,True,2023
2023-02-24,PRIO3,TRANSFORMER,37.53970336914063,40.06917136342747,39.21820767212538,38.61200877126968,37.441107795613924,2.52946799428684,0.09859557352670834,True,True,2023
2023-02-27,PRIO3,TRANSFORMER,36.960636138916016,39.80175720420198,39.79887327922405,38.40635303350424,38.595036937139184,2.841121065285961,1.6344007982231687,True,False,2023
2023-02-28,PRIO3,TRANSFORMER,33.645957946777344,39.65140183848689,40.678282861959346,37.97681012565159,38.9122110542152,6.005443891709547,5.266253107437855,True,True,2023
2023-03-01,PRIO3,TRANSFORMER,33.326473236083984,39.67446640332628,39.786275449561316,36.74020857084642,36.16064303873672,6.347993167242294,2.834169802652738,True,False,2023
2023-03-02,PRIO3,TRANSFORMER,33.905540466308594,38.20109478520004,37.389804121478804,34.652283078162675,33.2618001807577,4.295554318891448,0.6437402855508907,True,True,2023
2023-03-03,PRIO3,TRANSFORMER,34.65433883666992,38.08275784173432,38.7720996208659,35.30757812170697,36.06947261658448,3.4284190050643986,1.4151337799145551,True,True,2023
2023-03-06,PRIO3,TRANSFORMER,34.574466705322266,37.457269376852594,37.58332664117101,35.28885372807972,35.056729370368174,2.882802671530328,0.48226266504590853,True,False,2023
2023-03-07,PRIO3,TRANSFORMER,33.536136627197266,37.01259743334529,36.1599879469304,35.18315102439826,33.99779771830066,3.476460806148026,0.4616610911033945,True,True,2023
2023-03-08,PRIO3,TRANSFORMER,34.41472625732422,36.475779557906606,36.75813808119648,34.44380725447326,34.93071011198816,2.061053300582387,0.5159838546639435,True,True,2023
2023-03-09,PRIO3,TRANSFORMER,33.37639236450195,36.27174189406844,35.70862065720316,34.76100164329803,34.061005442625216,2.895349529566488,0.6846130781232631,True,True,2023
2023-03-10,PRIO3,TRANSFORMER,33.156742095947266,35.92666353123346,35.95737814938166,34.21149329347796,34.38187006753145,2.769921435286193,1.225127971584186,True,False,2023
2023-03-13,PRIO3,TRANSFORMER,31.719053268432617,35.44309225965878,34.82468972904983,33.68006281748689,32.99862515978427,3.724038991226166,1.279571891351651,True,True,2023
2023-03-14,PRIO3,TRANSFORMER,32.158348083496094,34.573165699994576,33.98110375101323,32.34959722712771,31.866728153659782,2.414817616498482,0.2916199298363118,True,True,2023
2023-03-15,PRIO3,TRANSFORMER,31.100048065185547,33.789812951151646,33.16151967160008,32.05172173249663,31.648820192699894,2.689764885966099,0.5487721275143471,True,True,2023
2023-03-16,PRIO3,TRANSFORMER,31.64916610717773,32.89300439608911,32.799317450905164,31.171459173324266,31.397468098541296,1.2438382889113804,0.2516980086364349,True,False,2023
2023-03-17,PRIO3,TRANSFORMER,31.3196964263916,33.297218043008314,32.82527150620391,32.20484682004527,31.781264201589387,1.9775216166167127,0.4615677751977856,True,True,2023
2023-03-20,PRIO3,TRANSFORMER,30.940303802490234,32.71915217513697,31.97886097998225,31.497011012190995,30.91458682769159,1.7788483726467348,0.025716974798644543,True,True,2023
2023-03-21,PRIO3,TRANSFORMER,31.669132232666016,32.22230414217563,32.83186993574933,30.98628422267733,31.923534574718886,0.553171909509615,0.25440234205287027,True,True,2023
2023-03-22,PRIO3,TRANSFORMER,31.29972648620605,32.549284173952316,31.745678244969074,31.871292141934052,30.852871070266147,1.2495576877462646,0.4468554159399041,True,True,2023
2023-03-23,PRIO3,TRANSFORMER,29.882003784179688,32.76334791154113,32.32217988756566,31.949276740655442,31.735225604898865,2.8813441273614444,1.8532218207191775,True,True,2023
2023-03-24,PRIO3,TRANSFORMER,30.231443405151367,32.25868461280777,32.452226519573244,30.615345324596703,31.088331755488245,2.0272412076564024,0.8568883503368774,True,False,2023
2023-03-27,PRIO3,TRANSFORMER,31.56929397583008,31.635233358973323,32.26992944111039,30.15746847506724,30.67486884419311,0.06593938314324177,0.8944251316369716,False,True,2023
2023-03-28,PRIO3,TRANSFORMER,31.828876495361328,32.52164481939272,32.82585765594728,31.981160987093176,31.974178563729648,0.6927683240313911,0.14530206836831994,True,False,2023
2023-03-29,PRIO3,TRANSFORMER,31.88878059387207,32.805994891008766,32.517136342541825,32.27819128654183,31.775785135326338,0.9172142971366952,0.11299545854573267,True,False,2023
2023-03-30,PRIO3,TRANSFORMER,32.29812240600586,32.86419921900037,32.87261599566429,32.1510142191893,32.25091530894417,0.5660768129945097,0.04720709706168691,True,False,2023
2023-03-31,PRIO3,TRANSFORMER,31.13998413085937,33.03868626010342,32.41395676159956,32.4618988300611,31.84427974583295,1.8987021292440467,0.704295614973578,True,True,2023
2023-04-03,PRIO3,TRANSFORMER,32.348045349121094,32.7289263631441,33.321746508610545,31.63118337030678,32.438865517586926,0.3808810140230037,0.0908201684658323,True,True,2023
2023-04-04,PRIO3,TRANSFORMER,33.79571533203125,34.01178726263166,34.825566344679956,33.37567595666334,33.97507809267922,0.21607193060040686,0.17936276064796886,True,True,2023
2023-04-05,PRIO3,TRANSFORMER,33.4462776184082,35.043172583894375,35.24848810063299,34.65904494383091,34.44711964765652,1.5968949654861717,1.000842029248318,True,False,2023
2023-04-06,PRIO3,TRANSFORMER,34.804100036621094,34.10945425775216,34.92727332214465,33.2029159923018,33.74312702135947,0.6946457788689315,1.0609730152616237,False,True,2023
2023-04-10,PRIO3,TRANSFORMER,34.8640022277832,34.949631068789415,34.949631068789415,34.78695131546848,34.22438788250719,0.08562884100621204,0.6396143452760157,False,True,2023
2023-04-11,PRIO3,TRANSFORMER,35.67270278930664,34.715521991422094,35.195654750226865,34.57564275047866,34.921899870549154,0.957180797884547,0.7508029187574863,True,True,2023
2023-04-12,PRIO3,TRANSFORMER,36.37158203125,35.32738479912376,35.941383302520904,35.50885453240712,35.922867155077384,1.044197232126237,0.4487148761726161,True,True,2023
2023-04-13,PRIO3,TRANSFORMER,36.45145034790039,35.97714790157221,35.974773689494775,36.32416745572895,36.057532098539184,0.4743024463281813,0.39391824936120656,True,False,2023
2023-04-14,PRIO3,TRANSFORMER,36.62118148803711,36.1468882579544,36.18090370231629,36.267924377343206,36.27771318572296,0.47429323008270785,0.34346830231415026,True,False,2023
2023-04-17,PRIO3,TRANSFORMER,36.0920295715332,36.030414928604614,36.26166797535214,36.070314183477585,36.352767711012135,0.06161464292858909,0.26073813947893143,False,False,2023
2023-04-18,PRIO3,TRANSFORMER,35.24339294433594,36.05229154581576,35.720428072976205,35.94297864881614,35.49774691997774,0.8088986014798252,0.2543539756418056,True,True,2023
2023-04-19,PRIO3,TRANSFORMER,34.2449951171875,35.99402765024968,35.582371744018566,35.45951870013841,35.12748419192033,1.7490325330621772,0.8824890747328311,True,True,2023
2023-04-20,PRIO3,TRANSFORMER,33.94547653198242,35.438519171869274,34.940314050147215,34.380826674814145,34.04946644266903,1.493042639886852,0.10398991068660735,True,True,2023
2023-04-21,PRIO3,TRANSFORMER,33.94547653198242,34.86501107441114,34.93740425685658,33.754743471300486,34.1003891616544,0.9195345424287211,0.15491262967197628,True,False,2023
2023-04-24,PRIO3,TRANSFORMER,34.97382354736328,34.93569395829135,34.93569395829135,34.102788754146964,34.15180024013553,0.03812958907192865,0.8220233072277523,False,False,2023
2023-04-25,PRIO3,TRANSFORMER,34.59443664550781,35.43669980795153,34.93222200312995,35.10874590137794,34.57445392839342,0.8422631624437145,0.019982717114395143,True,True,2023
2023-04-26,PRIO3,TRANSFORMER,33.4462776184082,35.52796924557268,35.03240103073136,34.96731268380373,34.66566026534257,2.0816916271644743,1.2193826469343634,True,True,2023
2023-04-27,PRIO3,TRANSFORMER,33.586055755615234,35.03217640964502,35.03217640964502,33.89966268315231,33.968708938154634,1.4461206540297837,0.38265318253939995,True,True,2023
2023-04-28,PRIO3,TRANSFORMER,34.69427490234375,34.7743832646637,35.25174725231374,33.65844020308596,34.139024268902176,0.08010836231994745,0.5552506334415739,False,True,2023
2023-05-01,PRIO3,TRANSFORMER,34.69427490234375,35.062612036343864,35.02036904688119,34.59568402424256,34.37307966516786,0.3683371340001145,0.3211952371758926,True,False,2023
2023-05-02,PRIO3,TRANSFORMER,33.46624755859375,35.11502299223443,34.61491983024095,34.73137434736696,34.1588284136848,1.6487754336406795,0.6925808550910517,True,True,2023
2023-05-03,PRIO3,TRANSFORMER,34.04531478881836,34.4592759014466,33.74538964696586,33.506634456150564,32.95967985428056,0.4139611126282432,1.0856349345378007,False,True,2023
2023-05-04,PRIO3,TRANSFORMER,32.64756393432617,34.14132801589207,33.591071631223414,33.51418177184888,33.324330792109414,1.4937640815658995,0.6767668577832424,True,True,2023
2023-05-05,PRIO3,TRANSFORMER,34.23501205444336,34.636778763749135,35.9026503033823,33.73878218766249,35.30438422940649,0.4017667093057753,1.069372174963128,False,True,2023
2023-05-08,PRIO3,TRANSFORMER,34.45465850830078,34.75354993097133,35.937563745814295,34.15481227904156,34.82817024658305,0.29889142267055036,0.3735117382822679,False,True,2023
2023-05-09,PRIO3,TRANSFORMER,34.554500579833984,35.367999673336215,35.48566364063864,34.949309905325784,34.390218097852205,0.8134990935022302,0.16428248198177897,True,False,2023
2023-05-10,PRIO3,TRANSFORMER,34.59443664550781,35.04980160396886,34.40584496706573,34.45191482611577,33.535356545289396,0.45536495846104685,1.0590801002184165,False,True,2023
2023-05-11,PRIO3,TRANSFORMER,34.764163970947266,34.93885784746169,35.16494825794323,34.36919688676617,34.810805649417944,0.17469387651442503,0.046641678470678016,True,True,2023
2023-05-12,PRIO3,TRANSFORMER,34.44467544555664,35.08064229017418,35.30765019209155,34.67897829703832,34.86572315169216,0.6359668446175419,0.4210477061355178,True,True,2023
2023-05-15,PRIO3,TRANSFORMER,34.41472625732422,34.961903691063384,34.471931324883336,34.45619500944593,33.799408765497866,0.547177433739165,0.6153174918263531,False,True,2023
2023-05-16,PRIO3,TRANSFORMER,34.44467544555664,35.053928785915105,35.68724282211789,34.5181313675586,35.29821805960148,0.6092533403584639,0.8535426140448408,False,True,2023
2023-05-17,PRIO3,TRANSFORMER,36.44146728515625,35.202199286523324,35.80519350139442,34.65335869351812,35.01789171843189,1.2392679986329256,1.4235755667243595,False,True,2023
2023-05-18,PRIO3,TRANSFORMER,36.29170608520508,36.278701088698625,36.28686354945243,36.464685980805484,36.205375847841864,0.013004996506452926,0.08633023736321377,False,False,2023
2023-05-19,PRIO3,TRANSFORMER,36.91071701049805,36.34796115851407,36.40737580315261,36.2933721246339,36.33371387377061,0.5627558519839795,0.5770031367274342,False,False,2023
2023-05-22,PRIO3,TRANSFORMER,36.13196563720703,36.96622152371509,36.267226144410905,36.98769567291112,36.26280437811971,0.8342558865080605,0.13083874091267944,True,True,2023
2023-05-23,PRIO3,TRANSFORMER,36.102012634277344,36.77289410976877,37.34843633208842,36.29161495140644,37.137127750957816,0.6708814754914272,1.0351151166804726,False,True,2023
2023-05-24,PRIO3,TRANSFORMER,35.89235305786133,36.72997992718132,37.364983257143024,36.11203939430108,36.555246437007774,0.8376268693199904,0.6628933791464462,True,True,2023
2023-05-25,PRIO3,TRANSFORMER,35.5728645324707,36.95997713997869,36.84344547853121,36.183249039149516,35.612448583474276,1.3871126075079871,0.03958405100357254,True,True,2023
2023-05-26,PRIO3,TRANSFORMER,35.293312072753906,37.42678439416346,37.37648140846006,36.492362669043935,36.42449407474139,2.133472321409556,1.131182001987483,True,False,2023
2023-05-29,PRIO3,TRANSFORMER,35.06367874145508,36.635534686874934,36.53622434214587,35.313567552583834,35.25337511703093,1.5718559454198555,0.18969637557584917,True,False,2023
2023-05-30,PRIO3,TRANSFORMER,34.07527160644531,36.4386417281132,35.43082140614059,35.266982467381744,34.23113436149628,2.3633701216678844,0.15586275505096836,True,True,2023
2023-05-31,PRIO3,TRANSFORMER,34.13516998291016,36.32618665714489,36.45723368863251,34.86444404111102,35.46133751900046,2.1910166742347243,1.3261675360902956,True,False,2023
2023-06-01,PRIO3,TRANSFORMER,34.115203857421875,35.51348751725078,36.06721852166193,34.04329649168601,34.59572166426094,1.3982836598289055,0.4805178068390674,True,True,2023
2023-06-02,PRIO3,TRANSFORMER,35.26335906982422,35.764294236710725,36.236206051109306,34.650308266116824,34.77959480533816,0.5009351668865065,0.48376426448606225,True,True,2023
2023-06-05,PRIO3,TRANSFORMER,35.293312072753906,36.35034556342404,36.46007057369946,35.69255339030677,35.55021810093385,1.0570334906701362,0.2569060281799409,True,False,2023
2023-06-06,PRIO3,TRANSFORMER,34.22502899169922,36.321462097523124,35.69391760681693,35.59153806782181,34.79424614536349,2.0964331058239054,0.569217153664269,True,True,2023
2023-06-07,PRIO3,TRANSFORMER,34.73421096801758,36.41751055654842,36.888988051772195,35.17704723531218,35.82592597134025,1.6832995885308435,1.091715003322669,True,True,2023
2023-06-08,PRIO3,TRANSFORMER,34.73421096801758,36.476407570334715,36.52674719580503,35.21423082626507,35.16327542741015,1.7421966023171365,0.42906445939257054,True,False,2023
2023-06-09,PRIO3,TRANSFORMER,34.424705505371094,36.317583397459,36.317583397459,35.08839230249004,35.007431176123596,1.8928778920879097,0.5827256707525024,True,False,2023
2023-06-12,PRIO3,TRANSFORMER,33.086856842041016,35.86774779620947,35.29370326786332,34.60816891647604,33.93901395599611,2.7808909541684557,0.8521571139550943,True,True,2023
2023-06-13,PRIO3,TRANSFORMER,34.28493118286133,35.26821717835625,35.781715561995426,33.61076761447639,34.26930050518124,0.9832859954949242,0.01563067768008608,True,True,2023
2023-06-14,PRIO3,TRANSFORMER,35.34323501586914,35.3611408926173,35.43812777207832,34.332541369882385,34.192209208085764,0.017905876748159244,1.1510258077833768,False,True,2023
2023-06-15,PRIO3,TRANSFORMER,35.542911529541016,35.846424306475654,35.12339038825239,35.48108322266418,34.61415388007505,0.30351277693463885,0.9287576494659646,False,True,2023
2023-06-16,PRIO3,TRANSFORMER,36.21183776855469,36.04859325040579,36.20068985615276,35.63967851488146,36.17627050030898,0.1632445181489004,0.035567268245706884,True,False,2023
2023-06-19,PRIO3,TRANSFORMER,36.002174377441406,36.60665973062751,37.167453470357565,36.4177850519717,37.002057112382595,0.6044853531861065,0.9998827349411883,False,True,2023
2023-06-20,PRIO3,TRANSFORMER,36.102012634277344,36.481993306890416,36.51439916652961,35.97088731771589,35.79391760803297,0.37998067261307256,0.30809502624437357,True,False,2023
2023-06-21,PRIO3,TRANSFORMER,38.60798645019531,36.29388571439941,37.097005862731734,35.83552405863725,36.50644302443041,2.314100735795904,2.101543425764902,True,True,2023
2023-06-22,PRIO3,TRANSFORMER,38.238582611083984,37.79124944959625,37.12030616288929,38.480221789401604,37.48260727790856,0.44733316148773383,0.7559753331754209,False,True,2023
2023-06-23,PRIO3,TRANSFORMER,38.14872360229492,37.59607373891029,37.59607373891029,38.01623638208253,38.0331330139065,0.5526498633846302,0.11559058838842162,True,True,2023
2023-06-26,PRIO3,TRANSFORMER,36.9806022644043,37.62889717438051,37.18119285391381,37.708842317371584,37.36350611222771,0.6482949099762152,0.3829038478234139,True,True,2023
2023-06-27,PRIO3,TRANSFORMER,35.74259185791016,37.802119680973846,37.143270722730875,37.39647980082926,36.90720098820166,2.059527823063682,1.1646091302914954,True,True,2023
2023-06-28,PRIO3,TRANSFORMER,36.08204650878906,37.2802890072748,37.74486951263041,36.1178362506657,36.86223877596197,1.1982424984857403,0.7801922671729073,True,True,2023
2023-06-29,PRIO3,TRANSFORMER,36.23180770874024,36.92888797189124,37.06956065949946,35.885566033357065,35.940334081032056,0.6970802631510011,0.29147362770818575,True,False,2023
2023-06-30,PRIO3,TRANSFORMER,37.020538330078125,37.07765033047161,37.6408176199786,36.403124175351465,36.79222442522345,0.05711200039348796,0.22831390485467296,False,True,2023
2023-07-03,PRIO3,TRANSFORMER,37.35999298095703,37.70212955044855,38.0013370122404,37.32671364489267,37.41752129029834,0.3421365694915153,0.057528309341307704,True,False,2023
2023-07-04,PRIO3,TRANSFORMER,37.979000091552734,38.32421755779271,38.32421755779271,37.91726802449236,37.76226643083883,0.34521746623997274,0.21673366071390632,True,False,2023
2023-07-05,PRIO3,TRANSFORMER,38.558067321777344,38.37919502517809,38.97568963525115,37.90483833286517,38.41395824472092,0.17887229659925197,0.14410907705642728,True,True,2023
2023-07-06,PRIO3,TRANSFORMER,38.08882522583008,38.972101728748925,38.082107523779236,38.77863114876783,37.6083505451829,0.8832765029188465,0.4804746806471769,True,True,2023
2023-07-07,PRIO3,TRANSFORMER,39.286895751953125,38.73237457814261,39.30150345640618,38.16874459980944,39.00595209959754,0.5545211738105138,0.2809436523555817,True,True,2023
2023-07-10,PRIO3,TRANSFORMER,39.42667388916016,39.39223183156969,39.839513887593974,39.25060028425148,39.646632621597426,0.03444205759047492,0.21995873243726294,False,False,2023
2023-07-11,PRIO3,TRANSFORMER,40.63473510742188,39.64522042618637,40.213326708950994,39.51672338694594,39.79053096538266,0.9895146812355122,0.8442041420392243,True,True,2023
2023-07-12,PRIO3,TRANSFORMER,41.48336791992188,40.42655638715041,41.08227992376199,40.626061186571164,40.971500992385906,1.0568115327714693,0.5118669275359764,True,True,2023
2023-07-13,PRIO3,TRANSFORMER,42.82122039794922,41.181120978211595,41.186893924053074,41.541037089260506,41.18862154855299,1.6400994197376235,1.6325988493962313,True,True,2023
2023-07-14,PRIO3,TRANSFORMER,41.45341873168945,42.02490077653965,41.167592006697035,42.64527785855214,41.721105966829576,0.5714820448501996,0.26768723514012294,True,True,2023
2023-07-17,PRIO3,TRANSFORMER,41.922664642333984,41.85687937016394,42.00787842328687,41.59197975433061,42.18493791668567,0.06578527217004648,0.2622732743516849,False,False,2023
2023-07-18,PRIO3,TRANSFORMER,43.11075592041016,41.26677915031655,41.8709076876252,41.002454647875595,41.64114180336963,1.8439767700936116,1.4696141170405355,True,True,2023
2023-07-19,PRIO3,TRANSFORMER,44.069217681884766,42.392014036140836,43.20917021915608,42.94606929075489,43.512126193792675,1.6772036457439299,0.557091488092091,True,True,2023
2023-07-20,PRIO3,TRANSFORMER,44.12911987304688,42.965299180677334,43.741339186675965,43.67762145204768,44.039182739966165,1.1638206923695478,0.08993713308071705,True,True,2023
2023-07-21,PRIO3,TRANSFORMER,45.097564697265625,43.365504780799256,44.07811090066447,43.87578481062241,44.14837789432182,1.732059916466369,0.9491868029438066,True,True,2023
2023-07-24,PRIO3,TRANSFORMER,46.0959587097168,44.27031241014936,45.16841388514353,44.95313674539902,45.4505460839695,1.8256462995674383,0.6454126257472979,True,True,2023
2023-07-25,PRIO3,TRANSFORMER,44.88790130615234,44.84186839309518,44.302398085625384,45.6539395576686,44.642659408660776,0.046032913057153735,0.24524189749156022,False,True,2023
2023-07-26,PRIO3,TRANSFORMER,45.51689147949219,45.21988762461865,45.636097707835496,45.275137547941526,45.86404184533568,0.2970038548735374,0.3471503658434898,False,False,2023
2023-07-27,PRIO3,TRANSFORMER,45.01769256591797,45.144056400372506,45.351565144761814,44.98635042907868,45.06483281725717,0.12636383445453703,0.047140251339200745,True,True,2023
2023-07-28,PRIO3,TRANSFORMER,45.08758163452149,45.37641759491146,45.329602144858534,45.13803587819052,44.98835840480687,0.2888359603899673,0.0992232297146245,True,False,2023
2023-07-31,PRIO3,TRANSFORMER,45.54684066772461,45.504899747276795,47.05408352359314,45.14607686105383,46.65403165044357,0.04194092044781428,1.1071909827189614,False,True,2023
2023-08-01,PRIO3,TRANSFORMER,45.72655487060547,45.92008233755416,46.068993985237675,45.67026212316365,45.18251004884945,0.19352746694869438,0.5440448217560174,False,False,2023
2023-08-02,PRIO3,TRANSFORMER,45.17743682861328,45.86591328725103,45.147312460337076,45.58562050804152,44.54535993070003,0.6884764586377514,0.632076897913251,True,True,2023
2023-08-03,PRIO3,TRANSFORMER,47.08437347412109,45.82184689758003,46.79600719977612,45.234218522971524,46.4513291962639,1.262526576541056,0.6330442778571879,True,True,2023
2023-08-04,PRIO3,TRANSFORMER,47.49371719360352,46.819436980943124,47.03464676392686,46.95955902808814,46.844591327708244,0.6742802126603991,0.6491258658952788,True,True,2023
2023-08-07,PRIO3,TRANSFORMER,47.73333358764648,47.4904742171351,47.441477666910494,47.72405431274111,47.50890972224564,0.24285937051137552,0.22442386540083703,True,False,2023
2023-08-08,PRIO3,TRANSFORMER,47.78325271606445,47.3776634426506,47.4372960687513,47.34717249276972,47.456440823862984,0.4055892734138524,0.32681189220146933,True,False,2023
2023-08-09,PRIO3,TRANSFORMER,48.0428352355957,47.359357476046966,47.96901235160404,47.3524371388555,47.930695396790696,0.6834777595487367,0.11213983880500678,True,True,2023
2023-08-10,PRIO3,TRANSFORMER,47.30402374267578,47.899489010557545,48.1864965426769,48.01973339482606,48.09489991827749,0.5954652678817638,0.79087617560171,False,False,2023
2023-08-11,PRIO3,TRANSFORMER,48.28245162963867,47.699614269210315,49.2156053291136,47.353192805098345,48.61350202187685,0.582837360428357,0.33105039223817556,True,True,2023
2023-08-14,PRIO3,TRANSFORMER,48.51208114624024,48.19593810751621,48.3279754946868,48.13173560305911,47.60346834225488,0.3161430387240287,0.9086128039853634,False,False,2023
2023-08-15,PRIO3,TRANSFORMER,46.74491882324219,48.05141696023895,47.36484577882623,48.070649548142015,47.086100272697,1.3064981369967654,0.3411814494548153,True,True,2023
2023-08-16,PRIO3,TRANSFORMER,45.90626525878906,47.6552687629046,48.28946933312954,46.96782661174748,47.821992571187174,1.7490035041155352,1.9157273123981113,False,True,2023
2023-08-17,PRIO3,TRANSFORMER,45.307228088378906,47.236090039344845,48.082054027925174,46.09686058817159,46.692563350358995,1.9288619509659384,1.3853352619800887,True,True,2023
2023-08-18,PRIO3,TRANSFORMER,45.097564697265625,46.94555004577478,47.37037478417018,45.66649855075725,45.616033219242205,1.8479853485091553,0.5184685219765797,True,False,2023
2023-08-21,PRIO3,TRANSFORMER,44.67823791503906,46.46777725209324,46.799442889973264,45.19494905222297,45.20622667794301,1.7895393370541797,0.527988762903945,True,False,2023
2023-08-22,PRIO3,TRANSFORMER,45.02767562866211,46.491577050994806,46.491577050994806,45.24999131965457,45.03459667338996,1.4639014223326967,0.006921044727853598,True,False,2023
2023-08-23,PRIO3,TRANSFORMER,45.77647399902344,46.28676671061908,45.507086621687115,45.184293925945305,44.28126601123062,0.510292711595639,1.495207987792817,False,True,2023
2023-08-24,PRIO3,TRANSFORMER,45.986141204833984,46.381394057510306,46.37819806570587,45.73095379195626,46.113382487293286,0.3952528526763217,0.12724128245930189,True,False,2023
2023-08-25,PRIO3,TRANSFORMER,46.31560897827149,46.58026806360624,46.58026806360624,46.11498238839561,46.270492023359076,0.264659085334749,0.04511695491241596,True,False,2023
2023-08-28,PRIO3,TRANSFORMER,46.61512756347656,46.85730834286801,46.85730834286801,46.46522512380005,46.51018902714921,0.24218077939144678,0.10493853632735295,True,False,2023
2023-08-29,PRIO3,TRANSFORMER,45.77647399902344,46.93804112752866,46.93804112752866,46.575316486908996,46.619359025250326,1.1615671285052258,0.8428850262268881,True,False,2023
2023-08-30,PRIO3,TRANSFORMER,45.73654174804688,47.051804983204875,47.737897086758274,46.329841796917584,46.95639369387834,1.3152632351579925,1.2198519458314578,True,True,2023
2023-08-31,PRIO3,TRANSFORMER,46.34555816650391,46.64950260446119,45.78292429902195,45.73285051698235,44.500448867435196,0.3039444379572771,1.8451092990687172,False,True,2023
2023-09-01,PRIO3,TRANSFORMER,46.87471008300781,47.07102318466343,47.686494423961555,46.55260893238167,47.414364491908145,0.196313101655619,0.5396544089003328,False,True,2023
2023-09-04,PRIO3,TRANSFORMER,46.535255432128906,47.203950780015816,47.203950780015816,46.8434642870674,46.738812955882544,0.66869534788691,0.20355752375363778,True,False,2023
2023-09-05,PRIO3,TRANSFORMER,47.41384506225586,46.96920007477479,47.597000321882966,46.46088779000217,46.954961590942055,0.4446449874810696,0.45888347131380414,False,True,2023
2023-09-06,PRIO3,TRANSFORMER,46.714969635009766,47.39289231854957,47.33827619474975,47.25069085780221,46.971451436740296,0.6779226835398049,0.2564818017305299,True,False,2023
2023-09-07,PRIO3,TRANSFORMER,46.714969635009766,47.45190165976203,47.45190165976203,47.0040953612686,46.96499521973793,0.7369320247522637,0.2500255847281636,True,False,2023
2023-09-08,PRIO3,TRANSFORMER,47.41384506225586,47.43156699176461,47.43156699176461,46.795296223913496,46.82814551202598,0.01772192950875251,0.5856995502298759,False,False,2023
2023-09-11,PRIO3,TRANSFORMER,47.63349151611328,47.4036553282931,46.66368431900112,47.08588727541829,46.31529314826895,0.2298361878201831,1.3181983678443316,False,True,2023
2023-09-12,PRIO3,TRANSFORMER,48.03285217285156,47.67576000852637,48.5877417229614,47.5381696956156,48.74394434631908,0.35709216432519497,0.7110921734675202,False,True,2023
2023-09-13,PRIO3,TRANSFORMER,48.12270736694336,48.062724587806315,48.49765898264621,48.01683490605513,48.22288812889678,0.05998277913704442,0.10018076195341763,False,False,2023
2023-09-14,PRIO3,TRANSFORMER,49.171024322509766,48.22715832426752,49.01085571633374,48.101183510517075,48.532337226221586,0.943865998242245,0.6386870962881801,True,True,2023
2023-09-15,PRIO3,TRANSFORMER,49.32078170776367,48.67801338200604,48.61604363606857,48.85711525698004,48.45263819914366,0.6427683257576291,0.8681435086200153,False,False,2023
2023-09-18,PRIO3,TRANSFORMER,48.08277130126953,48.88723512675483,48.406076341219084,49.089938373819166,48.503170826150686,0.8044638254852998,0.4203995248811552,True,True,2023
2023-09-19,PRIO3,TRANSFORMER,48.63188934326172,48.629392625783225,49.517008589830084,48.16578218576182,49.307032455137936,0.0024967174784933377,0.675143111876217,False,False,2023
2023-09-20,PRIO3,TRANSFORMER,48.63188934326172,48.51478461248007,48.51478461248007,48.17267355934908,47.90851817375702,0.11710473078164796,0.723371169504702,False,False,2023
2023-09-21,PRIO3,TRANSFORMER,46.36552810668945,48.534370430969716,47.56762829057669,48.326659445871044,47.185459008441015,2.168842324280263,0.8199309017515617,True,True,2023
2023-09-22,PRIO3,TRANSFORMER,46.68501281738281,48.0506000335032,48.04743129965724,46.94928468469832,47.369942564700395,1.3655872161203888,0.6849297473175824,True,False,2023
2023-09-25,PRIO3,TRANSFORMER,46.9046630859375,47.58054038975172,47.58054038975172,46.46707582359608,46.63520263167881,0.6758773038142181,0.2694604542586916,True,False,2023
2023-09-26,PRIO3,TRANSFORMER,46.85474395751953,47.483686917505565,46.39532013026315,46.80089451257866,45.662491616304095,0.6289429599860341,1.1922523412154362,False,True,2023
2023-09-27,PRIO3,TRANSFORMER,48.2225456237793,47.491318374762045,48.18381930083482,46.93138564010652,48.040091508148414,0.7312272490172518,0.18245411563088254,True,True,2023
2023-09-28,PRIO3,TRANSFORMER,47.16424560546875,48.31475329350849,47.5551803219296,48.31856504814882,47.40649156089869,1.1505076880397382,0.24224595542993654,True,True,2023
2023-09-29,PRIO3,TRANSFORMER,46.96456909179688,48.19545475919756,48.334872010811175,47.60566842171889,48.00248523460675,1.2308856674006776,1.0379161428098698,True,False,2023
2023-10-02,PRIO3,TRANSFORMER,45.32719802856445,47.67936810160927,46.96912539579726,46.804502489148064,46.08704969355005,2.3521700730448174,0.7598516649855966,True,True,2023
2023-10-03,PRIO3,TRANSFORMER,45.097564697265625,46.891952844186676,47.78434551646085,45.54669137830992,46.6393931996682,1.794388146921051,1.5418285024025735,True,True,2023
2023-10-04,PRIO3,TRANSFORMER,43.82960510253906,46.184419406074994,45.5622298010064,44.90251347405395,43.921558406262626,2.3548143035359317,0.0919533037235638,True,True,2023
2023-10-05,PRIO3,TRANSFORMER,43.6399040222168,45.513157515030684,44.79625362290735,44.076981641274315,43.412745100200205,1.8732534928138875,0.22715892201659216,True,True,2023
2023-10-06,PRIO3,TRANSFORMER,44.46857452392578,44.76674517202002,45.365106941785754,43.44531934330563,44.371142403943026,0.2981706480942421,0.0974321199827557,True,True,2023
2023-10-09,PRIO3,TRANSFORMER,48.37230682373047,44.7997217812532,45.84053649442302,44.19899239264112,45.04448246135625,3.5725850424772716,3.3278243623742156,True,True,2023
2023-10-10,PRIO3,TRANSFORMER,48.17262649536133,47.13290538489662,47.070853040831516,48.31016594807329,47.859203018993384,1.0397211104647113,0.31342347636794443,True,False,2023
2023-10-11,PRIO3,TRANSFORMER,47.52366638183594,47.15102073526191,46.47950668365323,47.851123703906325,47.06924790143501,0.37264564657402843,0.4544184804009248,False,True,2023
2023-10-12,PRIO3,TRANSFORMER,47.52366638183594,46.936427697225554,47.09847852034884,46.97974277905585,47.52013771981294,0.5872386846103836,0.003528662022993956,True,False,2023
2023-10-13,PRIO3,TRANSFORMER,49.91981887817383,46.98114082056236,47.71920319476375,47.01245571727436,47.74584245712478,2.938678057611469,2.1739764210490478,True,True,2023
2023-10-16,PRIO3,TRANSFORMER,49.72013854980469,48.369167421832344,48.243915920996045,49.41311253621159,49.09349773711598,1.3509711279723433,0.6266408126887058,True,False,2023
2023-10-17,PRIO3,TRANSFORMER,50.11949920654297,48.47210019053705,49.80071179119664,49.23705860581433,50.524212121300565,1.6473990160059202,0.40471291475759585,True,True,2023
2023-10-18,PRIO3,TRANSFORMER,50.11949920654297,48.86259797794912,49.70627786667442,49.52938229367456,49.823286138488626,1.256901228593847,0.29621306805434244,True,True,2023
2023-10-19,PRIO3,TRANSFORMER,49.94977188110352,49.51130588336389,49.34327366020514,50.0319089232393,49.394492743233236,0.4384659977396339,0.5552791378702864,False,False,2023
2023-10-20,PRIO3,TRANSFORMER,49.62030029296875,49.213005085804184,48.47097247657914,49.374084530862376,48.56295455513319,0.4072952071645659,1.0573457378355613,False,True,2023
2023-10-23,PRIO3,TRANSFORMER,48.761680603027344,49.39325997004778,48.71437326996306,49.42637181280395,49.07083664692191,0.6315793670204357,0.30915604389456774,True,True,2023
2023-10-24,PRIO3,TRANSFORMER,48.77166366577149,49.08691244414092,48.524826918723605,48.67053184752939,48.4604120007688,0.31524877836942977,0.3112516650026933,True,True,2023
2023-10-25,PRIO3,TRANSFORMER,48.28245162963867,48.97267885559165,49.58272747540108,48.55809451482531,49.46730231963863,0.6902272259529809,1.184850689999955,False,True,2023
2023-10-26,PRIO3,TRANSFORMER,47.92302703857422,48.839894222418025,48.115634133113396,48.31504466466565,47.35119289338195,0.9168671838438058,0.5718341451922697,True,True,2023
2023-10-27,PRIO3,TRANSFORMER,47.693397521972656,48.551900317174386,49.11153806231588,47.83197165549502,48.55739078632526,0.8585027952017299,0.8639932643526009,False,True,2023
2023-10-30,PRIO3,TRANSFORMER,46.2856559753418,48.845816941252224,48.160019725020916,48.16732013844915,47.279560482868895,2.560160965910427,0.9939045075270982,True,True,2023
2023-10-31,PRIO3,TRANSFORMER,47.62350845336914,48.2930094268919,48.98543925780714,46.87546807643331,47.68478624629765,0.6695009735227586,0.061277792928507324,True,True,2023
2023-11-01,PRIO3,TRANSFORMER,47.99291610717773,48.1074989806483,47.417660709577056,47.276733503848654,46.32696011536491,0.1145828734705745,1.6659559918128153,False,True,2023
2023-11-02,PRIO3,TRANSFORMER,47.99291610717773,48.65812802371329,49.1974175813588,48.31605315312994,49.021833924558415,0.6652119165355614,1.0289178173806874,False,True,2023
2023-11-03,PRIO3,TRANSFORMER,48.12270736694336,48.85757387852425,48.2361176568766,48.30760837995653,47.489978511527426,0.7348665115808899,0.6327288554159338,True,True,2023
2023-11-06,PRIO3,TRANSFORMER,47.93301010131836,48.63898470720551,48.63898470720551,48.019474048307224,48.254977506016225,0.7059746058871497,0.32196740469786533,True,False,2023
2023-11-07,PRIO3,TRANSFORMER,46.74491882324219,48.38639096051111,47.28201514319479,47.79424790239418,46.72538320117413,1.64147213726892,0.019535622068055147,True,True,2023
2023-11-08,PRIO3,TRANSFORMER,45.40706634521485,47.757997299925364,46.745008046177695,46.78926988936071,46.17897663633795,2.3509309547105133,0.7719102911230991,True,True,2023
2023-11-09,PRIO3,TRANSFORMER,44.65827178955078,47.07776963795618,47.70702104877345,45.68561163939045,46.81589552656301,2.419497848405399,2.15762373701223,True,True,2023
2023-11-10,PRIO3,TRANSFORMER,46.39548110961914,46.61941246969434,45.95997210884042,45.051995874996756,44.164411387162396,0.22393136007519843,2.231069722456745,False,True,2023
2023-11-13,PRIO3,TRANSFORMER,46.22575378417969,47.07198307357794,47.70115713995373,46.43812773262618,47.21917803809509,0.8462292893982521,0.9934242539153999,False,True,2023
2023-11-14,PRIO3,TRANSFORMER,46.914649963378906,47.258153868932936,47.20369301929945,46.64895392594123,46.46352242398434,0.3435039055540301,0.4511275393945695,False,False,2023
2023-11-15,PRIO3,TRANSFORMER,46.914649963378906,47.51047530671542,47.51047530671542,47.0200489236805,47.01008862199145,0.5958253433365144,0.09543865861254375,True,False,2023
2023-11-16,PRIO3,TRANSFORMER,45.25730895996094,47.38464135851848,46.700560382508215,46.88927472324322,46.16488798460384,2.1273323985575416,0.9075790246428994,True,True,2023
2023-11-17,PRIO3,TRANSFORMER,46.40546417236328,46.972869437362874,47.592137657157544,45.82060842584466,46.65040267022366,0.5674052649995929,0.2449384978603817,True,True,2023
2023-11-20,PRIO3,TRANSFORMER,47.45378112792969,47.250359026329306,47.81907814440222,46.51958041429767,46.864853110504804,0.2034221016003812,0.5889280174248839,False,True,2023
2023-11-21,PRIO3,TRANSFORMER,47.90305709838867,47.98137910809385,48.210743403133804,47.739480003846616,47.711245480080386,0.07832200970517533,0.19181161830828586,False,False,2023
2023-11-22,PRIO3,TRANSFORMER,47.16424560546875,47.92612082214305,47.600744556680944,47.67859409340038,47.24354049870747,0.7618752166742979,0.07929489323871763,True,False,2023
2023-11-23,PRIO3,TRANSFORMER,47.16424560546875,47.66817620532947,47.72710580523257,47.10283033548111,47.32341316143587,0.5039305998607233,0.15916755596712306,True,False,2023
2023-11-24,PRIO3,TRANSFORMER,47.13429260253906,47.49086906505738,47.49086906505738,46.93277291468566,47.01362785553988,0.3565764625183192,0.12066474699918217,True,False,2023
2023-11-27,PRIO3,TRANSFORMER,46.14588165283203,47.726389042974574,47.043428673410155,47.309500861033605,46.57258823213109,1.580507390142543,0.42670657929905786,True,True,2023
2023-11-28,PRIO3,TRANSFORMER,46.016090393066406,47.4378505199071,48.09081098023184,46.537084596366654,47.40543654382055,1.4217601268406952,1.3893461507541431,True,True,2023
2023-11-29,PRIO3,TRANSFORMER,45.83638000488281,47.37607724323868,47.59942429207117,46.32881814874609,46.408964775378045,1.5396972383558705,0.5725847704952329,True,False,2023
2023-11-30,PRIO3,TRANSFORMER,45.85634613037109,47.54273710505481,48.84587502968752,46.51713775830884,47.55352132893739,1.6863909746837251,1.6971751985663062,False,True,2023
2023-12-01,PRIO3,TRANSFORMER,44.49852752685547,47.74525324284764,47.024921551536195,46.643098932987584,45.242971962704594,3.24672571599217,0.7444444358491253,True,True,2023
2023-12-04,PRIO3,TRANSFORMER,44.14908981323242,46.7547159603032,45.997560014196196,44.99191728333362,44.23764486683376,2.6056261470707796,0.08855505360133975,True,True,2023
2023-12-05,PRIO3,TRANSFORMER,43.09078979492188,45.976416243707035,45.189826253061156,44.247165644977414,43.78883784357757,2.8856264487851533,0.6980480486556857,True,True,2023
2023-12-06,PRIO3,TRANSFORMER,41.3735466003418,45.617914753445234,44.84876029504128,43.85720127592541,43.43286488692506,4.244368153103437,2.059318286583263,True,True,2023
2023-12-07,PRIO3,TRANSFORMER,42.35197448730469,44.75929752327909,45.7878110938524,42.37961859713155,43.72922721715277,2.4073230359744002,1.377252729848081,True,True,2023
2023-12-08,PRIO3,TRANSFORMER,44.47855758666992,44.378139931545775,44.96520083080914,42.551583290372605,42.707599120474335,0.10041765512414713,1.7709584661955873,False,True,2023
2023-12-11,PRIO3,TRANSFORMER,44.60835266113281,45.38042734363944,45.69450289962722,44.81391954847212,44.790898777396215,0.7720746825066271,0.18254611626340278,True,False,2023
2023-12-12,PRIO3,TRANSFORMER,43.72976303100586,45.40056458767572,44.6142786039961,44.890212888379864,43.83166595211932,1.6708015566698577,0.10190292111346366,True,True,2023
2023-12-13,PRIO3,TRANSFORMER,45.22735595703125,45.14436274789841,45.91023367598712,44.148365238416375,45.12592018107094,0.08299320913283736,0.1014357759603115,False,True,2023
2023-12-14,PRIO3,TRANSFORMER,47.27999877929688,45.46455037425346,46.03246868434647,45.040909758401085,45.36425528638903,1.8154484050434192,1.9157434929078505,False,True,2023
2023-12-15,PRIO3,TRANSFORMER,46.25,46.767330670647766,46.183834532476894,47.2935653610999,46.3758983085675,0.517330670647766,0.12589830856749984,True,True,2023
2023-12-18,PRIO3,TRANSFORMER,46.09999847412109,47.4427929266584,47.726417213803394,47.24942946117426,47.75131016128071,1.342794452537312,1.6513116871596267,False,False,2023
2023-12-19,PRIO3,TRANSFORMER,46.709999084472656,46.816046734989754,46.816046734989754,45.95048941054723,45.95543209258198,0.10604765051709819,0.7545669918906768,False,False,2023
2023-12-20,PRIO3,TRANSFORMER,45.540000915527344,46.79002081073327,46.146356738223055,46.33107757701539,45.611540412527106,1.2500198952059236,0.07153949699976181,True,True,2023
2023-12-21,PRIO3,TRANSFORMER,45.15999984741211,46.74890897275657,46.74890897275657,45.98059974156178,46.29309608773859,1.5889091253444576,1.1330962403264806,True,False,2023
2023-12-22,PRIO3,TRANSFORMER,45.369998931884766,46.452868339165775,46.452868339165775,45.37736373440744,45.51086031710691,1.0828694072810094,0.14086138522214497,True,False,2023
2023-12-26,PRIO3,TRANSFORMER,45.91999816894531,46.484047709580295,47.00580277719119,45.58245569851605,46.013038263373204,0.5640495406349828,0.09304009442789152,True,True,2023
2023-12-27,PRIO3,TRANSFORMER,45.93999862670898,47.02554078865046,46.91739955036813,46.37604407565971,46.10840063857735,1.0855421619414827,0.16840201186837334,True,False,2023
2023-12-28,PRIO3,TRANSFORMER,46.04999923706055,47.070621529018354,47.09847302137868,46.298484674885586,46.334460994587445,1.0206222919578067,0.2844617575268984,True,False,2023
2023-12-29,PRIO3,TRANSFORMER,46.04999923706055,46.78600425428249,46.6818230867328,45.95621174679316,45.90320129133929,0.7360050172219417,0.1467979457212536,True,False,2023
2024-01-02,PRIO3,TRANSFORMER,45.34999847412109,46.7412434768861,46.61517185077418,46.032399399328796,46.00107834355601,1.391245002765011,0.6510798694349234,True,False,2024
2024-01-03,PRIO3,TRANSFORMER,46.880001068115234,46.71074487875137,47.396354001357444,45.841819905721714,46.52142062544567,0.169256189363864,0.3585804426695631,False,True,2024
2024-01-04,PRIO3,TRANSFORMER,46.41999816894531,47.39714714529828,47.51410115944747,46.9848312643424,46.913242222443984,0.9771489763529644,0.49324405349867106,True,False,2024
2024-01-05,PRIO3,TRANSFORMER,46.08000183105469,47.20390993367903,47.24118142702639,46.587296037179165,46.51220327919405,1.1239081026243412,0.43220144813935946,True,False,2024
2024-01-08,PRIO3,TRANSFORMER,45.75,47.23498718825158,46.611499312187135,46.402481328396206,45.67522515081975,1.48498718825158,0.07477484918025112,True,True,2024
2024-01-09,PRIO3,TRANSFORMER,46.27999877929688,46.46348157900775,47.16472789434362,45.49763902039016,46.377545466028366,0.18348279971086612,0.09754668673148359,True,True,2024
2024-01-10,PRIO3,TRANSFORMER,44.34999847412109,46.85328497869443,45.888526022639525,46.33892009808652,45.13762293839462,2.503286504573346,0.7876244642735344,True,True,2024
2024-01-11,PRIO3,TRANSFORMER,45.5,46.82661912849494,47.55585533606268,45.60645082749932,46.525866503606736,1.32661912849494,1.0258665036067356,True,True,2024
2024-01-12,PRIO3,TRANSFORMER,46.08000183105469,46.533682816500004,46.35722586755492,45.3558022632868,45.064041654410275,0.45368098544531676,1.0159601766444126,False,False,2024
2024-01-15,PRIO3,TRANSFORMER,47.06999969482422,47.119623517717855,47.823049321909494,46.518866426139404,47.13918247790143,0.049623822893636316,0.06918278307720982,False,True,2024
2024-01-16,PRIO3,TRANSFORMER,45.880001068115234,47.01952276169709,46.318471608986144,46.713331412776895,45.71064718907514,1.1395216935818553,0.16935387904009502,True,True,2024
2024-01-17,PRIO3,TRANSFORMER,45.04999923706055,47.08599336709608,47.218569975993965,46.37248606295052,46.72746022072073,2.035994130035533,1.6774609836601826,True,False,2024
2024-01-18,PRIO3,TRANSFORMER,44.7599983215332,46.633204916082946,46.68313366312249,45.404071965114504,45.51522184767275,1.8732065945497425,0.7552235261395452,True,False,2024
2024-01-19,PRIO3,TRANSFORMER,44.61000061035156,46.46862821744298,46.67548672039236,45.15511960058914,45.338833091283036,1.858627607091421,0.728832480931473,True,False,2024
2024-01-22,PRIO3,TRANSFORMER,44.15999984741211,46.11963030820709,46.79687520716297,44.887010723234155,45.382910980305354,1.9596304607949833,1.2229111328932447,True,True,2024
2024-01-23,PRIO3,TRANSFORMER,44.33000183105469,46.04902060734696,45.89007897913741,44.72033998770769,44.251787843063354,1.7190187762922733,0.07821398799133306,True,False,2024
2024-01-24,PRIO3,TRANSFORMER,44.59999847412109,45.883565712466066,46.07465364891381,44.63168838205149,44.80352157161529,1.283567238344979,0.20352309749420527,True,False,2024
2024-01-25,PRIO3,TRANSFORMER,44.79999923706055,46.012592482655236,46.64268233826634,45.02467275025395,45.53014570751442,1.2125932455946895,0.7301464704538745,True,True,2024
2024-01-26,PRIO3,TRANSFORMER,45.68999862670898,46.19825269880039,46.87268026540483,45.27700818667521,45.58381960461807,0.508254072091411,0.10617902209090602,True,True,2024
2024-01-29,PRIO3,TRANSFORMER,44.7599983215332,46.433364213349705,45.61810945443254,45.827390471333814,44.58374880124481,1.673365891816502,0.17624952028839402,True,True,2024
2024-01-30,PRIO3,TRANSFORMER,44.09000015258789,46.34832214015796,46.04201712412696,45.34127119229393,45.287171369452274,2.2583219875700706,1.1971712168643833,True,False,2024
2024-01-31,PRIO3,TRANSFORMER,43.93000030517578,45.96021386344796,45.939678843045506,44.54378652125528,44.77440337090827,2.0302135582721803,0.8444030657324859,True,False,2024
2024-02-01,PRIO3,TRANSFORMER,43.150001525878906,45.51436248196592,44.767516609752,44.14645438844661,43.364908315782394,2.364360956087012,0.21490678990348755,True,True,2024
2024-02-02,PRIO3,TRANSFORMER,42.45000076293945,44.89460101388795,45.18944167009079,43.366095078038875,43.97527092847513,2.444600250948497,1.5252701655356802,True,False,2024
2024-02-05,PRIO3,TRANSFORMER,42.04999923706055,44.42549445132818,44.42549445132818,42.80975756803568,42.79580557059547,2.37549521426763,0.7458063335349223,True,False,2024
2024-02-06,PRIO3,TRANSFORMER,43.59999847412109,43.94960058913887,44.60525474648195,42.407047976901076,42.913961487066,0.34960211501778105,0.6860369870550898,False,True,2024
2024-02-07,PRIO3,TRANSFORMER,43.970001220703125,44.31058689822191,44.42157128041906,43.5176270344114,43.40001903282987,0.34058567751878854,0.5699821878732578,False,False,2024
2024-02-08,PRIO3,TRANSFORMER,43.400001525878906,44.72462579106923,45.35330546667312,44.31460650113443,44.754117444887186,1.324624265190323,1.3541159190082794,False,True,2024
2024-02-09,PRIO3,TRANSFORMER,42.36000061035156,44.61700250135675,43.99543882920412,43.82529418723704,42.85423308705815,2.2570018910051886,0.49423247670658554,True,True,2024
2024-02-12,PRIO3,TRANSFORMER,42.36000061035156,44.33236480345249,44.35133286518709,42.959124597726635,43.12830288444194,1.9723641931009297,0.7683022740903809,True,False,2024
2024-02-13,PRIO3,TRANSFORMER,42.36000061035156,44.2369613761623,44.2369613761623,42.82766350217701,42.91471991966561,1.8769607658107361,0.554719309314045,True,False,2024
2024-02-14,PRIO3,TRANSFORMER,42.54999923706055,44.189545586874715,44.189545586874715,42.858522136547364,42.854145306252136,1.639546349814168,0.3041460691915887,True,False,2024
2024-02-15,PRIO3,TRANSFORMER,44.56999969482422,43.694869217485916,44.38413462822167,42.532327179667625,43.140589609268076,0.8751304773383026,1.4294100855561425,False,True,2024
2024-02-16,PRIO3,TRANSFORMER,45.400001525878906,44.568817439393,44.732043993876346,44.3777499444787,44.32783598935942,0.831184086485905,1.0721655365194849,False,False,2024
2024-02-19,PRIO3,TRANSFORMER,45.88999938964844,45.16955812997355,45.00413929160545,45.345566409899845,45.08969721887609,0.7204412596748853,0.8003021707723477,False,False,2024
2024-02-20,PRIO3,TRANSFORMER,46.119998931884766,45.3144400865591,45.15218045540074,45.444712262135766,45.41125639121047,0.8055588453256632,0.7087425406742938,True,False,2024
2024-02-21,PRIO3,TRANSFORMER,47.0,45.6834731239893,46.59664705860082,45.874130111950976,46.88189084831893,1.3165268760106983,0.11810915168106817,True,True,2024
2024-02-22,PRIO3,TRANSFORMER,46.95000076293945,46.130999205279636,46.2710109436655,46.5038598382099,46.377757490677794,0.8190015576598171,0.5722432722616588,True,False,2024
2024-02-23,PRIO3,TRANSFORMER,45.79999923706055,46.56332364156219,45.61152990161336,46.85930417198564,45.70891669616319,0.7633244045016454,0.09108254089735368,True,True,2024
2024-02-26,PRIO3,TRANSFORMER,45.86000061035156,46.15609247151281,45.937769770598294,45.70696648721279,45.91045189482608,0.2960918611612442,0.0504512844745193,True,False,2024
2024-02-27,PRIO3,TRANSFORMER,45.400001525878906,45.99383039862414,45.99383039862414,45.48952069329484,45.77816350954818,0.5938288727452345,0.37816198366927267,True,False,2024
2024-02-28,PRIO3,TRANSFORMER,44.5,46.16403708401799,45.63881269913449,45.65992294182801,45.12348884070596,1.6640370840179912,0.62348884070596,True,True,2024
2024-02-29,PRIO3,TRANSFORMER,43.709999084472656,45.88308236414741,45.98302946992007,44.86132757243407,45.189765390287135,2.1730832796747563,1.4797663058144792,True,False,2024
2024-03-01,PRIO3,TRANSFORMER,44.34999847412109,45.32884522799952,45.62874353787806,43.94627928156805,44.269821247662286,0.978846753878436,0.08017722645880099,True,False,2024
2024-03-04,PRIO3,TRANSFORMER,44.11000061035156,45.36770370973011,45.36770370973011,44.37816936850233,44.26075115909469,1.2577030993785456,0.150750548743126,True,False,2024
2024-03-05,PRIO3,TRANSFORMER,44.31999969482422,45.24870471522229,45.24870471522229,44.32930924050359,44.29976283539092,0.9287050203980698,0.020236859433296672,True,False,2024
2024-03-06,PRIO3,TRANSFORMER,43.63999938964844,45.05562408122739,45.67098445106025,44.27306983673455,44.83216601598614,1.4156246915789552,1.192166626337702,True,True,2024
2024-03-07,PRIO3,TRANSFORMER,43.34999847412109,45.29791093560573,45.540687383067954,44.32168804266982,44.30912388447403,1.9479124614846413,0.9591254103529465,True,False,2024
2024-03-08,PRIO3,TRANSFORMER,44.70000076293945,44.905935872346504,45.65802348430851,43.696585981138526,44.160689248957844,0.20593510940705073,0.5393115139816089,False,True,2024
2024-03-11,PRIO3,TRANSFORMER,44.900001525878906,45.427414246390754,44.7352308725421,44.82160456562168,43.73958535741158,0.5274127205118475,1.1604161684673286,False,True,2024
2024-03-12,PRIO3,TRANSFORMER,47.5,45.49061714484674,47.320793821313316,45.02252178972895,46.99154618883549,2.0093828551532624,0.5084538111645074,True,True,2024
2024-03-13,PRIO3,TRANSFORMER,48.91999816894531,46.565188957608825,47.48409503211711,47.05864042481203,47.33030605338456,2.3548092113364874,1.5896921155607515,True,True,2024
2024-03-14,PRIO3,TRANSFORMER,48.59999847412109,47.75422582149531,47.79043780796043,48.700053405107326,48.2065422435948,0.8457726526257758,0.3934562305262901,True,False,2024
2024-03-15,PRIO3,TRANSFORMER,47.79999923706055,48.00658810561458,47.83077956625282,48.40524526833914,48.16025168334742,0.2065888685540358,0.3602524462868715,False,False,2024
2024-03-18,PRIO3,TRANSFORMER,47.7599983215332,47.66355376154968,47.49288254420102,47.41888128931421,47.36883315964444,0.09644455998352441,0.3911651618887646,False,False,2024
2024-03-19,PRIO3,TRANSFORMER,49.209999084472656,47.60802997440976,49.00618318015969,47.393970176801126,48.86703289608812,1.601969110062896,0.34296618838453696,True,True,2024
2024-03-20,PRIO3,TRANSFORMER,47.45000076293945,48.10756025015348,47.42581564078552,48.5298675622048,47.30297108632457,0.65755948721403,0.14702967661488486,True,True,2024
2024-03-21,PRIO3,TRANSFORMER,47.09999847412109,48.06491667454725,47.21096323533846,47.81781415769779,47.00236775289055,0.9649182004261618,0.09763072123053718,True,True,2024
2024-03-22,PRIO3,TRANSFORMER,46.68999862670898,47.825843065329536,47.825843065329536,47.07471701387362,47.55519937621386,1.135844438620559,0.8652007495048792,True,False,2024
2024-03-25,PRIO3,TRANSFORMER,47.66999816894531,47.489480289606604,48.17706782206037,46.67670231344795,47.42389270017114,0.18051787933870855,0.24610546877417505,False,True,2024
2024-03-26,PRIO3,TRANSFORMER,47.290000915527344,47.85493246484509,47.9739058846234,47.48632674671194,47.36437774471712,0.5649315493177482,0.07437682918977373,True,False,2024
2024-03-27,PRIO3,TRANSFORMER,47.08000183105469,48.18100877142035,48.69857706419951,47.71180807459264,48.104205452164116,1.1010069403656644,1.0242036211094288,True,False,2024
2024-03-28,PRIO3,TRANSFORMER,48.7400016784668,47.81166257874145,48.341610830817,47.071866721208416,47.299808605218224,0.9283390997253491,1.4401930732485724,False,True,2024
2024-04-01,PRIO3,TRANSFORMER,48.38999938964844,48.551308045290966,48.69980639782449,48.47805993791456,48.40540027498438,0.16130865564252872,0.01540088533594286,True,False,2024
2024-04-02,PRIO3,TRANSFORMER,49.04999923706055,48.64216391375214,49.28949817273107,48.48992648646313,48.96669850020513,0.40783532330840444,0.0833007368554135,True,True,2024
2024-04-03,PRIO3,TRANSFORMER,49.38999938964844,49.01097229633001,49.13817873320731,48.876870523751485,48.76263502492572,0.37902709331842743,0.6273643647227161,False,False,2024
2024-04-04,PRIO3,TRANSFORMER,50.04999923706055,49.28313824606846,49.691417404770476,49.221858810746575,49.5353676197231,0.766860990992086,0.5146316173374501,True,False,2024
2024-04-05,PRIO3,TRANSFORMER,50.45000076293945,49.67025259524996,49.67025259524996,49.760331707387856,49.63563183924935,0.7797481676894904,0.8143689236901039,False,False,2024
2024-04-08,PRIO3,TRANSFORMER,49.65999984741211,49.8039835018925,49.8039835018925,49.96085548828653,49.96946886958472,0.14398365448039385,0.30946902217261396,False,False,2024
2024-04-09,PRIO3,TRANSFORMER,49.84000015258789,49.6875578266023,49.6875578266023,49.48485320039122,49.52045823617849,0.15244232598558938,0.3195419164093991,False,False,2024
2024-04-10,PRIO3,TRANSFORMER,50.18999862670898,49.44141780112034,50.09676959353931,49.25437526737293,49.892827288377056,0.7485808255886397,0.2971713383319212,True,True,2024
2024-04-11,PRIO3,TRANSFORMER,49.79999923706055,49.74012025432512,50.06309070990739,49.79678477023892,49.90606980518104,0.05987898273542669,0.10607056812049365,False,False,2024
2024-04-12,PRIO3,TRANSFORMER,50.86000061035156,49.715734991262934,50.453651565969636,49.62651499107062,50.10758231113073,1.1442656190886282,0.7524182992208353,True,True,2024
2024-04-15,PRIO3,TRANSFORMER,50.09999847412109,50.703828301322915,50.6392056323074,50.90743674681431,50.556860425983125,0.6038298272018281,0.45686195186203804,True,False,2024
2024-04-16,PRIO3,TRANSFORMER,49.79999923706055,50.327490577330536,50.06450986347308,50.008867534991936,49.67805750182311,0.5274913402699895,0.12194173523743501,True,False,2024
2024-04-17,PRIO3,TRANSFORMER,48.72999954223633,49.996226785983254,49.34474975662954,49.475566783609914,48.90425223676004,1.2662272437469255,0.17425269452370884,True,True,2024
2024-04-18,PRIO3,TRANSFORMER,49.2400016784668,49.487472045848335,49.28960512277972,48.65466600522847,48.76983171631579,0.24747036738153838,0.4701699621510045,False,False,2024
2024-04-19,PRIO3,TRANSFORMER,48.79999923706055,49.46544225487423,49.30623000422159,48.922871700033056,48.97583220536241,0.6654430178136863,0.17583296830186157,True,False,2024
2024-04-22,PRIO3,TRANSFORMER,48.0,49.42471164937422,50.29325038763895,48.903009151914354,49.82268521813701,1.424711649374217,1.8226852181370106,False,True,2024
2024-04-23,PRIO3,TRANSFORMER,49.18000030517578,49.153274125975145,50.59348822322381,48.274140324835926,49.296534370198465,0.02672617920063658,0.11653406502268382,False,True,2024
2024-04-24,PRIO3,TRANSFORMER,48.43000030517578,49.193895807910394,49.27904066405894,48.730029520747074,48.11106141508885,0.7638955027346128,0.3189388900869332,True,False,2024
2024-04-25,PRIO3,TRANSFORMER,49.38999938964844,49.32428412265915,50.15416846564739,48.80666922187661,49.33467753023727,0.06571526698928665,0.05532185941116552,True,True,2024
2024-04-26,PRIO3,TRANSFORMER,49.25,49.36665538935347,48.89206253255086,48.93843897609639,48.05902239311366,0.11665538935346831,1.1909776068863422,False,True,2024
2024-04-29,PRIO3,TRANSFORMER,49.560001373291016,49.74732282504533,49.674946844078235,49.450506450739965,49.488146565558154,0.1873214517543147,0.07185480773286201,True,False,2024
2024-04-30,PRIO3,TRANSFORMER,48.0,49.53222601552193,48.657055745514285,49.21885781893491,48.41361916687126,1.5322260155219283,0.413619166871257,True,True,2024
2024-05-01,PRIO3,TRANSFORMER,48.0,49.24937194099073,48.49821765578255,48.40028729615513,47.955586111469955,1.2493719409907271,0.04441388853004469,True,True,2024
2024-05-02,PRIO3,TRANSFORMER,47.41999816894531,48.88583273585846,48.911202841747624,47.90687960815786,48.374545052149884,1.465834566913145,0.9545468832045714,True,False,2024
2024-05-03,PRIO3,TRANSFORMER,46.75,48.4008982177935,48.717999270938776,47.37851126429464,47.78302044788126,1.6508982177934968,1.0330204478812632,True,False,2024
2024-05-06,PRIO3,TRANSFORMER,47.18999862670898,48.17630463496698,48.17630463496698,47.046418452752235,46.8877858008302,0.9863060082580049,0.30221282587877596,True,False,2024
2024-05-07,PRIO3,TRANSFORMER,47.16999816894531,48.17784998804211,48.17784998804211,47.28131172122953,47.23599580176802,1.0078518190967998,0.06599763282270743,True,False,2024
2024-05-08,PRIO3,TRANSFORMER,46.540000915527344,47.887677611503136,47.887677611503136,47.08047269927825,47.081704933396,1.3476766959757924,0.5417040178686534,True,False,2024
2024-05-09,PRIO3,TRANSFORMER,46.77999877929688,48.02031247477521,48.80578956140445,47.04870255803184,47.757811941255056,1.2403136954783278,0.9778131619581742,True,True,2024
2024-05-10,PRIO3,TRANSFORMER,47.0,47.74719344384505,48.04139214510007,46.79192715689487,46.74322310781896,0.7471934438450489,0.25677689218103694,True,False,2024
2024-05-13,PRIO3,TRANSFORMER,46.400001525878906,47.70310663100565,48.09802145647198,46.95665409824081,47.11738990559539,1.3031051051267468,0.717388379716482,True,False,2024
2024-05-14,PRIO3,TRANSFORMER,45.90999984741211,47.67588935525953,47.67588935525953,46.78276395384332,46.55948295155351,1.7658895078474188,0.6494831041414031,True,False,2024
2024-05-15,PRIO3,TRANSFORMER,47.0,47.394587441526255,48.0758976623614,46.286518812033755,46.826096083437776,0.39458744152625513,0.17390391656222448,True,True,2024
2024-05-16,PRIO3,TRANSFORMER,47.61000061035156,47.47945251392525,46.81029678154462,46.83884159114404,45.84301291398636,0.1305480964263097,1.7669876963652058,False,True,2024
2024-05-17,PRIO3,TRANSFORMER,48.119998931884766,47.98040560373374,47.58385483806823,47.69692536248301,47.51700996569486,0.13959332815102243,0.6029889661899048,False,False,2024
2024-05-20,PRIO3,TRANSFORMER,47.5,48.38507026228831,48.26330621303256,48.182671985828,48.35984110024778,0.8850702622883091,0.8598411002477775,True,False,2024
2024-05-21,PRIO3,TRANSFORMER,45.84999847412109,48.270918366412616,47.541797392616495,47.72385071962095,47.05434170744431,2.420919892291529,1.2043432333232218,True,True,2024
2024-05-22,PRIO3,TRANSFORMER,44.209999084472656,47.54451392070507,46.88849218111647,46.24937247522679,45.81948503154186,3.3345148362324153,1.609485947069203,True,True,2024
2024-05-23,PRIO3,TRANSFORMER,44.470001220703125,46.690832289567425,46.60182981963725,44.74831189196194,44.96831231414522,2.2208310688642996,0.4983110934420978,True,False,2024
2024-05-24,PRIO3,TRANSFORMER,43.45000076293945,46.1192763066216,45.25536271464446,44.54198548555874,43.72190530105734,2.669275543682147,0.2719045381178873,True,True,2024
2024-05-27,PRIO3,TRANSFORMER,43.66999816894531,46.01458033771223,45.8808930510958,44.35229071511469,44.55477883583932,2.3445821687669195,0.8847806668940095,True,False,2024
2024-05-28,PRIO3,TRANSFORMER,43.15999984741211,45.60174641180015,46.183160021321626,44.061814695752155,44.73386936834755,2.4417465643880405,1.573869520935439,True,True,2024
2024-05-29,PRIO3,TRANSFORMER,42.43000030517578,45.71581661500227,46.04533403831085,44.11712802723105,44.17423637844023,3.2858163098264868,1.744236073264446,True,False,2024
2024-05-30,PRIO3,TRANSFORMER,42.43000030517578,45.16164755608236,44.29890322811513,43.246085032258385,42.03371186311454,2.731647250906576,0.39628844206124114,True,True,2024
2024-05-31,PRIO3,TRANSFORMER,41.61000061035156,44.91304313494754,45.00549542953649,43.045728697301136,43.423035593342384,3.3030425245959805,1.8130349829908212,True,False,2024
2024-06-03,PRIO3,TRANSFORMER,41.16999816894531,44.32911071195508,44.3214282222644,42.312654640425094,42.264460249843346,3.159112543009769,1.0944620808980332,True,True,2024
2024-06-04,PRIO3,TRANSFORMER,40.88999938964844,43.27453998877331,42.83287297105528,41.21216352420429,40.70319008022261,2.3845405991248754,0.18680930942582563,True,False,2024
2024-06-05,PRIO3,TRANSFORMER,40.13999938964844,42.91938789812809,42.91938789812809,41.18887670588395,41.3473811483824,2.7793885084796557,1.207381758733959,True,False,2024
2024-06-06,PRIO3,TRANSFORMER,40.16999816894531,42.83998942713583,42.83998942713583,41.059312603445974,41.08255737835615,2.669991258190521,0.912559209410837,True,False,2024
2024-06-07,PRIO3,TRANSFORMER,39.91999816894531,42.34351581892838,42.34351581892838,40.68518214879335,40.4595480934163,2.4235176499830686,0.5395499244709896,True,True,2024
2024-06-10,PRIO3,TRANSFORMER,40.79999923706055,42.143137306094104,42.629162448858864,40.52923889185451,40.92555078389534,1.3431380690335573,0.1255515468347923,True,True,2024
2024-06-11,PRIO3,TRANSFORMER,42.54999923706055,42.408464898282034,42.90374697866692,41.27092473127321,41.49503511637584,0.14153433877851285,1.0549641206847085,False,True,2024
2024-06-12,PRIO3,TRANSFORMER,42.68999862670898,42.96170129917863,42.76336264806028,42.44948406097433,41.9240621223788,0.27170267246965096,0.7659365043301776,False,True,2024
2024-06-13,PRIO3,TRANSFORMER,41.86000061035156,43.555678517159436,42.98454122763999,43.244378112616424,42.655259161895145,1.6956779068078731,0.7952585515435828,True,True,2024
2024-06-14,PRIO3,TRANSFORMER,42.0099983215332,43.02641891595715,42.467162977901275,42.079689410867346,41.72670797382254,1.0164205944239484,0.2832903477106612,True,True,2024
2024-06-17,PRIO3,TRANSFORMER,41.720001220703125,42.77527181035731,43.3653827880878,41.88015213864631,42.747634573027824,1.0552705896541852,1.027633352324699,True,True,2024
2024-06-18,PRIO3,TRANSFORMER,41.25,42.74804432302699,43.59162379690262,41.9456772026212,42.56591851325556,1.4980443230269884,1.3159185132555606,True,True,2024
2024-06-19,PRIO3,TRANSFORMER,41.310001373291016,42.7503181024415,42.78273563018641,41.6832595208306,41.25388452531014,1.4403167291504815,0.05611684798087424,True,False,2024
2024-06-20,PRIO3,TRANSFORMER,40.95000076293945,42.278672259278096,42.123840351630214,41.167883691497615,40.86470309190016,1.328671496338643,0.08529767103929231,True,False,2024
2024-06-21,PRIO3,TRANSFORMER,41.33000183105469,42.29822403915375,42.14676472026695,41.23994112486913,41.148389547616844,0.9682222080990641,0.1816122834378433,True,False,2024
2024-06-24,PRIO3,TRANSFORMER,42.08000183105469,42.58835897321734,43.363286567741234,41.712772959838766,42.52389274813134,0.5083571421626516,0.44389091707665074,True,True,2024
2024-06-25,PRIO3,TRANSFORMER,42.02000045776367,42.54748200167717,42.575941574285984,41.89389567670113,41.62930520305064,0.5274815439134954,0.39069525471303024,True,False,2024
2024-06-26,PRIO3,TRANSFORMER,43.02000045776367,42.56800728591293,43.62770994771653,42.0529141225861,42.94645069629997,0.45199317185074506,0.07354976146370262,True,True,2024
2024-06-27,PRIO3,TRANSFORMER,43.18000030517578,43.02767153695197,42.81614729439335,42.83211169987949,42.200943741368235,0.15232876822381058,0.9790565638075464,False,False,2024
2024-06-28,PRIO3,TRANSFORMER,43.7599983215332,43.459573894421055,44.09239357333502,43.314141998523816,43.85891837502226,0.3004244271121479,0.09892005348905997,True,True,2024
2024-07-01,PRIO3,TRANSFORMER,45.09999847412109,43.58338594894701,44.25545936450438,43.50243071312821,43.91693846550483,1.5166125251740752,1.183060008616259,True,True,2024
2024-07-02,PRIO3,TRANSFORMER,45.7400016784668,44.11272724282287,44.183345665294524,44.47456957449195,44.23153051115463,1.6272744356439262,1.508471167312166,True,False,2024
2024-07-03,PRIO3,TRANSFORMER,46.09000015258789,44.77262023679464,44.77262023679464,45.364559877863364,45.303218701536494,1.3173799157932535,0.7867814510513966,True,False,2024
2024-07-04,PRIO3,TRANSFORMER,46.400001525878906,45.007268826193695,45.007268826193695,45.496019455634176,45.54743385297144,1.3927326996852116,0.8525676729074689,True,False,2024
2024-07-05,PRIO3,TRANSFORMER,46.54999923706055,45.13648621262121,45.13648621262121,45.615332260251435,45.68069147758001,1.4135130244393395,0.8693077594805345,True,False,2024
2024-07-08,PRIO3,TRANSFORMER,45.34999847412109,45.21726665134145,44.53605857803977,45.789791226926354,45.12162126509593,0.13273182277963969,0.22837720902515457,False,True,2024
2024-07-09,PRIO3,TRANSFORMER,45.40999984741211,45.133661007660066,45.31811039772001,45.11706480498793,45.63249189386871,0.276338839752043,0.22249204645660114,True,False,2024
2024-07-10,PRIO3,TRANSFORMER,45.470001220703125,44.774499168286866,44.57444953104869,44.62217937400533,44.48229005107847,0.6955020524162592,0.987711169624653,False,False,2024
2024-07-11,PRIO3,TRANSFORMER,45.36000061035156,45.04399649068853,44.67478375103641,45.08737610043391,44.82941679997359,0.31600411966303454,0.5305838103779692,False,False,2024
2024-07-12,PRIO3,TRANSFORMER,45.59000015258789,45.162743599452824,45.162743599452824,45.117673875346526,45.35020291884559,0.4272565531350665,0.23979723374230133,True,False,2024
2024-07-15,PRIO3,TRANSFORMER,46.52000045776367,45.38749375990369,46.108100330934064,45.393631235680786,46.158384447470304,1.1325066978599807,0.36161601029336765,True,True,2024
2024-07-16,PRIO3,TRANSFORMER,45.45000076293945,45.853346230966054,45.20783459321357,46.16493677911678,45.21279255012336,0.40334546802660043,0.2372082128160926,True,True,2024
2024-07-17,PRIO3,TRANSFORMER,46.16999816894531,45.683956472307955,46.38534408459827,45.39396392194347,46.22548540547125,0.48604169663735775,0.055487236525934236,True,True,2024
2024-07-18,PRIO3,TRANSFORMER,45.470001220703125,45.90782162879509,46.42866148322294,45.70249151325325,45.997976962947206,0.4378204080919659,0.527975742244081,False,True,2024
2024-07-19,PRIO3,TRANSFORMER,45.290000915527344,45.99774483923295,45.166304316319994,45.67732995477967,44.47402460437283,0.7077439237056069,0.8159763111545146,False,True,2024
2024-07-22,PRIO3,TRANSFORMER,44.68999862670898,45.62464759129239,44.978010508477674,45.05221575559356,44.646583604172214,0.9346489645834097,0.043415022536763104,True,True,2024
2024-07-23,PRIO3,TRANSFORMER,43.79999923706055,45.44324900961874,44.86323994175266,44.73584414227526,44.51662470292045,1.6432497725581925,0.7166254658599058,True,True,2024
2024-07-24,PRIO3,TRANSFORMER,46.0,44.96664033653565,45.42194721754012,43.86102090875694,44.5994332286847,1.0333596634643527,1.4005667713152974,False,True,2024
2024-07-25,PRIO3,TRANSFORMER,45.81999969482422,45.736940978844245,46.311454048830775,45.60282223152419,46.07124299049612,0.08305871597997339,0.2512432956718982,False,True,2024
2024-07-26,PRIO3,TRANSFORMER,47.5,45.73649166913958,46.377824713631924,45.712446146018905,46.01454057120554,1.763508330860418,1.4854594287944565,True,True,2024
2024-07-29,PRIO3,TRANSFORMER,47.18000030517578,46.58033614083422,45.76044366638898,47.105398078962445,45.940711624289,0.5996641643415614,1.23928868088678,False,True,2024
2024-07-30,PRIO3,TRANSFORMER,47.040000915527344,47.04245797980332,47.30871443957262,47.277547586224294,47.85659871352905,0.002457064275972698,0.816597798001709,False,False,2024
2024-07-31,PRIO3,TRANSFORMER,48.04999923706055,46.9211579749898,47.97761494743518,46.795863593420904,47.84662218138712,1.1288412620707504,0.20337705567342823,True,True,2024
2024-08-01,PRIO3,TRANSFORMER,47.9900016784668,47.21433255728266,47.3657924238799,47.406222300624314,47.10938193275941,0.7756691211841371,0.880619745707385,False,False,2024
2024-08-02,PRIO3,TRANSFORMER,46.0099983215332,47.66990536692015,46.73238863635715,47.94809627584855,46.78054718117555,1.6599070453869444,0.7705488596423464,True,True,2024
2024-08-05,PRIO3,TRANSFORMER,44.66999816894531,46.86050116486024,46.03728328849825,46.0931283734473,45.58995157745766,2.190502995914926,0.9199534085123489,True,True,2024
2024-08-06,PRIO3,TRANSFORMER,43.25,45.86480362843497,45.08404153345684,44.50728242998073,44.14538785527955,2.61480362843497,0.8953878552795516,True,True,2024
2024-08-07,PRIO3,TRANSFORMER,45.06999969482422,45.436128131572104,46.019815446423564,43.821492519072464,44.775955467203964,0.36612843674788564,0.2940442276202546,True,True,2024
2024-08-08,PRIO3,TRANSFORMER,46.36000061035156,45.955468880657804,47.10096301298706,45.20383817641354,46.16742065994851,0.4045317296937583,0.19257995040305076,True,True,2024
2024-08-09,PRIO3,TRANSFORMER,47.83000183105469,46.41281850594555,46.36779164385478,46.27663741576136,45.63067537812885,1.4171833251091357,2.1993264529258383,False,True,2024
2024-08-12,PRIO3,TRANSFORMER,48.59999847412109,48.20291602338409,48.85898358608636,48.62627449492096,49.14635711841208,0.39708245073699544,0.54635864429099,False,True,2024
2024-08-13,PRIO3,TRANSFORMER,49.130001068115234,48.34008483003959,47.57697110848331,48.48224957283093,47.44630712886066,0.7899162380756479,1.6836939392545744,False,True,2024
2024-08-14,PRIO3,TRANSFORMER,49.59999847412109,48.70001594208895,48.60092246576428,48.79892578242442,48.994621503265,0.8999825320321335,0.605376970856085,True,False,2024
2024-08-15,PRIO3,TRANSFORMER,48.91999816894531,48.940171979231536,48.938475105095385,49.140019172460825,49.359456940678236,0.02017381028622367,0.439458771732923,False,False,2024
2024-08-16,PRIO3,TRANSFORMER,49.20000076293945,49.27012188007882,49.379513467486966,49.1052695204708,49.27173729592548,0.0701211171393652,0.07173653298603,False,False,2024
2024-08-19,PRIO3,TRANSFORMER,47.88999938964844,49.10724711213834,48.29145565105995,48.8626920207931,47.97974068747776,1.2172477224899012,0.08974129782932039,True,True,2024
2024-08-20,PRIO3,TRANSFORMER,47.83000183105469,48.89006033171597,48.89006033171597,48.09016328992368,48.43339853465799,1.0600585006612846,0.6033967036033019,True,False,2024
2024-08-21,PRIO3,TRANSFORMER,46.84999847412109,48.32383479572093,47.602050239530676,47.503832601336875,46.847869675554556,1.4738363215998405,0.0021287985665310316,True,True,2024
2024-08-22,PRIO3,TRANSFORMER,46.86000061035156,48.05031410914569,48.59546126964877,46.96464352643752,47.74980835535858,1.1903134987941257,0.889807745007019,True,True,2024
2024-08-23,PRIO3,TRANSFORMER,47.04999923706055,47.8969973840135,48.4358947821151,46.968531839758306,47.31196921660935,0.8469981469529557,0.26196997954880175,True,True,2024
2024-08-26,PRIO3,TRANSFORMER,47.25,48.3117510877546,49.20324856891362,47.5831766517364,48.10621232770005,1.061751087754601,0.8562123277000495,True,True,2024
2024-08-27,PRIO3,TRANSFORMER,47.7400016784668,48.77588120494909,47.937123246083395,48.00531615244286,46.641846451891986,1.0358795264822902,1.0981552265748107,False,True,2024
2024-08-28,PRIO3,TRANSFORMER,47.36000061035156,48.6021753500371,48.478627288487964,47.73794246361021,47.84933825444939,1.242174739685538,0.4893376440978301,True,False,2024
2024-08-29,PRIO3,TRANSFORMER,46.72999954223633,48.48341462582721,49.11866323607118,47.54377225240935,48.2874614857131,1.7534150835908804,1.557461943476774,True,True,2024
2024-08-30,PRIO3,TRANSFORMER,46.84000015258789,48.472964771332386,48.591139506676264,47.28328511911963,47.12278538998198,1.632964618744495,0.2827852373940871,True,False,2024
2024-09-02,PRIO3,TRANSFORMER,46.709999084472656,47.97603504569747,48.13718551167281,46.76547439114617,46.753740174536404,1.2660359612248158,0.04374109006374738,True,False,2024
2024-09-03,PRIO3,TRANSFORMER,44.29999923706055,47.72177340691758,47.01758728009507,46.75593828097363,45.89870524895636,3.4217741698570308,1.598706011895814,True,True,2024
2024-09-04,PRIO3,TRANSFORMER,43.720001220703125,46.916658070220365,47.031355505458045,45.01973264834692,45.36576070728086,3.1966568495172396,1.645759486577738,True,False,2024
2024-09-05,PRIO3,TRANSFORMER,43.52000045776367,46.0880220512563,45.284616472033704,43.979950742656875,43.159252710450914,2.568021593492631,0.3607477473127574,True,False,2024
2024-09-06,PRIO3,TRANSFORMER,42.459999084472656,45.76061823873545,45.07769198844385,44.025060242075185,43.56224928508164,3.3006191542627903,1.1022502006089852,True,True,2024
2024-09-09,PRIO3,TRANSFORMER,41.959999084472656,45.14628252572743,45.65848245995192,43.071486665056405,43.87353414813534,3.1862834412547727,1.9135350636626853,True,True,2024
2024-09-10,PRIO3,TRANSFORMER,42.20000076293945,44.67759804198113,44.03576022361199,42.65171520750659,41.77300806980629,2.4775972790416745,0.42699269313316535,True,True,2024
2024-09-11,PRIO3,TRANSFORMER,42.52999877929688,44.13943393935915,44.668952181519714,42.372525717087406,42.97913377519422,1.6094351600622687,0.44913499589733874,True,True,2024
2024-09-12,PRIO3,TRANSFORMER,42.27999877929688,44.514137809880026,45.0375365919615,43.268013081249755,43.57800364640185,2.234139030583144,1.2980048671049644,True,True,2024
2024-09-13,PRIO3,TRANSFORMER,43.310001373291016,44.35342109006649,45.03058410337098,42.95179296541191,43.23090574582499,1.0434197167754746,0.07909562746602461,True,True,2024
2024-09-16,PRIO3,TRANSFORMER,42.7400016784668,44.618895048294576,44.807227199498904,43.55734910783103,43.34542040901433,1.8788933698277788,0.6054187305475338,True,False,2024
2024-09-17,PRIO3,TRANSFORMER,43.36000061035156,44.51511812196293,44.19158551396572,43.273858474596864,42.75113181702998,1.1551175116113654,0.6088687933215837,True,False,2024
2024-09-18,PRIO3,TRANSFORMER,43.18999862670898,44.35326451244214,43.45928150103378,43.381301520680076,42.52304801307926,1.1632658857331606,0.6669506136297159,True,True,2024
2024-09-19,PRIO3,TRANSFORMER,44.0099983215332,44.42722361291885,44.28103568027569,43.47029270930901,43.77189592404871,0.41722529138564823,0.23810239748449646,True,False,2024
2024-09-20,PRIO3,TRANSFORMER,44.20000076293945,45.111100214307726,44.13308306492581,44.466553127860145,43.715295633306326,0.9110994513682726,0.4847051296331273,True,False,2024
2024-09-23,PRIO3,TRANSFORMER,44.58000183105469,44.895009477255826,45.749398664507375,44.23675124469562,45.49753868668836,0.3150076462011384,0.9175368556336707,False,True,2024
2024-09-24,PRIO3,TRANSFORMER,46.540000915527344,45.05096759883361,45.677727306015804,44.57235725913357,44.9456942305307,1.4890333166937353,1.5943066849966456,False,True,2024
2024-09-25,PRIO3,TRANSFORMER,44.810001373291016,46.23681844845066,45.51862654823152,46.602569010751616,45.46820361985836,1.4268170751596472,0.6582022465673418,True,True,2024
2024-09-26,PRIO3,TRANSFORMER,42.63999938964844,45.87691456729249,45.2695241590413,45.281739393487854,44.86730425852075,3.2369151776440503,2.2273048688723094,True,True,2024
2024-09-27,PRIO3,TRANSFORMER,43.58000183105469,44.92317983419366,45.484235922600334,43.1620772686249,44.0058816520225,1.3431780031389735,0.42587982096781474,True,True,2024
2024-09-30,PRIO3,TRANSFORMER,43.33000183105469,45.096368302173005,45.38918614300628,43.762389543540195,43.88153984298352,1.7663664711183173,0.5515380119288338,True,False,2024
2024-10-01,PRIO3,TRANSFORMER,44.2599983215332,44.54256686028418,45.327229494971355,43.394021422425965,43.886582900540574,0.2825685387509793,0.3734154209926288,False,True,2024
2024-10-02,PRIO3,TRANSFORMER,44.119998931884766,44.62065824849924,44.705595504685945,43.948062711706356,43.65398977282761,0.5006593166144739,0.46600915905715823,True,False,2024
2024-10-03,PRIO3,TRANSFORMER,44.61000061035156,45.393069284875196,45.3138727600347,44.84422273759455,44.55575073996416,0.7830686745236335,0.0542498703874017,True,True,2024
2024-10-04,PRIO3,TRANSFORMER,44.810001373291016,45.556931172621375,45.82777671443898,44.86071070543946,45.173872311730875,0.7469297993303599,0.3638709384398595,True,False,2024
2024-10-07,PRIO3,TRANSFORMER,45.52999877929688,45.414057494261215,46.25615108117016,44.707749392744624,45.390542388108955,0.11594128503566736,0.1394563911879274,False,True,2024
2024-10-08,PRIO3,TRANSFORMER,44.11000061035156,46.106103363007605,45.418812345481285,45.821761017065235,44.6984070362554,1.9961027526560429,0.588406425903834,True,True,2024
2024-10-09,PRIO3,TRANSFORMER,43.70000076293945,45.47070455566279,45.604615933914836,44.36734148829076,44.66769046062319,1.7707037927233387,0.9676896976837384,True,False,2024
2024-10-10,PRIO3,TRANSFORMER,44.880001068115234,45.18175756922744,46.00501162997518,43.93495144875251,44.728650752101615,0.30175650111220875,0.1513503160136196,True,True,2024
2024-10-11,PRIO3,TRANSFORMER,44.2599983215332,45.77043497501006,45.772447418947976,45.08925171172246,44.722310113956084,1.5104366534768587,0.4623117924228808,True,False,2024
2024-10-14,PRIO3,TRANSFORMER,43.43000030517578,45.640638932144725,44.842519746385,44.75088245044434,43.763747886183886,2.2106386269689438,0.33374758100810453,True,True,2024
2024-10-15,PRIO3,TRANSFORMER,43.29999923706055,45.268222456483954,44.59882028260143,43.91381164393126,43.49974299659714,1.9682232194234075,0.19974375953659518,True,True,2024
2024-10-16,PRIO3,TRANSFORMER,42.77000045776367,44.55497053122201,44.458820793489615,43.12047541479813,43.412219697137736,1.7849700734583394,0.6422192393740644,True,False,2024
2024-10-17,PRIO3,TRANSFORMER,42.70000076293945,44.667052879367134,44.4775371189725,43.34310587812493,43.28143349750955,1.9670521164276806,0.5814327345701003,True,False,2024
2024-10-18,PRIO3,TRANSFORMER,42.18000030517578,44.14572427522444,44.24416954651138,42.77209871914346,42.9430835214136,1.965723970048657,0.7630832162378169,True,False,2024
2024-10-21,PRIO3,TRANSFORMER,41.91999816894531,43.92239012111554,43.877587974636405,42.51867828863366,42.43450680449066,2.0023919521702283,0.5145086355453472,True,False,2024
2024-10-22,PRIO3,TRANSFORMER,41.61000061035156,43.82339221618804,44.4784226282378,42.47838127236402,43.050409137175635,2.2133916058364775,1.440408526824072,True,True,2024
2024-10-23,PRIO3,TRANSFORMER,41.20000076293945,43.57034235206618,43.45156778463142,42.05243187182547,41.61991118579189,2.370341589126724,0.41991042285243907,True,False,2024
2024-10-24,PRIO3,TRANSFORMER,41.959999084472656,43.22515676759713,43.07570275639844,41.60889275050792,41.35970026886145,1.265157683124471,0.6002988156112039,True,False,2024
2024-10-25,PRIO3,TRANSFORMER,41.650001525878906,43.212436537549195,43.74235573031947,42.10431741092313,42.6435063456115,1.5624350116702885,0.9935048197325926,True,True,2024
2024-10-28,PRIO3,TRANSFORMER,40.95000076293945,43.60362530882526,42.91698501818678,42.54152079133986,41.583185108677355,2.6536245458858048,0.6331843457379023,True,True,2024
2024-10-29,PRIO3,TRANSFORMER,40.5,42.46827755078465,42.36428324174716,40.836125555460555,40.89993478559152,1.9682775507846486,0.39993478559151896,True,False,2024
2024-10-30,PRIO3,TRANSFORMER,41.209999084472656,42.50686372360332,42.96850689187626,41.05872306023317,41.58825676622862,1.2968646391306606,0.37825768175596153,True,True,2024
2024-10-31,PRIO3,TRANSFORMER,40.97999954223633,42.736440559517916,41.43552063496689,41.59755536326025,40.097229140308656,1.7564410172815883,0.8827704019276723,True,False,2024
2024-11-01,PRIO3,TRANSFORMER,39.84999847412109,42.38799407582866,41.68936524551771,41.23615019392498,40.954566380261134,2.5379956017075713,1.1045679061400477,True,True,2024
2024-11-04,PRIO3,TRANSFORMER,40.880001068115234,42.23611037634544,42.68094442900912,40.692083940156614,41.56522634505476,1.3561093082302023,0.6852252769395264,True,True,2024
2024-11-05,PRIO3,TRANSFORMER,40.33000183105469,42.29322036289727,41.73840670570954,41.0333400636743,40.384357757426685,1.9632185318425854,0.05435592637199704,True,False,2024
2024-11-06,PRIO3,TRANSFORMER,40.88999938964844,42.00313648675467,41.91492065789742,40.67950400675023,40.73636307006304,1.1131370971062324,0.15363631958539514,True,False,2024
2024-11-07,PRIO3,TRANSFORMER,39.90999984741211,41.57072355007574,40.91586780456719,40.575730892931475,39.99031173522064,1.6607237026636312,0.08031188780852716,True,True,2024
2024-11-08,PRIO3,TRANSFORMER,38.970001220703125,41.63019922029986,40.83341194437579,40.54352498406119,39.980652786015106,2.6601979995967326,1.0106515653119814,True,True,2024
2024-11-11,PRIO3,TRANSFORMER,39.310001373291016,41.07861709604316,40.36002414646001,39.493543045772235,39.139566245728474,1.7686157227521448,0.1704351275625413,True,True,2024
2024-11-12,PRIO3,TRANSFORMER,39.20000076293945,40.693391889938084,40.55275577738296,39.24083908114106,39.51946459846343,1.493391126998631,0.31946383552397606,True,False,2024
2024-11-13,PRIO3,TRANSFORMER,39.34999847412109,40.63107059158443,41.21175286596085,39.50505044584073,40.20307407370414,1.2810721174633457,0.8530755995830503,True,True,2024
2024-11-14,PRIO3,TRANSFORMER,39.70000076293945,40.72731136877877,40.74896982418921,39.660099939162436,39.44929360314828,1.0273106058393182,0.2507071597911761,True,False,2024
2024-11-15,PRIO3,TRANSFORMER,39.70000076293945,40.81029410582414,40.07797510683824,39.946480715120046,39.05461283624938,1.1102933428846882,0.64538792669007,True,True,2024
2024-11-18,PRIO3,TRANSFORMER,40.20000076293945,40.649706732743766,41.094533839749005,39.79823763111212,40.504871506203095,0.4497059698043131,0.30487074326364194,True,True,2024
2024-11-19,PRIO3,TRANSFORMER,39.77000045776367,40.99712184642914,40.67953427664308,40.33096537760942,39.96511428554342,1.2271213886654664,0.19511382777974973,True,False,2024
2024-11-20,PRIO3,TRANSFORMER,39.77000045776367,40.87157722645111,40.74613510764161,39.991207078037455,39.937445240942424,1.101576768687437,0.16744478317875178,True,False,2024
2024-11-21,PRIO3,TRANSFORMER,39.130001068115234,40.81233642266352,41.42756645964948,39.93286259163446,40.604638166868064,1.682335354548286,1.4746370987528294,True,True,2024
2024-11-22,PRIO3,TRANSFORMER,40.400001525878906,40.63423618268547,41.217484922354465,39.53632216469545,39.815556342045426,0.23423465680656363,0.5844451838334805,False,True,2024
2024-11-25,PRIO3,TRANSFORMER,39.84999847412109,41.15855337713646,40.51437341766323,40.5398673362721,39.49498119833602,1.30855490301537,0.35501727578506603,True,True,2024
2024-11-26,PRIO3,TRANSFORMER,39.84999847412109,40.92886080993429,41.0386475898263,40.04431294851017,40.34233099735449,1.0788623358132057,0.4923325232334008,True,False,2024
2024-11-27,PRIO3,TRANSFORMER,39.56999969482422,40.961582129562544,40.9642527273225,40.00205859669687,40.06997091539793,1.391582434738325,0.49997122057371257,True,False,2024
2024-11-28,PRIO3,TRANSFORMER,39.470001220703125,40.92947010112471,40.79598976172171,39.87619520181969,39.721508888283374,1.459468880421582,0.251507667580249,True,False,2024
2024-11-29,PRIO3,TRANSFORMER,40.13999938964844,40.90104785844335,40.90104785844335,39.76879514725259,39.81895726935896,0.7610484687949111,0.32104212028947643,True,False,2024
2024-12-02,PRIO3,TRANSFORMER,40.0,40.692234577062436,40.692234577062436,39.836845897616534,39.86465692762075,0.6922345770624361,0.13534307237924992,True,False,2024
2024-12-03,PRIO3,TRANSFORMER,40.810001373291016,40.90953708877237,41.54351031260886,40.271481578644526,40.86853853567442,0.09953571548135187,0.05853716238340212,True,True,2024
2024-12-04,PRIO3,TRANSFORMER,39.709999084472656,41.07004276917917,40.301031569779816,40.686083364759476,39.62019757517622,1.3600436847065112,0.08980150929643571,True,True,2024
2024-12-05,PRIO3,TRANSFORMER,40.65999984741211,40.94285408414544,41.457799022105895,40.133644495006685,40.83095997700733,0.28285423673332843,0.17096012959522255,True,True,2024
2024-12-06,PRIO3,TRANSFORMER,39.70000076293945,41.03351933636827,40.5089718492573,40.468531661538016,39.81791654544027,1.3335185734288189,0.11791578250081614,True,True,2024
2024-12-09,PRIO3,TRANSFORMER,39.900001525878906,40.826462447469225,41.541419595668664,39.997885252917456,40.80991088348392,0.9264609215903192,0.9099093576050166,True,True,2024
2024-12-10,PRIO3,TRANSFORMER,40.04999923706055,40.93190045816357,40.94945652437509,40.03301377168437,39.83542598503592,0.8819012211030213,0.2145732520246284,True,False,2024
2024-12-11,PRIO3,TRANSFORMER,41.9900016784668,41.08443429517399,41.64544485335888,40.34022594019173,40.72922080737925,0.9055673832928051,1.2607808710875474,False,True,2024
2024-12-12,PRIO3,TRANSFORMER,41.04999923706055,42.09055445520289,41.44983275017607,42.08845126432789,41.190378423710115,1.0405552181423445,0.14037918664956806,True,True,2024
2024-12-13,PRIO3,TRANSFORMER,41.5,41.9310052598492,41.9310052598492,41.34036218840266,41.55055054462915,0.4310052598492007,0.05055054462914654,True,False,2024
2024-12-16,PRIO3,TRANSFORMER,41.150001525878906,42.1135509428143,42.1135509428143,41.47014504430377,41.592031041642535,0.9635494169353933,0.4420295157636289,True,False,2024
2024-12-17,PRIO3,TRANSFORMER,41.31999969482422,42.07800101436351,41.676051459967454,41.247369103328346,40.78912822918662,0.7580013195392894,0.5308714656375955,True,True,2024
2024-12-18,PRIO3,TRANSFORMER,39.91999816894531,42.123959950972335,41.580585715619094,41.424126461743946,41.012807003840116,2.2039617820270223,1.0928088348948037,True,True,2024
2024-12-19,PRIO3,TRANSFORMER,39.68000030517578,41.843372848132844,41.45406913814079,40.70498504399521,40.507752190366965,2.163372542957063,0.8277518851911836,True,True,2024
2024-12-20,PRIO3,TRANSFORMER,40.27000045776367,41.37947419351349,41.39873154285323,39.84143439308312,40.087384353915866,1.1094737357498161,0.18261610384780624,True,False,2024
2024-12-23,PRIO3,TRANSFORMER,39.25,41.58801516598248,40.885631918921376,40.55408207633549,39.84699646097479,2.3380151659824833,0.5969964609747933,True,True,2024
2024-12-24,PRIO3,TRANSFORMER,39.25,41.111100145373484,41.336435428863304,39.66763626481323,40.17381175811538,1.8611001453734843,0.9238117581153773,True,False,2024
2024-12-26,PRIO3,TRANSFORMER,39.900001525878906,41.22590558263778,41.05206216037068,39.785851203405734,39.60977739537124,1.3259040567588727,0.29022413050766716,True,False,2024
2024-12-27,PRIO3,TRANSFORMER,39.90999984741211,41.27645973213521,41.27645973213521,40.13192793426638,40.15420487165448,1.366459884723099,0.244205024242369,True,False,2024
2024-12-30,PRIO3,TRANSFORMER,40.150001525878906,41.507826999145664,41.507826999145664,40.431115259226836,40.4560858829021,1.3578254732667574,0.30608435702319525,True,False,2024
2024-12-31,PRIO3,TRANSFORMER,40.150001525878906,41.48892876065861,41.48892876065861,40.40857505103551,40.40290966436222,1.3389272347797032,0.2529081384833134,True,False,2024
2025-01-02,PRIO3,TRANSFORMER,40.77000045776367,41.52464888217935,41.52464888217935,40.45246963255459,40.447142923145705,0.7546484244156773,0.32285753461796673,True,False,2025
2025-01-03,PRIO3,TRANSFORMER,40.619998931884766,41.61776491460944,41.61776491460944,40.78993104566281,40.79343032463185,0.9977659827246725,0.17343139274708363,True,False,2025
2025-01-06,PRIO3,TRANSFORMER,40.97999954223633,41.716711761615954,41.716711761615954,40.88115033332481,40.89031318219462,0.7367122193796263,0.0896863600417106,True,False,2025
2025-01-07,PRIO3,TRANSFORMER,41.630001068115234,41.817421808827135,41.817421808827135,41.22077002607561,41.02746061629449,0.18742074071190018,0.6025404518207438,False,True,2025
2025-01-08,PRIO3,TRANSFORMER,41.400001525878906,42.05115475950987,41.362440776868375,41.616566689798496,40.90067291290895,0.6511532336309642,0.4993286129699541,True,True,2025
2025-01-09,PRIO3,TRANSFORMER,41.959999084472656,42.20244618710967,41.40127393368227,41.66386401030421,41.1295626289489,0.24244710263701563,0.8304364555237598,False,True,2025
2025-01-10,PRIO3,TRANSFORMER,42.630001068115234,42.1701231192651,42.69976010183567,41.7267804207467,42.69081751591907,0.459877948850135,0.06081644780383755,True,True,2025
2025-01-13,PRIO3,TRANSFORMER,42.52999877929688,43.019301441771916,43.12970771116873,42.8655145334133,42.92725277207171,0.4893026624750334,0.39725399277482865,True,False,2025
2025-01-14,PRIO3,TRANSFORMER,42.20000076293945,43.04341779978358,42.87861251063147,42.610850067691885,42.342054622725136,0.84341703684413,0.1420538597856833,True,False,2025
2025-01-15,PRIO3,TRANSFORMER,43.0,42.78013592829643,43.38571269055778,42.11708255901115,42.73891206246165,0.2198640717035687,0.261087937538349,False,True,2025
2025-01-16,PRIO3,TRANSFORMER,41.970001220703125,43.647480659089524,43.04922489955203,43.354617823670374,42.50421228387388,1.6774794383863991,0.5342110631707584,True,True,2025
2025-01-17,PRIO3,TRANSFORMER,42.709999084472656,42.91116416898819,42.697890931454346,41.95430031947945,41.90147301507414,0.20116508451553727,0.8085260693985177,False,False,2025
2025-01-20,PRIO3,TRANSFORMER,42.68999862670898,43.066832962347064,43.36254710023831,42.41393111912014,42.912258278685485,0.37683433563808677,0.22225965197650766,True,False,2025
2025-01-21,PRIO3,TRANSFORMER,42.720001220703125,43.3219353548925,43.20643575085785,42.83317805634854,42.65188779078637,0.6019341341893778,0.06811342991675673,True,False,2025
2025-01-22,PRIO3,TRANSFORMER,42.45000076293945,42.80966442593245,42.20722941616965,42.26229189170624,41.62997145003496,0.35966366299300034,0.8200293129044951,False,True,2025
2025-01-23,PRIO3,TRANSFORMER,41.47999954223633,43.109524192012884,42.609625928801734,42.570388630994835,42.3164536675444,1.629524649776556,0.8364541253080731,True,True,2025
2025-01-24,PRIO3,TRANSFORMER,41.150001525878906,42.869844695466156,43.07779576505889,41.84405878958731,42.37179750126815,1.71984316958725,1.2217959753892416,True,False,2025
2025-01-27,PRIO3,TRANSFORMER,42.09999847412109,42.481712591726364,42.16028110826141,41.16934492069237,40.77713423680674,0.3817141176052772,1.3228642373143487,False,True,2025
2025-01-28,PRIO3,TRANSFORMER,41.380001068115234,42.77248404787156,42.232854239906985,42.09666974064786,41.612247952511446,1.3924829797563234,0.23224688439621133,True,True,2025
2025-01-29,PRIO3,TRANSFORMER,40.41999816894531,42.56359588153987,42.063808824513,41.64739731224496,41.39157535959196,2.1435977125945556,0.9715771906466486,True,True,2025
2025-01-30,PRIO3,TRANSFORMER,41.459999084472656,42.20872290752936,42.76953795780021,40.82835552322683,41.63064537670462,0.7487238230567073,0.17064629223196448,True,True,2025
2025-01-31,PRIO3,TRANSFORMER,40.9900016784668,42.32857627124832,41.5809549630303,41.75313435943102,40.75403698883525,1.3385745927815265,0.23596468963154393,True,True,2025
2025-02-03,PRIO3,TRANSFORMER,41.22999954223633,42.090180030449005,42.090180030449005,41.125320263651446,41.343711244287164,0.8601804882126771,0.11371170205083558,True,False,2025
2025-02-04,PRIO3,TRANSFORMER,41.22999954223633,41.73776464436855,41.73776464436855,40.8705865747103,41.00622809988374,0.5077651021322254,0.22377144235258584,True,False,2025
2025-02-05,PRIO3,TRANSFORMER,40.34000015258789,41.8047185980862,41.22767402893372,41.21182230130921,40.602887664458166,1.4647184454983062,0.26288751187027515,True,True,2025
2025-02-06,PRIO3,TRANSFORMER,40.56999969482422,41.70521692167165,41.194344753361925,40.782614789209134,40.47285312992635,1.1352172268474305,0.09714656489786933,True,True,2025
2025-02-07,PRIO3,TRANSFORMER,39.619998931884766,41.3550889304513,40.827478476232145,40.408071214193924,40.148959061845076,1.7350899985665365,0.5289601299603106,True,True,2025
2025-02-10,PRIO3,TRANSFORMER,40.0,41.39808650764303,41.93309451419182,40.20877351036815,41.05005230811376,1.398086507643029,1.050052308113763,True,False,2025
2025-02-11,PRIO3,TRANSFORMER,40.29999923706055,41.32066227626217,41.04269833138738,40.16965623884343,39.75212094868788,1.0206630392016223,0.5478782883726652,True,False,2025
2025-02-12,PRIO3,TRANSFORMER,39.5099983215332,41.46540467453036,40.85261463614543,40.573786051317285,39.93587086627346,1.9554063529971586,0.42587254474025826,True,True,2025
2025-02-13,PRIO3,TRANSFORMER,38.88999938964844,40.981113486269805,41.177641342367075,39.719093731320164,40.217471644633676,2.091114096621368,1.3274722549852385,True,False,2025
2025-02-14,PRIO3,TRANSFORMER,39.43000030517578,40.91778804880346,41.223716540441835,39.87943882766275,40.0863415551451,1.4877877436276776,0.6563412499693158,True,True,2025
2025-02-17,PRIO3,TRANSFORMER,39.119998931884766,40.61255018171266,40.61255018171266,39.362442054846284,39.18379498904637,1.4925512498278977,0.06379605716160341,True,False,2025
2025-02-18,PRIO3,TRANSFORMER,39.0,40.528842422189314,40.528842422189314,39.375862671718885,39.314586991739404,1.5288424221893138,0.31458699173940374,True,False,2025
2025-02-19,PRIO3,TRANSFORMER,39.0099983215332,40.43422869074368,40.43422869074368,39.264667206109905,39.25846510986819,1.424230369210477,0.24846678833498714,True,False,2025
2025-02-20,PRIO3,TRANSFORMER,38.52999877929688,40.56444681242249,40.56444681242249,39.43035173785166,39.42518708129939,2.0344480331256065,0.8951883020025093,True,False,2025
2025-02-21,PRIO3,TRANSFORMER,37.70000076293945,40.31399069068664,39.78000381567832,39.0018897881498,38.40784318149415,2.613989927747184,0.7078424185546979,True,True,2025
2025-02-24,PRIO3,TRANSFORMER,36.72999954223633,39.88118290608543,39.3994830056706,38.23090943888522,37.897334011900774,3.1511833638491,1.1673344696644463,True,True,2025
2025-02-25,PRIO3,TRANSFORMER,36.65999984741211,39.274887113701766,38.708450382857215,37.2967404537216,36.939311187474665,2.6148872662896565,0.27931134006255576,True,True,2025
2025-02-26,PRIO3,TRANSFORMER,36.16999816894531,38.97994252348144,38.94839368603815,37.077808126087604,37.33208927444356,2.8099443545361282,1.1620911054982486,True,False,2025
2025-02-27,PRIO3,TRANSFORMER,38.20000076293945,38.46030734038473,38.74594491566587,36.61907963231666,36.936557315752594,0.2603065774452773,1.2634434471868587,False,True,2025
2025-02-28,PRIO3,TRANSFORMER,38.16999816894531,39.40518012033135,39.54836496557687,38.53397762776325,38.55243578146801,1.2351819513860391,0.3824376125227005,True,False,2025
2025-03-03,PRIO3,TRANSFORMER,38.16999816894531,40.020979493740924,39.44413246329656,39.219205019534755,38.49941552630066,1.8509813247956117,0.3294173573553465,True,True,2025
2025-03-04,PRIO3,TRANSFORMER,38.16999816894531,39.78550716988332,39.68287100662675,38.51907434257535,38.6288243201653,1.6155090009380046,0.4588261512199878,True,False,2025
2025-03-05,PRIO3,TRANSFORMER,37.369998931884766,39.65189880225114,39.13242331679269,38.34323147395795,37.901672740921335,2.2818998703663738,0.5316738090365689,True,True,2025
2025-03-06,PRIO3,TRANSFORMER,37.47999954223633,38.67568496847355,39.14600298969533,37.13925294945366,37.774046360772225,1.195685426237219,0.29404681853589665,True,True,2025
2025-03-07,PRIO3,TRANSFORMER,38.31999969482422,38.551037265974145,39.10539342445855,37.41371181304876,37.7997352402048,0.23103757114992618,0.5202644546194222,False,True,2025
2025-03-10,PRIO3,TRANSFORMER,37.52999877929688,38.771570042151694,38.99452893378523,38.22209015608482,38.09348949367714,1.2415712628548121,0.5634907143802579,True,True,2025
2025-03-11,PRIO3,TRANSFORMER,37.15999984741211,38.67570198778054,38.24301128252327,37.87803150094841,37.218016587512146,1.5157021403684325,0.05801674010003666,True,True,2025
2025-03-12,PRIO3,TRANSFORMER,36.880001068115234,38.51464828568851,39.06556667818017,37.43646342441059,38.079263620991625,1.6346472175732742,1.199262552876391,True,True,2025
2025-03-13,PRIO3,TRANSFORMER,36.5,38.3837817284132,38.43265666707413,37.156112406222235,37.04292015633047,1.8837817284131972,0.5429201563304673,True,False,2025
2025-03-14,PRIO3,TRANSFORMER,39.34999847412109,38.20934914909253,38.77493772603005,36.909280954464386,37.29185187157032,1.140649325028555,2.0581466025507638,False,True,2025
2025-03-17,PRIO3,TRANSFORMER,39.70000076293945,39.247858752263284,39.47598253746333,39.09709879297584,39.100555130985896,0.45214201067616955,0.5994456319535573,False,False,2025
2025-03-18,PRIO3,TRANSFORMER,39.650001525878906,39.76411730485222,40.050603872045365,39.83170303118708,39.98162303796871,0.11411577897331426,0.3316215120898036,False,False,2025
2025-03-19,PRIO3,TRANSFORMER,39.27000045776367,39.93075333963856,39.93075333963856,39.6548834286112,39.53669907133052,0.6607528818748847,0.2666986135668452,True,False,2025
2025-03-20,PRIO3,TRANSFORMER,39.27999877929688,39.96932249315023,39.96932249315023,39.37543859647804,39.35164615741679,0.6893237138533479,0.07164737811990562,True,False,2025
2025-03-21,PRIO3,TRANSFORMER,39.060001373291016,39.89486983277067,39.89486983277067,39.19845883462065,39.217558870594395,0.8348684594796509,0.15755749730337953,True,False,2025
2025-03-24,PRIO3,TRANSFORMER,39.5,40.35491872014779,40.35491872014779,39.59398651653284,39.61082616090203,0.8549187201477935,0.1108261609020289,True,False,2025
2025-03-25,PRIO3,TRANSFORMER,39.09000015258789,40.05348637010104,40.05348637010104,39.2601329580357,39.27436004641122,0.9634862175131502,0.18435989382332707,True,False,2025
2025-03-26,PRIO3,TRANSFORMER,40.619998931884766,40.063800070139905,40.831508031005804,39.275754699883656,40.00572136573093,0.5561988617448606,0.614277566153838,False,True,2025
2025-03-27,PRIO3,TRANSFORMER,40.65999984741211,40.706346986422545,40.71512772975633,40.46855888964832,40.18367703398363,0.04634713901043597,0.4763228134284816,False,False,2025
2025-03-28,PRIO3,TRANSFORMER,40.13999938964844,41.00323177764028,40.957711366522624,40.76906923672044,40.62655246930354,0.8632323879918431,0.48655307965510275,True,False,2025
2025-03-31,PRIO3,TRANSFORMER,39.79999923706055,40.8870716035392,40.74342881086208,40.221623681145275,40.12014490386963,1.087072366478651,0.32014566680908274,True,False,2025
2025-04-01,PRIO3,TRANSFORMER,40.060001373291016,40.551532562274815,40.500293095370985,39.65877643636114,39.68571960496571,0.49153118898379944,0.3742817683253037,True,False,2025
2025-04-02,PRIO3,TRANSFORMER,39.58000183105469,40.62917464078521,40.62917464078521,39.941587480467085,40.00304431768737,1.0491728097305213,0.4230424866326814,True,False,2025
2025-04-03,PRIO3,TRANSFORMER,36.83000183105469,40.37977371608304,39.80329203522852,39.61792033080416,39.0174610420616,3.549771885028349,2.18745921100691,True,True,2025
2025-04-04,PRIO3,TRANSFORMER,33.900001525878906,39.316562290739995,38.554587066564196,37.45379497236981,36.856947495743945,5.416560764861089,2.956945969865039,True,True,2025
2025-04-07,PRIO3,TRANSFORMER,34.5099983215332,37.076096467742985,36.55653609285296,34.03259494343636,33.798102046866056,2.5660981462097823,0.7118962746671471,True,True,2025
2025-04-08,PRIO3,TRANSFORMER,33.81999969482422,36.19725689700559,35.77442344865987,34.00884170272987,33.812285000143774,2.3772572021813687,0.0077146946804447225,True,True,2025
2025-04-09,PRIO3,TRANSFORMER,35.79999923706055,36.313502167641644,36.86025946531298,34.667956871494795,35.404299768382735,0.5135029305810974,0.3956994686778117,True,True,2025
2025-04-10,PRIO3,TRANSFORMER,32.88999938964844,36.53571304748888,36.11206167888234,35.69281948725229,35.05226078057325,3.645713657840446,2.1622613909248116,True,True,2025
2025-04-11,PRIO3,TRANSFORMER,34.33000183105469,37.27246182798788,37.816712083804525,35.43231712609621,35.99936220912102,2.942459996933195,1.6693603780663295,True,True,2025
2025-04-14,PRIO3,TRANSFORMER,33.81999969482422,36.13520620563315,36.03156002422155,34.02968045578027,33.713480879868094,2.3152065108089346,0.10651881495612514,True,False,2025
2025-04-15,PRIO3,TRANSFORMER,33.029998779296875,36.50249646602708,36.04394030977431,34.817633001803856,34.21494674606127,3.4724976867302075,1.1849479667643976,True,True,2025
2025-04-16,PRIO3,TRANSFORMER,33.400001525878906,35.74345069143416,35.8012875266842,33.62551426537154,33.85518116329923,2.3434491655552563,0.4551796374203221,True,False,2025
2025-04-17,PRIO3,TRANSFORMER,34.560001373291016,35.692265125647225,36.12367318025467,33.90029500867081,34.29251969074992,1.1322637523562094,0.2674816825410957,True,True,2025
2025-04-21,PRIO3,TRANSFORMER,34.560001373291016,36.09738419969855,35.70978739499518,34.883646538198946,34.21968858341222,1.537382826407537,0.3403127898787943,True,True,2025
2025-04-22,PRIO3,TRANSFORMER,34.58000183105469,35.8104250683202,36.0995010191912,34.68028849238177,35.05622826890161,1.2304232372655122,0.4762264378469254,True,False,2025
2025-04-23,PRIO3,TRANSFORMER,33.25,35.579156513290314,35.12589635702162,34.56030530506562,34.00428160219852,2.3291565132903145,0.7542816021985175,True,True,2025
2025-04-24,PRIO3,TRANSFORMER,34.5099983215332,35.32745117442104,35.774435057920165,33.8562879253485,34.37147332093622,0.8174528528878398,0.13852500059698514,True,True,2025
2025-04-25,PRIO3,TRANSFORMER,34.880001068115234,35.23868187299743,34.91880842818058,34.20311225306538,33.76829125796747,0.3586808048821979,1.1117098101477652,False,False,2025
2025-04-28,PRIO3,TRANSFORMER,33.810001373291016,35.61151361974888,35.07962233058167,35.06626621491583,34.55984787605819,1.801512246457861,0.749846502767177,True,True,2025
2025-04-29,PRIO3,TRANSFORMER,34.65999984741211,35.401549833215114,35.29189163614605,34.34650339070411,34.47681696979263,0.7415499858030046,0.1831828776194797,True,True,2025
2025-04-30,PRIO3,TRANSFORMER,33.709999084472656,35.57249515653254,34.87577711087849,34.70872427523156,34.10616111962318,1.8624960720598835,0.3961620351505246,True,True,2025
2025-05-01,PRIO3,TRANSFORMER,33.709999084472656,34.61192206588319,34.80578380827106,33.4081950825331,33.92057620000337,0.9019229814105358,0.210577115530711,True,False,2025
2025-05-02,PRIO3,TRANSFORMER,36.43000030517578,34.561323666187576,34.561323666187576,33.56412629826976,33.60953752321431,1.8686766389882052,2.8204627819614743,False,False,2025
2025-05-05,PRIO3,TRANSFORMER,35.470001220703125,36.40454695041046,36.012743438014766,36.73861484218609,36.31561793163043,0.9345457297073381,0.8456167109273025,True,True,2025
2025-05-06,PRIO3,TRANSFORMER,36.970001220703125,35.669534139224936,36.119335789584696,35.33726662910513,35.95465053290021,1.300467081478189,1.0153506878029148,True,True,2025
2025-05-07,PRIO3,TRANSFORMER,35.72999954223633,36.473910837998574,35.991399554638605,36.58165013673404,35.974002825975305,0.7439112957622456,0.2440032837389765,True,True,2025
2025-05-08,PRIO3,TRANSFORMER,36.65999984741211,36.47690793796036,37.07735096356797,36.12050929007062,36.84378087192815,0.18309190945174691,0.18378102451604406,False,True,2025
2025-05-09,PRIO3,TRANSFORMER,36.66999816894531,36.56280438036325,36.291028290397236,36.19939909116654,35.79518621810269,0.10719378858206596,0.87481195084262,False,False,2025
2025-05-12,PRIO3,TRANSFORMER,38.560001373291016,37.131615149090806,37.68809326303772,36.93964932537594,37.49477947738437,1.42838622420021,1.065221895906646,True,True,2025
2025-05-13,PRIO3,TRANSFORMER,39.27000045776367,38.159637455291346,38.65850246301887,38.494115235656786,38.81589239164651,1.1103630024723259,0.4541080661171648,True,True,2025
2025-05-14,PRIO3,TRANSFORMER,39.20000076293945,38.65140352318403,38.716146108925045,39.027512975423434,38.8610553162118,0.5485972397554235,0.3389454467276565,True,False,2025
2025-05-15,PRIO3,TRANSFORMER,39.0,38.98184868586486,38.329513237253536,39.124756515961295,38.36945039323969,0.01815131413513882,0.6305496067603116,False,True,2025
2025-05-16,PRIO3,TRANSFORMER,39.43000030517578,38.66636009017108,39.28140833959232,38.45163840705855,39.38357210651978,0.763640215004699,0.04642819865600245,True,False,2025
2025-05-19,PRIO3,TRANSFORMER,39.38999938964844,39.59595974402055,39.59865921246435,39.59951446835925,39.515912067681036,0.20596035437210958,0.12591267803259854,True,False,2025
2025-05-20,PRIO3,TRANSFORMER,39.7400016784668,39.41539170452825,39.28097827860709,39.14520912726899,38.952457910952745,0.32460997393854996,0.7875437675140518,False,False,2025
2025-05-21,PRIO3,TRANSFORMER,39.75,39.745423298049104,39.745423298049104,39.53431398529631,39.63374665983399,0.004576701950895767,0.1162533401660113,False,False,2025
2025-05-22,PRIO3,TRANSFORMER,38.97999954223633,39.95468588913468,39.32963494348284,39.748583270947336,39.14251386494175,0.974686346898352,0.16251432270541954,True,True,2025
2025-05-23,PRIO3,TRANSFORMER,38.79999923706055,39.77618739737295,39.77618739737295,39.06797696549291,39.364749130910724,0.9761881603124039,0.5647498938501769,True,False,2025
2025-05-26,PRIO3,TRANSFORMER,39.04999923706055,39.6849230655439,40.12406337866127,38.77161987634537,39.26646114366777,0.6349238284833518,0.21646190660722198,True,True,2025
2025-05-27,PRIO3,TRANSFORMER,39.40999984741211,39.87776542924087,39.77536304771413,39.147540615023466,38.8798378871357,0.4677655818287576,0.5301619602764092,False,False,2025
2025-05-28,PRIO3,TRANSFORMER,39.20000076293945,40.09048974736919,39.946472666928706,39.48427166897301,39.33004032297858,0.8904889844297372,0.13003956003912975,True,False,2025
2025-05-29,PRIO3,TRANSFORMER,40.0,40.57369510384348,41.076845687136,39.871591032762595,40.423544681188325,0.5736951038434768,0.423544681188325,True,True,2025
2025-05-30,PRIO3,TRANSFORMER,38.95000076293945,40.71655176289664,40.24527967275205,40.07440009109051,39.38450915529124,1.7665509999571896,0.4345083923517876,True,True,2025
2025-06-02,PRIO3,TRANSFORMER,39.7400016784668,40.72551753382152,41.66239943509295,39.64696889776721,40.649165469961844,0.9855158553547199,0.9091637914950468,True,True,2025
2025-06-03,PRIO3,TRANSFORMER,40.95000076293945,40.683493460989894,41.30902817403818,39.72832897564219,39.99161605032411,0.2665073019495594,0.9583847126153415,False,True,2025
2025-06-04,PRIO3,TRANSFORMER,40.900001525878906,41.05821775467916,40.502843708604864,40.68926990800927,39.66614876036661,0.15821622880025643,1.233852765512296,False,True,2025
2025-06-05,PRIO3,TRANSFORMER,41.04999923706055,41.48684559748244,41.30671921308366,41.15363691400332,41.136769326962145,0.43684636042189595,0.08677008990159862,True,False,2025
2025-06-06,PRIO3,TRANSFORMER,42.5099983215332,41.52311033682702,42.255610362949,41.05740521406552,41.94611767484868,0.9868879847061862,0.5638806466845239,True,True,2025
2025-06-09,PRIO3,TRANSFORMER,42.150001525878906,42.26799434606954,42.20114511838635,42.288527667504525,41.99217349914664,0.1179928201906364,0.15782802673226826,False,False,2025
2025-06-10,PRIO3,TRANSFORMER,42.56999969482422,42.53632754787276,43.35386871717622,42.38988907170633,43.105126682484986,0.033672146951460036,0.5351269876607674,False,True,2025
2025-06-11,PRIO3,TRANSFORMER,43.310001373291016,42.87737403688067,43.45754438223205,42.61038562441311,42.84719169655026,0.43262733641034856,0.46280967674075413,False,True,2025
2025-06-12,PRIO3,TRANSFORMER,43.220001220703125,43.437537295724155,44.127250780204356,43.28042988049719,43.559736338638444,0.21753607502103023,0.3397351179353194,False,True,2025
2025-06-13,PRIO3,TRANSFORMER,43.97999954223633,43.25753429722408,43.94170155283078,42.98087082799218,43.26191690548881,0.7224652450122448,0.7180826367475177,True,True,2025
2025-06-16,PRIO3,TRANSFORMER,43.18000030517578,44.048475955056006,43.889588087739334,43.998451739614346,43.47131410983516,0.8684756498802244,0.2913138046593815,True,False,2025
2025-06-17,PRIO3,TRANSFORMER,44.02999877929688,43.95221475469327,44.65437760325628,43.45819863377428,44.09089552162372,0.07778402460360923,0.060896742326839615,True,True,2025
2025-06-18,PRIO3,TRANSFORMER,43.70000076293945,44.2691891358877,44.09599116280545,43.849975992497214,43.435421684495346,0.569188372948247,0.26457907844410755,True,False,2025
2025-06-20,PRIO3,TRANSFORMER,43.560001373291016,45.15686172695541,45.82121095112197,44.57079312522297,45.14211904243414,1.5968603536643968,1.5821176691431234,True,True,2025
2025-06-23,PRIO3,TRANSFORMER,43.25,44.61655319165209,43.56955330362919,43.61376342534177,42.27936408062685,1.3665531916520877,0.9706359193731515,True,True,2025
2025-06-24,PRIO3,TRANSFORMER,41.560001373291016,44.486872880074316,43.76780772271359,43.407091602742604,42.952679243404475,2.9268715067833,1.3926778701134594,True,True,2025
2025-06-25,PRIO3,TRANSFORMER,41.02999877929688,43.69271797708177,43.93744135362745,41.96312281384999,42.6765684259194,2.662719197784888,1.6465696466225168,True,False,2025
2025-06-26,PRIO3,TRANSFORMER,41.84999847412109,43.334883643654166,44.0635415445922,41.4905471578657,42.15912016441653,1.4848851695330794,0.30912169029544145,True,True,2025
2025-06-27,PRIO3,TRANSFORMER,41.869998931884766,43.56604667898068,43.38736467519004,42.211848701957834,41.65381834159541,1.6960477470959177,0.21618059028935477,True,False,2025
2025-06-30,PRIO3,TRANSFORMER,42.400001525878906,43.83068328730462,43.2400048281927,42.629685753855874,41.926441107452554,1.430681761425717,0.4735604184263522,True,True,2025
2025-07-01,PRIO3,TRANSFORMER,41.79999923706055,43.60730828685894,44.008596386962054,42.43446311673193,43.10716655082375,1.8073090497983912,1.3071673137632018,True,False,2025
2025-07-02,PRIO3,TRANSFORMER,42.15999984741211,43.47865594142365,44.09498898725325,42.23989334031149,42.74218306822798,1.3186560940115442,0.582183220815871,True,True,2025
2025-07-03,PRIO3,TRANSFORMER,42.58000183105469,43.341364595757796,43.08997845425401,42.19505687198424,41.600820359800586,0.761362764703108,0.9791814712541012,False,False,2025
2025-07-04,PRIO3,TRANSFORMER,42.58000183105469,43.820744012019645,44.518936195913405,43.0279811137042,43.6744872804387,1.2407421809649577,1.0944854493840097,True,True,2025
2025-07-07,PRIO3,TRANSFORMER,41.7599983215332,43.71553746390043,43.140449074525556,42.81919190518329,41.96448926704022,1.955539142367229,0.2044909455070183,True,True,2025
2025-07-08,PRIO3,TRANSFORMER,43.08000183105469,43.24208076647278,43.90285227334377,41.97364026040705,42.693901092267,0.16207893541809426,0.3861007387876896,False,True,2025
2025-07-09,PRIO3,TRANSFORMER,42.56999969482422,43.60615097398329,43.41907299789701,42.90528249436741,42.54276333773458,1.0361512791590712,0.027236357089641672,True,False,2025
2025-07-10,PRIO3,TRANSFORMER,41.79999923706055,43.692438860447055,43.17981015693395,42.9432165034068,42.360671884535584,1.8924396233865082,0.5606726474750374,True,True,2025
2025-07-11,PRIO3,TRANSFORMER,42.720001220703125,43.08058796626028,43.699175412258725,41.87508223134559,42.69411067955706,0.360586745557157,0.025890541146061707,True,True,2025
2025-07-14,PRIO3,TRANSFORMER,42.900001525878906,43.41960575387441,43.2950658160316,42.641587902399934,42.35278669253555,0.5196042279955009,0.5472148333433537,False,False,2025
2025-07-15,PRIO3,TRANSFORMER,42.119998931884766,43.360936798801845,43.360936798801845,42.77664121082162,42.73488558320683,1.2409378669170792,0.6148866513220668,True,False,2025
2025-07-16,PRIO3,TRANSFORMER,42.38999938964844,43.28919020823446,43.28919020823446,42.38582158879115,42.42132340483063,0.8991908185860211,0.031324015182192966,True,False,2025
2025-07-17,PRIO3,TRANSFORMER,43.29999923706055,43.113932192524544,43.644698832993306,42.27724546728717,42.76624755814263,0.18606704453600287,0.5337516789179162,False,True,2025
2025-07-18,PRIO3,TRANSFORMER,43.290000915527344,44.12255759454308,43.49468860447524,43.78078713450805,42.90895105067512,0.8325566790157382,0.3810498648522227,True,True,2025
2025-07-21,PRIO3,TRANSFORMER,42.7599983215332,43.9915838156337,43.906736079139556,43.37531751756751,43.477370179884545,1.2315854941005,0.717371858351342,True,False,2025
2025-07-22,PRIO3,TRANSFORMER,42.58000183105469,43.74724102897039,43.82947142713961,42.79752288404835,43.0375032123914,1.1672391979157055,0.45750138133671214,True,False,2025
2025-07-23,PRIO3,TRANSFORMER,42.470001220703125,43.52254533030191,43.52254533030191,42.714646096380726,42.548955387276834,1.0525441095987844,0.07895416657370902,True,True,2025
2025-07-24,PRIO3,TRANSFORMER,42.29999923706055,43.660340447454814,43.660340447454814,42.723706897124536,42.70905987538122,1.3603412103942674,0.40906063832067474,True,False,2025
2025-07-25,PRIO3,TRANSFORMER,41.900001525878906,43.46551703642365,44.26836066028173,42.45171187247538,43.21060681556744,1.565515510544742,1.3106052896885316,True,True,2025
2025-07-28,PRIO3,TRANSFORMER,41.47999954223633,43.37432758954537,44.02814408758134,42.24799664190671,42.521001093737326,1.8943280473090454,1.0410015515009974,True,True,2025
2025-07-29,PRIO3,TRANSFORMER,41.970001220703125,43.29580050707125,44.037935650363934,41.97649752480488,42.23825658862867,1.3257992863681238,0.2682553679255477,True,True,2025
2025-07-30,PRIO3,TRANSFORMER,42.720001220703125,43.59474803829676,43.61450956543647,42.4218682147331,41.99513414337934,0.8747468175936319,0.7248670773237862,True,False,2025
2025-07-31,PRIO3,TRANSFORMER,42.18999862670898,43.90385269193678,43.48793176560133,43.00973995144366,42.44557713342205,1.7138540652277996,0.25557850671307136,True,False,2025
2025-08-01,PRIO3,TRANSFORMER,40.9900016784668,43.42376527250394,42.71705093256304,42.31958239209732,41.73741048901629,2.4337635940371456,0.7474088105494943,True,True,2025
2025-08-04,PRIO3,TRANSFORMER,40.47999954223633,42.966388416325,42.468837754326046,41.428741680957614,41.2366782050999,2.486388874088675,0.7566786628635711,True,True,2025
2025-08-05,PRIO3,TRANSFORMER,40.619998931884766,42.28172892681437,42.447311321650204,40.54177416918717,41.01445486552699,1.6617299949296012,0.3944559336422273,True,False,2025
2025-08-06,PRIO3,TRANSFORMER,39.790000915527344,41.969833106827195,41.505552723684076,40.59894442595064,40.09017186598207,2.1798321912998517,0.30017095045472786,True,True,2025
2025-08-07,PRIO3,TRANSFORMER,39.650001525878906,41.83290597433103,41.85053733821041,40.34662016974649,40.51056163002803,2.1829044484521205,0.8605601041491227,True,False,2025
2025-08-08,PRIO3,TRANSFORMER,39.540000915527344,41.55509982625449,42.04715289723338,39.92085830006537,40.414968663014456,2.015098910727147,0.874967747487112,True,True,2025
2025-08-11,PRIO3,TRANSFORMER,39.130001068115234,41.27296056261707,41.396970957295025,39.760691501702894,39.653382675795235,2.142959494501838,0.5233816076800011,True,False,2025
2025-08-12,PRIO3,TRANSFORMER,39.27000045776367,41.0081129148864,40.95348698230632,39.47228938522458,39.25089741961821,1.7381124571227247,0.01910303814545955,True,False,2025
2025-08-13,PRIO3,TRANSFORMER,38.869998931884766,40.94079815186046,40.94079815186046,39.54576723989214,39.52610233826075,2.0707992199756973,0.6561034063759834,True,False,2025
2025-08-14,PRIO3,TRANSFORMER,38.79999923706055,40.694409644496375,40.694409644496375,39.232634022551174,39.22690204258656,1.894410407435828,0.42690280552601223,True,False,2025
2025-08-15,PRIO3,TRANSFORMER,38.810001373291016,40.45576151795353,40.45576151795353,39.00599129675887,38.98677152724576,1.6457601446625176,0.17677015395474172,True,False,2025
2025-08-18,PRIO3,TRANSFORMER,37.59000015258789,40.259896525334284,39.75756716898697,39.000098917286586,38.439166267449025,2.6698963727463934,0.8491661148611342,True,True,2025
2025-08-19,PRIO3,TRANSFORMER,36.84999847412109,40.385601126798065,39.732636014790266,38.752561160659035,38.243377664203166,3.535602652676978,1.3933791900820793,True,True,2025
2025-08-20,PRIO3,TRANSFORMER,37.29999923706055,39.20812888201456,38.80211225691304,36.979667414508135,36.89814266870348,1.9081296449540162,0.4018565683570685,True,False,2025
2025-08-21,PRIO3,TRANSFORMER,37.5,39.07453583175868,39.07453583175868,37.35445598821302,37.60911432170209,1.5745358317586806,0.10911432170208712,True,False,2025
2025-08-22,PRIO3,TRANSFORMER,38.04999923706055,39.26492911717909,39.39404852478005,37.89206487589153,38.028945695961845,1.2149298801185466,0.021053541098702055,True,True,2025
2025-08-25,PRIO3,TRANSFORMER,38.18000030517578,39.46120767895832,39.32659831631344,38.37077854742954,38.17766283477067,1.2812073737825358,0.002337470405109343,True,False,2025
2025-08-26,PRIO3,TRANSFORMER,37.72999954223633,39.670919579748556,40.23630939672702,38.588981149426694,39.135675560070325,1.9409200375122282,1.405676017833997,True,True,2025
2025-08-27,PRIO3,TRANSFORMER,38.34999847412109,39.370729639112426,39.4183547767625,38.03468364239405,37.8636594709475,1.0207311649913393,0.48633900317358325,True,False,2025
2025-08-28,PRIO3,TRANSFORMER,38.58000183105469,39.49747241830289,39.259275036318684,38.41932610215308,38.043239952003155,0.9174705872482036,0.5367618790515323,True,False,2025
2025-08-29,PRIO3,TRANSFORMER,37.869998931884766,39.71574843437293,39.71574843437293,38.841245666574046,38.9377719234912,1.845749502488161,1.0677729916064322,True,False,2025
2025-09-01,PRIO3,TRANSFORMER,37.970001220703125,39.573994626413025,39.573994626413025,38.33990021032416,38.386860826117605,1.6039934057099003,0.41685960541448,True,False,2025
2025-09-02,PRIO3,TRANSFORMER,37.9900016784668,39.366328446323564,39.366328446323564,38.06510421524554,38.05168446365143,1.3763267678567672,0.06168278518463666,True,False,2025
2025-09-03,PRIO3,TRANSFORMER,37.5099983215332,38.85055154012258,39.08146822841431,37.70689221937918,37.88400347681305,1.3405532185893776,0.37400515527984624,True,True,2025
2025-09-04,PRIO3,TRANSFORMER,37.31999969482422,38.64961989981097,38.584918378366254,37.53692770434988,37.37314003858057,1.3296202049867532,0.053140343756354014,True,False,2025
2025-09-05,PRIO3,TRANSFORMER,36.54999923706055,38.3521904907694,37.68819516118691,37.311399967599286,36.58424847290284,1.8021912537088554,0.03424923584229589,True,True,2025
2025-09-08,PRIO3,TRANSFORMER,36.59000015258789,38.056137943663714,38.131592776173456,36.76269219580795,37.12069605052014,1.4661377910758233,0.5306958979322474,True,False,2025
2025-09-09,PRIO3,TRANSFORMER,37.09000015258789,37.96133189404904,37.90041011968453,36.72070297839294,36.747163401012635,0.8713317414611481,0.3428367515752555,True,False,2025
2025-09-10,PRIO3,TRANSFORMER,37.630001068115234,38.04062824919933,38.051448376002774,37.101123131858486,37.12289602345125,0.4106271810840951,0.5071050446639873,False,False,2025
2025-09-11,PRIO3,TRANSFORMER,37.90999984741211,38.44073683927138,38.4015261424516,37.79453032055787,37.777029300468314,0.5307369918592713,0.1329705469437954,True,False,2025
2025-09-12,PRIO3,TRANSFORMER,38.150001525878906,38.47386492033681,38.47386492033681,37.86086905172794,37.896844060765694,0.32386339445790213,0.2531574651132118,True,False,2025
2025-09-15,PRIO3,TRANSFORMER,37.970001220703125,38.90619446241146,38.90619446241146,38.35672964242862,38.38566215124519,0.9361932417083381,0.4156609305420673,True,False,2025
2025-09-16,PRIO3,TRANSFORMER,38.470001220703125,38.909640872077915,39.368518505073155,38.08974310255443,38.51486075218332,0.4396396513747902,0.04485953148019206,True,True,2025
2025-09-17,PRIO3,TRANSFORMER,38.2400016784668,39.36269312234947,39.268846446564986,38.6948299084218,38.42305112239864,1.1226914438826725,0.18304944393184286,True,False,2025
2025-09-18,PRIO3,TRANSFORMER,38.88999938964844,39.15262551804304,38.886201260757325,38.2949264130176,37.99382118239968,0.26262612839460076,0.8961782072487594,False,False,2025
2025-09-19,PRIO3,TRANSFORMER,38.060001373291016,39.252620754360436,38.79728890316921,38.681975427023914,38.322136453232055,1.1926193810694201,0.26213507994103935,True,True,2025
2025-09-22,PRIO3,TRANSFORMER,38.18000030517578,39.246073426959526,39.42841307823623,38.39080609151978,38.833251925818516,1.0660731217837451,0.6532516206427346,True,False,2025
2025-09-23,PRIO3,TRANSFORMER,38.58000183105469,38.89696489222817,39.011761990484,37.930677440274465,38.062861218271145,0.3169630611734817,0.5171406127835425,False,False,2025
2025-09-24,PRIO3,TRANSFORMER,38.90999984741211,39.33943113354894,39.90500619715541,38.75549920804257,39.20554759520286,0.42943128613683257,0.2955477477907493,True,True,2025
2025-09-25,PRIO3,TRANSFORMER,39.150001525878906,39.548703936218715,39.38951132195785,38.996187459836385,38.60467812548092,0.39870241033980847,0.545323400397983,False,False,2025
2025-09-26,PRIO3,TRANSFORMER,39.2400016784668,39.8763460190375,39.45131867429946,39.31655352912003,38.868800488382306,0.6363443405707017,0.3712011900844914,True,False,2025
2025-09-29,PRIO3,TRANSFORMER,38.90999984741211,40.125532500471536,39.58079879201219,39.52956380649525,39.16863996933895,1.2155326530594266,0.25864012192683816,True,True,2025
2025-09-30,PRIO3,TRANSFORMER,38.130001068115234,40.080676414955974,39.65253089028764,39.20867644584724,39.056506708638096,1.9506753468407396,0.926505640522862,True,True,2025
2025-10-01,PRIO3,TRANSFORMER,38.38999938964844,39.32104858006383,39.57531833292756,37.99107600473134,38.476243424963556,0.9310491904153935,0.0862440353151186,True,True,2025
2025-10-02,PRIO3,TRANSFORMER,38.29999923706055,38.99116165065243,39.08915953730453,37.94817688412795,38.01579524420071,0.6911624135918828,0.2842039928598368,True,False,2025
2025-10-03,PRIO3,TRANSFORMER,38.2400016784668,38.843333652026075,38.50253238033361,38.075554959653715,37.65759222428209,0.6033319735592784,0.582409454184706,True,False,2025
2025-10-06,PRIO3,TRANSFORMER,37.90999984741211,38.89314235587713,38.89314235587713,38.20391397009575,38.34381315346339,0.983142508465022,0.43381330605127744,True,False,2025
2025-10-07,PRIO3,TRANSFORMER,37.72999954223633,38.97770448461162,38.97770448461162,38.14959161331294,38.23319326786731,1.247704942375293,0.5031937256309789,True,False,2025
2025-10-08,PRIO3,TRANSFORMER,37.63999938964844,38.748646737560364,38.748646737560364,37.74589836405946,37.754289047052886,1.1086473479119263,0.11428965740444852,True,False,2025
2025-10-09,PRIO3,TRANSFORMER,37.27999877929688,38.81732474707658,38.81732474707658,37.82400841348992,37.82806578094299,1.5373259677797009,0.5480670016461104,True,False,2025
2025-10-10,PRIO3,TRANSFORMER,36.02000045776367,38.714895749858925,38.298751859583696,37.628850218603446,37.170017908370525,2.6948952920952536,1.1500174506068532,True,True,2025
2025-10-13,PRIO3,TRANSFORMER,36.29999923706055,37.910134414747205,37.7742377322806,36.21803382656748,36.242265910151396,1.610135177686658,0.05773332690915112,True,False,2025
2025-10-14,PRIO3,TRANSFORMER,35.31999969482422,37.60205432338827,37.13679347983646,36.20827499162017,35.80670408757782,2.2820546285640546,0.48670439275360167,True,True,2025
2025-10-15,PRIO3,TRANSFORMER,34.599998474121094,37.366978549383646,36.86902982558065,35.88917465387792,35.55317323519467,2.766980075262552,0.9531747610735763,True,True,2025
2025-10-16,PRIO3,TRANSFORMER,34.20000076293945,37.08429807178379,37.22730750888481,35.22781281507096,35.64305985376929,2.8842973088443387,1.4430590908298342,True,False,2025
2025-10-17,PRIO3,TRANSFORMER,36.119998931884766,36.435947571815916,36.906299982454556,34.5026703443204,34.92968550141668,0.3159486399311504,1.1903134304680876,False,True,2025
2025-10-20,PRIO3,TRANSFORMER,35.40999984741211,37.59723275371664,36.891509465843725,36.6884847627365,35.69354695347157,2.18723290630453,0.28354710605945854,True,True,2025
2025-10-21,PRIO3,TRANSFORMER,35.150001525878906,36.820177148461795,37.026407350975354,35.54910921208633,35.96960919992247,1.6701756225828888,0.8196076740435672,True,False,2025
2025-10-22,PRIO3,TRANSFORMER,36.209999084472656,36.64736310523634,37.25448215275614,35.30897208837565,35.908667081186806,0.4373640207636811,0.3013320032858502,True,True,2025
2025-10-23,PRIO3,TRANSFORMER,36.86000061035156,36.949505160384774,37.73606887071648,36.13041568435105,36.5776716272143,0.08950455003321167,0.28232898313726196,False,True,2025
2025-10-24,PRIO3,TRANSFORMER,37.04999923706055,37.49479865070688,37.98261586258525,37.05386696252564,37.12451287999532,0.44479941364633646,0.07451364293477525,True,False,2025
2025-10-27,PRIO3,TRANSFORMER,37.0,37.70543129600554,37.70543129600554,37.18323619187464,36.85730744378364,0.7054312960055427,0.14269255621636034,True,False,2025
2025-10-28,PRIO3,TRANSFORMER,36.43000030517578,37.692100072836496,37.692100072836496,37.001136986030566,36.92640069904497,1.2620997676607146,0.49640039386918744,True,False,2025
2025-10-29,PRIO3,TRANSFORMER,36.0,37.43132684720038,37.87277010595429,36.41439744962237,36.811591257668425,1.4313268472003813,0.8115912576684252,True,True,2025
2025-10-30,PRIO3,TRANSFORMER,35.77000045776367,37.498610975473724,36.988279452399,36.363904717642555,35.62149145705963,1.7286105177100524,0.14850900070403839,True,True,2025
2025-10-31,PRIO3,TRANSFORMER,36.02999877929688,37.19465296026894,37.20230602510338,35.91256362008049,36.0376629277032,1.1646541809720574,0.007664148406320237,True,False,2025
2025-11-03,PRIO3,TRANSFORMER,36.43999862670898,37.0053421027734,37.20701607910121,35.89822069639637,36.19005355916511,0.5653434760644203,0.24994506754386947,True,False,2025
2025-11-04,PRIO3,TRANSFORMER,36.75,37.810208957588486,37.57984925735914,37.046319607065854,36.73915272733136,1.060208957588486,0.010847272668641494,True,False,2025
2025-11-05,PRIO3,TRANSFORMER,37.810001373291016,37.25280282647816,37.937364035721934,36.45141049766192,37.16264444907724,0.557198546812856,0.6473569242137742,False,True,2025
2025-11-06,PRIO3,TRANSFORMER,38.459999084472656,37.80250431731193,37.80765927632035,37.51384148867292,37.29878098888876,0.6574947671607276,1.161218095583898,False,False,2025
2025-11-07,PRIO3,TRANSFORMER,38.84999847412109,38.31327754725643,38.7890365958823,38.40443642335511,38.74950594032446,0.5367209268646533,0.1004925337966256,True,True,2025
2025-11-10,PRIO3,TRANSFORMER,39.22999954223633,38.66882618775463,38.65410220079545,38.67645136768728,38.51421692509698,0.5611733544816957,0.7157826171393467,False,False,2025
2025-11-11,PRIO3,TRANSFORMER,40.29999923706055,39.04236253381566,38.980581649934074,39.092574837949385,38.94858674561359,1.2576367032448843,1.3514124914469576,False,True,2025
2025-11-12,PRIO3,TRANSFORMER,40.0099983215332,39.71998283795324,38.9531101793449,40.05789214026827,39.3290482776639,0.290015483579964,0.6809500438693021,False,True,2025
2025-11-13,PRIO3,TRANSFORMER,39.83000183105469,39.68135922265918,39.73835841132423,39.70025420989202,40.146681842340755,0.14864260839550525,0.31668001128606704,False,False,2025
2025-11-14,PRIO3,TRANSFORMER,39.790000915527344,39.84486370495847,40.44547772481881,39.685902040687054,40.412923112791844,0.05486278943112666,0.6229221972645007,False,True,2025
2025-11-17,PRIO3,TRANSFORMER,39.84999847412109,39.89347765345849,39.709495063768216,39.57644560788853,39.16675999590898,0.043479179337403195,0.6832384782121039,False,False,2025
2025-11-18,PRIO3,TRANSFORMER,40.040000915527344,40.2351708761322,40.2351708761322,39.886868915027804,39.873437219897376,0.1951699606048578,0.16656369562996787,True,False,2025
2025-11-19,PRIO3,TRANSFORMER,39.40999984741211,40.30055224588352,39.509700225191395,39.943680792751,39.17792338297014,0.8905523984714137,0.23207646444196683,True,True,2025
2025-11-20,PRIO3,TRANSFORMER,39.40999984741211,40.17355077322674,40.196395551133655,39.4565083559988,39.82772473965605,0.7635509258146271,0.41772489224393894,True,False,2025
2025-11-21,PRIO3,TRANSFORMER,38.79999923706055,40.23190997691199,39.9042496491457,39.44355919333022,39.27178116567699,1.4319107398514461,0.4717819286164442,True,False,2025
2025-11-24,PRIO3,TRANSFORMER,38.540000915527344,40.05914358774612,40.05914358774612,39.02072462127404,39.159770151369024,1.519142672218777,0.6197692358416802,True,False,2025
2025-11-25,PRIO3,TRANSFORMER,37.52000045776367,40.0677689725311,39.578223255097306,38.92935627353219,38.457387128552966,2.5477685147674265,0.9373866707892944,True,True,2025
2025-11-26,PRIO3,TRANSFORMER,37.9900016784668,39.6428173000387,39.60328931926056,38.01270614951149,38.1630170778112,1.6528156215719036,0.17301539934440058,True,False,2025
2025-11-27,PRIO3,TRANSFORMER,37.709999084472656,39.60673636920967,39.8142108958744,38.15954377174466,38.45220201390051,1.8967372847370143,0.7422029294278545,True,False,2025
2025-11-28,PRIO3,TRANSFORMER,37.209999084472656,39.51810662610342,39.51810662610342,38.127804354715195,38.03783628615146,2.3081075416307613,0.827837201678804,True,False,2025
2025-12-01,PRIO3,TRANSFORMER,37.560001373291016,39.27961507718493,39.27961507718493,37.67642962534421,37.61644387276502,1.7196137038939128,0.05644249947400226,True,False,2025
2025-12-02,PRIO3,TRANSFORMER,37.58000183105469,39.19971113277492,39.19971113277492,37.762216493484516,37.739112231714905,1.6197093017202349,0.15911040066021798,True,False,2025
2025-12-03,PRIO3,TRANSFORMER,39.33000183105469,39.0649454522671,39.75676339621627,37.83264357751029,38.47215611489366,0.26505637878759103,0.8578457161610302,False,True,2025
2025-12-04,PRIO3,TRANSFORMER,39.59000015258789,39.756240769575015,39.44320843563478,39.252670658566416,38.6548064130357,0.16624061698712467,0.9351937395521901,False,False,2025
2025-12-05,PRIO3,TRANSFORMER,39.2599983215332,40.147838004218954,40.65700693158192,39.79658297644534,40.29358140418526,0.8878396826857511,1.0335830826520578,False,True,2025
2025-12-08,PRIO3,TRANSFORMER,39.34999847412109,40.300286744694404,39.33519407621797,39.64039334288545,38.508556944106004,0.9502882705733171,0.8414415300150822,True,True,2025
2025-12-09,PRIO3,TRANSFORMER,39.79999923706055,40.08016923960753,40.51722488586101,39.26824379008448,39.97370744429144,0.2801700025469813,0.17370820723089508,True,True,2025
2025-12-10,PRIO3,TRANSFORMER,39.59999847412109,40.055906515555705,40.055906515555705,39.446185386717886,39.463239968929145,0.4559080414346184,0.136758505191942,True,False,2025
2025-12-11,PRIO3,TRANSFORMER,38.93000030517578,39.99566157265542,39.99566157265542,39.431765328019914,39.36868812155486,1.0656612674796406,0.4386878163790797,True,False,2025
2025-12-12,PRIO3,TRANSFORMER,39.40999984741211,39.66476539833923,39.66476539833923,38.82185782324459,38.83554458376677,0.25476555092711806,0.5744552636453406,False,False,2025
2025-12-15,PRIO3,TRANSFORMER,39.5,39.667672295973944,39.21991910033994,39.10760168866979,38.630047466997574,0.16767229597394362,0.8699525330024258,False,True,2025
2025-12-16,PRIO3,TRANSFORMER,38.54999923706055,39.87430370219812,39.27784734699586,39.49152381161728,39.06538210432217,1.3243044651375726,0.5153828672616214,True,True,2025
2025-12-17,PRIO3,TRANSFORMER,38.56999969482422,39.414935587100786,39.947905869632926,38.49009128117314,39.33423407133673,0.8449358922765668,0.7642343765125119,True,True,2025
2025-12-18,PRIO3,TRANSFORMER,38.54999923706055,39.67147781301799,39.64017477311676,38.767880162652375,38.63395602757249,1.1214785759574397,0.08395679051194094,True,False,2025
2025-12-19,PRIO3,TRANSFORMER,38.209999084472656,39.84957124527324,39.678657863348846,38.91844799393614,38.664342739635586,1.6395721608005829,0.45434365516292985,True,False,2025
2025-12-22,PRIO3,TRANSFORMER,39.40999984741211,39.755348957888486,40.275069443238614,38.62280571140026,39.17771857242603,0.34534911047637706,0.23228127498607876,True,True,2025
2025-12-23,PRIO3,TRANSFORMER,40.41999816894531,40.56299676746653,41.07910498156922,39.859888932821846,40.15450959338558,0.142998598521217,0.26548857555972916,False,True,2025
2025-12-24,PRIO3,TRANSFORMER,40.41999816894531,40.886622293834535,40.95898366030096,40.438570914975806,40.22097297542755,0.466624124889222,0.1990251935177625,True,False,2025
2025-12-26,PRIO3,TRANSFORMER,40.59999847412109,41.067414988179166,40.541322657325416,40.58311097019087,39.911559694838694,0.4674165140580797,0.6884387792823929,False,True,2025
2025-12-29,PRIO3,TRANSFORMER,41.13999938964844,41.07934892624394,41.6562640451107,40.53769367088974,41.296006202700376,0.06065046340449953,0.1560068130519383,False,True,2025
2025-12-30,PRIO3,TRANSFORMER,41.41999816894531,41.77896498274163,41.536798321143834,41.39160591537416,41.038164356284234,0.35896681379631445,0.3818338126610783,False,False,2025
2025-12-31,PRIO3,TRANSFORMER,41.41999816894531,41.66080333813795,41.66080333813795,41.19722500179906,41.215679076725344,0.24080516919264028,0.20431909221996847,True,False,2025
2026-01-02,PRIO3,TRANSFORMER,41.7599983215332,41.615896194701406,41.615896194701406,41.12633970912718,41.19753387591704,0.1441021268317968,0.5624644456161647,False,False,2026
2026-01-05,PRIO3,TRANSFORMER,41.150001525878906,41.81154674405252,41.44128843166651,41.47217059997246,41.08787848983155,0.6615452181736146,0.06212303604735325,True,True,2026
2026-01-06,PRIO3,TRANSFORMER,40.81999969482422,41.938885198987805,42.069080912724786,41.72058664952248,41.93847811241766,1.1188855041635861,1.118478417593444,True,True,2026
2026-01-07,PRIO3,TRANSFORMER,41.06999969482422,41.78034695046961,42.47118019113926,41.29252289439555,41.90215305614284,0.710347255645388,0.8321533613186247,False,True,2026
2026-01-08,PRIO3,TRANSFORMER,41.83000183105469,41.35693722719094,41.83698599306712,40.59546480483144,40.73007558087614,0.4730646038637474,1.099926250178548,False,True,2026
2026-01-09,PRIO3,TRANSFORMER,42.68000030517578,42.00577447933887,42.50151752160347,41.800938045053464,41.94577943882205,0.6742258258369134,0.7342208663537306,False,True,2026
2026-01-12,PRIO3,TRANSFORMER,43.2400016784668,42.66933343203732,42.65733889905759,42.696149966491106,42.433316661393526,0.5706682464294772,0.8066850170732707,False,False,2026
2026-01-13,PRIO3,TRANSFORMER,42.79999923706055,43.01334128046233,43.585113723482976,43.09530872359699,43.58041295897665,0.21334204340178076,0.7804137219161049,False,True,2026
2026-01-14,PRIO3,TRANSFORMER,44.06999969482422,43.52535011209466,44.127311979794634,43.27197477418883,43.63530560868221,0.5446495827295621,0.43469408614200944,True,True,2026
2026-01-15,PRIO3,TRANSFORMER,43.77999877929688,43.89466907388237,42.96828087079358,43.76134440155851,42.47014763069349,0.11467029458548694,1.3098511486033928,False,True,2026
2026-01-16,PRIO3,TRANSFORMER,44.16999816894531,43.90120448776838,43.87352718654368,43.621912695140686,43.89878534017219,0.2687936811769305,0.27121282877312325,False,False,2026
2026-01-19,PRIO3,TRANSFORMER,44.93000030517578,44.820975491828335,44.8605206738697,44.581129443190974,44.84219717838729,0.10902481334744607,0.08780312678849356,True,False,2026
2026-01-20,PRIO3,TRANSFORMER,45.40999984741211,44.79799261966252,44.79799261966252,44.56194660540284,44.5869228759131,0.6120072277495865,0.823076971499006,False,False,2026
2026-01-21,PRIO3,TRANSFORMER,46.880001068115234,45.500924037162804,45.160101274941894,45.50289681071447,45.14920413921249,1.3790770309524305,1.7307969289027412,False,True,2026
2026-01-22,PRIO3,TRANSFORMER,46.25,46.77237519324103,46.001516448827786,47.13144510322746,46.51490698676791,0.5223751932410323,0.2649069867679117,True,True,2026
2026-01-23,PRIO3,TRANSFORMER,48.52000045776367,46.567592083756495,46.60052482690766,46.33436070793367,46.763374663836586,1.9524083740071774,1.7566257939270855,True,True,2026
2026-01-26,PRIO3,TRANSFORMER,48.5,47.717573041951255,47.84390791024764,48.09968561832088,48.400414767213384,0.7824269580487453,0.09958523278661602,True,False,2026
2026-01-27,PRIO3,TRANSFORMER,49.0099983215332,47.84154848182436,48.45038468763229,48.24655823086581,48.82634563939017,1.1684498397088419,0.18365268214303399,True,True,2026
2026-01-28,PRIO3,TRANSFORMER,50.5,48.59832898665627,49.04242200497521,48.95290513264011,49.13162953020519,1.90167101334373,1.3683704697948116,True,True,2026
2026-01-29,PRIO3,TRANSFORMER,51.5099983215332,49.50837856256078,50.130720779685156,50.23543106501208,50.57603675156829,2.0016197589724243,0.9339615699649144,True,True,2026
2026-01-30,PRIO3,TRANSFORMER,50.9900016784668,50.77797121031517,51.11109835894867,51.623518978763975,51.686600711030025,0.21203046815162452,0.6965990325632276,False,False,2026
2026-02-02,PRIO3,TRANSFORMER,50.880001068115234,50.138937078996264,49.53339984959421,50.33072112107987,49.49026002049587,0.7410639891189703,1.389741047619367,False,True,2026
2026-02-03,PRIO3,TRANSFORMER,51.5,49.77166043404793,50.131809275367125,49.856893003079506,50.398889473998544,1.7283395659520693,1.101110526001456,True,True,2026
2026-02-04,PRIO3,TRANSFORMER,50.25,50.518488048149266,50.62033895499617,51.10442605468407,51.19356233025111,0.2684880481492655,0.9435623302511118,False,True,2026
2026-02-05,PRIO3,TRANSFORMER,49.150001525878906,50.514934416848746,49.63259259155494,50.4698385435036,49.493490157096375,1.3649328909698397,0.3434886312174683,True,True,2026
2026-02-06,PRIO3,TRANSFORMER,50.630001068115234,50.280626213589585,50.97439168330532,49.42435840279877,50.43452930933722,0.3493748545256494,0.19547175877801237,True,True,2026
2026-02-09,PRIO3,TRANSFORMER,51.04999923706055,50.279012783286475,50.279012783286475,49.85236153385876,49.75679606616413,0.7709864537740714,1.293203170896419,False,False,2026
2026-02-10,PRIO3,TRANSFORMER,51.470001220703125,51.314896307387926,51.314896307387926,51.373404096493516,51.27844169374876,0.15510491331519916,0.1915595269543644,False,False,2026
2026-02-11,PRIO3,TRANSFORMER,53.59999847412109,51.63875329633106,51.74678428227954,51.58981081792043,51.70072739312132,1.9612451777900262,1.8992710809997675,True,True,2026
2026-02-12,PRIO3,TRANSFORMER,52.22999954223633,52.9216754653238,53.31141160917408,53.488555483129986,53.844207561313844,0.6916759230874732,1.614208019077516,False,True,2026
2026-02-13,PRIO3,TRANSFORMER,52.560001373291016,53.055263409787585,53.09539798540716,52.82888163968515,52.7403805526291,0.49526203649656964,0.18037917933808245,True,False,2026
2026-02-17,PRIO3,TRANSFORMER,52.560001373291016,52.43050507317594,52.37395097071236,51.79315593429633,51.658665346394784,0.12949630011507907,0.9013360268962316,False,False,2026
2026-02-18,PRIO3,TRANSFORMER,53.77999877929688,52.188878567909,52.90237931292843,51.88490499161195,52.59512653366149,1.5911202113878815,1.1848722456353897,True,True,2026
2026-02-19,PRIO3,TRANSFORMER,54.93000030517578,53.338580409469046,54.103493693779974,53.744839844027915,54.23273341200847,1.5914198957067356,0.6972668931673098,True,True,2026
2026-02-20,PRIO3,TRANSFORMER,55.02000045776367,54.268855729806205,53.6392100146312,54.81570346332577,53.76905405841607,0.7511447279574668,1.2509463993476047,False,True,2026
2026-02-23,PRIO3,TRANSFORMER,53.45000076293945,54.432751656166374,53.57965231192378,54.77787309583378,54.05137737986074,0.9827508932269211,0.6013766169212857,True,True,2026
2026-02-24,PRIO3,TRANSFORMER,54.68000030517578,54.56354162656021,55.31863504547551,54.05260937741245,55.2772793874113,0.11645867861557235,0.5972790822355165,False,True,2026
2026-02-25,PRIO3,TRANSFORMER,53.630001068115234,54.52682757751097,54.442444390270104,54.12452877755845,53.87578795655837,0.896826509395737,0.2457868884431349,True,True,2026
2026-02-26,PRIO3,TRANSFORMER,52.34000015258789,54.53439776526227,53.785370804927716,53.93941279481487,53.05483362466225,2.194397612674379,0.7148334720743605,True,True,2026
2026-02-27,PRIO3,TRANSFORMER,54.4900016784668,54.19734060181395,54.63264255712746,52.89471645569867,53.60537940709355,0.29266107665284835,0.8846222713732459,False,True,2026
2026-03-02,PRIO3,TRANSFORMER,57.27999877929688,54.37984884230366,55.04199921676426,53.832481975848445,54.427376969516025,2.9001499369932233,2.8526218097808567,True,True,2026
2026-03-03,PRIO3,TRANSFORMER,55.119998931884766,56.81034203562069,57.57347137889352,57.755860646001715,58.19647873505133,1.6903431037359269,3.0764798031665634,False,True,2026
2026-03-04,PRIO3,TRANSFORMER,55.52000045776367,55.97269939939497,56.6087558963568,55.6111354255511,55.794470509027924,0.4526989416312972,0.2744700512642524,True,True,2026
2026-03-05,PRIO3,TRANSFORMER,56.959999084472656,55.62711215928084,56.51740111541671,54.86701468635441,55.303480369190666,1.332886925191815,1.6565187152819902,False,True,2026
2026-03-06,PRIO3,TRANSFORMER,59.38999938964844,57.096320854916144,58.02827494384888,57.26089311336393,57.703431863698306,2.293678534732294,1.6865675259501316,True,True,2026
2026-03-09,PRIO3,TRANSFORMER,59.70000076293945,58.44767425347368,58.78467763622506,59.3422732658294,59.15178574456775,1.2523265094657745,0.5482150183716996,True,True,2026
2026-03-10,PRIO3,TRANSFORMER,58.900001525878906,60.82867530204976,60.26027893149038,61.51286257705999,60.6408917447111,1.9286737761708537,1.7408902188321917,True,True,2026
2026-03-11,PRIO3,TRANSFORMER,59.34999847412109,58.41475210602289,59.54185927288333,57.665976350790075,58.91857174716897,0.9352463680981984,0.43142672695211814,True,True,2026
2026-03-12,PRIO3,TRANSFORMER,59.5,60.72707684701345,60.70604186948133,60.451682585879254,60.07941301301778,1.2270768470134499,0.5794130130177777,True,True,2026
2026-03-13,PRIO3,TRANSFORMER,57.79999923706055,61.718574018472395,61.89906076241019,61.17402720015429,61.10626453890838,3.9185747814118486,3.30626530184783,True,True,2026
2026-03-16,PRIO3,TRANSFORMER,59.79999923706055,61.41181122147486,60.36596551228733,59.431065134665715,58.21735420803953,1.6118119844143166,1.5826450290210161,True,True,2026
2026-03-17,PRIO3,TRANSFORMER,62.68999862670898,60.92470503983736,60.70321795169124,59.26731888324417,59.349732980008206,1.7652935868716142,3.3402656467007716,False,True,2026
2026-03-18,PRIO3,TRANSFORMER,66.02999877929688,62.18437883547517,63.239691965317135,62.238882373328444,63.598234109403165,3.8456199438217027,2.4317646698937097,True,True,2026
2026-03-19,PRIO3,TRANSFORMER,65.81999969482422,63.63654099322446,63.493817999656166,65.09429626149961,64.69858954641805,2.1834587015997613,1.12141014840617,True,False,2026
2026-03-20,PRIO3,TRANSFORMER,67.88999938964844,64.49368775526625,64.92983553241467,65.78938355659196,66.13445516906259,3.3963116343821866,1.755544220585847,True,True,2026
2026-03-23,PRIO3,TRANSFORMER,65.95999908447266,64.48479686929215,63.39921324823607,65.9460281033945,64.7795326959757,1.4752022151805022,1.1804663884969528,True,True,2026
2026-03-24,PRIO3,TRANSFORMER,67.62999725341797,62.93766697851174,63.472214908778305,63.889159456886205,64.82983362611947,4.692330274906226,2.8001636272985024,True,True,2026
2026-03-25,PRIO3,TRANSFORMER,67.27999877929688,63.99480421318833,63.19935537867657,65.86123247682612,65.1532737264542,3.2851945661085438,2.126725052842673,True,True,2026
2026-03-26,PRIO3,TRANSFORMER,67.27999877929688,63.718968900861796,63.460960542734895,65.60209101373822,65.71922598413079,3.561029878435079,1.5607727951660877,True,False,2026
