Date,Ativo,Modelo,Real,Pred_Base,Pred_SeqOnly,Pred_ResidualOnly,Pred_Hibrido,ErroAbs_Base,ErroAbs_Hibrido,Hybrid_Better,Event_Day,Year
2020-12-29,PRIO3,AUTOENCODER,13.542248725891112,11.830776342019163,12.008595685280254,11.830776342019163,12.008595685280254,1.711472383871948,1.533653040610858,True,True,2020
2020-12-30,PRIO3,AUTOENCODER,14.015488624572754,12.057950051786094,12.273507430007706,12.057950051786094,12.273507430007706,1.9575385727866603,1.7419811945650476,True,True,2020
2020-12-31,PRIO3,AUTOENCODER,14.015488624572754,12.334827371183387,12.334827371183387,12.334827371183387,12.334827371183387,1.680661253389367,1.680661253389367,False,False,2020
2021-01-04,PRIO3,AUTOENCODER,14.936010360717772,12.624234091648933,12.624234091648933,12.624234091648933,12.624234091648933,2.3117762690688384,2.3117762690688384,False,True,2021
2021-01-05,PRIO3,AUTOENCODER,14.734333992004396,12.91203908258493,13.138005715155625,12.91203908258493,13.138005715155625,1.8222949094194671,1.5963282768487712,True,True,2021
2021-01-06,PRIO3,AUTOENCODER,14.566603660583496,13.161481491847901,13.399422084806476,13.161481491847901,13.399422084806476,1.4051221687355948,1.16718157577702,True,True,2021
2021-01-07,PRIO3,AUTOENCODER,14.782257080078123,13.434481174887761,13.722975270148977,13.434481174887761,13.722975270148977,1.3477759051903622,1.0592818099291463,True,True,2021
2021-01-08,PRIO3,AUTOENCODER,14.866122245788574,13.70830544335152,13.918926203749939,13.70830544335152,13.918926203749939,1.157816802437054,0.9471960420386356,True,True,2021
2021-01-11,PRIO3,AUTOENCODER,15.545031547546388,13.98001102083576,14.262990698503085,13.98001102083576,14.262990698503085,1.5650205267106276,1.2820408490433035,True,True,2021
2021-01-12,PRIO3,AUTOENCODER,15.27546501159668,14.15493609635259,14.316647232653246,14.15493609635259,14.316647232653246,1.1205289152440905,0.958817778943434,True,True,2021
2021-01-13,PRIO3,AUTOENCODER,15.870509147644045,14.345998878761913,14.684097727078184,14.345998878761913,14.684097727078184,1.524510268882132,1.186411420565861,True,True,2021
2021-01-14,PRIO3,AUTOENCODER,15.574984550476074,14.511683108804563,14.756909001908367,14.511683108804563,14.756909001908367,1.063301441671511,0.8180755485677071,True,True,2021
2021-01-15,PRIO3,AUTOENCODER,14.83217716217041,14.707221330729512,14.766670325406425,14.707221330729512,14.766670325406425,0.12495583144089828,0.06550683676398528,True,True,2021
2021-01-18,PRIO3,AUTOENCODER,14.544638633728027,14.868169087635502,14.82413868657163,14.868169087635502,14.82413868657163,0.32353045390747504,0.279500052843602,True,True,2021
2021-01-19,PRIO3,AUTOENCODER,14.676426887512209,14.980339510694323,15.268190734093647,14.980339510694323,15.268190734093647,0.3039126231821143,0.5917638465814381,False,True,2021
2021-01-20,PRIO3,AUTOENCODER,14.139289855957031,15.003647877106411,14.786512714542091,15.003647877106411,14.786512714542091,0.8643580211493802,0.6472228585850601,True,True,2021
2021-01-21,PRIO3,AUTOENCODER,14.83217716217041,15.016719981326462,15.332959027803449,15.016719981326462,15.332959027803449,0.18454281915605186,0.500781865633039,False,True,2021
2021-01-22,PRIO3,AUTOENCODER,14.376907348632812,14.980801584879233,14.982224391736072,14.428567923334791,14.304301048952842,0.6038942362464201,0.07260629967997012,True,True,2021
2021-01-25,PRIO3,AUTOENCODER,14.376907348632812,14.956529500208562,14.939044144228086,15.457912762528876,15.492884012447416,0.5796221515757498,1.1159766638146031,False,False,2021
2021-01-26,PRIO3,AUTOENCODER,14.097356796264648,14.938452443284008,14.938452443284008,15.355264524129312,15.51400922126398,0.84109564701936,1.4166524249993309,False,False,2021
2021-01-27,PRIO3,AUTOENCODER,13.658062934875488,14.912055498135034,14.912055498135034,14.61432341620821,14.619834802594541,1.253992563259546,0.9617718677190528,True,True,2021
2021-01-28,PRIO3,AUTOENCODER,14.332978248596191,14.84592868273734,15.223380860395828,13.389548337387637,13.827053693020783,0.5129504341411479,0.5059245555754082,True,True,2021
2021-01-29,PRIO3,AUTOENCODER,14.07539176940918,14.785894779243792,14.785894779243792,14.307001368048704,13.874880730213345,0.7105030098346123,0.20051103919583468,True,True,2021
2021-02-01,PRIO3,AUTOENCODER,14.67043685913086,14.6594030348315,15.013598776872765,13.798422204260389,14.061298358519686,0.011033824299358841,0.6091385006111736,False,True,2021
2021-02-02,PRIO3,AUTOENCODER,15.541038513183594,14.558127946628092,14.88527622003447,14.170208382634465,14.257751926441946,0.9829105665555016,1.2832865867416476,False,True,2021
2021-02-03,PRIO3,AUTOENCODER,15.351343154907228,14.51882951581169,14.785758003128219,15.038370942942022,15.151427474756655,0.8325136390955379,0.19991568015057304,True,True,2021
2021-02-04,PRIO3,AUTOENCODER,15.151663780212402,14.584934631592967,14.85569209049069,15.17346351777277,15.21485374652294,0.5667291486194355,0.06318996631053686,True,True,2021
2021-02-05,PRIO3,AUTOENCODER,15.674822807312012,14.696035391207163,15.022966120614567,15.115529929287236,15.19408139597109,0.9787874161048489,0.4807414113409223,True,True,2021
2021-02-08,PRIO3,AUTOENCODER,16.191993713378906,14.788994420530225,15.082236458392762,15.513348991933341,15.553741864945213,1.4029992928486816,0.6382518484336934,True,True,2021
2021-02-09,PRIO3,AUTOENCODER,15.523067474365234,14.93104649184521,14.69113872933719,16.001899615688846,15.525702186335437,0.5920209825200242,0.0026347119702023747,True,True,2021
2021-02-10,PRIO3,AUTOENCODER,15.860525131225586,15.065380732920717,15.393669830481713,15.604976899170804,16.030148917968784,0.7951443983048687,0.16962378674319822,True,True,2021
2021-02-11,PRIO3,AUTOENCODER,15.441198348999023,15.206827767872037,14.953639016674828,15.813781066598622,15.306827759561228,0.23437058112698672,0.13437058943779512,True,True,2021
2021-02-12,PRIO3,AUTOENCODER,15.892474174499512,15.352549201775107,15.519411672059908,15.589461594359657,15.89743163488876,0.5399249727244051,0.004957460389247714,True,True,2021
2021-02-16,PRIO3,AUTOENCODER,15.892474174499512,15.476224250879755,15.677365877105995,15.864049363820243,15.9407301262744,0.4162499236197572,0.04825595177488751,True,True,2021
2021-02-17,PRIO3,AUTOENCODER,17.394062042236328,15.582009880919466,15.689576637617712,16.11991289987178,15.986853198637313,1.8120521613168616,1.4072088435990153,True,True,2021
2021-02-18,PRIO3,AUTOENCODER,17.653644561767578,15.708527579774925,15.719963179035265,16.992222917623756,16.911980522507868,1.945116981992653,0.7416640392597103,True,False,2021
2021-02-19,PRIO3,AUTOENCODER,17.74949073791504,15.914133572752663,15.648857556682138,17.373883136469843,17.053172656598083,1.8353571651623763,0.6963180813169565,True,True,2021
2021-02-22,PRIO3,AUTOENCODER,18.408432006835938,16.18405042107175,16.521534151151528,17.63165479336825,18.158002650223604,2.2243815857641884,0.250429356612333,True,True,2021
2021-02-23,PRIO3,AUTOENCODER,17.72153663635254,16.432689306303228,16.59595843300168,18.207029260430666,18.03697412362048,1.288847330049311,0.31543748726794263,True,True,2021
2021-02-24,PRIO3,AUTOENCODER,17.443981170654297,16.63706225048919,16.94816535989678,17.66395213996553,17.759478000888368,0.8069189201651064,0.31549683023407127,True,True,2021
2021-02-25,PRIO3,AUTOENCODER,16.755088806152344,16.830418597257403,16.568188603322056,18.183086216152176,17.529028712508456,0.07532979110505877,0.7739399063561123,False,True,2021
2021-02-26,PRIO3,AUTOENCODER,16.6951847076416,16.96988586132255,16.719790402719692,16.92889113567646,16.87099905145016,0.2747011536809474,0.17581434380855754,True,True,2021
2021-03-01,PRIO3,AUTOENCODER,17.61770248413086,17.055620620308982,17.202743689165622,16.980979857935104,17.248295177538893,0.5620818638218772,0.36940730659196674,True,True,2021
2021-03-02,PRIO3,AUTOENCODER,17.106525421142578,17.111640945730475,16.89814864223425,17.750675261393088,17.391348500504357,0.005115524587896658,0.28482307936177875,False,True,2021
2021-03-03,PRIO3,AUTOENCODER,17.89525604248047,17.12226652457002,17.402861623427416,17.202554661112877,17.616005175157728,0.7729895179104496,0.27925086732274096,True,True,2021
2021-03-04,PRIO3,AUTOENCODER,18.56817626953125,17.11025770155447,17.449368054271044,17.890473901161027,17.959827272224764,1.4579185679767797,0.6083489973064857,True,True,2021
2021-03-05,PRIO3,AUTOENCODER,19.97990798950196,17.131695220645152,17.501859527611384,18.33460755501275,18.510680708834123,2.8482127688568077,1.4692272806678375,True,True,2021
2021-03-08,PRIO3,AUTOENCODER,18.969532012939453,17.265977552834325,17.032484047974158,19.611779385308008,19.196453715356633,1.7035544601051278,0.22692170241717946,True,True,2021
2021-03-09,PRIO3,AUTOENCODER,19.714336395263672,17.48282777646087,17.793317345443274,18.52964922104387,19.04990296694919,2.2315086188028026,0.6644334283144815,True,True,2021
2021-03-10,PRIO3,AUTOENCODER,18.84972381591797,17.72897290773493,17.779278953235966,19.50687643401639,19.194442275535863,1.1207509081830374,0.34471845961789427,True,True,2021
2021-03-11,PRIO3,AUTOENCODER,18.54022026062012,17.939786808653086,18.19437238010392,18.65768764366644,18.80122435175772,0.6004334519670351,0.26100409113760037,True,True,2021
2021-03-12,PRIO3,AUTOENCODER,18.672008514404297,18.10189485681345,18.23527392169639,18.44852053645546,18.302119532138587,0.5701136575908485,0.3698889822657101,True,False,2021
2021-03-15,PRIO3,AUTOENCODER,18.130878448486328,18.242847906379243,18.004179405373893,18.865562011254227,18.524869546249406,0.1119694578929149,0.3939910977630774,False,True,2021
2021-03-16,PRIO3,AUTOENCODER,18.17081451416016,18.360810425091078,18.00935444713243,18.440915256992838,18.218581597724572,0.18999591093091794,0.047767083564412616,True,True,2021
2021-03-17,PRIO3,AUTOENCODER,19.26905059814453,18.43178348815555,18.800362198530035,18.592649400882053,19.143271818303994,0.8372671099889821,0.12577877984053742,True,True,2021
2021-03-18,PRIO3,AUTOENCODER,17.611711502075195,18.466962395713853,18.340057132521952,19.47693307629388,18.930887137062083,0.855250893638658,1.3191756349868875,False,True,2021
2021-03-19,PRIO3,AUTOENCODER,18.755874633789062,18.42674662425043,18.62464695049545,17.833231857475838,18.004291745017248,0.32912800953863197,0.7515828887718143,False,True,2021
2021-03-22,PRIO3,AUTOENCODER,18.08095932006836,18.323557714975454,17.972814814890942,18.982806021402325,18.529149597813607,0.24259839490709467,0.44819027774524756,False,True,2021
2021-03-23,PRIO3,AUTOENCODER,17.378087997436523,18.272442779312545,17.854362971593723,18.296047029461715,18.129725839686337,0.8943547818760216,0.7516378422498136,True,True,2021
2021-03-24,PRIO3,AUTOENCODER,17.573772430419922,18.177123597591976,18.53386797858772,17.76835959852969,18.28343505566233,0.603351167172054,0.7096626252424088,False,True,2021
2021-03-25,PRIO3,AUTOENCODER,17.85332489013672,18.06587604645495,17.959114113095424,17.97199679805127,17.664423434724526,0.21255115631823074,0.18890145541219283,True,True,2021
2021-03-26,PRIO3,AUTOENCODER,18.47233009338379,17.943532758122647,18.45430917850975,18.02401182367096,18.709070358404773,0.5287973352611424,0.236740265020984,True,True,2021
2021-03-29,PRIO3,AUTOENCODER,18.84972381591797,17.84579045256869,18.263403725569145,18.435195588796613,18.453204662308192,1.0039333633492795,0.39651915360977696,True,True,2021
2021-03-30,PRIO3,AUTOENCODER,18.42440795898437,17.848672246725588,17.590456827141676,18.723614765091313,18.22248672096184,0.5757357122587834,0.20192123802253192,True,True,2021
2021-03-31,PRIO3,AUTOENCODER,18.426403045654297,17.898853247917156,17.543981207910722,18.416805130367408,18.272200233251034,0.5275497977371408,0.1542028124032626,True,True,2021
2021-04-01,PRIO3,AUTOENCODER,18.166820526123047,17.939139224021933,18.163658895285117,18.466951864193035,18.87897459539231,0.22768130210111437,0.7121540692692641,False,True,2021
2021-04-05,PRIO3,AUTOENCODER,18.09493637084961,17.999426715189703,17.64256065294021,18.3163216260805,17.620223831013114,0.09550965565990666,0.47471253983649575,False,True,2021
2021-04-06,PRIO3,AUTOENCODER,18.66801643371582,18.05591209317483,18.39217363099577,18.305801324379406,18.929649171258806,0.6121043405409914,0.26163273754298544,True,True,2021
2021-04-07,PRIO3,AUTOENCODER,18.8896598815918,18.097327725781387,18.068042732702907,18.57109274366663,18.35235020831472,0.7923321558104135,0.537309673277079,True,False,2021
2021-04-08,PRIO3,AUTOENCODER,18.919612884521484,18.159660937649935,17.86322327676954,18.870266892832863,18.64344928994658,0.7599519468715492,0.27616359457490347,True,True,2021
2021-04-09,PRIO3,AUTOENCODER,18.86769676208496,18.23917513992976,18.23917513992976,18.77648814606894,19.17379211875226,0.6285216221552012,0.30609535666729926,True,False,2021
2021-04-12,PRIO3,AUTOENCODER,19.350919723510746,18.325620454983227,18.78508119087279,18.903175487953856,19.23930757277711,1.0252992685275188,0.11161215073363451,True,True,2021
2021-04-13,PRIO3,AUTOENCODER,20.067768096923828,18.407225479127366,18.66123583304255,19.27591108871589,19.15599023431019,1.6605426177964624,0.9117778626136364,True,True,2021
2021-04-14,PRIO3,AUTOENCODER,20.32735061645508,18.509782972112834,18.716416115584234,19.793084993571657,19.880599861285955,1.8175676443422475,0.446750755169127,True,True,2021
2021-04-15,PRIO3,AUTOENCODER,19.488698959350582,18.708638256971074,18.350269269663237,20.052763681615787,19.53276797588629,0.7800607023795081,0.04406901653570827,True,True,2021
2021-04-16,PRIO3,AUTOENCODER,19.596525192260746,18.903186806194274,18.903186806194274,19.39933199045778,19.70424091660374,0.6933383860664719,0.10771572434299514,True,False,2021
2021-04-19,PRIO3,AUTOENCODER,19.1692123413086,19.06196247404505,19.299567397810364,19.698215879350844,19.82605724828297,0.10724986726355112,0.6568449069743707,False,True,2021
2021-04-20,PRIO3,AUTOENCODER,18.562185287475582,19.163831536062577,18.77819885575527,19.404047794136424,18.757150434878977,0.6016462485869951,0.1949651474033942,True,True,2021
2021-04-21,PRIO3,AUTOENCODER,18.562185287475582,19.189294121257536,19.255114753271275,18.981491061374356,19.307242798629893,0.6271088337819535,0.745057511154311,False,True,2021
2021-04-22,PRIO3,AUTOENCODER,18.16482353210449,19.173155563399693,19.188687205048577,18.942624312460552,18.825983778242225,1.008332031295204,0.6611602461377366,True,False,2021
2021-04-23,PRIO3,AUTOENCODER,18.34054183959961,19.121870434666835,19.047992130875468,18.596767788728584,18.513630669945154,0.781328595067226,0.17308883034554512,True,False,2021
2021-04-26,PRIO3,AUTOENCODER,18.03103828430176,19.052627384158388,19.052627384158388,18.686035935470063,18.819243357919806,1.0215890998566266,0.7882050736180446,True,False,2021
2021-04-27,PRIO3,AUTOENCODER,17.987110137939453,18.977422470409653,18.641972496387705,18.51613713529599,18.13373013540411,0.9903123324702001,0.14661999746465781,True,True,2021
2021-04-28,PRIO3,AUTOENCODER,18.42440795898437,18.895385155867846,19.20321905944358,18.475005924860334,19.067606781837593,0.4709771968834744,0.6431988228532219,False,True,2021
2021-04-29,PRIO3,AUTOENCODER,18.49030113220215,18.82604339337883,19.12753477900568,18.782336937279577,18.763898163093412,0.33574226117668005,0.2735970308912634,True,True,2021
2021-04-30,PRIO3,AUTOENCODER,18.28662872314453,18.792548546247662,18.746710322864107,18.770129193614,18.48858930117446,0.505919823103131,0.2019605780299294,True,True,2021
2021-05-03,PRIO3,AUTOENCODER,18.342538833618164,18.754283187365846,19.02000237471977,18.57004475969128,18.880215220206725,0.41174435374768237,0.5376763865885614,False,True,2021
2021-05-04,PRIO3,AUTOENCODER,19.021448135375977,18.73233253616927,19.023967513288373,18.64653592336862,18.679770273342232,0.28911559920670626,0.3416778620337446,False,True,2021
2021-05-05,PRIO3,AUTOENCODER,19.36888885498047,18.710481447918614,19.042191267275133,19.150261755875036,19.322472172271716,0.6584074070618549,0.04641668270875243,True,True,2021
2021-05-06,PRIO3,AUTOENCODER,19.1692123413086,18.76082030318256,18.749310246395456,19.175742658779335,19.03233694763217,0.40839203812604197,0.13687539367642998,True,False,2021
2021-05-07,PRIO3,AUTOENCODER,19.1791934967041,18.852862417341274,19.134537945225127,19.253367924618505,19.55814844440138,0.3263310793628271,0.37895494769727733,False,True,2021
2021-05-10,PRIO3,AUTOENCODER,18.45036506652832,18.948639418420004,18.610450571852805,19.322803083976904,18.70236216530248,0.4982743518916841,0.251997098774158,True,True,2021
2021-05-11,PRIO3,AUTOENCODER,18.1408634185791,19.02887013352431,18.67534637834912,18.785660113552527,18.67316965609921,0.8880067149452096,0.5323062375201069,True,True,2021
2021-05-12,PRIO3,AUTOENCODER,17.78143882751465,19.060133749508456,19.08203971431982,18.613865857270316,18.78927011228971,1.2786949219938073,1.0078312847750617,True,True,2021
2021-05-13,PRIO3,AUTOENCODER,17.302209854125977,19.04594900809362,18.762526980761585,18.328922665095085,17.88426418286703,1.743739153967642,0.5820543287410551,True,True,2021
2021-05-14,PRIO3,AUTOENCODER,18.290620803833008,18.9596704822487,19.22422949899205,17.875817996295627,18.345182233299994,0.6690496784156927,0.054561429466986056,True,True,2021
2021-05-17,PRIO3,AUTOENCODER,18.779834747314453,18.88000821199802,19.186736132799496,18.73866319868523,18.809913646215914,0.10017346468356791,0.030078898901461315,True,True,2021
2021-05-18,PRIO3,AUTOENCODER,18.60012435913086,18.8573844472098,18.8573844472098,19.217927334779947,18.95213956102009,0.2572600880789402,0.3520152018892304,False,True,2021
2021-05-19,PRIO3,AUTOENCODER,18.2307186126709,18.894328256903467,18.579063230019177,18.84262052068329,18.556773716000027,0.6636096442325687,0.32605510332912857,True,True,2021
2021-05-20,PRIO3,AUTOENCODER,17.701568603515625,18.912452116922257,18.614133642819947,18.57384709164106,18.47411019602089,1.2108835134066318,0.7725415925052666,True,True,2021
2021-05-21,PRIO3,AUTOENCODER,17.991104125976562,18.887828583562143,19.13893615748217,18.155995494941415,18.511657558469455,0.8967244575855808,0.5205534324928927,True,True,2021
2021-05-24,PRIO3,AUTOENCODER,19.1692123413086,18.85172467666867,19.180034624612805,18.429043313079774,18.457469567618514,0.3174876646399305,0.7117427736900872,False,True,2021
2021-05-25,PRIO3,AUTOENCODER,18.7998046875,18.8409352869993,18.555946217673036,19.329861444742633,18.877474219203673,0.04113059949930076,0.0776695317036733,False,True,2021
2021-05-26,PRIO3,AUTOENCODER,18.81977272033692,18.89694837921532,18.949224489628758,18.763386868320723,19.141628185237874,0.07717565887839939,0.3218554649009526,False,False,2021
2021-05-27,PRIO3,AUTOENCODER,19.299001693725582,18.964200170805373,19.2716028985347,19.01988354186571,19.1849731342341,0.33480152292020904,0.1140285594914836,True,True,2021
2021-05-28,PRIO3,AUTOENCODER,19.62847328186035,19.042536637041156,19.40625269543656,19.419912924986058,19.541832510327353,0.5859366448191956,0.08664077153299843,True,True,2021
2021-05-31,PRIO3,AUTOENCODER,19.698360443115234,19.16708307466394,19.15532376931016,19.53560968672875,19.30501500890917,0.5312773684512955,0.39334543420606494,True,False,2021
2021-06-01,PRIO3,AUTOENCODER,19.62847328186035,19.32649781749237,19.63672806734586,19.763221606935243,20.110666839864045,0.30197546436798106,0.48219355800369357,False,True,2021
2021-06-02,PRIO3,AUTOENCODER,20.24748039245605,19.492276079206164,19.900086935222703,19.78076061144114,19.88470521705405,0.7552043132498873,0.36277517540199966,True,True,2021
2021-06-03,PRIO3,AUTOENCODER,20.24748039245605,19.654097352043664,19.76136393049243,20.14707035853162,20.0090258444708,0.5933830404123874,0.23845454798525267,True,False,2021
2021-06-04,PRIO3,AUTOENCODER,20.46712684631348,19.80580405073414,19.80580405073414,20.124799106646087,20.096172418872605,0.6613227955793413,0.3709544274408749,True,False,2021
2021-06-07,PRIO3,AUTOENCODER,19.66840934753418,19.969676150064515,19.576772343914882,20.522814599129863,20.12007625310212,0.30126680253033555,0.4516669055679401,False,True,2021
2021-06-08,PRIO3,AUTOENCODER,19.289018630981445,20.092792114934383,19.77350620858772,19.918393010592634,19.813418500544312,0.8037734839529378,0.5243998695628669,True,True,2021
2021-06-09,PRIO3,AUTOENCODER,18.969532012939453,20.151815071592438,20.151815071592438,19.54768072859987,19.728454065802268,1.1822830586529847,0.7589220528628147,True,False,2021
2021-06-10,PRIO3,AUTOENCODER,19.488698959350582,20.16788640318765,20.694527696724442,19.501204665493862,19.90323926169722,0.6791874438370691,0.4145403023466372,True,True,2021
2021-06-11,PRIO3,AUTOENCODER,19.65842628479004,20.171351534091798,19.734874701430655,19.77224267124566,18.918239302025125,0.5129252493017589,0.7401869827649143,False,False,2021
2021-06-14,PRIO3,AUTOENCODER,19.348920822143555,20.181661830269263,20.181661830269263,19.836693325093687,20.308338783727496,0.8327410081257085,0.9594179615839415,False,False,2021
2021-06-15,PRIO3,AUTOENCODER,20.04780006408692,20.191430912484293,20.569685680164707,19.747004498078034,19.993561733452502,0.14363084839737184,0.054238330634419185,True,True,2021
2021-06-16,PRIO3,AUTOENCODER,20.017847061157227,20.198436059243363,20.035357168932517,20.13883236688378,19.67552731768843,0.1805889980861366,0.3423197434687957,False,False,2021
2021-06-17,PRIO3,AUTOENCODER,19.10930633544922,20.24308450921359,19.934837896002247,20.24524889797267,20.104719091838646,1.1337781737643695,0.9954127563894275,True,True,2021
2021-06-18,PRIO3,AUTOENCODER,18.969532012939453,20.24988202042732,20.289725640892243,19.594060902991767,19.80145769518618,1.2803500074878684,0.8319256822467267,True,True,2021
2021-06-21,PRIO3,AUTOENCODER,19.388858795166016,20.195924009530927,20.659460929866718,19.47556595350168,19.84159838989437,0.8070652143649113,0.452739594728353,True,True,2021
2021-06-22,PRIO3,AUTOENCODER,19.299001693725582,20.154684526751765,20.154684526751765,19.5845082669748,19.24526588888898,0.855682833026183,0.05373580483660234,True,False,2021
2021-06-23,PRIO3,AUTOENCODER,19.4587459564209,20.1295759431423,20.1295759431423,19.464764379791138,19.535967783840157,0.6708299867214009,0.0772218274192582,True,False,2021
2021-06-24,PRIO3,AUTOENCODER,19.41880989074707,20.126212928080122,20.126212928080122,19.599712286386534,19.62713078673764,0.7074030373330515,0.20832089599057113,True,False,2021
2021-06-25,PRIO3,AUTOENCODER,19.04940223693848,20.138046452233624,19.91218562029479,19.781568781536688,19.529174815066366,1.0886442152951439,0.47977257812788565,True,True,2021
2021-06-28,PRIO3,AUTOENCODER,18.73990058898925,20.129497654330123,19.85960080788365,19.453784870729432,19.305398657928386,1.3895970653408725,0.5654980689391351,True,True,2021
2021-06-29,PRIO3,AUTOENCODER,18.94956398010254,20.09658231460213,20.169946733780275,19.01754868354821,19.29213296182188,1.1470183344995917,0.34256898171934225,True,False,2021
2021-06-30,PRIO3,AUTOENCODER,19.4587459564209,20.041833756895826,20.426724050479603,19.39393466610661,19.67249776555581,0.583087800474928,0.2137518091349122,True,True,2021
2021-07-01,PRIO3,AUTOENCODER,20.507062911987305,19.98982190375429,20.39982372620604,19.747515749063435,19.858396260907213,0.5172410082330146,0.6486666510800916,False,True,2021
2021-07-02,PRIO3,AUTOENCODER,21.225908279418945,19.98347029838382,20.341388572352507,20.535903769955397,20.629776681607694,1.242437981035124,0.5961315978112509,True,True,2021
2021-07-05,PRIO3,AUTOENCODER,21.455537796020508,20.07527584417531,20.08789295117218,20.81174845050086,20.62765783205144,1.380261951845199,0.8278799639690675,True,False,2021
2021-07-06,PRIO3,AUTOENCODER,20.2075424194336,20.27083619119935,19.892164294394338,21.25802427946398,20.914916750771145,0.0632937717657498,0.7073743313375438,False,True,2021
2021-07-07,PRIO3,AUTOENCODER,19.80818557739257,20.44903684508867,20.169469349082938,20.28497874429726,20.21760260100316,0.6408512676960996,0.4094170236105903,True,True,2021
2021-07-08,PRIO3,AUTOENCODER,19.54860115051269,20.541552095981842,20.353175291607634,20.146340777690536,20.038429545705384,0.9929509454691505,0.48982839519269206,True,True,2021
2021-07-09,PRIO3,AUTOENCODER,19.54860115051269,20.561612753136643,20.703359125967573,20.015615469712785,20.206439619009828,1.0130116026239513,0.6578384684971361,True,True,2021
2021-07-12,PRIO3,AUTOENCODER,19.40882682800293,20.548672974028477,20.515694527223452,19.779187677625,19.599706598544827,1.1398461460255476,0.19087977054189764,True,False,2021
2021-07-13,PRIO3,AUTOENCODER,19.538618087768555,20.516880908562143,20.767002193377387,19.902668915499422,20.180130209716573,0.9782628207935886,0.6415121219480184,True,True,2021
2021-07-14,PRIO3,AUTOENCODER,19.3189697265625,20.463337317791073,20.140555717290837,20.00341698355715,19.441023344984558,1.1443675912285727,0.12205361842205775,True,True,2021
2021-07-15,PRIO3,AUTOENCODER,18.919612884521484,20.41972789651288,20.05263318154787,19.781642781309415,19.71774822698593,1.5001150119913973,0.7981353424644446,True,True,2021
2021-07-16,PRIO3,AUTOENCODER,18.81977272033692,20.331959330340567,20.05008602941174,19.41496850926719,19.34357745628968,1.5121866100036456,0.5238047359527584,True,True,2021
2021-07-19,PRIO3,AUTOENCODER,18.17081451416016,20.226688108854773,20.02597858654582,19.294396203427826,19.21273256368738,2.0558735946946136,1.0419180495272187,True,True,2021
2021-07-20,PRIO3,AUTOENCODER,18.769851684570312,20.035657450387404,20.332579962420564,18.67081768042563,19.057602067382724,1.2658057658170918,0.28775038281241194,True,True,2021
2021-07-21,PRIO3,AUTOENCODER,18.969532012939453,19.847714945174246,20.017797737064722,19.203075894086048,19.079542325707152,0.8781829322347932,0.11001031276769879,True,True,2021
2021-07-22,PRIO3,AUTOENCODER,19.02943420410156,19.725337618227954,19.89749307176217,19.287053098338603,19.372197350263907,0.6959034141263949,0.3427631461623477,True,True,2021
2021-07-23,PRIO3,AUTOENCODER,18.919612884521484,19.65983711332767,19.6646498038888,19.075669180133186,18.99613685535701,0.7402242288061842,0.07652397083552387,True,False,2021
2021-07-26,PRIO3,AUTOENCODER,18.719932556152344,19.627577867884327,19.943983160431358,19.150842412979745,19.45066624182987,0.9076453117319829,0.7307336856775279,True,True,2021
2021-07-27,PRIO3,AUTOENCODER,17.92121696472168,19.605090257552064,19.279334412058546,19.039769719483846,18.417904623027837,1.6838732928303841,0.4966876583061577,True,True,2021
2021-07-28,PRIO3,AUTOENCODER,17.971134185791016,19.528132355182862,19.892831741198027,18.339890364145624,19.003769757778457,1.5569981693918464,1.0326355719874414,True,True,2021
2021-07-29,PRIO3,AUTOENCODER,18.35052490234375,19.410774021869344,19.626237179808875,18.436508393873197,18.25243014724596,1.0602491195255936,0.0980947550977902,True,True,2021
2021-07-30,PRIO3,AUTOENCODER,17.82137680053711,19.33761227592534,18.976540293466822,18.753099313425974,18.274618254057575,1.516235475388232,0.45324145352046585,True,True,2021
2021-08-02,PRIO3,AUTOENCODER,17.561792373657227,19.265397654415597,18.993310148453013,18.33516976136993,18.41822896566712,1.7036052807583708,0.8564365920098922,True,True,2021
2021-08-03,PRIO3,AUTOENCODER,17.871295928955078,19.182228555958634,19.190866294938143,17.83041883332982,18.012353911617552,1.310932627003556,0.14105798266247405,True,False,2021
2021-08-04,PRIO3,AUTOENCODER,17.27225685119629,19.083873980835538,18.732847788726595,18.261324882713485,17.856225098584353,1.8116171296392487,0.5839682473880643,True,True,2021
2021-08-05,PRIO3,AUTOENCODER,17.242305755615234,18.957655396300513,19.43419248956373,17.9537677978356,18.774218269536878,1.7153496406852788,1.5319125139216432,True,True,2021
2021-08-06,PRIO3,AUTOENCODER,17.441984176635742,18.827959767346446,19.04954956262175,17.463617027220018,17.235350433524633,1.3859755907107036,0.20663374311110871,True,False,2021
2021-08-09,PRIO3,AUTOENCODER,17.551809310913086,18.711848949235648,18.581485253957254,17.925096383901554,17.640978938755136,1.1600396383225622,0.0891696278420504,True,True,2021
2021-08-10,PRIO3,AUTOENCODER,18.689979553222656,18.59607000761125,18.889224169756012,17.80035402374778,18.219018870975702,0.09390954561140674,0.47096068224695387,False,True,2021
2021-08-11,PRIO3,AUTOENCODER,18.270652770996094,18.517147226249495,18.183509604392803,18.76039229193106,18.16712389286598,0.2464944552534014,0.10352887813011336,True,True,2021
2021-08-12,PRIO3,AUTOENCODER,17.72153663635254,18.510369287238806,18.214301506776064,18.295268660259598,18.308108568127025,0.7888326508862669,0.5865719317744862,True,True,2021
2021-08-13,PRIO3,AUTOENCODER,17.392065048217773,18.527616652947362,18.527616652947362,17.736790151227712,17.93733222220466,1.1355516047295886,0.5452671739868862,True,False,2021
2021-08-16,PRIO3,AUTOENCODER,16.74310874938965,18.528258280821067,18.241342277784575,17.69496635019718,17.33577460138532,1.7851495314314185,0.5926658519956725,True,True,2021
2021-08-17,PRIO3,AUTOENCODER,16.7231388092041,18.46227527856748,18.29065372899691,16.93190427664987,17.030685925555947,1.7391364693633768,0.30754711635184506,True,False,2021
2021-08-18,PRIO3,AUTOENCODER,17.252290725708008,18.343476260916848,18.611410288527022,17.127968608044018,17.49838266345638,1.0911855352088402,0.24609193774837124,True,True,2021
2021-08-19,PRIO3,AUTOENCODER,18.070974349975582,18.20279807315902,18.45089241965555,17.518933585101426,17.530613509746754,0.13182372318343738,0.5403608402288285,False,True,2021
2021-08-20,PRIO3,AUTOENCODER,18.001087188720703,18.09199472593456,17.853599886069624,18.103828167369983,17.726941393252226,0.09090753721385525,0.2741457954684776,False,True,2021
2021-08-23,PRIO3,AUTOENCODER,18.65004539489746,18.06136593010132,18.384332109653723,17.99881589592409,18.565475656582766,0.5886794647961402,0.08456973831469483,True,True,2021
2021-08-24,PRIO3,AUTOENCODER,19.04940223693848,18.11316844576682,18.378527511916733,18.614196808520312,18.55764190124076,0.9362337911716594,0.4917603356977196,True,True,2021
2021-08-25,PRIO3,AUTOENCODER,18.8896598815918,18.25825208114026,18.241224652090047,18.72792894719867,18.57597114777614,0.6314078004515409,0.31368873381565976,True,False,2021
2021-08-26,PRIO3,AUTOENCODER,18.03103828430176,18.452394719891632,18.166088289859797,18.81591129602795,18.559492922203525,0.4213564355898711,0.5284546379017634,False,True,2021
2021-08-27,PRIO3,AUTOENCODER,19.36888885498047,18.607784396615788,19.091473504734385,18.16143063846844,18.818716536705814,0.7611044583646809,0.5501723182746545,True,True,2021
2021-08-30,PRIO3,AUTOENCODER,19.26905059814453,18.73598062462361,18.692712227182955,19.192813440809424,18.75458335330409,0.5330699735209201,0.5144672448404428,True,False,2021
2021-08-31,PRIO3,AUTOENCODER,19.139259338378903,18.907817759627566,19.0622921908595,19.21238320149019,19.452896321732553,0.23144157875133686,0.31363698335364987,False,True,2021
2021-09-01,PRIO3,AUTOENCODER,18.60012435913086,19.076031484172322,18.83157224859794,19.203530996700696,18.773286968511332,0.4759071250414628,0.1731626093804728,True,True,2021
2021-09-02,PRIO3,AUTOENCODER,18.73990058898925,19.196951958439858,19.372794580640495,18.791558775916307,19.147907681566252,0.45705136945060687,0.40800709257700163,True,True,2021
2021-09-03,PRIO3,AUTOENCODER,18.120893478393555,19.27647381940783,19.01791472060449,18.984483320595128,18.50533342924361,1.155580341014275,0.3844399508500551,True,True,2021
2021-09-06,PRIO3,AUTOENCODER,18.50028610229492,19.264289697530234,19.539878641677785,18.393717093784172,18.876654655200607,0.7640035952353159,0.3763685529056886,True,True,2021
2021-09-07,PRIO3,AUTOENCODER,18.50028610229492,19.257502397900698,19.35659144441108,18.566964369199827,18.435617716159715,0.7572162956057795,0.0646683861352031,True,False,2021
2021-09-08,PRIO3,AUTOENCODER,18.2307186126709,19.250243663467405,19.098704178953252,18.505027852566176,18.36725559446993,1.0195250507965063,0.13653698179903273,True,False,2021
2021-09-09,PRIO3,AUTOENCODER,19.74828147888184,19.222689405442782,19.652255898693824,18.505985002016057,19.053991331743525,0.5255920734390571,0.6942901471383145,False,True,2021
2021-09-10,PRIO3,AUTOENCODER,19.069372177124023,19.198703245129625,18.88096105338941,19.776444010541734,19.128271883392646,0.12933106800560168,0.05889970626862251,True,True,2021
2021-09-13,PRIO3,AUTOENCODER,19.488698959350582,19.24937227494927,19.74517182925695,19.068227557748386,19.866962502492616,0.23932668440131266,0.37826354314203314,False,True,2021
2021-09-14,PRIO3,AUTOENCODER,19.598520278930664,19.343185248000797,19.343185248000797,19.332652311414115,18.897169664543494,0.2553350309298672,0.7013506143871702,False,False,2021
2021-09-15,PRIO3,AUTOENCODER,21.05618095397949,19.446776663886197,19.721678576074595,19.61893747383365,19.97102832211319,1.6094042900932912,1.085152631866297,True,True,2021
2021-09-16,PRIO3,AUTOENCODER,20.85650062561035,19.58306812526611,19.554421582133404,20.661287039056308,20.49235247445019,1.2734325003442422,0.36414815116016186,True,False,2021
2021-09-17,PRIO3,AUTOENCODER,20.03781509399414,19.794559394602658,19.873936464261487,20.565911051665164,20.66241633565468,0.24325569939148295,0.6246012416605389,False,True,2021
2021-09-20,PRIO3,AUTOENCODER,18.89964485168457,19.976058390187575,20.11017655410573,19.978759288409176,19.946657739594368,1.0764135385030045,1.0470128879097977,True,True,2021
2021-09-21,PRIO3,AUTOENCODER,19.229114532470703,19.98202450825461,20.381181404997488,19.099052118764877,19.3175089793133,0.7529099757839077,0.0883944468425959,True,True,2021
2021-09-22,PRIO3,AUTOENCODER,20.666805267333984,19.936498713008802,20.31161349374629,19.503114662024174,19.56841332543274,0.7303065543251819,1.0983919419012445,False,True,2021
2021-09-23,PRIO3,AUTOENCODER,21.13605117797852,19.968105268028893,20.343814741251098,20.627391160833778,20.81667369214711,1.1679459099496263,0.31937748583141,True,True,2021
2021-09-24,PRIO3,AUTOENCODER,21.954736709594727,20.08473857886443,20.371981424800477,20.87886296902996,20.905700094825434,1.8699981307302949,1.0490366147692924,True,True,2021
2021-09-27,PRIO3,AUTOENCODER,23.072940826416016,20.260340384575642,20.6181785536857,21.575170045821142,21.75195249214449,2.812600441840374,1.3209883342715258,True,True,2021
2021-09-28,PRIO3,AUTOENCODER,21.894832611083984,20.58159086665252,20.069315051267328,22.57764973702062,21.793974335766997,1.3132417444314655,0.10085827531698754,True,True,2021
2021-09-29,PRIO3,AUTOENCODER,22.81335830688477,20.928271597241064,21.346330535237858,21.535517016732893,22.332334120779397,1.885086709643705,0.48102418610537256,True,True,2021
2021-09-30,PRIO3,AUTOENCODER,24.979877471923828,21.265170481134334,21.69628367144565,22.601207971408698,22.521414621139115,3.7147069907894945,2.458462850784713,True,True,2021
2021-10-01,PRIO3,AUTOENCODER,26.3077449798584,21.626852028908118,22.25171464266237,24.338115724164638,24.767323570400254,4.68089295095028,1.540421409458144,True,True,2021
2021-10-04,PRIO3,AUTOENCODER,26.01820945739746,22.102100008396974,22.56315912761411,25.534258041355415,25.482730017326833,3.916109449000487,0.5354794400706275,True,True,2021
2021-10-05,PRIO3,AUTOENCODER,26.15798568725586,22.701229821570465,23.254035702999666,25.457509439461564,25.56759358961456,3.4567558656853947,0.5903920976412991,True,True,2021
2021-10-06,PRIO3,AUTOENCODER,26.207904815673828,23.335412599430498,22.987327435904962,25.71176896457279,24.826064048052444,2.87249221624333,1.3818407676213837,True,True,2021
2021-10-07,PRIO3,AUTOENCODER,26.65718460083008,23.860493109800203,23.860493109800203,25.629011060420567,26.032639455852355,2.796691491029879,0.6245451449777271,True,False,2021
2021-10-08,PRIO3,AUTOENCODER,26.97667121887207,24.36902319508279,24.928362187320086,26.409623527269463,26.888122269275797,2.607648023789281,0.08854894959627302,True,True,2021
2021-10-11,PRIO3,AUTOENCODER,27.745437622070312,24.85812999625753,25.491722915653003,26.813124924342343,26.89756444484219,2.887307625812781,0.8478731772281236,True,True,2021
2021-10-12,PRIO3,AUTOENCODER,27.745437622070312,25.369834182294653,25.26396921194175,27.348844767141834,26.766603458045942,2.3756034397756594,0.9788341640243701,True,False,2021
2021-10-13,PRIO3,AUTOENCODER,26.906784057617188,25.838013192623208,25.838013192623208,27.371786173549363,27.53199810774027,1.0687708649939793,0.6252140501230841,True,False,2021
2021-10-14,PRIO3,AUTOENCODER,28.1048583984375,26.187453603840964,26.76057543424599,26.923887044683084,27.41344610416174,1.9174047945965356,0.6914122942757608,True,True,2021
2021-10-15,PRIO3,AUTOENCODER,27.69551658630371,26.4915698986008,26.620897587708484,27.798893104655598,27.46394698230847,1.20394668770291,0.23156960399523996,True,False,2021
2021-10-18,PRIO3,AUTOENCODER,27.11644554138184,26.779322129685113,26.319054089752722,27.618277259640166,27.050526755620375,0.33712341169672655,0.0659187857614647,True,True,2021
2021-10-19,PRIO3,AUTOENCODER,26.72707176208496,26.99697013332704,27.6166280468573,27.232901028897206,28.191869827800154,0.2698983712420784,1.4647980657151933,False,True,2021
2021-10-20,PRIO3,AUTOENCODER,26.81692695617676,27.12260495563214,27.193099708864125,26.670847396559708,26.167072843842583,0.30567799945538,0.6498541123341788,False,False,2021
2021-10-21,PRIO3,AUTOENCODER,26.24784278869629,27.189432966478023,26.800540557929093,27.053745713668214,26.661602320411234,0.9415901777817339,0.41375953171494473,True,True,2021
2021-10-22,PRIO3,AUTOENCODER,26.437536239624023,27.137466214500023,27.176423591774306,26.178793599666818,26.6074418723375,0.6999299748759995,0.16990563271347625,True,False,2021
2021-10-25,PRIO3,AUTOENCODER,27.37602996826172,26.969199730103583,27.456957113887878,26.572680223161093,26.95948916305044,0.4068302381581361,0.41654080521128023,False,True,2021
2021-10-26,PRIO3,AUTOENCODER,27.10646247863769,26.92790067974994,27.567405704814803,27.370378946360987,27.59599872842284,0.1785617988877526,0.48953624978514654,False,True,2021
2021-10-27,PRIO3,AUTOENCODER,25.3093490600586,26.946141972986993,26.60162850155832,27.141986638917597,26.281020602417787,1.6367929129283922,0.9716715423591857,True,True,2021
2021-10-28,PRIO3,AUTOENCODER,23.472299575805664,26.899371215434513,26.476476883270834,25.673244069746413,25.508274714784356,3.427071639628849,2.035975138978692,True,True,2021
2021-10-29,PRIO3,AUTOENCODER,23.43236351013184,26.60327441813064,26.60327441813064,24.069671637421497,24.19820857637335,3.170910907998799,0.7658450662415106,True,True,2021
2021-11-01,PRIO3,AUTOENCODER,23.36247444152832,26.21043137021468,26.876480146341237,23.97587757592212,24.54915953387925,2.847956928686358,1.1866850923509311,True,True,2021
2021-11-02,PRIO3,AUTOENCODER,23.36247444152832,25.822227785385508,25.657155835658056,23.603165333819938,22.86670811817033,2.4597533438571872,0.49576632335799076,True,False,2021
2021-11-03,PRIO3,AUTOENCODER,23.76183319091797,25.476237187695602,25.482892085144222,23.742956116026118,23.97670244703922,1.7144039967776337,0.21486925612125063,True,True,2021
2021-11-04,PRIO3,AUTOENCODER,23.35249137878418,25.131643875109972,24.905416984556204,23.979839072076622,23.723349239835926,1.7791524963257928,0.37085786105174634,True,True,2021
2021-11-05,PRIO3,AUTOENCODER,27.52578926086425,24.843935894223847,24.9830887591099,23.546933858230478,23.853089715619582,2.6818533666404036,3.6726995452446687,False,True,2021
2021-11-08,PRIO3,AUTOENCODER,27.715484619140625,24.715600107898666,25.31369367079441,27.349199933614265,27.90947725535086,2.9998845112419588,0.1939926362102362,True,True,2021
2021-11-09,PRIO3,AUTOENCODER,26.457504272460938,24.888214174266935,24.876549157767894,27.065945264160174,26.536982329530854,1.5692900981940028,0.07947805706991673,True,True,2021
2021-11-10,PRIO3,AUTOENCODER,25.66876983642578,25.172085152391077,24.88103516183505,26.135059671983925,25.86833154517999,0.49668468403470456,0.1995617087542101,True,True,2021
2021-11-11,PRIO3,AUTOENCODER,25.628835678100582,25.40319883172731,24.811354186353526,25.60183558845834,25.150672502404774,0.22563684637327341,0.47816317569580846,False,True,2021
2021-11-12,PRIO3,AUTOENCODER,24.32093620300293,25.57047138859525,25.93084594190935,25.757587069840138,26.53542633631083,1.2495351855923218,2.2144901333079012,False,True,2021
2021-11-15,PRIO3,AUTOENCODER,24.32093620300293,25.588605460198238,25.720271055465556,24.364857777276914,24.04112709174635,1.2676692571953083,0.27980911125657926,True,False,2021
2021-11-16,PRIO3,AUTOENCODER,23.472299575805664,25.511911357087456,25.311079514976246,24.506366875335914,24.30201634780481,2.039611781281792,0.829716771999145,True,False,2021
2021-11-17,PRIO3,AUTOENCODER,23.02301979064941,25.36395741558934,24.937211790237928,23.958561218060648,23.67007649716546,2.3409376249399294,0.6470567065160502,True,True,2021
2021-11-18,PRIO3,AUTOENCODER,22.004657745361328,25.137745296667617,24.73114957960126,23.604655443476123,23.48110995203032,3.1330875513062892,1.4764522066689914,True,True,2021
2021-11-19,PRIO3,AUTOENCODER,21.425586700439453,24.849247619936932,24.459763668186277,22.657589512820273,22.478789022704298,3.423660919497479,1.0532023222648448,True,True,2021
2021-11-22,PRIO3,AUTOENCODER,21.49547576904297,24.437243385240848,24.437243385240848,21.837266870776496,22.15984581211954,2.941767616197879,0.6643700430765698,True,False,2021
2021-11-23,PRIO3,AUTOENCODER,22.63364601135254,24.01893775212993,24.55543230639756,22.117664191870688,22.5547631943943,1.3852917407773901,0.07888281695823807,True,True,2021
2021-11-24,PRIO3,AUTOENCODER,21.86488151550293,23.68082709357863,23.509356745768887,23.055515666252518,22.405589282821982,1.8159455780756986,0.5407077673190521,True,True,2021
2021-11-25,PRIO3,AUTOENCODER,22.044591903686523,23.429760829687012,23.852005510822714,22.160441389275043,22.79500506503819,1.385168926000489,0.7504131613516662,True,True,2021
2021-11-26,PRIO3,AUTOENCODER,20.1176872253418,23.220213165209273,22.77961255975214,22.37917517473221,21.50879708480984,3.1025259398674727,1.3911098594680382,True,True,2021
2021-11-29,PRIO3,AUTOENCODER,20.806581497192383,22.822328147596096,23.312499636559764,20.36067115684177,21.209822708866685,2.015746650403713,0.4032412116743025,True,True,2021
2021-11-30,PRIO3,AUTOENCODER,20.257463455200195,22.439742636005917,21.97069525414421,21.229949595065488,20.227577921601515,2.182279180805722,0.02988553359868007,True,True,2021
2021-12-01,PRIO3,AUTOENCODER,20.27742958068848,22.059349211156672,21.622978658553176,20.49967712598592,20.50227699972193,1.7819196304681917,0.2248474190334484,True,True,2021
2021-12-02,PRIO3,AUTOENCODER,20.926387786865234,21.745802518391002,22.25230044895638,20.576902967608216,21.37406336118209,0.819414731525768,0.4476755743168539,True,True,2021
2021-12-03,PRIO3,AUTOENCODER,21.175987243652344,21.4685443919997,21.46753883639223,20.859159614702072,20.40816737413679,0.29255714834735613,0.7678198695155523,False,False,2021
2021-12-06,PRIO3,AUTOENCODER,21.575345993041992,21.32188902362529,21.58083900251492,21.202237741240467,21.532213908600887,0.25345696941670326,0.04313208444110472,True,True,2021
2021-12-07,PRIO3,AUTOENCODER,21.894832611083984,21.281667295404418,21.308500264991185,21.467578329277284,21.194365602836655,0.6131653156795664,0.7004670082473297,False,True,2021
2021-12-08,PRIO3,AUTOENCODER,20.93637084960937,21.32718628292743,20.930058776225817,21.82805896487792,21.446314787299606,0.3908154333180569,0.5099439376902346,False,True,2021
2021-12-09,PRIO3,AUTOENCODER,20.70674133300781,21.369092071575437,21.369092071575437,20.759762457099203,21.141389165084902,0.6623507385676284,0.43464783207709345,True,False,2021
2021-12-10,PRIO3,AUTOENCODER,20.666805267333984,21.383931205344226,21.383931205344226,20.712536756976032,20.681838214297315,0.7171259380102413,0.015032946963330573,True,False,2021
2021-12-13,PRIO3,AUTOENCODER,20.357301712036133,21.392919101368193,21.392919101368193,20.71731436933333,20.76001880389563,1.0356173893320602,0.4027170918594969,True,False,2021
2021-12-14,PRIO3,AUTOENCODER,19.66840934753418,21.363117443854904,20.84003185733552,20.616272481426673,20.05390084300915,1.6947080963207242,0.3854914954749695,True,True,2021
2021-12-15,PRIO3,AUTOENCODER,19.868087768554688,21.27643641139956,21.15975673842176,19.8049995656934,20.180775039258325,1.4083486428448708,0.31268727070363767,True,False,2021
2021-12-16,PRIO3,AUTOENCODER,19.98789596557617,21.12950873411323,21.10913301601037,20.008567724408604,20.04924682329913,1.1416127685370618,0.06135085772296023,True,False,2021
2021-12-17,PRIO3,AUTOENCODER,20.267446517944336,20.99317812832723,20.75182390096454,20.264799790135722,19.996925168396483,0.7257316103828941,0.27052134954785245,True,True,2021
2021-12-20,PRIO3,AUTOENCODER,19.079355239868164,20.88237393013742,20.50197933040658,20.4646174538807,20.279180544926795,1.8030186902692549,1.1998253050586314,True,True,2021
2021-12-21,PRIO3,AUTOENCODER,19.598520278930664,20.704309430704058,21.096480712233653,19.280486396087998,19.892373394058303,1.1057891517733935,0.29385311512763934,True,True,2021
2021-12-22,PRIO3,AUTOENCODER,19.83813667297364,20.55652653324124,20.412359249189777,19.717816206755764,19.223050626595956,0.7183898602675995,0.6150860463776837,True,False,2021
2021-12-23,PRIO3,AUTOENCODER,19.66840934753418,20.465707256290102,20.689032106623266,20.035482232833193,20.436470683631462,0.7972979087559224,0.7680613360972828,True,True,2021
2021-12-27,PRIO3,AUTOENCODER,20.62686920166016,20.413856235599667,20.941831193379002,19.857524597405572,20.134359315428476,0.21301296606049291,0.4925098862316837,False,True,2021
2021-12-28,PRIO3,AUTOENCODER,20.017847061157227,20.408491750034898,20.1301591711991,20.713798332791082,20.009233416135974,0.39064468887767134,0.008613645021252836,True,True,2021
2021-12-29,PRIO3,AUTOENCODER,20.017847061157227,20.459474786068597,20.395691146261356,19.907866647889495,20.219730014192375,0.4416277249113705,0.20188295303514892,True,False,2021
2021-12-30,PRIO3,AUTOENCODER,20.63685417175293,20.506064288001582,20.76504525243476,20.164562647377327,20.38798122484389,0.1307898837513477,0.24887294690903872,False,True,2021
2021-12-31,PRIO3,AUTOENCODER,20.63685417175293,20.5729322942189,20.298384353446107,20.741517633244598,20.221976551454233,0.06392187753402823,0.41487762029869657,False,True,2021
2022-01-03,PRIO3,AUTOENCODER,20.257463455200195,20.642541259827738,20.368109963413133,20.499585698324655,20.549251000043945,0.38507780462754226,0.2917875448437499,True,False,2022
2022-01-04,PRIO3,AUTOENCODER,20.6867733001709,20.719220045562224,21.01900760533626,20.3920783855993,20.849145973763246,0.03244674539132575,0.16237267359234764,False,True,2022
2022-01-05,PRIO3,AUTOENCODER,18.460350036621094,20.79339784413382,20.391868403563006,20.82433248996258,20.109073387998137,2.3330478075127274,1.6487233513770434,True,True,2022
2022-01-06,PRIO3,AUTOENCODER,18.929594039916992,20.75050833954151,21.176446275727802,18.793284109027788,19.533072813647962,1.8209142996245191,0.6034787737309699,True,True,2022
2022-01-07,PRIO3,AUTOENCODER,19.78821563720703,20.6387187234767,21.044766734738445,19.445582073601877,19.400209827403472,0.8505030862696685,0.38800580980355903,True,True,2022
2022-01-10,PRIO3,AUTOENCODER,20.107702255249023,20.536480342497384,20.405198220797793,19.906885729075665,19.572500868924823,0.42877808724836086,0.5352013863242,False,False,2022
2022-01-11,PRIO3,AUTOENCODER,21.166004180908203,20.487929365433246,21.068222748125656,20.243894837025987,21.007990041193917,0.6780748154749574,0.15801413971428602,True,True,2022
2022-01-12,PRIO3,AUTOENCODER,21.32574844360352,20.539368518894406,21.08626539019876,21.148736429690548,21.199274207999704,0.786379924709113,0.12647423560381554,True,True,2022
2022-01-13,PRIO3,AUTOENCODER,21.98468971252441,20.67416823801622,21.112651022323053,21.217085628461827,21.27606327538531,1.3105214745081888,0.7086264371390989,True,True,2022
2022-01-14,PRIO3,AUTOENCODER,22.86327743530273,20.864394734228085,21.30594007856808,21.82966468392412,21.997326485703148,1.9988827010746455,0.8659509495995827,True,True,2022
2022-01-17,PRIO3,AUTOENCODER,22.78340530395508,21.13772991035708,21.151014758944967,22.443913240518185,22.211953357087083,1.645675393598001,0.5714519468679988,True,False,2022
2022-01-18,PRIO3,AUTOENCODER,23.881641387939453,21.475491673114988,21.928274319430646,22.549336999539246,23.04442572637613,2.4061497148244655,0.8372156615633237,True,True,2022
2022-01-19,PRIO3,AUTOENCODER,23.951528549194336,21.83237462728158,21.640142084636917,23.96983877329685,23.365316709796634,2.119153921912755,0.586211839397702,True,True,2022
2022-01-20,PRIO3,AUTOENCODER,24.16119384765625,22.25090831910623,22.25090831910623,23.531311818653904,23.803836512162967,1.9102855285500198,0.3573573354932833,True,False,2022
2022-01-21,PRIO3,AUTOENCODER,23.56215476989746,22.64503887759635,22.283009380683964,23.9399484853626,23.516676732641983,0.917115892301112,0.04547803725547794,True,True,2022
2022-01-24,PRIO3,AUTOENCODER,23.13284492492676,22.952381181997055,22.955784643193052,23.2865877693093,23.593032954656532,0.18046374292970668,0.46018802972977113,False,False,2022
2022-01-25,PRIO3,AUTOENCODER,23.841705322265625,23.17894730250427,23.55081392083078,23.1945494038234,23.43455475400682,0.6627580197613554,0.40715056825880325,True,True,2022
2022-01-26,PRIO3,AUTOENCODER,23.55217170715332,23.360545010069757,23.805781654539665,23.896967270200918,24.019674831902982,0.1916266970835636,0.46750312474966194,False,True,2022
2022-01-27,PRIO3,AUTOENCODER,23.771818161010746,23.56682241470844,23.591220256517314,23.4891060554367,23.179806575057,0.20499574630230555,0.5920115859537454,False,False,2022
2022-01-28,PRIO3,AUTOENCODER,23.80177116394043,23.74331177727943,23.185931513647983,23.885789961753687,23.37779780634135,0.05845938666099926,0.42397335759908117,False,True,2022
2022-01-31,PRIO3,AUTOENCODER,23.881641387939453,23.89161546553629,23.665571212035374,23.77582698601965,24.068508284022897,0.009974077596837105,0.1868668960834441,False,False,2022
2022-02-01,PRIO3,AUTOENCODER,23.70193099975586,24.017143066207325,24.14970267826962,24.008027993744108,24.205313737209142,0.3152120664514655,0.5033827374532827,False,True,2022
2022-02-02,PRIO3,AUTOENCODER,22.993070602416992,24.106150637928863,23.783206508034922,23.852727849802346,23.33421907077848,1.1130800355118708,0.3411484683614887,True,True,2022
2022-02-03,PRIO3,AUTOENCODER,22.703533172607425,24.151039060127715,24.178714589122556,23.13352471981589,23.45018007687697,1.4475058875202897,0.7466469042695429,True,False,2022
2022-02-04,PRIO3,AUTOENCODER,24.3708553314209,24.12221601276663,24.58893692390119,23.079798364685473,23.421762219987702,0.24863931865426991,0.9490931114331964,False,True,2022
2022-02-07,PRIO3,AUTOENCODER,24.13124084472656,24.10096145122614,24.01790974798534,24.407974447638022,24.024046661561144,0.030279393500418195,0.10719418316541507,False,False,2022
2022-02-08,PRIO3,AUTOENCODER,23.831722259521484,24.163803540373834,24.080466457244704,24.153731039952188,24.213199953230482,0.3320812808523499,0.3814776937089981,False,True,2022
2022-02-09,PRIO3,AUTOENCODER,24.460712432861328,24.21641192022554,24.648985709563096,23.94197596103917,24.39506116027733,0.2443005126357889,0.06565127258399883,True,True,2022
2022-02-10,PRIO3,AUTOENCODER,24.710309982299805,24.30126763200569,24.446194297370937,24.421731972338275,24.213923160876142,0.40904235029411495,0.49638682142366264,False,False,2022
2022-02-11,PRIO3,AUTOENCODER,25.75862693786621,24.41559312481273,24.78371884761163,24.722340758036363,25.041932178840113,1.3430338130534807,0.7166947590260975,True,True,2022
2022-02-14,PRIO3,AUTOENCODER,26.457504272460938,24.593418502982814,24.739800780274287,25.644871954330526,25.530783904583018,1.8640857694781232,0.9267203678779197,True,True,2022
2022-02-15,PRIO3,AUTOENCODER,25.70870780944824,24.85405812705902,24.351879841225806,26.20953680643294,25.663235397328705,0.8546496823892191,0.045472412119533345,True,True,2022
2022-02-16,PRIO3,AUTOENCODER,25.19952392578125,25.090581393123557,24.75734402144277,25.535714823855102,25.594933733123884,0.10894253265769294,0.3954098073426344,False,True,2022
2022-02-17,PRIO3,AUTOENCODER,24.850086212158203,25.299832070694237,24.97206672150238,25.269009464345388,25.06648795518177,0.44974585853603344,0.2164017430235674,True,True,2022
2022-02-18,PRIO3,AUTOENCODER,24.340904235839844,25.422658707345192,25.123120350454883,25.04027922598768,24.91219730053564,1.0817544715053486,0.5712930646957979,True,True,2022
2022-02-21,PRIO3,AUTOENCODER,25.229476928710938,25.475445789920343,26.186363339579266,24.65016210028835,25.504597283337258,0.24596886120940553,0.27512035462632056,False,True,2022
2022-02-22,PRIO3,AUTOENCODER,24.50064849853516,25.518487617310257,25.43494847941846,25.436370714763104,24.66107928120592,1.0178391187750968,0.16043078267076183,True,True,2022
2022-02-23,PRIO3,AUTOENCODER,24.850086212158203,25.565549405012348,25.28165624313846,24.65357030215669,24.56134320107418,0.7154631928541448,0.2887430110840228,True,False,2022
2022-02-24,PRIO3,AUTOENCODER,24.82013511657715,25.587766408363393,25.35507545641602,25.11001411877891,25.10081943418154,0.7676312917862447,0.28068431760438983,True,True,2022
2022-02-25,PRIO3,AUTOENCODER,25.778594970703125,25.61586188035045,26.012971498361466,25.087711272652186,25.614738717860956,0.16273309035267403,0.16385625284216943,False,True,2022
2022-02-28,PRIO3,AUTOENCODER,25.778594970703125,25.452816919340023,25.687820185858982,25.621642319886135,25.447955374564188,0.3257780513631019,0.330639596138937,False,True,2022
2022-03-01,PRIO3,AUTOENCODER,25.778594970703125,25.21752500013656,25.507430337095606,25.397297850983495,25.51773768232488,0.5610699705665638,0.2608572883782436,True,True,2022
2022-03-02,PRIO3,AUTOENCODER,28.1048583984375,24.99061679155875,25.317807261436368,25.38736226016864,25.494139415623962,3.1142416068787497,2.6107189828135375,True,True,2022
2022-03-03,PRIO3,AUTOENCODER,28.41436004638672,25.19325036256984,25.03759583392261,27.665999214547412,27.40123085927267,3.221109683816877,1.0131291871140498,True,True,2022
2022-03-04,PRIO3,AUTOENCODER,28.1547794342041,25.61665498005641,26.12776846374561,27.825970661516106,28.528621236540868,2.5381244541476917,0.37384180233676645,True,True,2022
2022-03-07,PRIO3,AUTOENCODER,27.50581932067871,26.128008568369438,26.437530639555685,27.748662987208185,27.47861692989004,1.3778107523092729,0.027202390788669817,True,True,2022
2022-03-08,PRIO3,AUTOENCODER,27.89519500732422,26.619594231607977,27.361130294525196,27.37186203341301,27.846652611588283,1.2756007757162422,0.048542395735935884,True,True,2022
2022-03-09,PRIO3,AUTOENCODER,26.09808158874512,27.044731414546618,26.68252451798684,27.897888755029747,26.906153670700725,0.9466498258014973,0.8080720819556042,True,True,2022
2022-03-10,PRIO3,AUTOENCODER,25.778594970703125,27.24898011779152,27.830572714442333,26.234394654735166,27.17087486974042,1.4703851470883933,1.3922798990372947,True,True,2022
2022-03-11,PRIO3,AUTOENCODER,24.87005424499512,27.316750998244913,26.809399987277953,26.26024114154341,25.08977038058443,2.4466967532497925,0.2197161355893087,True,True,2022
2022-03-14,PRIO3,AUTOENCODER,23.52221870422364,27.246854406347865,26.556694659275852,25.442106006984893,25.304261947191584,3.7246357021242247,1.7820432429679443,True,True,2022
2022-03-15,PRIO3,AUTOENCODER,23.67197799682617,27.00476837979207,26.244543025507987,24.260903406017505,23.935471032669717,3.3327903829659,0.263493035843549,True,True,2022
2022-03-16,PRIO3,AUTOENCODER,23.122859954833984,26.614245063419503,25.98926446690562,24.45399243324721,24.39289882380261,3.4913851085855185,1.2700388689686264,True,True,2022
2022-03-17,PRIO3,AUTOENCODER,25.009828567504883,26.21285832339214,26.48665829664353,23.810405517037047,24.47799994589064,1.2030297558872576,0.5318286216142418,True,True,2022
2022-03-18,PRIO3,AUTOENCODER,25.86845016479492,25.90506756025212,26.38274305855756,25.59535286903458,25.76161649122957,0.03661739545720266,0.10683367356534745,False,True,2022
2022-03-21,PRIO3,AUTOENCODER,26.128034591674805,25.791902784182128,26.147204258153288,26.02224489792357,26.04486291655627,0.3361318074926771,0.0831716751185354,True,True,2022
2022-03-22,PRIO3,AUTOENCODER,26.51740837097168,25.879833033770893,25.99402846182112,26.07430147252591,26.022453739691148,0.6375753372007864,0.49495463128053174,True,False,2022
2022-03-23,PRIO3,AUTOENCODER,27.296157836914062,26.067115189872652,26.796866023548937,26.545875552456135,27.2704765046711,1.2290426470414104,0.025681332242960764,True,True,2022
2022-03-24,PRIO3,AUTOENCODER,26.068130493164062,26.310692107721195,25.6403978751635,27.24235206413566,25.928665344896995,0.24256161455713254,0.13946514826706746,True,True,2022
2022-03-25,PRIO3,AUTOENCODER,25.18954086303711,26.55725761587803,25.996731285860903,26.03500961753271,26.22871353068712,1.36771675284092,1.0391726676500106,True,True,2022
2022-03-28,PRIO3,AUTOENCODER,24.9898624420166,26.65182028940268,26.283409160639547,25.487809366726893,25.370246059439317,1.661957847386077,0.38038361742271576,True,True,2022
2022-03-29,PRIO3,AUTOENCODER,25.19952392578125,26.614464612479736,26.799462032423836,25.45141770735265,25.787362043710836,1.4149406866984862,0.5878381179295857,True,True,2022
2022-03-30,PRIO3,AUTOENCODER,25.03978157043457,26.49531925193176,27.20196320995245,25.622661961912094,26.040766271015446,1.4555376814971908,1.0009847005808759,True,True,2022
2022-03-31,PRIO3,AUTOENCODER,23.771818161010746,26.44568925080415,25.949376183590772,25.473407813546057,24.336835440710754,2.673871089793405,0.5650172797000081,True,True,2022
2022-04-01,PRIO3,AUTOENCODER,24.450727462768555,26.303169574029482,26.383973079333078,24.238764517234863,24.90148284740398,1.8524421112609275,0.45075538463542486,True,True,2022
2022-04-04,PRIO3,AUTOENCODER,24.32093620300293,26.12819748267708,26.41250124606278,25.23087411163341,25.28422142248204,1.807261279674151,0.9632852194791113,True,True,2022
2022-04-05,PRIO3,AUTOENCODER,24.01143264770508,26.014294068683512,25.539783552369382,24.75606457991649,24.032019507429116,2.00286142097843,0.020586859724033957,True,False,2022
2022-04-06,PRIO3,AUTOENCODER,23.51223373413086,25.92558944062648,25.556910400539127,24.533319368381708,24.675913608867837,2.413355706495622,1.163679874736978,True,True,2022
2022-04-07,PRIO3,AUTOENCODER,23.52221870422364,25.708657949809037,26.377548589121034,23.99123630344746,24.827899765710043,2.1864392455853974,1.3056810614864034,True,True,2022
2022-04-08,PRIO3,AUTOENCODER,23.542186737060547,25.47348005996244,25.393215443596937,24.042244814044466,23.169412900478285,1.9312933229018938,0.3727738365822617,True,True,2022
2022-04-11,PRIO3,AUTOENCODER,23.31255531311035,25.26025026841637,25.56047931533912,24.001872610667053,24.54781212618388,1.9476949553060194,1.23525681307353,True,True,2022
2022-04-12,PRIO3,AUTOENCODER,23.7119140625,25.05932033003546,25.314726118051617,23.794373766529134,23.697639858550648,1.3474062675354617,0.014274203949351971,True,True,2022
2022-04-13,PRIO3,AUTOENCODER,24.300968170166016,24.945471377824276,25.46221640583188,24.14587359054729,24.51574924929493,0.6445032076582606,0.2147810791289153,True,True,2022
2022-04-14,PRIO3,AUTOENCODER,24.860069274902344,24.90208065464097,25.398970231221448,24.59431449066099,24.69139656567576,0.04201137973862501,0.16867270922658406,False,True,2022
2022-04-18,PRIO3,AUTOENCODER,24.800167083740234,24.944231521309703,24.944231521309703,24.9452012004197,24.66783951561913,0.14406443756946885,0.1323275681211058,True,False,2022
2022-04-19,PRIO3,AUTOENCODER,24.620454788208008,25.0743211472207,25.482386303401203,24.915786259839045,25.444408124049755,0.453866359012693,0.8239533358417468,False,True,2022
2022-04-20,PRIO3,AUTOENCODER,25.65878868103028,25.214757660819203,25.61452198641759,24.804300130712065,24.77848361291808,0.444031020211078,0.8803050681122002,False,True,2022
2022-04-21,PRIO3,AUTOENCODER,25.65878868103028,25.331370548486348,25.282494602272255,25.713505442338604,25.466526055888973,0.3274181325439329,0.1922626251413071,True,False,2022
2022-04-22,PRIO3,AUTOENCODER,24.44074249267578,25.426259992705297,25.264475146102843,25.496357265510973,25.500699743194712,0.9855175000295162,1.0599572505189307,False,False,2022
2022-04-25,PRIO3,AUTOENCODER,24.66039085388184,25.501187491750017,24.991720900387516,24.5213915114652,24.04652957909006,0.840796637868177,0.6138612747917804,True,True,2022
2022-04-26,PRIO3,AUTOENCODER,25.26941299438477,25.492502539390557,25.936897179910904,24.93886324004476,25.801127205941565,0.22308954500578793,0.5317142115567961,False,True,2022
2022-04-27,PRIO3,AUTOENCODER,25.54896354675293,25.499616609714394,26.174477194485753,25.452355672238337,25.54890497494686,0.04934693703853554,5.857180606838597e-05,True,True,2022
2022-04-28,PRIO3,AUTOENCODER,26.23785781860352,25.57123044968722,25.949108877951122,25.634684729300105,25.49294375024284,0.6666273689162985,0.7449140683606785,False,True,2022
2022-04-29,PRIO3,AUTOENCODER,26.65718460083008,25.664700483702802,25.28142083546674,26.20877007695601,25.626369091981093,0.9924841171272796,1.0308155088489883,False,True,2022
2022-05-02,PRIO3,AUTOENCODER,25.109668731689453,25.833257998248854,26.274840906035536,26.533372670705997,27.43481701427376,0.7235892665594008,2.3251482825843084,False,True,2022
2022-05-03,PRIO3,AUTOENCODER,25.788578033447266,25.980662216131037,25.553157387956077,25.098825715534808,24.0703144850457,0.1920841826837716,1.7182635484015663,False,True,2022
2022-05-04,PRIO3,AUTOENCODER,27.28617286682129,26.098937890091577,26.906605709293796,26.05861563883411,27.36070583371361,1.1872349767297123,0.07453296689232047,True,True,2022
2022-05-05,PRIO3,AUTOENCODER,26.507423400878903,26.26962792380408,25.897714646526808,27.301634011318964,26.135848581497406,0.23779547707482251,0.3715748193814967,False,True,2022
2022-05-06,PRIO3,AUTOENCODER,26.457504272460938,26.499589396056763,26.921425347034102,26.439655963427246,27.331740719670044,0.04208512359582528,0.8742364472091069,False,True,2022
2022-05-09,PRIO3,AUTOENCODER,24.18115997314453,26.70729642248301,26.29846374330241,26.598193744918426,25.70114349136259,2.5261364493384804,1.5199835182180585,True,True,2022
2022-05-10,PRIO3,AUTOENCODER,24.231081008911133,26.744184068463596,26.17125047922582,24.548273116114657,24.354949681238583,2.5131030595524635,0.12386867232745047,True,True,2022
2022-05-11,PRIO3,AUTOENCODER,25.44912338256836,26.650880823656564,27.404031473319094,24.9795903697827,26.11215588999819,1.2017574410882048,0.6630325074298291,True,True,2022
2022-05-12,PRIO3,AUTOENCODER,26.09808158874512,26.56212513767855,26.98495656913835,26.00850846843394,25.63762714861531,0.4640435489334287,0.46045444012981207,True,True,2022
2022-05-13,PRIO3,AUTOENCODER,27.04655838012696,26.510689388078788,26.918389870146758,26.326298505935615,26.529216857033294,0.5358689920481723,0.5173415230936662,True,True,2022
2022-05-16,PRIO3,AUTOENCODER,27.016605377197266,26.596534772560688,26.972082044237755,27.110350982821114,27.204990790933106,0.4200706046365781,0.1883854137358405,True,True,2022
2022-05-17,PRIO3,AUTOENCODER,26.47747230529785,26.776428847495993,26.20107944659959,26.985890671869377,26.146630432987184,0.29895654219814105,0.33084187231066764,False,True,2022
2022-05-18,PRIO3,AUTOENCODER,25.13962173461914,26.952279135089327,26.203506344161486,26.57532918819648,26.383994366704023,1.8126574004701865,1.2443726320848825,True,True,2022
2022-05-19,PRIO3,AUTOENCODER,24.83012008666992,26.997506241497376,27.347708368060665,25.477052533810777,26.26271664122791,2.167386154827458,1.4325965545579926,True,True,2022
2022-05-20,PRIO3,AUTOENCODER,25.43914031982422,26.914623918363276,27.337027748622255,25.41198174821787,25.29362356758797,1.475483598539057,0.14551675223624727,True,True,2022
2022-05-23,PRIO3,AUTOENCODER,26.128034591674805,26.79827482995455,27.260396161271768,25.965356930231405,26.114440486378665,0.6702402382797459,0.013594105296139247,True,True,2022
2022-05-24,PRIO3,AUTOENCODER,27.146398544311523,26.76331376952578,27.277628716769485,26.471014468354944,26.66335165933648,0.3830847747857433,0.48304688497504245,False,True,2022
2022-05-25,PRIO3,AUTOENCODER,27.425949096679688,26.798853486392375,27.18849054935595,27.233220144004008,27.274046841441475,0.6270956102873129,0.15190225523821255,True,True,2022
2022-05-26,PRIO3,AUTOENCODER,27.935131072998047,26.93931212508997,27.33115041810168,27.344894631046884,27.491447399913202,0.9958189479080772,0.4436836730848448,True,True,2022
2022-05-27,PRIO3,AUTOENCODER,28.6739444732666,27.162984963408064,27.547911276880647,27.83788847110454,27.96455203086908,1.5109595098585373,0.7093924423975224,True,True,2022
2022-05-30,PRIO3,AUTOENCODER,28.21468162536621,27.447323121509214,27.447323121509214,28.621772699282197,28.22739882562748,0.7673585038569968,0.012717200261267436,True,True,2022
2022-05-31,PRIO3,AUTOENCODER,27.945114135742188,27.783365934260644,28.32730948315952,28.05949670253412,28.664776621497506,0.16174820148154367,0.7196624857553182,False,True,2022
2022-06-01,PRIO3,AUTOENCODER,28.1048583984375,28.086381079857915,28.125622368174103,28.017906077402873,27.538063862234825,0.01847731857958479,0.566794536202675,False,True,2022
2022-06-02,PRIO3,AUTOENCODER,28.653976440429688,28.310658103574326,28.765808053617707,28.25875865355548,28.789615308777833,0.3433183368553614,0.13563886834814554,True,True,2022
2022-06-03,PRIO3,AUTOENCODER,27.7654037475586,28.501325399837356,28.107480986029646,28.763275443937303,27.960427889906992,0.7359216522787548,0.19502414234839094,True,True,2022
2022-06-06,PRIO3,AUTOENCODER,27.016605377197266,28.65122124426358,28.071832364171513,27.908450064422176,27.742482023476693,1.6346158670663158,0.7258766462794277,True,True,2022
2022-06-07,PRIO3,AUTOENCODER,27.26620483398437,28.728699937426825,29.126520786623125,27.457154733174992,28.206988209214106,1.4624951034424534,0.940783375229735,True,True,2022
2022-06-08,PRIO3,AUTOENCODER,27.75541877746582,28.73318963061206,29.161681393395487,27.815523760904874,27.706151750722267,0.9777708531462395,0.049267026743553544,True,True,2022
2022-06-09,PRIO3,AUTOENCODER,27.17634963989257,28.745205261350407,28.108117956694652,28.207138162729958,27.26426670022375,1.5688556214578355,0.08791706033117919,True,True,2022
2022-06-10,PRIO3,AUTOENCODER,27.056543350219727,28.742240498071908,28.480921597340863,27.467112961011395,27.873458974232424,1.6856971478521814,0.8169156240126974,True,False,2022
2022-06-13,PRIO3,AUTOENCODER,25.988258361816406,28.688908797672923,28.182041483968256,27.55759544755111,27.088086296671573,2.7006504358565167,1.099827934855167,True,True,2022
2022-06-14,PRIO3,AUTOENCODER,25.5988826751709,28.5350576663011,28.150280177146985,26.423168444334735,26.404897951285495,2.9361749911302013,0.8060152761145964,True,False,2022
2022-06-15,PRIO3,AUTOENCODER,25.2194938659668,28.341973628444805,27.882644637528895,26.349906714119218,26.0248749035055,3.1224797624780045,0.805381037538698,True,True,2022
2022-06-16,PRIO3,AUTOENCODER,25.2194938659668,28.101684840707662,28.269978873594916,25.879150902385433,26.360643047280394,2.882190974740862,1.1411491813135939,True,False,2022
2022-06-17,PRIO3,AUTOENCODER,23.003053665161133,27.85926183187337,27.44984111135438,25.993255724073386,25.255272369952486,4.856208166712236,2.2522187047913533,True,True,2022
2022-06-20,PRIO3,AUTOENCODER,22.803373336791992,27.448575742504033,27.582700228993726,23.6083247966296,24.112398146705885,4.645202405712041,1.3090248099138933,True,False,2022
2022-06-21,PRIO3,AUTOENCODER,22.69355010986328,26.910027003543973,27.447443294130284,23.79889041853962,24.06400776296593,4.216476893680692,1.3704576531026476,True,True,2022
2022-06-22,PRIO3,AUTOENCODER,21.23589134216309,26.416079060494553,25.970324606191404,23.64296287083542,22.68448983881533,5.180187718331464,1.4485984966522416,True,True,2022
2022-06-23,PRIO3,AUTOENCODER,20.43717384338379,25.847954169838886,25.279001006155163,22.057813585186103,21.956906792735776,5.410780326455097,1.5197329493519867,True,True,2022
2022-06-24,PRIO3,AUTOENCODER,21.49547576904297,25.243207134391753,25.590337355954347,21.36414849642248,22.107033043741684,3.747731365348784,0.6115572746987148,True,True,2022
2022-06-27,PRIO3,AUTOENCODER,22.63364601135254,24.706568812641862,25.105529219054215,22.36264301619307,22.32772794540568,2.072922801289323,0.3059180659468588,True,True,2022
2022-06-28,PRIO3,AUTOENCODER,22.6236629486084,24.35001007627352,24.75518485035017,23.20583646620974,23.34610919210023,1.7263471276651217,0.7224462434918308,True,True,2022
2022-06-29,PRIO3,AUTOENCODER,22.4339656829834,24.167186978604406,23.845501092306904,23.002860811374365,22.378904821437185,1.7332212956210071,0.05506086154621315,True,True,2022
2022-06-30,PRIO3,AUTOENCODER,21.954736709594727,24.058364678714142,23.606030780273723,22.81025099376826,22.731914866736307,2.1036279691194153,0.7771781571415808,True,True,2022
2022-07-01,PRIO3,AUTOENCODER,22.06455993652344,23.91421625426007,23.661010879155953,22.333499645627317,22.380888901285626,1.8496563177366276,0.3163289647621852,True,True,2022
2022-07-04,PRIO3,AUTOENCODER,22.753454208374023,23.803886043770063,24.23199456525499,22.518246123372545,23.058212681216517,1.05043183539604,0.3047584728424937,True,True,2022
2022-07-05,PRIO3,AUTOENCODER,21.13605117797852,23.776013524704638,23.146487125809877,23.149606504660188,22.06890004689748,2.6399623467261186,0.9328488689189598,True,True,2022
2022-07-06,PRIO3,AUTOENCODER,20.85650062561035,23.695672184104865,23.25368173186132,21.497427619999375,21.642685396820497,2.839171558494513,0.7861847712101451,True,True,2022
2022-07-07,PRIO3,AUTOENCODER,21.185970306396484,23.50475300209831,23.912521968932843,21.429222665495587,22.059025857346455,2.3187826957018274,0.8730555509499709,True,True,2022
2022-07-08,PRIO3,AUTOENCODER,21.72510528564453,23.31379893051242,23.731152476324862,21.73176142392152,21.65150844050322,1.588693644867888,0.07359684514131004,True,True,2022
2022-07-11,PRIO3,AUTOENCODER,21.884849548339844,23.210016898388673,23.442575324723986,22.040052956597364,22.012744781602642,1.3251673500488295,0.12789523326279806,True,False,2022
2022-07-12,PRIO3,AUTOENCODER,22.20433616638184,23.148927797861447,22.729042788011927,22.209670917934893,21.660596141010018,0.9445916314796072,0.5437400253718216,True,True,2022
2022-07-13,PRIO3,AUTOENCODER,21.55537796020508,23.1061540245567,22.564028474019832,22.451600418935403,22.365912624251006,1.55077606435162,0.8105346640459246,True,True,2022
2022-07-14,PRIO3,AUTOENCODER,20.726709365844727,23.068938756916467,22.458133840992453,21.807108317507016,21.54631720286651,2.34222939107174,0.8196078370217847,True,True,2022
2022-07-15,PRIO3,AUTOENCODER,20.666805267333984,22.93805092550741,22.813505837717408,21.05407097737714,21.258595642533816,2.2712456581734273,0.5917903751998317,True,True,2022
2022-07-18,PRIO3,AUTOENCODER,22.054576873779297,22.812883283179318,23.206906197605804,21.164649842424044,21.500759819828613,0.7583064094000207,0.5538170539506844,True,True,2022
2022-07-19,PRIO3,AUTOENCODER,22.32414436340332,22.756089004772235,23.130537357169604,22.427318955294535,22.46791293997367,0.43194464136891497,0.14376857657034847,True,True,2022
2022-07-20,PRIO3,AUTOENCODER,22.22430419921875,22.789177941431575,22.949290543714653,22.342756715365546,22.281734710094558,0.5648737422128249,0.05743051087580753,True,False,2022
2022-07-21,PRIO3,AUTOENCODER,22.803373336791992,22.893046772020995,23.269748745868146,22.3972429915284,22.689466336667277,0.08967343522900251,0.11390700012471555,False,True,2022
2022-07-22,PRIO3,AUTOENCODER,22.63364601135254,23.001481031711776,23.163085236734755,22.821774270011872,22.714030452788627,0.3678350203592373,0.08038444143608814,True,False,2022
2022-07-25,PRIO3,AUTOENCODER,23.572139739990234,23.149223082837807,23.543075974272263,22.76212811359288,23.0646614093699,0.42291665715242743,0.5074783306203337,False,True,2022
2022-07-26,PRIO3,AUTOENCODER,23.70193099975586,23.332503999865082,23.433114239673554,23.571643046193863,23.407263723595022,0.3694269998907771,0.2946672761608369,True,False,2022
2022-07-27,PRIO3,AUTOENCODER,23.65201187133789,23.569639110016084,23.97422728843801,23.73279987728854,24.126689702327212,0.08237276132180682,0.4746778309893216,False,True,2022
2022-07-28,PRIO3,AUTOENCODER,23.75185203552246,23.780863176232813,24.715710258242094,23.68684927206316,24.212226706162102,0.02901114071035238,0.46037467063964144,False,True,2022
2022-07-29,PRIO3,AUTOENCODER,24.18115997314453,23.988077493721562,25.016099490029323,23.866318924297204,24.096960136549633,0.1930824794229693,0.08419983659489816,True,True,2022
2022-08-01,PRIO3,AUTOENCODER,23.3325252532959,24.205080465628384,23.704972200084725,24.298309250687176,23.058192502905754,0.872555212332486,0.27433275039014404,True,True,2022
2022-08-02,PRIO3,AUTOENCODER,23.35249137878418,24.341318316191263,24.341318316191263,23.344444019857626,24.00793364591945,0.988826937407083,0.6554422671352711,True,False,2022
2022-08-03,PRIO3,AUTOENCODER,23.721899032592773,24.425808963836374,23.923494863067866,23.63970720253895,22.993463830810448,0.7039099312436008,0.7284352017823252,False,True,2022
2022-08-04,PRIO3,AUTOENCODER,23.31255531311035,24.473372821094813,24.05792360351182,23.956237797109043,24.008066802288827,1.1608175079844614,0.6955114891784753,True,True,2022
2022-08-05,PRIO3,AUTOENCODER,24.031400680541992,24.496720757395664,25.029091887215877,23.528937201806823,24.286297669847762,0.46532007685367205,0.2548969893057702,True,True,2022
2022-08-08,PRIO3,AUTOENCODER,24.610471725463867,24.49285482181179,25.108743641189754,24.20888514274309,24.243259136303642,0.11761690365207755,0.3672125891602249,False,True,2022
2022-08-09,PRIO3,AUTOENCODER,25.009828567504883,24.532565970822816,24.911009094327262,24.634594618330834,24.582064988072016,0.47726259668206694,0.4277635794328667,True,True,2022
2022-08-10,PRIO3,AUTOENCODER,24.760229110717773,24.65441569925227,24.812013023119075,24.849842339246912,24.83598065840716,0.10581341146550471,0.07575154768938575,True,False,2022
2022-08-11,PRIO3,AUTOENCODER,25.319334030151367,24.813952130125713,25.098491696369546,24.735763097133123,24.932930233795094,0.5053819000256539,0.386403796356273,True,True,2022
2022-08-12,PRIO3,AUTOENCODER,25.828516006469727,25.01295207909341,25.421188124920658,25.350592849900124,25.543242672025357,0.8155639273763171,0.2852733344443692,True,True,2022
2022-08-15,PRIO3,AUTOENCODER,25.28938102722168,25.230965146870375,24.872247308732682,25.767611146740553,25.105798686583917,0.05841588035130485,0.1835823406377628,False,True,2022
2022-08-16,PRIO3,AUTOENCODER,24.2810001373291,25.389392769893107,24.8578262619111,25.21124647044446,25.058343616180956,1.108392632564005,0.7773434788518543,True,True,2022
2022-08-17,PRIO3,AUTOENCODER,24.300968170166016,25.442784037866573,25.834061502045003,24.38809000657115,25.10877213183933,1.1418158677005579,0.807803961673315,True,True,2022
2022-08-18,PRIO3,AUTOENCODER,24.600486755371094,25.41947609693716,25.741448103790194,24.54481520371089,24.35687749061983,0.8189893415660663,0.24360926475126377,True,True,2022
2022-08-19,PRIO3,AUTOENCODER,23.931560516357425,25.414897903355552,25.035529726416023,24.826744689818767,24.235428609040635,1.4833373869981266,0.30386809268321,True,True,2022
2022-08-22,PRIO3,AUTOENCODER,23.382444381713867,25.37793196856279,25.758206210258912,24.152822035681446,24.901479652413816,1.995487586848924,1.5190352706999484,True,True,2022
2022-08-23,PRIO3,AUTOENCODER,25.06973457336425,25.272545015789433,25.778269319298012,23.72036664841138,23.732428144105608,0.2028104424251822,1.3373064292586427,False,True,2022
2022-08-24,PRIO3,AUTOENCODER,25.938337326049805,25.205728918458448,25.536736765142457,25.29545564188617,25.321337292708183,0.732608407591357,0.6170000333416219,True,True,2022
2022-08-25,PRIO3,AUTOENCODER,26.347681045532227,25.260502154159894,25.38938146322669,25.727242184280232,25.723670244707993,1.0871788913723321,0.6240108008242338,True,False,2022
2022-08-26,PRIO3,AUTOENCODER,26.51740837097168,25.42974214291644,24.960415475800513,26.23000347805916,25.7308168098439,1.087666228055241,0.7865915611277785,True,True,2022
2022-08-29,PRIO3,AUTOENCODER,27.18633270263672,25.670779780161354,26.046189622058936,26.326515853169887,27.16060313751527,1.515552922475365,0.025729565121448417,True,True,2022
2022-08-30,PRIO3,AUTOENCODER,26.82691192626953,25.95914470629748,25.373857735783545,26.97550952533851,25.933205110121627,0.8677672199720519,0.8937068161479047,False,True,2022
2022-08-31,PRIO3,AUTOENCODER,27.26620483398437,26.227879563745773,26.57000634971829,26.617833435960023,27.551153927044094,1.038325270238598,0.2849490930597227,True,True,2022
2022-09-01,PRIO3,AUTOENCODER,27.156383514404297,26.45164941211374,25.718585913994158,27.109745680139152,25.927985537628032,0.7047341022905584,1.2283979767762645,False,True,2022
2022-09-02,PRIO3,AUTOENCODER,27.70549964904785,26.65194963613584,27.130707714625114,26.99145968659254,28.20584490384996,1.0535500129120123,0.5003452548021095,True,True,2022
2022-09-05,PRIO3,AUTOENCODER,29.49263000488281,26.88375770319746,27.29062265824733,27.5888923522264,27.39727576892759,2.6088723016853486,2.09535423595522,True,True,2022
2022-09-06,PRIO3,AUTOENCODER,28.6739444732666,27.187986325383463,26.28889933851918,29.184749674009613,28.1134742507877,1.4859581478831387,0.5604702224789015,True,True,2022
2022-09-07,PRIO3,AUTOENCODER,28.6739444732666,27.52183364753256,26.75172797802931,28.270579710278312,28.378538157500873,1.1521108257340416,0.29540631576572807,True,True,2022
2022-09-08,PRIO3,AUTOENCODER,27.50581932067871,27.826421377096153,27.897357768774345,28.368224215251555,28.969985481077185,0.3206020564174423,1.4641661603984737,False,False,2022
2022-09-09,PRIO3,AUTOENCODER,28.00501823425293,27.97019707872704,28.155122932482104,27.38747263984502,27.222405334690958,0.034821155525889935,0.7826128995619719,False,True,2022
2022-09-12,PRIO3,AUTOENCODER,27.555740356445312,28.06452828967656,28.567771882560454,27.959971345162476,28.337710953671195,0.5087879332312468,0.7819705972258824,False,False,2022
2022-09-13,PRIO3,AUTOENCODER,26.986656188964844,28.15957601345056,27.60394872162749,27.625351817187152,26.584680585416145,1.1729198244857173,0.4019756035486992,True,True,2022
2022-09-14,PRIO3,AUTOENCODER,28.36444091796875,28.16849583224655,28.612072696548985,27.176782274934588,28.19290841946818,0.19594508572220093,0.1715324985005715,True,True,2022
2022-09-15,PRIO3,AUTOENCODER,27.655580520629883,28.165359173967403,27.673055591908607,28.474107376978473,27.502684320441734,0.5097786533375199,0.15289620018814887,True,True,2022
2022-09-16,PRIO3,AUTOENCODER,27.975067138671875,28.169728030072974,27.710821398991676,27.490527907759667,27.564167729362833,0.19466089140109943,0.41089940930904234,False,False,2022
2022-09-19,PRIO3,AUTOENCODER,28.034971237182617,28.156413826210922,27.339003035808677,28.007911312385957,27.50266323681349,0.12144258902830529,0.5323080003691274,False,True,2022
2022-09-20,PRIO3,AUTOENCODER,28.284570693969727,28.14016889768436,28.18819316361257,27.87098109951977,28.587780431553373,0.14440179628536498,0.30320973758364644,False,False,2022
2022-09-21,PRIO3,AUTOENCODER,28.484249114990234,28.18003662431974,28.18003662431974,28.12526417913959,27.92982157017108,0.30421249067049416,0.5544275448191556,False,False,2022
2022-09-22,PRIO3,AUTOENCODER,29.50261306762696,28.261821202152674,28.83157826308561,28.42539470385506,29.0055437462283,1.2407918654742858,0.49706932139865856,True,True,2022
2022-09-23,PRIO3,AUTOENCODER,28.074907302856445,28.389132426196767,27.989728395832383,29.32701460756155,28.451645752246964,0.3142251233403215,0.37673844939051904,False,True,2022
2022-09-26,PRIO3,AUTOENCODER,28.074907302856445,28.430571034867768,27.819227872433824,27.86987701943357,27.661577537987814,0.3556637320113225,0.4133297648686316,False,True,2022
2022-09-27,PRIO3,AUTOENCODER,27.13641357421875,28.44220713506013,27.947541637777547,28.11697994845213,28.078343740122065,1.30579356084138,0.9419301659033152,True,True,2022
2022-09-28,PRIO3,AUTOENCODER,27.865243911743164,28.37510851723303,28.939650597251703,27.242876311044963,28.052814682385964,0.5098646054898666,0.18757077064280026,True,True,2022
2022-09-29,PRIO3,AUTOENCODER,27.18633270263672,28.277218569190893,27.879389044340478,27.993181727279538,26.993384372200207,1.0908858665541743,0.19294833043651138,True,True,2022
2022-09-30,PRIO3,AUTOENCODER,27.48585319519043,28.18032765446935,28.100063511357398,27.15977124028345,27.543556348785703,0.694474459278922,0.05770315359527345,True,False,2022
2022-10-03,PRIO3,AUTOENCODER,28.893592834472656,28.084907207872163,28.558265589852486,27.60311157850427,28.067221824670515,0.8086856266004929,0.8263710098021413,False,True,2022
2022-10-04,PRIO3,AUTOENCODER,30.281362533569336,28.118979860475804,28.71756914272666,28.84339693258784,29.076323844869428,2.162382673093532,1.2050386886999078,True,True,2022
2022-10-05,PRIO3,AUTOENCODER,31.24980735778809,28.29590917213261,28.860222437765355,29.92054432149001,30.129902294522914,2.953898185655479,1.1199050632651755,True,True,2022
2022-10-06,PRIO3,AUTOENCODER,31.559310913085938,28.61863267522989,29.016579326909856,30.6967910807035,30.772782138946823,2.940678237856048,0.7865287741391143,True,True,2022
2022-10-07,PRIO3,AUTOENCODER,31.95866775512696,29.068679315886158,29.419477868503282,30.97647369196637,31.077234411511643,2.8899884392408026,0.881433343615317,True,True,2022
2022-10-10,PRIO3,AUTOENCODER,31.40954971313477,29.5757117021532,29.02108425217715,31.472695819369953,30.698125918467564,1.8338380109815695,0.7114237946672048,True,True,2022
2022-10-11,PRIO3,AUTOENCODER,31.4494857788086,30.06170482111324,29.287743982381112,31.04229833444851,30.834211653982564,1.3877809576953624,0.6152741248260369,True,True,2022
2022-10-12,PRIO3,AUTOENCODER,31.4494857788086,30.439402387734503,29.96047167680203,31.227815379933304,31.328624201399975,1.0100833910740974,0.12086157740862546,True,True,2022
2022-10-13,PRIO3,AUTOENCODER,31.70907020568848,30.724591511185395,31.265984618303527,31.274108463772887,32.06642781511873,0.9844786945030854,0.35735760943024886,True,True,2022
2022-10-14,PRIO3,AUTOENCODER,31.000207901000977,30.95879079087979,30.528191993280352,31.56132981844978,30.505341461643425,0.04141711012118776,0.49486643935755126,False,True,2022
2022-10-17,PRIO3,AUTOENCODER,31.29972648620605,31.146748613469242,31.023793066958778,30.830037047579175,31.19737621627633,0.15297787273680896,0.10235026992972251,True,False,2022
2022-10-18,PRIO3,AUTOENCODER,32.178314208984375,31.287539128653236,31.96998908712808,31.3493272482143,32.04313451599933,0.8907750803311387,0.13517969298504795,True,True,2022
2022-10-19,PRIO3,AUTOENCODER,33.37639236450195,31.431993900633216,31.92380998792172,32.11513354369146,31.98231670079888,1.9443984638687368,1.3940756637030738,True,True,2022
2022-10-20,PRIO3,AUTOENCODER,33.156742095947266,31.642241909593793,32.285697613926324,33.10875770696116,33.531291788217544,1.514500186353473,0.37454969227027846,True,True,2022
2022-10-21,PRIO3,AUTOENCODER,33.79571533203125,31.939359865317357,32.629054631016466,32.82941599298202,33.025851639608696,1.856355466713893,0.7698636924225539,True,True,2022
2022-10-24,PRIO3,AUTOENCODER,33.43629837036133,32.2500439106465,32.8792609664405,33.52635510359358,33.69579748941225,1.1862544597148315,0.25949911905092193,True,True,2022
2022-10-25,PRIO3,AUTOENCODER,33.735816955566406,32.54026564317576,32.54026564317576,33.238867038402304,32.5797903008244,1.1955513123906485,1.156026654742007,True,True,2022
2022-10-26,PRIO3,AUTOENCODER,33.276554107666016,32.793531652496455,33.43335246925694,33.55592306344833,34.356769676551394,0.48302245516956077,1.0802155688853787,False,True,2022
2022-10-27,PRIO3,AUTOENCODER,33.55610275268555,33.00743370666882,32.342295670840244,33.14289323771208,31.841335557934563,0.5486690460167267,1.7147671947509835,False,True,2022
2022-10-28,PRIO3,AUTOENCODER,33.96544647216797,33.18189011301928,33.18189011301928,33.56846839731846,34.14284185118632,0.7835563591486903,0.17739537901834979,True,True,2022
2022-10-31,PRIO3,AUTOENCODER,35.333248138427734,33.331784255514805,33.86991205845529,33.85920725179874,34.255247364695535,2.0014638829129296,1.0780007737321995,True,True,2022
2022-11-01,PRIO3,AUTOENCODER,37.070457458496094,33.51542938571177,33.9296322665565,35.035547764378705,34.945582542343615,3.5550280727843244,2.1248749161524785,True,True,2022
2022-11-02,PRIO3,AUTOENCODER,37.070457458496094,33.8859992665636,33.791103224437414,36.4833199459796,36.21940753627443,3.1844581919324924,0.8510499222216623,True,False,2022
2022-11-03,PRIO3,AUTOENCODER,36.68108367919922,34.32653551847116,34.528578999571224,36.299646740406615,36.70659281900567,2.354548160728058,0.025509139806452197,True,False,2022
2022-11-04,PRIO3,AUTOENCODER,37.58962631225586,34.7701012070238,35.30501300000027,36.17725116865171,36.50166075395599,2.81952510523206,1.0879655582998708,True,True,2022
2022-11-07,PRIO3,AUTOENCODER,36.361595153808594,35.28454209762569,34.786620433291084,37.279819471034735,36.37581901373565,1.0770530561829048,0.014223859927056992,True,True,2022
2022-11-08,PRIO3,AUTOENCODER,37.36997604370117,35.7143766092949,36.28589193956223,36.06474477714213,37.18355065797279,1.6555994344062697,0.18642538572838419,True,True,2022
2022-11-09,PRIO3,AUTOENCODER,37.16031646728516,36.04531703380928,35.55130763771537,37.255478044268095,36.152321154610426,1.1149994334758802,1.007995312674737,True,True,2022
2022-11-10,PRIO3,AUTOENCODER,36.52134323120117,36.333329660290616,36.60068433589657,36.942541010906375,37.73250953550094,0.18801357091055593,1.2111663042997662,False,True,2022
2022-11-11,PRIO3,AUTOENCODER,37.63954544067383,36.51200345091439,37.18423756708755,36.41758041302382,36.6909447270232,1.127541989759436,0.9486007136506274,True,True,2022
2022-11-14,PRIO3,AUTOENCODER,38.438262939453125,36.68979053564374,37.31120034936149,37.60145067061087,37.70071711464375,1.7484724038093873,0.7375458248093736,True,True,2022
2022-11-15,PRIO3,AUTOENCODER,38.438262939453125,36.92328181216715,37.04770570362482,38.110834728057526,37.83232718988779,1.514981127285978,0.605935749565333,True,False,2022
2022-11-16,PRIO3,AUTOENCODER,36.21183776855469,37.16441645946193,37.16441645946193,38.03342618625689,38.04499256605631,0.9525786909072451,1.8331547975016207,False,False,2022
2022-11-17,PRIO3,AUTOENCODER,35.74259185791016,37.28004392925408,37.02046603614625,36.12661740687342,35.72712472515604,1.537452071343914,0.015467132754125146,True,True,2022
2022-11-18,PRIO3,AUTOENCODER,34.44467544555664,37.14438813899042,36.403460174153665,35.9465838495991,35.40470510970075,2.6997126934337814,0.9600296641441091,True,True,2022
2022-11-21,PRIO3,AUTOENCODER,34.4346923828125,36.90770404047478,36.29445002445218,34.79080149060702,34.73848995611688,2.4730116576622834,0.3037975733043794,True,True,2022
2022-11-22,PRIO3,AUTOENCODER,35.41312026977539,36.53431406045391,37.26767962922325,34.845595212690135,35.953289693773804,1.121193790678518,0.5401694239984138,True,True,2022
2022-11-23,PRIO3,AUTOENCODER,35.21343994140625,36.225648504934355,36.571261010695125,35.6738222354906,35.163746998567575,1.0122085635281053,0.04969294283867498,True,True,2022
2022-11-24,PRIO3,AUTOENCODER,36.45145034790039,35.97132900051068,36.51717451775226,35.264808053149196,35.64143074673684,0.4801213473897121,0.8100196011635532,False,True,2022
2022-11-25,PRIO3,AUTOENCODER,34.59443664550781,35.833467508060494,35.0369204540454,36.43013638784161,35.24686278308834,1.2390308625526814,0.6524261375805267,True,True,2022
2022-11-28,PRIO3,AUTOENCODER,34.84403610229492,35.710062214971714,36.23019771147,34.473478672360365,35.79758323460091,0.8660261126767921,0.9535471323059852,False,True,2022
2022-11-29,PRIO3,AUTOENCODER,35.22342300415039,35.5078302996057,35.5078302996057,35.15527465690037,34.18231127146757,0.28440729545530985,1.0411117326828219,False,True,2022
2022-11-30,PRIO3,AUTOENCODER,35.9921875,35.382963048046065,35.872189897199654,35.26136388638146,35.8745971867811,0.6092244519539349,0.11759031321889779,True,True,2022
2022-12-01,PRIO3,AUTOENCODER,36.64114761352539,35.34101386016522,35.34101386016522,36.169304616838225,35.47874870373228,1.3001337533601713,1.1623989097931116,True,True,2022
2022-12-02,PRIO3,AUTOENCODER,36.631160736083984,35.41656086198455,35.41656086198455,36.25069227636819,36.38362823316825,1.2145998740994344,0.2475325029157318,True,False,2022
2022-12-05,PRIO3,AUTOENCODER,35.96223831176758,35.566620091757926,35.10900909851806,36.33332719562832,35.84327141161311,0.3956182200096521,0.11896690015446865,True,True,2022
2022-12-06,PRIO3,AUTOENCODER,34.584449768066406,35.70929464422625,35.01155433323996,35.773792577132646,35.477807944144516,1.124844876159841,0.8933581760781095,True,True,2022
2022-12-07,PRIO3,AUTOENCODER,32.61760711669922,35.69274677203518,35.09634015571545,34.58462827265979,34.46649766934285,3.07513965533596,1.8488905526436312,True,True,2022
2022-12-08,PRIO3,AUTOENCODER,33.11680603027344,35.43656365349557,34.68398435156461,32.908091657036834,32.451844315230396,2.319757623222131,0.6649617150430416,True,True,2022
2022-12-09,PRIO3,AUTOENCODER,33.596038818359375,35.08305903176745,35.080517010576656,33.49985292371329,34.02124974170343,1.4870202134080728,0.4252109233440535,True,False,2022
2022-12-12,PRIO3,AUTOENCODER,34.584449768066406,34.73871420106394,35.422657747770366,33.86536557326655,34.36813441844283,0.154264432997536,0.2163153496235779,False,True,2022
2022-12-13,PRIO3,AUTOENCODER,34.83404922485352,34.4770457598799,34.44308613182643,34.60744103465681,33.95574581617382,0.3570034649736229,0.8783034086797059,False,True,2022
2022-12-14,PRIO3,AUTOENCODER,36.12198257446289,34.36562205891548,34.79394300022759,34.66412423107927,35.29459141566165,1.7563605155474136,0.827391158801241,True,True,2022
2022-12-15,PRIO3,AUTOENCODER,35.71263885498047,34.39282401728531,34.864740675417835,35.82922181154162,35.94443049782043,1.3198148376951622,0.23179164283995846,True,True,2022
2022-12-16,PRIO3,AUTOENCODER,35.293312072753906,34.51959913315906,33.75127323474704,35.24991298041413,34.16543103319079,0.7737129395948443,1.127881039563114,False,True,2022
2022-12-19,PRIO3,AUTOENCODER,35.72262191772461,34.62508479791299,34.52820503922309,34.83692902193308,35.54888315099245,1.0975371198116193,0.17373876673215705,True,False,2022
2022-12-20,PRIO3,AUTOENCODER,35.802494049072266,34.745441933119,35.42037022033061,35.50099272212402,36.10824665381388,1.0570521159532689,0.30575260474161325,True,True,2022
2022-12-21,PRIO3,AUTOENCODER,35.5728645324707,34.8661462621877,35.422530753755346,35.513626371825374,35.44447362627705,0.7067182702830053,0.12839090619365123,True,True,2022
2022-12-22,PRIO3,AUTOENCODER,35.20345687866211,35.00107873190407,34.53168090316528,35.34627532358485,34.53250423423944,0.20237814675803634,0.6709526444226697,False,True,2022
2022-12-23,PRIO3,AUTOENCODER,35.43309020996094,35.091978850563436,35.789058127146156,35.066288120744964,36.32693030780268,0.3411113593975017,0.8938400978417391,False,True,2022
2022-12-26,PRIO3,AUTOENCODER,35.3831672668457,35.17341112874158,35.546603985235244,35.26335646423138,34.854619786444545,0.20975613810412597,0.5285474804011585,False,False,2022
2022-12-27,PRIO3,AUTOENCODER,35.522945404052734,35.22018018436336,35.848063607986354,35.28170759012154,35.720646340033845,0.30276521968937686,0.1977009359811106,True,True,2022
2022-12-28,PRIO3,AUTOENCODER,37.19026565551758,35.26927067345923,34.980852557931776,35.44505686853709,34.67449966547055,1.920994982058346,2.5157659900470293,False,True,2022
2022-12-29,PRIO3,AUTOENCODER,37.15032958984375,35.39183861664387,35.46677199165123,36.86398509504787,37.37182761734038,1.7584909731998835,0.2214980274966294,True,False,2022
2022-12-30,PRIO3,AUTOENCODER,37.15032958984375,35.59863511014589,36.221192036376124,36.69170726079194,37.18645627841218,1.5516944796978578,0.036126688568430154,True,True,2022
2023-01-02,PRIO3,AUTOENCODER,36.7010498046875,35.83720324594586,36.04601422243458,36.65858449179938,36.29552950413932,0.863846558741642,0.4055203005481829,True,False,2023
2023-01-03,PRIO3,AUTOENCODER,34.2449951171875,36.055075904440116,35.36560738977715,36.43728376749905,35.709809695450275,1.8100807872526161,1.464814578262775,True,True,2023
2023-01-04,PRIO3,AUTOENCODER,34.03533172607422,36.097933923314486,35.93341539271207,34.25379951770509,34.72085745144076,2.062602197240267,0.6855257253665386,True,True,2023
2023-01-05,PRIO3,AUTOENCODER,34.91392135620117,35.899895565192,36.63803969752646,34.44043637071612,35.12965414959848,0.9859742089908252,0.2157327933973079,True,True,2023
2023-01-06,PRIO3,AUTOENCODER,35.12358474731445,35.680889420851884,35.146264933232914,35.236035469518306,33.98090983713511,0.5573046735374305,1.1426749101793447,False,True,2023
2023-01-09,PRIO3,AUTOENCODER,35.95225143432617,35.465186723999466,36.1123354367866,35.15693241975517,36.46025568432269,0.48706471032670606,0.5080042499965174,False,True,2023
2023-01-10,PRIO3,AUTOENCODER,36.15193176269531,35.39265894724102,35.37365607744198,35.76133919909548,35.007315777444255,0.7592728154542954,1.1446159852510576,False,False,2023
2023-01-11,PRIO3,AUTOENCODER,38.957427978515625,35.402036585395166,36.1107339976303,35.92529454084283,36.8191210370472,3.555391393120459,2.1383069414684215,True,True,2023
2023-01-12,PRIO3,AUTOENCODER,39.686256408691406,35.5867709512398,35.5867709512398,38.42981485893845,37.79591753414554,4.099485457451607,1.8903388745458685,True,False,2023
2023-01-13,PRIO3,AUTOENCODER,38.98737716674805,36.015187754636344,36.015187754636344,38.67775879269405,38.88963984197761,2.972189412111703,0.09773732477043495,True,False,2023
2023-01-16,PRIO3,AUTOENCODER,39.0073471069336,36.51718242603292,35.741653626813175,38.164638420388734,37.42740533493197,2.4901646809006834,1.5799417720016322,True,True,2023
2023-01-17,PRIO3,AUTOENCODER,38.677879333496094,36.99233084257585,37.75696215961893,38.48044124940773,40.00836728110533,1.6855484909202403,1.3304879476092353,True,True,2023
2023-01-18,PRIO3,AUTOENCODER,38.907508850097656,37.40521412447822,37.96911898104339,38.151133167186885,37.7912880433728,1.5022947256194357,1.1162208067248542,True,False,2023
2023-01-19,PRIO3,AUTOENCODER,40.455020904541016,37.76878566629378,38.33932275765485,38.68304005068528,38.9350655991937,2.686235238247235,1.5199553053473167,True,True,2023
2023-01-20,PRIO3,AUTOENCODER,41.03409194946289,38.1052012018684,38.11699391906554,40.01794252756962,39.66063133868484,2.928890747594494,1.3734606107780536,True,False,2023
2023-01-23,PRIO3,AUTOENCODER,41.49335479736328,38.49443785863215,38.49443785863215,40.35125803980842,40.49496886394331,2.998916938731128,0.9983859334199678,True,False,2023
2023-01-24,PRIO3,AUTOENCODER,40.964202880859375,38.96931566819387,38.475865503505126,40.96064887409797,40.50110252890379,1.9948872126655033,0.46310035195558186,True,True,2023
2023-01-25,PRIO3,AUTOENCODER,41.85277557373047,39.42130761563965,40.030772865296086,40.489058484981136,41.56961425935592,2.4314679580908205,0.2831613143745457,True,True,2023
2023-01-26,PRIO3,AUTOENCODER,42.27210235595703,39.84124199642997,40.429081883400286,41.53852526133333,41.43770542288151,2.4308603595270597,0.8343969330755243,True,True,2023
2023-01-27,PRIO3,AUTOENCODER,41.72298812866211,40.28389374819699,40.28389374819699,42.15744258451476,41.57937475735167,1.4390943804651215,0.14361337131043683,True,True,2023
2023-01-30,PRIO3,AUTOENCODER,41.43344879150391,40.71170126040312,40.08852681099904,41.42553714402986,40.93371958935001,0.7217475311007959,0.49972920215390104,True,True,2023
2023-01-31,PRIO3,AUTOENCODER,42.03248596191406,40.99422856424002,41.04865259389632,41.1760325301654,41.79876736319531,1.0382573976740446,0.23371859871875245,True,False,2023
2023-02-01,PRIO3,AUTOENCODER,41.03409194946289,41.21554082467793,40.84203563799275,41.9690686397641,41.39914361697663,0.1814488752150396,0.36505166751373963,False,True,2023
2023-02-02,PRIO3,AUTOENCODER,39.98577499389648,41.353237229850265,40.690357874332264,40.93377246328974,40.60417701914915,1.3674622359537878,0.6184020252526707,True,True,2023
2023-02-03,PRIO3,AUTOENCODER,40.10558319091797,41.33158186363005,40.72706997557882,40.12713030809422,40.001664795421725,1.2259986727120804,0.10391839549624393,True,True,2023
2023-02-06,PRIO3,AUTOENCODER,41.133934020996094,41.232590766425346,41.97894814934533,40.42991768010889,41.54699164566661,0.09865674542925262,0.41305762467051466,False,True,2023
2023-02-07,PRIO3,AUTOENCODER,41.5632438659668,41.13871226904189,41.88471407091588,41.311340320222655,41.21440500789229,0.4245315969249077,0.3488388580745081,True,True,2023
2023-02-08,PRIO3,AUTOENCODER,42.48176574707031,41.137473263492666,42.31434717482193,41.51477773546198,42.170942871757624,1.3442924835776466,0.31082287531268804,True,True,2023
2023-02-09,PRIO3,AUTOENCODER,41.8927116394043,41.23922829615333,41.828386473741745,42.307609307044885,41.97236353367053,0.6534833432509686,0.07965189426623454,True,True,2023
2023-02-10,PRIO3,AUTOENCODER,42.68144607543945,41.391755325440954,42.01070986831175,41.64787990430802,41.99938714802314,1.289690749998499,0.682058927416314,True,True,2023
2023-02-13,PRIO3,AUTOENCODER,41.97258377075195,41.583998609531704,41.97434579666993,42.45526508908719,42.42937076024167,0.38858516122024866,0.4567869894897143,False,False,2023
2023-02-14,PRIO3,AUTOENCODER,40.79447555541992,41.74750649569239,40.98831188781598,41.779140629360896,40.79377074837999,0.9530309402724697,0.0007048070399306994,True,True,2023
2023-02-15,PRIO3,AUTOENCODER,40.834415435791016,41.78632413108619,41.780268688695585,40.68767915101599,41.44757852766989,0.9519086952951739,0.6131630918788744,True,False,2023
2023-02-16,PRIO3,AUTOENCODER,40.185455322265625,41.71241949239186,41.71241949239186,40.93203741630159,40.73204800346481,1.5269641701262344,0.5465926811991864,True,False,2023
2023-02-17,PRIO3,AUTOENCODER,38.14872360229492,41.55072926821822,40.6737457286104,40.3897187105359,39.466373979423885,3.402005665923298,1.3176503771289632,True,True,2023
2023-02-21,PRIO3,AUTOENCODER,38.14872360229492,41.223447994707726,41.223447994707726,38.33851154226121,39.080459119993094,3.0747243924128043,0.9317355176981721,True,False,2023
2023-02-22,PRIO3,AUTOENCODER,37.53970336914063,40.85360483826457,40.30667990684796,38.87118619507647,38.04375768960804,3.313901469123941,0.5040543204674108,True,True,2023
2023-02-23,PRIO3,AUTOENCODER,37.409915924072266,40.337552219290274,40.85691347036942,38.05578071299149,39.01947872146355,2.927636295218008,1.609562797391284,True,True,2023
2023-02-24,PRIO3,AUTOENCODER,37.53970336914063,39.82632627577971,38.98051997468978,37.94401240536568,36.413417707548135,2.2866229066390744,1.1262856615924974,True,True,2023
2023-02-27,PRIO3,AUTOENCODER,36.960636138916016,39.37450792526528,39.37165495758557,37.818050712092734,38.720548871222285,2.4138717863492616,1.7599127323062689,True,False,2023
2023-02-28,PRIO3,AUTOENCODER,33.645957946777344,38.948455103610314,39.95713140722199,37.26172128440088,37.98230222006919,5.30249715683297,4.336344273291843,True,True,2023
2023-03-01,PRIO3,AUTOENCODER,33.326473236083984,38.34837646407186,38.456448374945765,33.87413021427715,32.999368061847576,5.0219032279878775,0.32710517423640795,True,False,2023
2023-03-02,PRIO3,AUTOENCODER,33.905540466308594,37.49303715243292,36.696783768404075,34.098766213178585,33.33238466600993,3.587496686124325,0.5731558002986645,True,True,2023
2023-03-03,PRIO3,AUTOENCODER,34.65433883666992,36.709602710916414,37.37408880063508,34.56051364301545,35.86147411258552,2.055263874246492,1.207135275915597,True,True,2023
2023-03-06,PRIO3,AUTOENCODER,34.574466705322266,36.09556143191941,36.21703605630719,34.84476169319183,34.15708755773786,1.5210947265971413,0.41737914758440553,True,False,2023
2023-03-07,PRIO3,AUTOENCODER,33.536136627197266,35.630168482145905,34.80940415440192,34.70705034679256,33.85277626788798,2.094031854948639,0.3166396406907168,True,True,2023
2023-03-08,PRIO3,AUTOENCODER,34.41472625732422,35.21819062737566,35.69835302514986,33.65359289402856,34.858520311717406,0.8034643700514437,0.4437940543931873,True,True,2023
2023-03-09,PRIO3,AUTOENCODER,33.37639236450195,34.878032546192884,34.284641425382965,34.60600747664974,33.36128238839022,1.5016401816909308,0.015109976111730816,True,True,2023
2023-03-10,PRIO3,AUTOENCODER,33.156742095947266,34.58597102657748,34.55880412250779,33.198113566345235,33.809833231891425,1.4292289306302166,0.6530911359441589,True,False,2023
2023-03-13,PRIO3,AUTOENCODER,31.719053268432617,34.27661448719394,33.678564379593304,33.30167326458224,32.57595094461378,2.5575612187613217,0.8568976761811626,True,True,2023
2023-03-14,PRIO3,AUTOENCODER,32.158348083496094,33.89376177248394,33.313334546714174,31.864727229399264,31.782971070162674,1.7354136889878475,0.37537701333342,True,True,2023
2023-03-15,PRIO3,AUTOENCODER,31.100048065185547,33.51124433812174,32.888130808683435,32.492382915015085,32.20840472411005,2.411196272936195,1.1083566589245066,True,True,2023
2023-03-16,PRIO3,AUTOENCODER,31.64916610717773,33.08649179152118,32.99225374912546,31.073098529378377,31.429622567161825,1.4373256843434525,0.2195435400159056,True,False,2023
2023-03-17,PRIO3,AUTOENCODER,31.3196964263916,32.647756182293676,32.09435032638384,31.86114252847228,31.21128221661704,1.3280597559020748,0.10841420977456195,True,True,2023
2023-03-20,PRIO3,AUTOENCODER,30.940303802490234,32.27036666512902,31.540577100398924,31.367289882021666,31.072335560953444,1.3300628626387834,0.13203175846321002,True,True,2023
2023-03-21,PRIO3,AUTOENCODER,31.669132232666016,31.95119338947086,32.555630442393685,31.02000788779232,32.13295081264227,0.28206115680484345,0.4638185799762553,False,True,2023
2023-03-22,PRIO3,AUTOENCODER,31.29972648620605,31.733014383450694,30.98229140363097,31.7456653692,30.273653665350324,0.433287897244643,1.0260728208557275,False,True,2023
2023-03-23,PRIO3,AUTOENCODER,29.882003784179688,31.609013414617095,31.18338884091385,31.256890668585406,31.58918156601648,1.7270096304374078,1.7071777818367941,True,True,2023
2023-03-24,PRIO3,AUTOENCODER,30.231443405151367,31.426801310069095,31.615352180078084,29.757103656076353,30.207655862410853,1.1953579049177279,0.02378754274051431,True,False,2023
2023-03-27,PRIO3,AUTOENCODER,31.56929397583008,31.159329285199817,31.78447732804571,30.430774928302394,30.769025007422155,0.4099646906302645,0.8002689684079272,False,True,2023
2023-03-28,PRIO3,AUTOENCODER,31.828876495361328,31.00673928447631,31.296781444472277,31.416559309802373,31.166417281595116,0.8221372108850176,0.662459213766212,True,False,2023
2023-03-29,PRIO3,AUTOENCODER,31.88878059387207,30.97147698231373,30.69877146264542,31.411910287917706,31.006008478785965,0.9173036115583386,0.8827721150861052,True,False,2023
2023-03-30,PRIO3,AUTOENCODER,32.29812240600586,31.018834905957533,31.02677907048863,31.460935194568357,31.78223129215611,1.2792875000483264,0.5158911138497508,True,False,2023
2023-03-31,PRIO3,AUTOENCODER,31.13998413085937,31.14099949156639,30.55215340845902,32.05550156758053,31.393406606309913,0.0010153607070186865,0.25342247545054164,False,True,2023
2023-04-03,PRIO3,AUTOENCODER,32.348045349121094,31.252474250451797,31.87328427187284,30.949649599569785,32.10393001899395,1.0955710986692964,0.24411533012714415,True,True,2023
2023-04-04,PRIO3,AUTOENCODER,33.79571533203125,31.417949568501086,32.16966749388588,32.36578584810177,32.427421587732226,2.3777657635301637,1.3682937442990237,True,True,2023
2023-04-05,PRIO3,AUTOENCODER,33.4462776184082,31.664697183242765,31.850218447020612,33.34407213431963,33.001699736072105,1.7815804351654378,0.4445778823360982,True,False,2023
2023-04-06,PRIO3,AUTOENCODER,34.804100036621094,31.927191060816057,32.69268749253052,32.9935043475891,33.744566421648216,2.876908975805037,1.059533614972878,True,True,2023
2023-04-10,PRIO3,AUTOENCODER,34.8640022277832,32.243830161662686,32.243830161662686,34.56565994762586,33.81871984077871,2.6201720661205172,1.045282387004491,True,True,2023
2023-04-11,PRIO3,AUTOENCODER,35.67270278930664,32.633216588328,33.081309010501464,34.35467515524425,34.94917666133354,3.0394862009786436,0.723526127973102,True,True,2023
2023-04-12,PRIO3,AUTOENCODER,36.37158203125,33.06465942450822,33.77043486573423,35.21474718853442,35.523315547312244,3.3069226067417787,0.8482664839377563,True,True,2023
2023-04-13,PRIO3,AUTOENCODER,36.45145034790039,33.574181735388606,33.74565729287818,35.71849967190636,35.387494611200374,2.8772686125117843,1.0639557367000165,True,False,2023
2023-04-14,PRIO3,AUTOENCODER,36.62118148803711,34.100132783311096,33.799879281137414,35.81146645732729,35.53825484715661,2.521048704726013,1.0829266408805012,True,False,2023
2023-04-17,PRIO3,AUTOENCODER,36.0920295715332,34.59685997919277,34.605720503734304,36.08322692415334,36.4441275606134,1.4951695923404316,0.3520979890801996,True,False,2023
2023-04-18,PRIO3,AUTOENCODER,35.24339294433594,35.01662246498245,34.69429238719605,35.828645926980236,35.459792460667956,0.22677047935349037,0.21639951633201804,True,True,2023
2023-04-19,PRIO3,AUTOENCODER,34.2449951171875,35.27550144175004,34.85293903523416,35.15922163037826,35.032236897376976,1.0305063245625377,0.7872417801894755,True,True,2023
2023-04-20,PRIO3,AUTOENCODER,33.94547653198242,35.32161185019112,34.82505024596889,34.334535969623204,34.15001700052475,1.3761353182086964,0.20454046854232644,True,True,2023
2023-04-21,PRIO3,AUTOENCODER,33.94547653198242,35.234918904220876,35.30808015769759,34.026981600982914,34.47885139487802,1.2894423722384545,0.5333748628955988,True,False,2023
2023-04-24,PRIO3,AUTOENCODER,34.97382354736328,35.08489371306149,35.08489371306149,34.03036745057282,33.87966737702263,0.11107016569820871,1.0941561703406535,False,False,2023
2023-04-25,PRIO3,AUTOENCODER,34.59443664550781,34.96468804968774,34.46692981686213,35.12662374686538,34.59220428284886,0.37025140417992475,0.0022323626589511036,True,True,2023
2023-04-26,PRIO3,AUTOENCODER,33.4462776184082,34.890890632627475,34.34206788834871,34.56406212071782,34.436662575703046,1.4446130142192715,0.9903849572948431,True,True,2023
2023-04-27,PRIO3,AUTOENCODER,33.586055755615234,34.76435208512095,34.76435208512095,33.733980899823486,34.0494251473424,1.178296329505713,0.46336939172716285,True,True,2023
2023-04-28,PRIO3,AUTOENCODER,34.69427490234375,34.57010052280481,35.0446602270972,33.79987901160083,34.13377952275612,0.1241743795389425,0.5604953795876284,False,True,2023
2023-05-01,PRIO3,AUTOENCODER,34.69427490234375,34.42435568735462,34.38288166103129,34.60596250841269,34.14410522274593,0.2699192149891303,0.5501696795978219,False,False,2023
2023-05-02,PRIO3,AUTOENCODER,33.46624755859375,34.30903796894978,33.64181035099943,34.50071740423667,33.937066304666416,0.8427904103560309,0.47081874607266627,True,True,2023
2023-05-03,PRIO3,AUTOENCODER,34.04531478881836,34.188810180476935,33.400320595039844,33.36012218211054,33.14591907402358,0.1434953916585755,0.8993957147947782,False,True,2023
2023-05-04,PRIO3,AUTOENCODER,32.64756393432617,34.04278112259993,33.43366758554378,34.067371124235315,33.989924134978395,1.3952171882737616,1.342360200652223,True,True,2023
2023-05-05,PRIO3,AUTOENCODER,34.23501205444336,33.851582823958665,35.08875778069087,32.61411003671958,34.235167094502266,0.383429230484694,0.00015504005890676353,True,True,2023
2023-05-08,PRIO3,AUTOENCODER,34.45465850830078,33.716041063051875,34.86470813389088,34.32792989012635,34.21800383002953,0.7386174452489058,0.23665467827125042,True,True,2023
2023-05-09,PRIO3,AUTOENCODER,34.554500579833984,33.706207307470265,33.81834274377273,34.09550547441462,33.466229813278716,0.8482932723637191,1.0882707665552687,False,False,2023
2023-05-10,PRIO3,AUTOENCODER,34.59443664550781,33.74977332951562,33.12970161626927,34.32954778751091,33.80331772281124,0.844663315992193,0.791118922696576,True,True,2023
2023-05-11,PRIO3,AUTOENCODER,34.764163970947266,33.84367225006747,34.062675681279416,34.38095763667392,35.132709098764764,0.9204917208797951,0.36854512781749804,True,True,2023
2023-05-12,PRIO3,AUTOENCODER,34.44467544555664,33.93381500956556,34.153401757312515,34.53993619400917,34.42274763963073,0.5108604359910771,0.02192780592591248,True,True,2023
2023-05-15,PRIO3,AUTOENCODER,34.41472625732422,34.01841968656754,33.48757890065841,34.26269876967089,33.56777341501122,0.3963065707566784,0.8469528423130015,False,True,2023
2023-05-16,PRIO3,AUTOENCODER,34.44467544555664,34.091359330555264,34.70728276981177,34.31820402967138,35.41713174103576,0.35331611500137683,0.9724562954791196,False,True,2023
2023-05-17,PRIO3,AUTOENCODER,36.44146728515625,34.147596226658266,34.73252567407242,34.36028430692171,34.29109656169855,2.2938710584979844,2.150370723457698,True,True,2023
2023-05-18,PRIO3,AUTOENCODER,36.29170608520508,34.28082165988306,34.288534611367254,36.05925721668623,35.68964774638663,2.0108844253220184,0.6020583388184448,True,False,2023
2023-05-19,PRIO3,AUTOENCODER,36.91071701049805,34.4938080753391,34.550191907711124,35.624317596138404,35.84496183772459,2.4169089351589435,1.065755172773457,True,False,2023
2023-05-22,PRIO3,AUTOENCODER,36.13196563720703,34.78084889939103,34.098548005631876,36.50440996104864,35.754276131159806,1.3511167378159996,0.3776895060472256,True,True,2023
2023-05-23,PRIO3,AUTOENCODER,36.102012634277344,35.061852975251895,35.610615243453694,35.75359665689386,36.92016486709523,1.0401596590254485,0.8181522328178872,True,True,2023
2023-05-24,PRIO3,AUTOENCODER,35.89235305786133,35.30726627632518,35.91767313474874,35.93757973030972,35.935488839688134,0.5850867815361482,0.04313578182680544,True,True,2023
2023-05-25,PRIO3,AUTOENCODER,35.5728645324707,35.50247091983303,35.39053465141732,35.74732785194195,35.16357122154476,0.07039361263767319,0.40929331092594623,False,True,2023
2023-05-26,PRIO3,AUTOENCODER,35.293312072753906,35.58272376003643,35.534899260187906,35.34791105514451,35.57396490047506,0.28941168728252364,0.2806528277211555,True,False,2023
2023-05-29,PRIO3,AUTOENCODER,35.06367874145508,35.61120727222297,35.51467363894452,35.16347424585707,35.148368214292105,0.5475285307678917,0.08468947283702732,True,False,2023
2023-05-30,PRIO3,AUTOENCODER,34.07527160644531,35.57183821128254,34.70026690458409,35.13192904640532,34.311604806328106,1.496566604837227,0.2363331998827931,True,True,2023
2023-05-31,PRIO3,AUTOENCODER,34.13516998291016,35.419105248380276,35.546879975866986,34.015114641192014,34.95736737845269,1.283935265470113,0.8221973955425241,True,False,2023
2023-06-01,PRIO3,AUTOENCODER,34.115203857421875,35.1631314673167,35.73308653803441,34.319073002401765,34.57791887556926,1.0479276098948276,0.46271501814738514,True,True,2023
2023-06-02,PRIO3,AUTOENCODER,35.26335906982422,34.91977750238979,35.43423912897686,34.24127606618184,34.2429714554264,0.3435815674344269,1.0203876143978192,False,True,2023
2023-06-05,PRIO3,AUTOENCODER,35.293312072753906,34.79667004717342,35.13150594008172,35.140675698215084,35.139659675832704,0.49664202558048487,0.1536523969212027,True,False,2023
2023-06-06,PRIO3,AUTOENCODER,34.22502899169922,34.78875947328223,34.43292731981467,35.14790074801037,34.56503004160506,0.5637304815830078,0.3400010499058439,True,True,2023
2023-06-07,PRIO3,AUTOENCODER,34.73421096801758,34.72184976976277,35.360048805978714,34.106931026384395,35.11220900505321,0.012361198254808414,0.3779980370356313,False,True,2023
2023-06-08,PRIO3,AUTOENCODER,34.73421096801758,34.64142673648942,34.805240372308305,34.580337687443425,34.16352049906923,0.09278423152815662,0.5706904689483494,False,False,2023
2023-06-09,PRIO3,AUTOENCODER,34.424705505371094,34.565604021896775,34.565604021896775,34.45527077846662,34.478119356100144,0.14089851652568086,0.053413850729050694,True,False,2023
2023-06-12,PRIO3,AUTOENCODER,33.086856842041016,34.50516676082745,33.69136349399431,34.35151944024499,33.54222050031816,1.4183099187864343,0.4553636582771432,True,True,2023
2023-06-13,PRIO3,AUTOENCODER,34.28493118286133,34.35751065720174,34.85774933099459,33.12076724360055,34.32139526132006,0.07257947434041512,0.036464078458735116,True,True,2023
2023-06-14,PRIO3,AUTOENCODER,35.34323501586914,34.20810326688627,34.28257979836458,34.42854162724704,33.85523617857118,1.1351317489828716,1.4879988372979582,False,True,2023
2023-06-15,PRIO3,AUTOENCODER,35.542911529541016,34.15225951677485,33.463397447758645,35.15893073305893,34.43893017774954,1.390652012766168,1.1039813517914752,True,True,2023
2023-06-16,PRIO3,AUTOENCODER,36.21183776855469,34.2218106167399,34.36619964188621,35.01543642800609,35.82847638429617,1.990027151814786,0.38336138425852084,True,False,2023
2023-06-19,PRIO3,AUTOENCODER,36.002174377441406,34.36706019035654,35.13764109811457,35.83972472391307,36.3258248213636,1.6351141870848664,0.32365044392219033,True,True,2023
2023-06-20,PRIO3,AUTOENCODER,36.102012634277344,34.5806507912109,34.619382946288844,35.421747188650684,34.889396904637906,1.521361843066444,1.2126157296394382,True,False,2023
2023-06-21,PRIO3,AUTOENCODER,38.60798645019531,34.79307897339751,35.562988896130506,35.80181244212821,36.65669041609203,3.8149074767977993,1.9512960341032795,True,True,2023
2023-06-22,PRIO3,AUTOENCODER,38.238582611083984,35.092314130911234,34.469287559309,38.159958325355994,36.79395977156288,3.1462684801727505,1.4446228395211023,True,True,2023
2023-06-23,PRIO3,AUTOENCODER,38.14872360229492,35.47326919289131,35.47326919289131,37.728504517094194,38.30512130841532,2.6754544094036135,0.15639770612040138,True,True,2023
2023-06-26,PRIO3,AUTOENCODER,36.9806022644043,35.839020907932905,35.412612330837995,37.5800413276229,37.045405656247226,1.1415813564713915,0.06480339184292916,True,True,2023
2023-06-27,PRIO3,AUTOENCODER,35.74259185791016,36.15619781888057,35.52603545052572,36.630230306766684,36.389438431395135,0.4136059609704077,0.6468465734849715,False,True,2023
2023-06-28,PRIO3,AUTOENCODER,36.08204650878906,36.28293379034824,36.58906688015511,35.68228176289857,36.4698317197656,0.2008872815591758,0.3877852109765385,False,True,2023
2023-06-29,PRIO3,AUTOENCODER,36.23180770874024,36.29597738722907,36.43423913755079,36.03170211281976,35.831696815137235,0.06416967848883104,0.40011089360300645,False,False,2023
2023-06-30,PRIO3,AUTOENCODER,37.020538330078125,36.28059363563645,36.83165454152924,36.265881218967294,36.72178318738328,0.7399446944416752,0.29875514269484427,True,True,2023
2023-07-03,PRIO3,AUTOENCODER,37.35999298095703,36.31450971061574,36.60270489763269,36.816093603817244,36.68437558661372,1.0454832703412933,0.6756173943433126,True,False,2023
2023-07-04,PRIO3,AUTOENCODER,37.979000091552734,36.44017516767343,36.44017516767343,37.044740192871345,36.94116440039746,1.5388249238793037,1.0378356911552729,True,False,2023
2023-07-05,PRIO3,AUTOENCODER,38.558067321777344,36.62236855098374,37.1926423699719,37.73939637381466,38.31870221881626,1.935698770793607,0.23936510296108082,True,True,2023
2023-07-06,PRIO3,AUTOENCODER,38.08882522583008,36.88803652931156,36.27753250588019,38.2847136450476,37.14822734891148,1.200788696518515,0.940597876918595,True,True,2023
2023-07-07,PRIO3,AUTOENCODER,39.286895751953125,37.13683497054612,37.6825191806997,37.79823587978693,38.974668359738686,2.1500607814070065,0.31222739221443874,True,True,2023
2023-07-10,PRIO3,AUTOENCODER,39.42667388916016,37.40097121124441,37.825643348944006,38.90948715884418,38.779467415721804,2.0257026779157528,0.6472064734383594,True,False,2023
2023-07-11,PRIO3,AUTOENCODER,40.63473510742188,37.70797908626267,38.314574136128364,39.06669179272142,39.38420151338286,2.926756021159214,1.2505335940390196,True,True,2023
2023-07-12,PRIO3,AUTOENCODER,41.48336791992188,38.06355665958276,38.680952060512084,40.254319364055746,40.37909846637884,3.4198112603391237,1.10426945354304,True,True,2023
2023-07-13,PRIO3,AUTOENCODER,42.82122039794922,38.508574095022055,38.30101779901607,40.9641988110005,40.29589597434044,4.312646302927163,2.5253244236087795,True,True,2023
2023-07-14,PRIO3,AUTOENCODER,41.45341873168945,39.06091868423212,38.264075205072835,42.23413070565616,41.69854599026733,2.3925000474573324,0.24512725857787387,True,True,2023
2023-07-17,PRIO3,AUTOENCODER,41.922664642333984,39.59864198680293,39.74149442909999,40.701118418465725,41.613518607520646,2.324022655531053,0.30914603481333813,True,False,2023
2023-07-18,PRIO3,AUTOENCODER,43.11075592041016,40.029890802883415,40.6159118076069,41.624699571651384,41.925428323433565,3.0808651175267485,1.1853275969765988,True,True,2023
2023-07-19,PRIO3,AUTOENCODER,44.069217681884766,40.52909090407144,41.20459148429309,42.821013611106665,42.975996498137796,3.5401267778133274,1.0932211837469694,True,True,2023
2023-07-20,PRIO3,AUTOENCODER,44.12911987304688,41.073409188102744,41.815277843053344,43.62124276072248,43.84314057284526,3.0557106849441382,0.28597930020162465,True,True,2023
2023-07-21,PRIO3,AUTOENCODER,45.097564697265625,41.64729681610686,42.373966088248096,43.69634932810485,43.882775008093446,3.4502678811587657,1.2147896891721786,True,True,2023
2023-07-24,PRIO3,AUTOENCODER,46.0959587097168,42.23775103753974,43.0946184152941,44.742799224689406,45.0610660116932,3.858207672177059,1.0348926980235973,True,True,2023
2023-07-25,PRIO3,AUTOENCODER,44.88790130615234,42.8766081680659,42.360780932926644,45.68620911236583,44.50943580607064,2.0112931380864367,0.37846550008169544,True,True,2023
2023-07-26,PRIO3,AUTOENCODER,45.51689147949219,43.462140405915875,43.862171941272464,44.38639324269427,45.468595073394695,2.0547510735763126,0.048296406097492195,True,False,2023
2023-07-27,PRIO3,AUTOENCODER,45.01769256591797,43.88871912415698,44.09045759704781,45.3105071116373,45.04392454681962,1.1289734417609907,0.02623198090164891,True,True,2023
2023-07-28,PRIO3,AUTOENCODER,45.08758163452149,44.29021138388771,44.24451658714579,44.7761632573403,44.67646863294305,0.797370250633783,0.41111300157844255,True,False,2023
2023-07-31,PRIO3,AUTOENCODER,45.54684066772461,44.59957813485545,46.11794084438336,45.106689345335724,46.680123669385196,0.9472625328691606,1.1332830016605868,False,True,2023
2023-08-01,PRIO3,AUTOENCODER,45.72655487060547,44.893368816061525,45.038950992315506,45.4620899698553,44.29396937186764,0.833186054543944,1.4325854987378293,False,False,2023
2023-08-02,PRIO3,AUTOENCODER,45.17743682861328,45.12372173237509,44.41674913712246,45.70721200615274,45.11441860172002,0.05371509623819293,0.06301822689326286,False,True,2023
2023-08-03,PRIO3,AUTOENCODER,47.08437347412109,45.29138913716531,46.14222572049825,45.16553691342708,46.63773467245825,1.7929843369557759,0.44663880166283576,True,True,2023
2023-08-04,PRIO3,AUTOENCODER,47.49371719360352,45.526146650129135,45.73541170696115,47.088871971233374,46.36704878678346,1.9675705434743875,1.126668406820066,True,True,2023
2023-08-07,PRIO3,AUTOENCODER,47.73333358764648,45.856763707810615,45.809452678321314,47.1402570662959,47.089949866110416,1.8765698798358628,0.6433837215360612,True,False,2023
2023-08-08,PRIO3,AUTOENCODER,47.78325271606445,46.20864809151283,46.266809318429296,47.37917342535134,47.5541390125602,1.5746046245516254,0.22911370350425386,True,False,2023
2023-08-09,PRIO3,AUTOENCODER,48.0428352355957,46.50949838126036,47.10821305897089,47.579076274192886,48.0961034792937,1.5333368543353458,0.05326824369799965,True,True,2023
2023-08-10,PRIO3,AUTOENCODER,47.30402374267578,46.85183833759987,47.13256848262429,47.79723691980483,47.59882009354379,0.4521854050759089,0.2947963508680118,True,False,2023
2023-08-11,PRIO3,AUTOENCODER,48.28245162963867,47.13579866708574,48.63387051683711,47.27862370425048,48.623388341921306,1.1466529625529347,0.3409367122826339,True,True,2023
2023-08-14,PRIO3,AUTOENCODER,48.51208114624024,47.391660120723145,47.52149411133989,48.20542554333312,47.09112936367956,1.1204210255170963,1.4209517825606781,False,False,2023
2023-08-15,PRIO3,AUTOENCODER,46.74491882324219,47.62469868368049,46.944224564327556,48.43602788849624,47.869551791592755,0.8797798604383047,1.1246329683505678,False,True,2023
2023-08-16,PRIO3,AUTOENCODER,45.90626525878906,47.72381231989556,48.37822952449727,46.77428640601093,48.03821294192046,1.8175470611064952,2.1319476831314006,False,True,2023
2023-08-17,PRIO3,AUTOENCODER,45.307228088378906,47.705404237449955,48.559773301695856,46.278815013817535,46.45307343162048,2.3981761490710483,1.1458453432415752,True,True,2023
2023-08-18,PRIO3,AUTOENCODER,45.097564697265625,47.575880503496535,48.0064092963027,45.663648441958934,45.51700260085558,2.47831580623091,0.4194379035899516,True,False,2023
2023-08-21,PRIO3,AUTOENCODER,44.67823791503906,47.31301049923866,47.65070902357569,45.43775907053307,45.589673627329304,2.6347725841995953,0.9114357122902419,True,False,2023
2023-08-22,PRIO3,AUTOENCODER,45.02767562866211,47.019703166351235,47.019703166351235,45.01295932100939,44.837673131031266,1.9920275376891254,0.19000249763084298,True,False,2023
2023-08-23,PRIO3,AUTOENCODER,45.77647399902344,46.7185329136322,45.93157991420149,45.45617724271996,44.68304350268684,0.942058914608765,1.0934304963365946,False,True,2023
2023-08-24,PRIO3,AUTOENCODER,45.986141204833984,46.45910761711008,46.45590627031568,45.876353246266646,46.587792248485044,0.4729664122760937,0.60165104365106,False,False,2023
2023-08-25,PRIO3,AUTOENCODER,46.31560897827149,46.297332296401464,46.297332296401464,45.93094988982398,45.83367875766369,0.01827668187002729,0.48193022060780066,False,False,2023
2023-08-28,PRIO3,AUTOENCODER,46.61512756347656,46.23150502080688,46.23150502080688,46.21614438530668,46.247543119205,0.3836225426696842,0.36758444427156434,True,False,2023
2023-08-29,PRIO3,AUTOENCODER,45.77647399902344,46.234411918441594,46.234411918441594,46.45350041401608,46.48697932981483,0.457937919418157,0.710505330791392,False,False,2023
2023-08-30,PRIO3,AUTOENCODER,45.73654174804688,46.25794281229264,46.932459109838874,45.79681112013127,46.45671009987024,0.521401064245758,0.7201683518233608,False,True,2023
2023-08-31,PRIO3,AUTOENCODER,46.34555816650391,46.23022516892087,45.56469424035707,45.87813302816,44.5969395554505,0.11533299758304594,1.7486186110534163,False,True,2023
2023-09-01,PRIO3,AUTOENCODER,46.87471008300781,46.2511657242473,46.86936857259255,46.47985174990902,47.74279763547202,0.6235443587605118,0.8680875524642104,False,True,2023
2023-09-04,PRIO3,AUTOENCODER,46.535255432128906,46.346136861139826,46.29272703058047,46.75167047449144,46.07448062013287,0.18911857098908058,0.4607748119960391,False,False,2023
2023-09-05,PRIO3,AUTOENCODER,47.41384506225586,46.45404607520982,47.0749606651701,46.52672725817689,47.27496857797502,0.9597989870460424,0.13887648428084276,True,True,2023
2023-09-06,PRIO3,AUTOENCODER,46.714969635009766,46.61635580215807,46.56263456812841,47.31083207061709,46.727812100543666,0.09861383285169723,0.012842465533900338,True,False,2023
2023-09-07,PRIO3,AUTOENCODER,46.714969635009766,46.784172976849845,46.784172976849845,46.56043956539047,46.773124296018906,0.0692033418400797,0.058154661009140796,True,False,2023
2023-09-08,PRIO3,AUTOENCODER,47.41384506225586,46.93568905930198,46.93568905930198,46.726466465844965,46.764008517696034,0.47815600295388094,0.6498365445598253,False,False,2023
2023-09-11,PRIO3,AUTOENCODER,47.63349151611328,47.052853372515756,46.41236845220053,47.51704762725129,46.82653774589361,0.5806381435975254,0.8069537702196712,False,True,2023
2023-09-12,PRIO3,AUTOENCODER,48.03285217285156,47.19739494296141,48.10022609131125,47.63398514328137,49.04586721957697,0.835457229890153,1.0130150467254069,False,True,2023
2023-09-13,PRIO3,AUTOENCODER,48.12270736694336,47.40572147216227,47.8347104434965,47.916748575822055,47.50118731829262,0.7169858947810894,0.6215200486507371,True,False,2023
2023-09-14,PRIO3,AUTOENCODER,49.171024322509766,47.62977724488775,48.40376711923476,48.13279665805105,48.650978906256576,1.5412470776220175,0.5200454162531898,True,True,2023
2023-09-15,PRIO3,AUTOENCODER,49.32078170776367,47.90755616207309,47.84656724988083,49.02662705109521,48.386254764226905,1.4132255456905796,0.9345269435367669,True,False,2023
2023-09-18,PRIO3,AUTOENCODER,48.08277130126953,48.209812246578394,47.73532080415327,49.1982991382345,48.861922274849725,0.12704094530886323,0.7791509735801938,False,True,2023
2023-09-19,PRIO3,AUTOENCODER,48.63188934326172,48.46377774941658,49.348370800771974,47.960415125269556,49.339076812232626,0.16811159384513985,0.7071874689709077,False,False,2023
2023-09-20,PRIO3,AUTOENCODER,48.63188934326172,48.65729407767054,48.65729407767054,48.710492292613615,47.9255496650807,0.025404734408823515,0.706339678181017,False,False,2023
2023-09-21,PRIO3,AUTOENCODER,46.36552810668945,48.825655870186154,47.853111699057536,48.771134463890164,47.902384637618475,2.4601277634967005,1.5368565309290219,True,True,2023
2023-09-22,PRIO3,AUTOENCODER,46.68501281738281,48.80833021566542,48.8051115127187,46.50656921569408,47.46987652284588,2.123317398282609,0.7848637054630672,True,False,2023
2023-09-25,PRIO3,AUTOENCODER,46.9046630859375,48.65700474945163,48.65700474945163,47.11297409940115,47.019275979723304,1.7523416635141302,0.11461289378580375,True,False,2023
2023-09-26,PRIO3,AUTOENCODER,46.85474395751953,48.44944068520414,47.45037864823381,47.325874300303184,46.28153987076375,1.5946967276846067,0.5732040867557799,True,True,2023
2023-09-27,PRIO3,AUTOENCODER,48.2225456237793,48.221746184643166,48.92489794021662,47.167640268385604,48.67943763270923,0.0007994391361307862,0.456892008929934,False,True,2023
2023-09-28,PRIO3,AUTOENCODER,47.16424560546875,48.13127835638147,47.29381637293669,48.458711726168794,46.77840411891111,0.9670327509127219,0.38584148655763784,True,True,2023
2023-09-29,PRIO3,AUTOENCODER,46.96456909179688,48.071411242096474,47.62454919703803,47.089339674958666,47.555480228652,1.1068421502995918,0.5909111368551194,True,False,2023
2023-10-02,PRIO3,AUTOENCODER,45.32719802856445,47.979939274722085,47.34200437099806,47.209830239435796,46.78903136803689,2.652741246157632,1.4618333394724345,True,True,2023
2023-10-03,PRIO3,AUTOENCODER,45.097564697265625,47.79639626036709,48.7060012394046,45.68963156707071,47.09159166706312,2.6988315631014643,1.9940269697974955,True,True,2023
2023-10-04,PRIO3,AUTOENCODER,43.82960510253906,47.490300620203755,46.850518378325305,45.624478577666565,44.08570202601085,3.660695517664692,0.25609692347178736,True,True,2023
2023-10-05,PRIO3,AUTOENCODER,43.6399040222168,47.08041103440178,46.331333414003936,44.36170442755554,44.3135129971902,3.4405070121849803,0.6736089749734049,True,True,2023
2023-10-06,PRIO3,AUTOENCODER,44.46857452392578,46.58327367322153,47.20591554654699,44.231732391138735,45.374739867214664,2.1146991492957454,0.9061653432888832,True,True,2023
2023-10-09,PRIO3,AUTOENCODER,48.37230682373047,46.11399351373041,47.18534219679729,44.902262418632276,45.25617435965432,2.2583133100000623,3.116132464076152,False,True,2023
2023-10-10,PRIO3,AUTOENCODER,48.17262649536133,46.01112201453088,45.95054654287787,48.28524688309589,47.33370300616589,2.1615044808304447,0.8389234891954374,True,False,2023
2023-10-11,PRIO3,AUTOENCODER,47.52366638183594,46.16727075234701,45.50976704296413,47.65457914305256,47.185250167890075,1.3563956294889294,0.3384162139458624,True,True,2023
2023-10-12,PRIO3,AUTOENCODER,47.52366638183594,46.40522108730306,46.565437887842826,47.027024008191624,47.81988770778364,1.1184452945328758,0.29622132594770534,True,False,2023
2023-10-13,PRIO3,AUTOENCODER,49.91981887817383,46.68120957339255,47.41456010014799,47.39658463536047,47.8370378960194,3.238609304781278,2.082780982154425,True,True,2023
2023-10-16,PRIO3,AUTOENCODER,49.72013854980469,47.11213161877873,46.990135200246506,49.61581930157601,48.8902236358399,2.6080069310259546,0.8299149139647852,True,False,2023
2023-10-17,PRIO3,AUTOENCODER,50.11949920654297,47.61014036847712,48.91512580451026,49.31272251689656,50.80938593073155,2.5093588380658503,0.6898867241885824,True,True,2023
2023-10-18,PRIO3,AUTOENCODER,50.11949920654297,48.10101802854467,48.931548193072764,49.838344437965134,49.49632635103933,2.0184811779982965,0.6231728555036398,True,True,2023
2023-10-19,PRIO3,AUTOENCODER,49.94977188110352,48.601171210924406,48.43622781666353,49.76597269635607,49.16821449973191,1.348600670179117,0.7815573813716128,True,False,2023
2023-10-20,PRIO3,AUTOENCODER,49.62030029296875,48.99596467142197,48.06833534720534,49.8256057878492,49.145003895147525,0.624335621546777,0.475296397821225,True,True,2023
2023-10-23,PRIO3,AUTOENCODER,48.761680603027344,49.31337474687547,48.63558603092012,49.63378410136677,49.693819710044785,0.551694143848124,0.9321391070174414,False,True,2023
2023-10-24,PRIO3,AUTOENCODER,48.77166366577149,49.512306618615185,48.94534997997923,48.92479348822274,48.78570513285914,0.7406429528436931,0.014041467087650972,True,True,2023
2023-10-25,PRIO3,AUTOENCODER,48.28245162963867,49.631533671836735,50.24978959173056,49.11439851544513,50.07081093953525,1.349082042198063,1.7883593098965775,False,True,2023
2023-10-26,PRIO3,AUTOENCODER,47.92302703857422,49.66547016998442,48.9564088714043,48.64664854782771,47.305979244056324,1.742443131410198,0.6170477945178945,True,True,2023
2023-10-27,PRIO3,AUTOENCODER,47.693397521972656,49.563510905639816,50.13480906911698,48.291415061146154,49.54245165120408,1.8701133836671602,1.8490541292314262,True,True,2023
2023-10-30,PRIO3,AUTOENCODER,46.2856559753418,49.392548563015396,48.69907521302873,48.10728121384353,46.781006404227035,3.106892587673599,0.4953504288852386,True,True,2023
2023-10-31,PRIO3,AUTOENCODER,47.62350845336914,49.10514692965518,49.809221266481146,46.71891223694348,48.120057818011865,1.4816384762860366,0.4965493646427248,True,True,2023
2023-11-01,PRIO3,AUTOENCODER,47.99291610717773,48.81141751795428,48.078515308164526,48.13849596247626,46.60149749967855,0.8185014107765554,1.3914186074991761,False,True,2023
2023-11-02,PRIO3,AUTOENCODER,47.99291610717773,48.66805708741407,49.207456691224294,48.25983779193904,49.477332059212294,0.6751409802363426,1.484415952034567,False,True,2023
2023-11-03,PRIO3,AUTOENCODER,48.12270736694336,48.601106537557826,47.98291251687597,48.15844896972212,46.91702073286043,0.47839917061446613,1.2056866340829302,False,True,2023
2023-11-06,PRIO3,AUTOENCODER,47.93301010131836,48.593250425449014,48.593250425449014,48.172399914052065,48.8422855241308,0.6602403241306547,0.909275422812442,False,False,2023
2023-11-07,PRIO3,AUTOENCODER,46.74491882324219,48.57672127449564,47.7667112120044,48.10892005016707,47.166694963219435,1.831802451253452,0.42177613997724706,True,True,2023
2023-11-08,PRIO3,AUTOENCODER,45.40706634521485,48.45304537442564,47.656774050201165,46.98667454073001,46.88411332129857,3.045979029210791,1.4770469760837202,True,True,2023
2023-11-09,PRIO3,AUTOENCODER,44.65827178955078,48.17085505286724,48.814716874176895,45.856134048705705,47.06084991995555,3.5125832633164578,2.4025781304047698,True,True,2023
2023-11-10,PRIO3,AUTOENCODER,46.39548110961914,47.7950483312531,47.11897837994085,45.2776882255512,43.91986451849158,1.3995672216339585,2.4756165911275616,False,True,2023
2023-11-13,PRIO3,AUTOENCODER,46.22575378417969,47.44262954131125,48.076757746647516,46.91842489521796,48.11699625081267,1.216875757131561,1.8912424666329812,False,True,2023
2023-11-14,PRIO3,AUTOENCODER,46.914649963378906,47.20081241980597,47.14641765112959,46.26475311916559,45.63502872647259,0.28616245642706417,1.2796212369063156,False,False,2023
2023-11-15,PRIO3,AUTOENCODER,46.914649963378906,47.05458253410643,47.05458253410643,46.90594532754154,47.07478536844935,0.13993257072752385,0.16013540507044155,False,False,2023
2023-11-16,PRIO3,AUTOENCODER,45.25730895996094,46.966357850506654,46.39293020968751,46.91600426109769,46.28596367763346,1.7090488905457164,1.0286547176725236,True,True,2023
2023-11-17,PRIO3,AUTOENCODER,46.40546417236328,46.82139079738613,47.43866199403023,45.35654751606263,46.49292157986801,0.4159266250228484,0.08745740750472919,True,True,2023
2023-11-20,PRIO3,AUTOENCODER,47.45378112792969,46.7050468147695,47.267202395836065,46.692614366978546,46.55378928764867,0.7487343131601847,0.8999918402810181,False,True,2023
2023-11-21,PRIO3,AUTOENCODER,47.90305709838867,46.74369425709335,46.9671420753957,47.33516217863378,47.199052150606015,1.1593628412953194,0.7040049477826571,True,False,2023
2023-11-22,PRIO3,AUTOENCODER,47.16424560546875,46.848737419865415,46.53067564140728,47.57577300552635,47.200677402013184,0.3155081856033348,0.03643179654443429,True,False,2023
2023-11-23,PRIO3,AUTOENCODER,47.16424560546875,46.92896302917762,46.986978779628494,46.83356732015448,47.29790062067492,0.2352825762911266,0.1336550152061733,True,False,2023
2023-11-24,PRIO3,AUTOENCODER,47.13429260253906,47.01790592753258,47.01790592753258,47.014191976980136,46.99452066419982,0.11638667500648125,0.13977193833924417,False,False,2023
2023-11-27,PRIO3,AUTOENCODER,46.14588165283203,47.098740828035204,46.424762048434474,47.17610921499623,46.471303411570695,0.952859175203173,0.3254217587386634,True,True,2023
2023-11-28,PRIO3,AUTOENCODER,46.016090393066406,47.090289040181574,47.73846547464289,46.24800100986628,47.462222274467294,1.0741986471151677,1.4461318814008877,False,True,2023
2023-11-29,PRIO3,AUTOENCODER,45.83638000488281,47.01176876543025,47.23339833936574,46.10328142736469,45.774999343757365,1.1753887605474347,0.06138066112544749,True,False,2023
2023-11-30,PRIO3,AUTOENCODER,45.85634613037109,46.91729459230197,48.20328924947313,46.11458001964493,47.27949881082337,1.0609484619308844,1.423152680452283,False,True,2023
2023-12-01,PRIO3,AUTOENCODER,44.49852752685547,46.86374844863485,46.15671600271823,46.18122313548454,44.395171039228984,2.3652209217793825,0.10335648762648475,True,True,2023
2023-12-04,PRIO3,AUTOENCODER,44.14908981323242,46.68883422292623,45.932745179872114,44.83431121173614,44.885157240625304,2.53974440969381,0.7360674273928822,True,True,2023
2023-12-05,PRIO3,AUTOENCODER,43.09078979492188,46.3810774984002,45.58756433890931,44.622664679109576,44.33091004529457,3.2902877034783202,1.2401202503726907,True,True,2023
2023-12-06,PRIO3,AUTOENCODER,41.3735466003418,45.98623978770445,45.26642479768623,43.59363107727562,43.43263789779475,4.612693187362652,2.0590912974529516,True,True,2023
2023-12-07,PRIO3,AUTOENCODER,42.35197448730469,45.417740472294895,46.461384251472545,41.98551668928923,43.56413078564146,3.0657659849902075,1.2121562983367724,True,True,2023
2023-12-08,PRIO3,AUTOENCODER,44.47855758666992,44.83206527226616,45.38802112724551,43.025496705791895,42.5025815967116,0.35350768559624157,1.9759759899583216,False,True,2023
2023-12-11,PRIO3,AUTOENCODER,44.60835266113281,44.416617180799676,44.69973613234005,44.54417265950096,44.46754964756105,0.19173548033313637,0.1408030135717624,True,False,2023
2023-12-12,PRIO3,AUTOENCODER,43.72976303100586,44.20361034217524,43.438054240489166,44.4549526097679,43.46486925945541,0.4738473111693793,0.26489377155044735,True,True,2023
2023-12-13,PRIO3,AUTOENCODER,45.22735595703125,44.07691862090576,44.82468043471174,43.63520916158827,45.04595734241936,1.150437336125492,0.18139861461189355,True,True,2023
2023-12-14,PRIO3,AUTOENCODER,47.27999877929688,44.058442461232175,44.60879643992417,45.175957575707564,44.864001664089194,3.2215563180647067,2.415997115207688,True,True,2023
2023-12-15,PRIO3,AUTOENCODER,46.25,44.29283235716491,43.74020948435091,46.90468020706965,45.86288203700241,1.9571676428350884,0.3871179629975927,True,True,2023
2023-12-18,PRIO3,AUTOENCODER,46.09999847412109,44.63401500062878,44.90084774604792,45.560044327131635,46.48721576145603,1.465983473492308,0.3872172873349413,True,False,2023
2023-12-19,PRIO3,AUTOENCODER,46.709999084472656,44.97557547270793,44.97557547270793,45.71957557366762,45.50388784777697,1.7344236117647256,1.2061112366956834,True,False,2023
2023-12-20,PRIO3,AUTOENCODER,45.540000915527344,45.31671046211221,44.72410862208575,46.56608717330183,45.94745868939245,0.22329045341513165,0.4074577738651044,False,True,2023
2023-12-21,PRIO3,AUTOENCODER,45.15999984741211,45.593308239392115,45.61562733103392,45.30195940362814,45.94942213160499,0.43330839198000604,0.7894222841928809,False,False,2023
2023-12-22,PRIO3,AUTOENCODER,45.369998931884766,45.72620519999191,45.362853808757926,45.152937493207006,44.78903724338827,0.35620626810714384,0.5809616884964939,False,False,2023
2023-12-26,PRIO3,AUTOENCODER,45.91999816894531,45.78386320822898,46.297759132115445,45.591617829473684,46.34573502802849,0.13613496071633335,0.42573685908318026,False,True,2023
2023-12-27,PRIO3,AUTOENCODER,45.93999862670898,45.84519398291553,45.73976710289542,45.88013700654658,45.350074521581256,0.09480464379344511,0.5899241051277215,False,False,2023
2023-12-28,PRIO3,AUTOENCODER,46.04999923706055,45.912774247130585,45.93994064603605,45.81831494939099,46.082796591778,0.1372249899299618,0.032797354717452265,True,False,2023
2023-12-29,PRIO3,AUTOENCODER,46.04999923706055,45.97118110487543,45.86881435230741,45.92193059715803,45.8537213077979,0.0788181321851198,0.1962779292626493,False,False,2023
2024-01-02,PRIO3,AUTOENCODER,45.34999847412109,45.99978715607233,45.87571540409945,45.892718568712375,45.93269592720164,0.6497886819512431,0.5826974530805558,True,False,2024
2024-01-03,PRIO3,AUTOENCODER,46.880001068115234,46.025887965279594,46.70144492218429,45.46340446737998,46.21346020092893,0.8541131028356403,0.6665408671863062,True,True,2024
2024-01-04,PRIO3,AUTOENCODER,46.41999816894531,46.06577100929127,46.17943980918545,46.78266639005869,46.3273338081644,0.3542271596540445,0.09266436078091544,True,False,2024
2024-01-05,PRIO3,AUTOENCODER,46.08000183105469,46.166035150659184,46.20248715377522,46.164235367287375,46.295931131125876,0.08603331960449623,0.21592930007118838,False,False,2024
2024-01-08,PRIO3,AUTOENCODER,45.75,46.24028357935481,45.62992549705855,46.104170067108825,45.4517113083932,0.49028357935480926,0.2982886916067997,True,True,2024
2024-01-09,PRIO3,AUTOENCODER,46.27999877929688,46.19899474058536,46.978545420696996,45.80912088028109,47.06744910404503,0.0810040387115194,0.7874503247481499,False,True,2024
2024-01-10,PRIO3,AUTOENCODER,44.34999847412109,46.192575057986915,45.26525363550302,46.37260500592465,44.64571000725279,1.842576583865828,0.2957115331317013,True,True,2024
2024-01-11,PRIO3,AUTOENCODER,45.5,46.11905165176927,46.70986958597937,44.524703974767945,46.032585369027764,0.6190516517692686,0.532585369027764,True,True,2024
2024-01-12,PRIO3,AUTOENCODER,46.08000183105469,46.00698632293114,45.908082140454106,45.66263603811408,44.97288463506664,0.07301550812354662,1.107117195988046,False,False,2024
2024-01-15,PRIO3,AUTOENCODER,47.06999969482422,46.020823019517934,46.70784536870739,46.213002607445794,46.99906944075038,1.0491766753062848,0.07093025407383635,True,True,2024
2024-01-16,PRIO3,AUTOENCODER,45.880001068115234,46.09384605810993,45.29402860385557,47.00052511203559,45.53487827791748,0.2138449899946977,0.34512279019775605,False,True,2024
2024-01-17,PRIO3,AUTOENCODER,45.04999923706055,46.20142850148562,46.28815250408813,45.677335359266614,46.64249726299171,1.1514292644250759,1.5924980259311639,False,False,2024
2024-01-18,PRIO3,AUTOENCODER,44.7599983215332,46.1643434315439,46.21377018292391,45.07110021130738,45.040851732058115,1.404345110010695,0.2808534105249123,True,False,2024
2024-01-19,PRIO3,AUTOENCODER,44.61000061035156,46.06740826662417,46.27248070956782,44.922533915054586,45.18598898747812,1.4574076562726077,0.5759883771265564,True,False,2024
2024-01-22,PRIO3,AUTOENCODER,44.15999984741211,45.91326099931064,46.5874754628355,44.931942185888495,45.4105071144171,1.7532611518985277,1.2505072670049913,True,True,2024
2024-01-23,PRIO3,AUTOENCODER,44.33000183105469,45.7229579162173,45.5651417176986,44.32842296439068,43.73132307195593,1.3929560851626093,0.5986787590987603,True,False,2024
2024-01-24,PRIO3,AUTOENCODER,44.59999847412109,45.518481154258666,45.70804864969941,44.48772022566585,44.968448728989394,0.9184826801375792,0.36845025486830707,True,False,2024
2024-01-25,PRIO3,AUTOENCODER,44.79999923706055,45.3453743789529,45.96632744535175,44.82391748295051,45.2106555854522,0.5453751418923503,0.41065634839165455,True,True,2024
2024-01-26,PRIO3,AUTOENCODER,45.68999862670898,45.2220218457158,45.89502253965493,44.92255540003022,45.05909251012972,0.4679767809931761,0.6309061165792542,False,True,2024
2024-01-29,PRIO3,AUTOENCODER,44.7599983215332,45.16522161055127,44.49315199679639,45.68212526051424,44.467492226795954,0.4052232890180676,0.29250609473724865,True,True,2024
2024-01-30,PRIO3,AUTOENCODER,44.09000015258789,45.15291324773261,45.06977223160153,44.56675935785021,45.22969786306512,1.0629130951447223,1.139697710477229,False,False,2024
2024-01-31,PRIO3,AUTOENCODER,43.93000030517578,45.04181121167039,44.91521706892657,44.05427802041813,43.98663991144501,1.1118109064946111,0.05663960626922915,True,False,2024
2024-02-01,PRIO3,AUTOENCODER,43.150001525878906,44.92867707035299,44.191441719043375,44.180109948909895,43.49942735475488,1.7786755444740834,0.3494258288759724,True,True,2024
2024-02-02,PRIO3,AUTOENCODER,42.45000076293945,44.775190152150856,45.06924658984997,43.29483501818164,44.268516471038154,2.3251893892114026,1.8185157080987011,True,False,2024
2024-02-05,PRIO3,AUTOENCODER,42.04999923706055,44.48816975126732,44.48816975126732,42.659550492510895,42.4062548061589,2.4381705142067744,0.35625556909835154,True,False,2024
2024-02-06,PRIO3,AUTOENCODER,43.59999847412109,44.13657129192262,44.79501473783575,42.47448778720196,43.14964217827796,0.5365728178015345,0.45035629584312886,True,True,2024
2024-02-07,PRIO3,AUTOENCODER,43.970001220703125,43.857481888098675,43.96733138170284,43.689917787272094,43.24611418027276,0.11251933260444957,0.7238870404303626,False,False,2024
2024-02-08,PRIO3,AUTOENCODER,43.400001525878906,43.726055395623234,44.34069848844588,43.93206833721571,44.48445396819868,0.32605386974432804,1.0844524423197726,False,True,2024
2024-02-09,PRIO3,AUTOENCODER,42.36000061035156,43.672281193242384,43.063878522782204,43.38230769472127,42.2659983533286,1.3122805828908213,0.09400225702296439,True,True,2024
2024-02-12,PRIO3,AUTOENCODER,42.36000061035156,43.584230106573955,43.60287807112495,42.364871101025564,43.0662913323203,1.2242294962223923,0.7062907219687347,True,False,2024
2024-02-13,PRIO3,AUTOENCODER,42.36000061035156,43.48053487291588,43.48053487291588,42.516592969305414,42.47217234984703,1.1205342625643198,0.11217173949546577,True,False,2024
2024-02-14,PRIO3,AUTOENCODER,42.54999923706055,43.383831170571284,43.383831170571284,42.493059265191825,42.5491001553032,0.8338319335107371,0.0008990817573462095,True,False,2024
2024-02-15,PRIO3,AUTOENCODER,44.56999969482422,43.255328595037554,43.93766046522055,42.752709412353724,43.38635170366094,1.3146710997866649,1.1836479911632765,True,True,2024
2024-02-16,PRIO3,AUTOENCODER,45.400001525878906,43.21423718022925,43.37250278934367,44.34768387812917,43.910871065131964,2.185764345649659,1.4891304607469422,True,False,2024
2024-02-19,PRIO3,AUTOENCODER,45.88999938964844,43.36956899130962,43.21074202863656,44.85177927077112,44.67087781041191,2.520430398338817,1.2191215792365284,True,False,2024
2024-02-20,PRIO3,AUTOENCODER,46.119998931884766,43.66713115094575,43.51077011943434,45.282273655884104,45.310462776432,2.452867780939016,0.8095361554527685,True,False,2024
2024-02-21,PRIO3,AUTOENCODER,47.0,44.05003492357673,44.768273962879476,45.69162205059236,46.466753815917116,2.9499650764232683,0.5332461840828842,True,True,2024
2024-02-22,PRIO3,AUTOENCODER,46.95000076293945,44.47659321864944,44.964484901246045,46.42928094455183,46.31982236881428,2.473407544290012,0.6301783941251742,True,False,2024
2024-02-23,PRIO3,AUTOENCODER,45.79999923706055,44.96037723156155,44.041712651152565,46.54769102747373,45.3011085947856,0.8396220054989953,0.49889064227494373,True,True,2024
2024-02-26,PRIO3,AUTOENCODER,45.86000061035156,45.331530874643306,45.11710842839204,45.45129985142579,46.183367027336594,0.5284697357082564,0.32336641698503144,True,False,2024
2024-02-27,PRIO3,AUTOENCODER,45.400001525878906,45.582820942421904,45.582820942421904,45.7447900172211,45.84771633033791,0.18281941654299771,0.4477148044590038,False,False,2024
2024-02-28,PRIO3,AUTOENCODER,44.5,45.72116748512144,45.22091539498761,45.47094865268363,44.92491654899,1.2211674851214411,0.424916548989998,True,True,2024
2024-02-29,PRIO3,AUTOENCODER,43.709999084472656,45.697963361964696,45.926596179327866,44.53677813111468,45.27488514511387,1.9879642774920399,1.5648860606412143,True,False,2024
2024-03-01,PRIO3,AUTOENCODER,44.34999847412109,45.56583907790247,45.867305353050796,43.94247873825048,44.063845429809476,1.2158406037813805,0.2861530443116109,True,False,2024
2024-03-04,PRIO3,AUTOENCODER,44.11000061035156,45.43670678800993,45.43670678800993,44.63348725113024,44.44821618699832,1.326706177658366,0.3382155766467605,True,False,2024
2024-03-05,PRIO3,AUTOENCODER,44.31999969482422,45.30521562216791,45.30521562216791,44.25550859975341,44.36403021021375,0.9852159273436882,0.04403051538952951,True,False,2024
2024-03-06,PRIO3,AUTOENCODER,43.63999938964844,45.1710558289891,45.790468123345796,44.58529389550518,45.15545991759685,1.5310564393406594,1.515460527948413,True,True,2024
2024-03-07,PRIO3,AUTOENCODER,43.34999847412109,45.029669638060284,45.101755959469415,43.75386765130526,43.387749210302026,1.6796711639391972,0.03775073618093927,True,False,2024
2024-03-08,PRIO3,AUTOENCODER,44.70000076293945,44.85117795402135,45.60234847671155,43.700770298835025,44.460945001519526,0.1511771910818993,0.23905576141992668,False,True,2024
2024-03-11,PRIO3,AUTOENCODER,44.900001525878906,44.70445791228036,44.023290317401106,44.9057823215693,43.51944705593859,0.1955436135985451,1.3805544699403143,False,True,2024
2024-03-12,PRIO3,AUTOENCODER,47.5,44.632650052207794,46.42830903116493,44.83829068351408,47.2626679910911,2.8673499477922064,0.2373320089089006,True,True,2024
2024-03-13,PRIO3,AUTOENCODER,48.91999816894531,44.769730358466916,45.65320529116706,47.23775415315934,46.36597056688311,4.150267810478397,2.554027602062206,True,True,2024
2024-03-14,PRIO3,AUTOENCODER,48.59999847412109,45.16957174541915,45.203823791024384,48.06753029363815,47.655578443507835,3.4304267287019385,0.9444200306132515,True,False,2024
2024-03-15,PRIO3,AUTOENCODER,47.79999923706055,45.72866959564476,45.56120319309851,47.73511246251858,47.752113008671316,2.0713296414157867,0.04788622838923118,True,False,2024
2024-03-18,PRIO3,AUTOENCODER,47.7599983215332,46.23347585655688,46.06792538908284,47.19183248798885,47.267829565220765,1.526522464976324,0.49216875631243795,True,False,2024
2024-03-19,PRIO3,AUTOENCODER,49.209999084472656,46.664979962242285,47.802942197545825,47.58938242839041,48.81287705844755,2.5450191222303715,0.3971220260251087,True,True,2024
2024-03-20,PRIO3,AUTOENCODER,47.45000076293945,47.1020425735922,46.38344875603765,49.03269227692011,47.24949010676472,0.34795818934725276,0.2005106561747354,True,True,2024
2024-03-21,PRIO3,AUTOENCODER,47.09999847412109,47.45812732226074,46.61495450830027,47.26039723123494,47.24549204164274,0.35812884813964985,0.14549356752165465,True,True,2024
2024-03-22,PRIO3,AUTOENCODER,46.68999862670898,47.67062698553673,47.67062698553673,47.15333990410014,47.800252904309886,0.9806283588277509,1.1102542776009088,False,False,2024
2024-03-25,PRIO3,AUTOENCODER,47.66999816894531,47.745927207404634,48.4727526529777,46.979983441970674,47.5464696062219,0.07592903845932142,0.12352856272341484,False,True,2024
2024-03-26,PRIO3,AUTOENCODER,47.290000915527344,47.78143628951864,47.921215274998616,47.781923218576914,47.32232037809322,0.491435373991294,0.032319462565872925,True,False,2024
2024-03-27,PRIO3,AUTOENCODER,47.08000183105469,47.83276992327643,48.346597377274726,47.286820170339844,47.860175870195064,0.7527680922217428,0.7801740391403769,False,False,2024
2024-03-28,PRIO3,AUTOENCODER,48.7400016784668,47.8118191563658,48.345426749409995,47.27241950707886,47.3728449931501,0.9281825221009967,1.3671566853166937,False,True,2024
2024-04-01,PRIO3,AUTOENCODER,48.38999938964844,47.89516270271946,48.05770136500297,48.721499095008966,48.508803049486154,0.4948366869289771,0.11880365983771668,True,False,2024
2024-04-02,PRIO3,AUTOENCODER,49.04999923706055,48.050031588649574,48.71918208386649,48.307527179240665,48.90689539960436,0.9999676484109727,0.14310383745618793,True,True,2024
2024-04-03,PRIO3,AUTOENCODER,49.38999938964844,48.26024726092686,49.10550832083128,48.897064487913106,49.226902250785926,1.1297521287215773,0.16309713886251131,True,False,2024
2024-04-04,PRIO3,AUTOENCODER,50.04999923706055,48.50596180373395,48.50596180373395,49.153352091267976,48.589032567611326,1.5440374333265936,1.4609666694492205,True,False,2024
2024-04-05,PRIO3,AUTOENCODER,50.45000076293945,48.78649444479106,48.78649444479106,49.7714657970002,49.93304947202873,1.663506318148393,0.5169512909107254,True,False,2024
2024-04-08,PRIO3,AUTOENCODER,49.65999984741211,49.09973479003082,49.09973479003082,50.10985314341141,50.13830260078432,0.5602650573812866,0.47830275337221195,True,False,2024
2024-04-09,PRIO3,AUTOENCODER,49.84000015258789,49.39914524640659,49.39914524640659,49.42568790975938,49.497142836289,0.4408549061813005,0.3428573162988897,True,False,2024
2024-04-10,PRIO3,AUTOENCODER,50.18999862670898,49.61608694880823,50.32239705921368,49.9029226301139,50.57239129772841,0.573911677900746,0.3823926710194314,True,True,2024
2024-04-11,PRIO3,AUTOENCODER,49.79999923706055,49.820032708388624,49.93122264832191,50.10513996704947,49.656134394441196,0.020033471328076757,0.14386484261935095,False,False,2024
2024-04-12,PRIO3,AUTOENCODER,50.86000061035156,50.00469218928248,50.77549505739592,49.88915987647401,50.66672053612343,0.8553084210690827,0.19328007422813442,True,True,2024
2024-04-15,PRIO3,AUTOENCODER,50.09999847412109,50.2812252931958,50.237314124478566,50.905347629024874,50.241268135793995,0.18122681907471616,0.1412696616729079,True,False,2024
2024-04-16,PRIO3,AUTOENCODER,49.79999923706055,50.49070913527231,50.226875540963434,50.04059726995092,50.00991113442543,0.6907098982117645,0.2099118973648828,True,False,2024
2024-04-17,PRIO3,AUTOENCODER,48.72999954223633,50.59070777545111,49.93148434734047,50.046675906950526,49.57782569083695,1.8607082332147797,0.8478261486006247,True,True,2024
2024-04-18,PRIO3,AUTOENCODER,49.2400016784668,50.57563888103789,50.373421114926316,48.96897954772113,49.35239550653609,1.3356372025710925,0.11239382806929399,True,False,2024
2024-04-19,PRIO3,AUTOENCODER,48.79999923706055,50.503361288092265,50.34080833294491,49.58849586105592,49.507977960295825,1.7033620510317178,0.7079787232352786,True,False,2024
2024-04-22,PRIO3,AUTOENCODER,48.0,50.383538559125896,51.029560845101514,49.19162217147689,49.91683294991826,2.3835385591258955,1.916832949918259,True,True,2024
2024-04-23,PRIO3,AUTOENCODER,49.18000030517578,50.16953779297296,51.639528894617726,48.460161359993975,49.35379330663903,0.989537487797179,0.1737930014632454,True,True,2024
2024-04-24,PRIO3,AUTOENCODER,48.43000030517578,49.9460879075765,50.0325346587482,49.42729475613081,48.39021649302425,1.5160876024007166,0.03978381215153348,True,False,2024
2024-04-25,PRIO3,AUTOENCODER,49.38999938964844,49.77158554909715,50.59748765131477,48.672434915691674,49.65534447854481,0.381586159448716,0.26534508889637465,True,True,2024
2024-04-26,PRIO3,AUTOENCODER,49.25,49.62866421667741,49.105341599082365,49.56844910814477,48.291920111642845,0.37866421667740724,0.9580798883571546,False,True,2024
2024-04-29,PRIO3,AUTOENCODER,49.560001373291016,49.573450180924794,49.14381485588125,49.18302894851994,49.36784096189763,0.01344880763377887,0.19216041139338813,False,False,2024
2024-04-30,PRIO3,AUTOENCODER,48.0,49.54550107497789,48.67009625186608,49.62768705144855,48.97038693658732,1.5455010749778921,0.9703869365873175,True,True,2024
2024-05-01,PRIO3,AUTOENCODER,48.0,49.497043704102225,48.796529424361104,48.17797512742613,48.1456657315613,1.497043704102225,0.14566573156130147,True,True,2024
2024-05-02,PRIO3,AUTOENCODER,47.41999816894531,49.431686161380696,49.55700091650616,48.30065232690742,48.90096545967712,2.011687992435384,1.4809672907318046,True,False,2024
2024-05-03,PRIO3,AUTOENCODER,46.75,49.275728039802914,49.59856058695134,47.68807458258973,47.84565341663427,2.525728039802914,1.0956534166342706,True,False,2024
2024-05-06,PRIO3,AUTOENCODER,47.18999862670898,49.02507789796732,49.02507789796732,47.08663160124262,46.899633276243215,1.8350792712583441,0.2903653504657626,True,False,2024
2024-05-07,PRIO3,AUTOENCODER,47.16999816894531,48.75686383131307,48.75686383131307,47.51992004106986,47.60186424296152,1.5868656623677566,0.4318660740162059,True,False,2024
2024-05-08,PRIO3,AUTOENCODER,46.540000915527344,48.51226575504484,48.51226575504484,47.35418638709666,47.391327174772044,1.9722648395174929,0.8513262592447006,True,False,2024
2024-05-09,PRIO3,AUTOENCODER,46.77999877929688,48.29260096352402,49.08253192306335,46.881053690654504,47.65625806987,1.5126021842271413,0.8762592905731168,True,True,2024
2024-05-10,PRIO3,AUTOENCODER,47.0,48.05163480736849,48.34770935194113,46.97868819100159,46.64132077805004,1.0516348073684867,0.3586792219499628,True,False,2024
2024-05-13,PRIO3,AUTOENCODER,46.400001525878906,47.86296898160805,48.25920724315109,47.098600513726616,47.4056899430936,1.4629674557291423,1.0056884172146923,True,False,2024
2024-05-14,PRIO3,AUTOENCODER,45.90999984741211,47.71823679492405,47.71823679492405,46.503271789462275,46.2737971976005,1.8082369475119435,0.363797350188392,True,False,2024
2024-05-15,PRIO3,AUTOENCODER,47.0,47.49979398964547,48.18261658352576,46.236658614450334,46.96544056895854,0.4997939896454682,0.03455943104145831,True,True,2024
2024-05-16,PRIO3,AUTOENCODER,47.61000061035156,47.33783145655991,46.61845135887468,47.27698336323913,45.91390799973464,0.2721691537916513,1.6960926106169225,False,True,2024
2024-05-17,PRIO3,AUTOENCODER,48.119998931884766,47.28850950488891,47.108121448573634,47.4657183053623,48.0071089738567,0.8314894269958586,0.11288995802806312,True,False,2024
2024-05-20,PRIO3,AUTOENCODER,47.5,47.32559797869203,47.23972716411883,47.83475738219289,47.78357171438218,0.17440202130796933,0.28357171438217676,False,False,2024
2024-05-21,PRIO3,AUTOENCODER,45.84999847412109,47.40729405612859,46.7476070284048,47.41104192769224,46.771663717164415,1.5572955820075052,0.9216652430433285,True,True,2024
2024-05-22,PRIO3,AUTOENCODER,44.209999084472656,47.38706150397314,46.727002619611326,46.02478683590793,45.91724809466696,3.177062419500487,1.7072490101943032,True,True,2024
2024-05-23,PRIO3,AUTOENCODER,44.470001220703125,47.15973802430466,46.95761495919003,44.553707052326665,44.88107540622746,2.6897368036015337,0.4110741855243347,True,False,2024
2024-05-24,PRIO3,AUTOENCODER,43.45000076293945,46.81577102221644,46.15101821124496,45.13626863136194,44.49171222388783,3.365770259276985,1.0417114609483775,True,True,2024
2024-05-27,PRIO3,AUTOENCODER,43.66999816894531,46.419456035673534,46.28459245378112,43.86749332546766,44.3273143954449,2.7494578667282212,0.6573162264995887,True,False,2024
2024-05-28,PRIO3,AUTOENCODER,43.15999984741211,45.99277179772906,46.57917090668722,44.2920600477523,44.84059855521945,2.8327719503169533,1.6805987078073414,True,True,2024
2024-05-29,PRIO3,AUTOENCODER,42.43000030517578,45.59777070168616,45.92643725568804,43.51739608522339,43.373977945131955,3.1677703965103774,0.9439776399561737,True,False,2024
2024-05-30,PRIO3,AUTOENCODER,42.43000030517578,45.14378068759919,44.281377678876865,42.95004037033218,41.905258350751325,2.7137803824234084,0.5247419544244565,True,True,2024
2024-05-31,PRIO3,AUTOENCODER,41.61000061035156,44.69220401124409,44.78420171442046,42.790067768599684,43.704814112605796,3.0822034008925243,2.094813502254233,True,False,2024
2024-06-03,PRIO3,AUTOENCODER,41.16999816894531,44.21449248706773,44.206829861374246,42.048635577952005,41.80879408148757,3.0444943181224176,0.6387959125422569,True,True,2024
2024-06-04,PRIO3,AUTOENCODER,40.88999938964844,43.72770286454033,43.28141079255408,41.50610750269401,41.12888289834194,2.837703474891896,0.2388835086935046,True,False,2024
2024-06-05,PRIO3,AUTOENCODER,40.13999938964844,43.184943549029754,43.184943549029754,41.134143183546875,41.54927625439467,3.0449441593813162,1.4092768647462321,True,False,2024
2024-06-06,PRIO3,AUTOENCODER,40.16999816894531,42.67870766633007,42.67870766633007,40.398194459345774,40.37970281791419,2.508709497384757,0.20970464896888075,True,False,2024
2024-06-07,PRIO3,AUTOENCODER,39.91999816894531,42.188490355373915,42.188490355373915,40.78245360074302,40.66435983747973,2.2684921864286025,0.7443616685344168,True,True,2024
2024-06-10,PRIO3,AUTOENCODER,40.79999923706055,41.73051782345016,42.211784339881454,40.24909735019314,40.70125687046602,0.9305185863896099,0.09874236659452862,True,True,2024
2024-06-11,PRIO3,AUTOENCODER,42.54999923706055,41.39337215960546,41.876799124635404,41.03780070193718,41.04355389456224,1.1566270774550844,1.50644534249831,False,True,2024
2024-06-12,PRIO3,AUTOENCODER,42.68999862670898,41.26646259120645,41.0759502446453,42.415896488543076,41.791198362491116,1.4235360355025293,0.8988002642178614,True,True,2024
2024-06-13,PRIO3,AUTOENCODER,41.86000061035156,41.35911229462488,40.824912331143,42.383746690600205,42.03883756595812,0.5008883157266837,0.1788369556065561,True,True,2024
2024-06-14,PRIO3,AUTOENCODER,42.0099983215332,41.498017070593846,40.95862724803842,41.65720953607452,41.52210759640823,0.5119812509393569,0.48789072512497,True,True,2024
2024-06-17,PRIO3,AUTOENCODER,41.720001220703125,41.628235192272655,42.20252209989106,41.982458367720945,42.87839484021151,0.09176602843047021,1.158393619508388,False,True,2024
2024-06-18,PRIO3,AUTOENCODER,41.25,41.72400623659394,42.46375054584112,41.71024674920966,41.846741487715,0.4740062365939366,0.5967414877150006,False,True,2024
2024-06-19,PRIO3,AUTOENCODER,41.310001373291016,41.77461825173515,41.90601943815286,41.157952713503974,40.81510150984209,0.4646168784441329,0.49489986344892856,False,False,2024
2024-06-20,PRIO3,AUTOENCODER,40.95000076293945,41.78030610413282,41.68783408743508,41.2881072502629,41.245220072982335,0.8303053411933661,0.2952193100428815,True,False,2024
2024-06-21,PRIO3,AUTOENCODER,41.33000183105469,41.78417969840484,41.626900195153944,40.9683636581358,40.95741287108057,0.454177867350154,0.37258895997411656,True,False,2024
2024-06-24,PRIO3,AUTOENCODER,42.08000183105469,41.7464921449955,42.506101332052374,41.50138378158578,42.33746806661404,0.3335096860591875,0.257466235559356,True,True,2024
2024-06-25,PRIO3,AUTOENCODER,42.02000045776367,41.7507673949126,41.77869405332455,41.957949180532324,41.31960536891989,0.26923306285107174,0.7003950888437842,False,False,2024
2024-06-26,PRIO3,AUTOENCODER,43.02000045776367,41.80193764332324,42.84256950310582,41.97865476435504,43.09206951137085,1.2180628144404295,0.07206905360717997,True,True,2024
2024-06-27,PRIO3,AUTOENCODER,43.18000030517578,41.89288541604219,41.686939787573465,42.73195737452579,41.641801156561954,1.2871148891335906,1.5381991486138276,False,False,2024
2024-06-28,PRIO3,AUTOENCODER,43.7599983215332,42.06762604481946,42.69779163794542,42.936060801443034,43.8786806180543,1.6923722767137406,0.11868229652109363,True,True,2024
2024-07-01,PRIO3,AUTOENCODER,45.09999847412109,42.3233853826149,42.97602908049933,43.55535547756619,43.57712881755663,2.776613091506185,1.5228696565644597,True,True,2024
2024-07-02,PRIO3,AUTOENCODER,45.7400016784668,42.683459456843025,42.75178981773599,44.60511531384308,44.204479127440095,3.056542221623772,1.5355225510267019,True,False,2024
2024-07-03,PRIO3,AUTOENCODER,46.09000015258789,43.15741992575772,43.15741992575772,45.10504478104349,45.1516596695343,2.9325802268301686,0.9383404830535937,True,False,2024
2024-07-04,PRIO3,AUTOENCODER,46.400001525878906,43.68952515508954,43.68952515508954,45.47650915374034,45.49339897814006,2.7104763707893653,0.9066025477388493,True,False,2024
2024-07-05,PRIO3,AUTOENCODER,46.54999923706055,44.219281720056074,44.219281720056074,45.8416123864,45.85072505977492,2.330717517004473,0.6992741772856235,True,False,2024
2024-07-08,PRIO3,AUTOENCODER,45.34999847412109,44.733121829121046,44.06323836362337,46.249844270066724,45.533284866791305,0.6168766450000405,0.18328639267021885,True,True,2024
2024-07-09,PRIO3,AUTOENCODER,45.40999984741211,45.131792287752035,45.3162340408457,45.023842478429835,45.850976888172404,0.2782075596600748,0.44097704076029487,False,False,2024
2024-07-10,PRIO3,AUTOENCODER,45.470001220703125,45.390441503875195,45.18763987514448,45.340485207200274,44.896291476246944,0.07955971682793006,0.5737097444561812,False,False,2024
2024-07-11,PRIO3,AUTOENCODER,45.36000061035156,45.57970300538045,45.20609923284164,45.426211854235824,45.289570743256455,0.21970239502888944,0.07042986709510757,True,False,2024
2024-07-12,PRIO3,AUTOENCODER,45.59000015258789,45.71288589033776,45.71288589033776,45.335778417669886,45.65517849433387,0.12288573774986844,0.06517834174597681,True,False,2024
2024-07-15,PRIO3,AUTOENCODER,46.52000045776367,45.8324669451448,46.75431207787795,45.78540400563671,46.59980855933997,0.6875335126188702,0.07980810157629747,True,True,2024
2024-07-16,PRIO3,AUTOENCODER,45.45000076293945,45.96002324720962,45.230719974442046,46.608930965223095,45.031884041769395,0.5100224842701664,0.41811672117005827,True,True,2024
2024-07-17,PRIO3,AUTOENCODER,46.16999816894531,46.067619306030906,46.693920568189355,45.45233730718024,46.87037217296146,0.10237886291440645,0.7003740040161475,False,True,2024
2024-07-18,PRIO3,AUTOENCODER,45.470001220703125,46.16238961510089,46.686117629938565,46.32083137227309,46.13651177147468,0.6923883943977671,0.6665105507715552,True,True,2024
2024-07-19,PRIO3,AUTOENCODER,45.290000915527344,46.233656261211024,45.39795147889283,45.614333409213884,44.43977840466077,0.9436553456836805,0.8502225108665726,True,True,2024
2024-07-22,PRIO3,AUTOENCODER,44.68999862670898,46.2396640765802,45.58431037923967,45.5638443696393,45.686950359466216,1.5496654498712203,0.996951732757239,True,True,2024
2024-07-23,PRIO3,AUTOENCODER,43.79999923706055,46.16016689360737,45.5710075364752,44.99970133208892,44.8111386233541,2.360167656546821,1.01113938629355,True,True,2024
2024-07-24,PRIO3,AUTOENCODER,46.0,45.967732993278275,46.43317637484687,44.18013394580003,45.046873306160585,0.032267006721724556,0.9531266938394154,False,True,2024
2024-07-25,PRIO3,AUTOENCODER,45.81999969482422,45.808279106043756,46.4714357171645,46.29931620671695,46.359691941392065,0.011720588780463004,0.5396922465678458,False,True,2024
2024-07-26,PRIO3,AUTOENCODER,47.5,45.75197923850487,46.39352945509875,45.76776984071364,45.89624919018016,1.7480207614951269,1.603750809819843,True,True,2024
2024-07-29,PRIO3,AUTOENCODER,47.18000030517578,45.83536022733392,45.028580585378236,47.39189072481311,46.05135625794827,1.3446400778418592,1.1286440472275103,True,True,2024
2024-07-30,PRIO3,AUTOENCODER,47.040000915527344,46.05380303261251,46.314463786343545,46.710131163690306,47.79045759523,0.986197882914837,0.7504566797026584,True,False,2024
2024-07-31,PRIO3,AUTOENCODER,48.04999923706055,46.28620507348825,47.32836571462136,46.888097332941285,47.53957850231295,1.7637941635722996,0.5104207347475977,True,True,2024
2024-08-01,PRIO3,AUTOENCODER,47.9900016784668,46.596800618421014,46.74627949111209,47.788453433054855,47.08362143770907,1.393201060045783,0.906380240757727,True,False,2024
2024-08-02,PRIO3,AUTOENCODER,46.0099983215332,46.94374599923333,46.02051053377924,47.82040625190559,46.91812883417449,0.9337476777001257,0.9081305126412857,True,True,2024
2024-08-05,PRIO3,AUTOENCODER,44.66999816894531,47.15312091774507,46.36533703200744,46.05980339529153,46.12354156892492,2.483122748799758,1.4535433999796084,True,True,2024
2024-08-06,PRIO3,AUTOENCODER,43.25,47.07819852449245,46.27678066155864,45.1009528742936,44.841736655653456,3.82819852449245,1.591736655653456,True,True,2024
2024-08-07,PRIO3,AUTOENCODER,45.06999969482422,46.76968273887445,47.370207806544585,43.919700468673774,45.10335627793707,1.6996830440502322,0.03335658311284817,True,True,2024
2024-08-08,PRIO3,AUTOENCODER,46.36000061035156,46.49778569418652,47.65679771117438,45.834508197632424,46.23390439819813,0.1377850838349559,0.1260962121534348,True,True,2024
2024-08-09,PRIO3,AUTOENCODER,47.83000183105469,46.323739453134635,46.27879901006247,46.568056116491185,45.56234335867728,1.5062623779200521,2.2676584723774056,False,True,2024
2024-08-12,PRIO3,AUTOENCODER,48.59999847412109,46.447609373304374,46.9877904161096,47.826922627889395,48.50407681988016,2.1523891008167126,0.09592165424092514,True,True,2024
2024-08-13,PRIO3,AUTOENCODER,49.130001068115234,46.726440083662,45.93164194283967,48.314478400953234,46.979094683127215,2.403560984453236,2.1509063849880192,True,True,2024
2024-08-14,PRIO3,AUTOENCODER,49.59999847412109,47.13696959540698,47.19416838936444,48.61980881580737,49.45644546866415,2.4630288787141055,0.14355300545693694,True,False,2024
2024-08-15,PRIO3,AUTOENCODER,48.91999816894531,47.594625568220636,47.39268854587847,49.074433923495235,48.67499763960175,1.3253726007246769,0.24500052934356376,True,False,2024
2024-08-16,PRIO3,AUTOENCODER,49.20000076293945,48.02191569349412,48.129004898525416,48.469618339802736,48.81439176354921,1.1780850694453306,0.38560899939024296,True,False,2024
2024-08-19,PRIO3,AUTOENCODER,47.88999938964844,48.32475724216005,47.57727796250098,49.090254104223305,48.17562863484973,0.43475785251160914,0.2856292452012923,True,True,2024
2024-08-20,PRIO3,AUTOENCODER,47.83000183105469,48.54774079854485,48.54774079854485,47.711777934685585,48.456161434423464,0.7177389674901633,0.6261596033687766,True,False,2024
2024-08-21,PRIO3,AUTOENCODER,46.84999847412109,48.62996787835965,47.905659676137304,48.10620750809626,47.216314191833966,1.7799694042385639,0.3663157177128795,True,True,2024
2024-08-22,PRIO3,AUTOENCODER,46.86000061035156,48.60011261002933,49.151497421568884,47.145152495794875,48.34088691113814,1.7401119996777652,1.4808863007865796,True,True,2024
2024-08-23,PRIO3,AUTOENCODER,47.04999923706055,48.45971694276761,49.0049455959089,47.327160309980925,47.23339714011863,1.4097177057070667,0.18339790305808634,True,True,2024
2024-08-26,PRIO3,AUTOENCODER,47.25,48.32991409217948,49.22174673553673,47.49166272450466,47.98827086399926,1.0799140921794788,0.7382708639992615,True,True,2024
2024-08-27,PRIO3,AUTOENCODER,47.7400016784668,48.268093161451475,47.486313206893584,47.64773250887626,46.17061641344084,0.5280914829846779,1.5693852650259572,False,True,2024
2024-08-28,PRIO3,AUTOENCODER,47.36000061035156,48.21463211431933,48.16681636168765,47.8217139127808,48.62853164800531,0.8546315039677665,1.2685310376537444,False,False,2024
2024-08-29,PRIO3,AUTOENCODER,46.72999954223633,48.11782289227136,48.74828137701674,47.465246140919206,47.96171991442521,1.3878233500350348,1.2317203721888816,True,True,2024
2024-08-30,PRIO3,AUTOENCODER,46.84000015258789,47.98111020304333,48.098085820823236,46.75918123944602,46.38267257605468,1.1411100504554383,0.4573275765332099,True,False,2024
2024-09-02,PRIO3,AUTOENCODER,46.709999084472656,47.81978078817798,47.98040639947565,46.94500118767399,47.1436805966102,1.1097817037053233,0.4336815121375466,True,False,2024
2024-09-03,PRIO3,AUTOENCODER,44.29999923706055,47.68458962499528,46.98095218489381,46.97295624768591,46.12910057280592,3.384590387934736,1.8291013357453707,True,True,2024
2024-09-04,PRIO3,AUTOENCODER,43.720001220703125,47.43320765295891,47.549167900058094,44.469467561612596,45.35784784794808,3.713206432255788,1.6378466272449543,True,False,2024
2024-09-05,PRIO3,AUTOENCODER,43.52000045776367,47.03202174075409,46.21216037576391,44.30309198238067,43.31408763648899,3.5120212829904176,0.2059128212746799,True,False,2024
2024-09-06,PRIO3,AUTOENCODER,42.459999084472656,46.55899052600131,45.864149458701895,44.28363651065106,44.289046207544715,4.0989914415286535,1.8290471230720584,True,True,2024
2024-09-09,PRIO3,AUTOENCODER,41.959999084472656,46.02406689943115,46.54622559600153,43.12149459857063,44.10271369246403,4.0640678149584915,2.1427146079913726,True,True,2024
2024-09-10,PRIO3,AUTOENCODER,42.20000076293945,45.429449755507335,44.77681084476315,42.7264642022661,41.495309671756644,3.2294489925678818,0.7046910911828093,True,True,2024
2024-09-11,PRIO3,AUTOENCODER,42.52999877929688,44.79620218856667,45.33359934393,42.81622469086249,43.9486775439071,2.266203409269785,1.4186787646102204,True,True,2024
2024-09-12,PRIO3,AUTOENCODER,42.27999877929688,44.28708663912346,44.80781574563463,43.00490245231673,42.88475167271383,2.0070878598265764,0.6047528934169506,True,True,2024
2024-09-13,PRIO3,AUTOENCODER,43.310001373291016,43.892837796449726,44.5629688838437,42.6129854070773,42.9006587378694,0.5828364231587102,0.4093426354216163,True,True,2024
2024-09-16,PRIO3,AUTOENCODER,42.7400016784668,43.6334090960662,43.81758160393638,43.384171396676976,43.046591762615776,0.8934074175994056,0.30659008414897926,True,False,2024
2024-09-17,PRIO3,AUTOENCODER,43.36000061035156,43.46755254554023,43.151633567188114,42.603434008231254,42.30077580812569,0.1075519351886669,1.0592248022258701,False,False,2024
2024-09-18,PRIO3,AUTOENCODER,43.18999862670898,43.34982659519562,42.34775867705721,43.47320123081721,42.69278192393864,0.1598279684866455,0.4972167027703378,False,True,2024
2024-09-19,PRIO3,AUTOENCODER,44.0099983215332,43.28093244048057,43.43706877732962,42.970557314253874,43.94897450619846,0.7290658810526338,0.06102381533474244,True,False,2024
2024-09-20,PRIO3,AUTOENCODER,44.20000076293945,43.29040198289249,43.29040198289249,43.795446486058054,43.45946469738112,0.9095987800469629,0.7405360655583308,True,False,2024
2024-09-23,PRIO3,AUTOENCODER,44.58000183105469,43.33828069733033,44.16304404748911,43.998912969311,44.79903556945908,1.2417211337243543,0.21903373840439144,True,True,2024
2024-09-24,PRIO3,AUTOENCODER,46.540000915527344,43.45781069421639,44.06240602606431,44.37630291221057,44.221241686676805,3.0821902213109524,2.3187592288505385,True,True,2024
2024-09-25,PRIO3,AUTOENCODER,44.810001373291016,43.75547496969449,43.16325219953775,46.267253378387984,45.15698079927497,1.054526403596526,0.34697942598395315,True,True,2024
2024-09-26,PRIO3,AUTOENCODER,42.63999938964844,44.086990646785296,43.38737970299564,44.326753100096546,44.30513066985484,1.4469912571368582,1.6651312802064027,False,True,2024
2024-09-27,PRIO3,AUTOENCODER,43.58000183105469,44.14973402395242,44.701130366933896,42.62456267246952,43.76360226176545,0.5697321928977317,0.1836004307107615,True,True,2024
2024-09-30,PRIO3,AUTOENCODER,43.33000183105469,44.097944272767165,44.384279188710174,43.73826829266817,43.42294337367676,0.7679424417124778,0.09294154262207144,True,False,2024
2024-10-01,PRIO3,AUTOENCODER,44.2599983215332,44.049694537436835,44.82567472468844,43.502478858004984,44.11494550365705,0.21030378409636796,0.14505281787615587,True,True,2024
2024-10-02,PRIO3,AUTOENCODER,44.119998931884766,44.05814292142907,44.14200940658012,44.23987574493736,43.70134511740295,0.061856010455699106,0.4186538144818144,False,False,2024
2024-10-03,PRIO3,AUTOENCODER,44.61000061035156,44.159026565571594,44.081983054316936,44.14498037831039,44.104828399683726,0.4509740447799686,0.5051722106678369,False,True,2024
2024-10-04,PRIO3,AUTOENCODER,44.810001373291016,44.27271553629703,44.53592614593465,44.4800416768704,44.82866964221889,0.5372858369939877,0.01866826892787543,True,False,2024
2024-10-07,PRIO3,AUTOENCODER,45.52999877929688,44.413860053066514,45.23740740347194,44.77774268103877,45.31957620011861,1.1161387262303677,0.210422579178271,True,True,2024
2024-10-08,PRIO3,AUTOENCODER,44.11000061035156,44.61036837549017,43.94537386854568,45.49354931470357,44.11249367380478,0.5003677651386056,0.002493063453215427,True,True,2024
2024-10-09,PRIO3,AUTOENCODER,43.70000076293945,44.72920398465084,44.86093164122077,43.847650659645915,44.79319960519987,1.0292032217113842,1.0931988422604135,False,False,2024
2024-10-10,PRIO3,AUTOENCODER,44.880001068115234,44.747925222345145,45.64481942728137,43.95023800048082,44.61391176134926,0.13207584577008902,0.2660893067659771,False,True,2024
2024-10-11,PRIO3,AUTOENCODER,44.2599983215332,44.770421342330906,44.65291977704792,44.946353927798185,44.06701400900302,0.5104230207977025,0.19298431253018578,True,False,2024
2024-10-14,PRIO3,AUTOENCODER,43.43000030517578,44.78758020764309,44.13583834768289,44.3096673918452,43.91508272220089,1.3575799024673074,0.48508241702511157,True,True,2024
2024-10-15,PRIO3,AUTOENCODER,43.29999923706055,44.71565321242156,44.01559296969206,43.63186887100449,43.46693952815317,1.4156539753610105,0.16694029109262232,True,True,2024
2024-10-16,PRIO3,AUTOENCODER,42.77000045776367,44.49402439287354,44.26574357401953,43.36285895020407,43.63869255001728,1.7240239351098694,0.8686920922536103,True,False,2024
2024-10-17,PRIO3,AUTOENCODER,42.70000076293945,44.267466782019824,44.38478835687521,42.875144854126155,43.107673148844185,1.5674660190803706,0.407672385904732,True,False,2024
2024-10-18,PRIO3,AUTOENCODER,42.18000030517578,44.0448678619731,43.971703399432876,42.859037873554584,42.67205630846356,1.8648675567973214,0.49205600328777876,True,False,2024
2024-10-21,PRIO3,AUTOENCODER,41.91999816894531,43.80753022206886,43.80753022206886,42.3200728850789,42.450082277587576,1.8875320531235502,0.5300841086422636,True,False,2024
2024-10-22,PRIO3,AUTOENCODER,41.61000061035156,43.55593721062576,44.20696995947241,42.30052625017943,42.917437951827964,1.9459366002741945,1.3074373414764011,True,True,2024
2024-10-23,PRIO3,AUTOENCODER,41.20000076293945,43.28372701068912,43.16573376860905,41.79072019278427,41.161599522512944,2.0837262477496665,0.038401240426509275,True,False,2024
2024-10-24,PRIO3,AUTOENCODER,41.959999084472656,42.97097682149081,42.82240165528316,41.36740235605605,41.473020308177695,1.0109777370181519,0.48697877629496134,True,False,2024
2024-10-25,PRIO3,AUTOENCODER,41.650001525878906,42.69469219945961,43.21614067041933,42.26565683773565,42.81313454112264,1.0446906735807033,1.1631330152437371,False,True,2024
2024-10-28,PRIO3,AUTOENCODER,40.95000076293945,42.469839923166774,41.801053715100934,41.77038133989454,40.61290141976191,1.5198391602273205,0.33709934317754175,True,True,2024
2024-10-29,PRIO3,AUTOENCODER,40.5,42.171021738674426,42.06775533560748,40.87159145534505,41.47024226464245,1.6710217386744262,0.9702422646424509,True,False,2024
2024-10-30,PRIO3,AUTOENCODER,41.209999084472656,41.874681565280525,42.32945895826617,40.7283890005692,41.1364669787964,0.6646824808078691,0.07353210567625723,True,True,2024
2024-10-31,PRIO3,AUTOENCODER,40.97999954223633,41.6389505479566,40.37143880163341,41.23964493141554,39.54764836471679,0.6589510057202688,1.4323511775195357,False,False,2024
2024-11-01,PRIO3,AUTOENCODER,39.84999847412109,41.462964105907304,40.84976740511559,41.02588643104403,41.52212110530708,1.612965631786217,1.6721226311859922,False,True,2024
2024-11-04,PRIO3,AUTOENCODER,40.880001068115234,41.28422053612485,41.71902920975761,40.000786792879325,40.74841439430604,0.4042194680096145,0.13158667380919553,True,True,2024
2024-11-05,PRIO3,AUTOENCODER,40.33000183105469,41.14158172420122,40.601875567445255,40.95402209161892,39.91133939000472,0.8115798931465292,0.4186624410499675,True,False,2024
2024-11-06,PRIO3,AUTOENCODER,40.88999938964844,41.03292706448485,40.94674888889613,40.21870953138253,40.69819217295315,0.14292767483641455,0.19180721669528822,False,False,2024
2024-11-07,PRIO3,AUTOENCODER,39.90999984741211,40.88499184422443,40.30595972819864,40.93738076781501,40.272688808743226,0.9749919968123208,0.3626889613311164,True,True,2024
2024-11-08,PRIO3,AUTOENCODER,38.970001220703125,40.76468917080081,39.984467450832305,39.93369635098409,39.63391310641538,1.794687950097682,0.6639118857122526,True,True,2024
2024-11-11,PRIO3,AUTOENCODER,39.310001373291016,40.57332748681239,39.86357362618499,39.198216795988785,39.057462073469836,1.263326113521373,0.25253929982117995,True,True,2024
2024-11-12,PRIO3,AUTOENCODER,39.20000076293945,40.334526186506594,40.19513031161946,39.42485188385524,39.74487583185249,1.1345254235671405,0.5448750689130364,True,False,2024
2024-11-13,PRIO3,AUTOENCODER,39.34999847412109,40.126717044238376,40.7001913085698,39.39741229269563,39.93605796125627,0.7767185701172892,0.5860594871351807,True,True,2024
2024-11-14,PRIO3,AUTOENCODER,39.70000076293945,39.93007597122016,39.95131046328195,39.306784147933854,38.83553603727986,0.23007520828070938,0.8644647256595945,False,False,2024
2024-11-15,PRIO3,AUTOENCODER,39.70000076293945,39.78571820929005,39.1233085647624,39.74951942457215,39.10889934210203,0.08571744635059986,0.5911014208374255,False,True,2024
2024-11-18,PRIO3,AUTOENCODER,40.20000076293945,39.674439172435086,40.108593989717285,39.64700324072963,40.59274664046701,0.5255615905043669,0.39274587752755963,True,True,2024
2024-11-19,PRIO3,AUTOENCODER,39.77000045776367,39.643589976576266,39.33648765252977,39.94392094103126,39.15314127919346,0.12641048118740628,0.6168591785702091,False,False,2024
2024-11-20,PRIO3,AUTOENCODER,39.77000045776367,39.64837920956461,39.52669130239494,39.46164145953781,39.70743892873354,0.12162124819906239,0.06256152903013401,True,False,2024
2024-11-21,PRIO3,AUTOENCODER,39.130001068115234,39.660037434856065,40.13881053141513,39.738828403114304,40.23278255395735,0.5300363667408305,1.1027814858421152,False,True,2024
2024-11-22,PRIO3,AUTOENCODER,40.400001525878906,39.65385942641694,40.21706714350791,39.157519074891304,39.310492473991545,0.746142099461963,1.0895090518873616,False,True,2024
2024-11-25,PRIO3,AUTOENCODER,39.84999847412109,39.64956375333145,39.136525894329644,40.420224295504156,39.41666527140477,0.2004347207896373,0.4333332027163195,False,True,2024
2024-11-26,PRIO3,AUTOENCODER,39.84999847412109,39.686570534461,40.093366372335694,39.51541013116856,40.485353837962215,0.16342793966008884,0.6353553638411285,False,False,2024
2024-11-27,PRIO3,AUTOENCODER,39.56999969482422,39.71524466288588,39.71787576182981,39.63096365985895,39.23727465175105,0.14524496806166098,0.3327250430731681,False,False,2024
2024-11-28,PRIO3,AUTOENCODER,39.470001220703125,39.72199792390143,39.59036623760282,39.3734701604116,39.34309720183493,0.2519967031983015,0.12690401886819558,True,False,2024
2024-11-29,PRIO3,AUTOENCODER,40.13999938964844,39.693024255673436,39.693024255673436,39.31700306689626,39.453924751223724,0.4469751339750019,0.6860746384247136,False,False,2024
2024-12-02,PRIO3,AUTOENCODER,40.0,39.67295508886514,39.67295508886514,39.93943064350066,39.89675813078105,0.32704491113486256,0.10324186921894807,True,False,2024
2024-12-03,PRIO3,AUTOENCODER,40.810001373291016,39.688061425753745,40.290710091546416,39.879492764656675,40.4536106058451,1.121939947537271,0.3563907674459159,True,True,2024
2024-12-04,PRIO3,AUTOENCODER,39.709999084472656,39.769791541804295,38.97707762895579,40.68906130683735,39.317197823414986,0.05979245733163907,0.3928012610576701,False,True,2024
2024-12-05,PRIO3,AUTOENCODER,40.65999984741211,39.84525174515795,40.346391959901176,39.54741673261114,40.83131029157302,0.814748102254157,0.17131044416090901,True,True,2024
2024-12-06,PRIO3,AUTOENCODER,39.70000076293945,39.914152707595804,39.26519067368331,40.645968138481265,39.371396600914146,0.21415194465635068,0.3286041620253073,False,True,2024
2024-12-09,PRIO3,AUTOENCODER,39.900001525878906,39.95220787803623,40.74670380627304,39.58536564029764,41.020565056215304,0.052206352157327274,1.1205635303363977,False,True,2024
2024-12-10,PRIO3,AUTOENCODER,40.04999923706055,39.96755248522277,39.975044521289426,39.790521736994016,39.04981325657435,0.08244675183777872,1.0001859804861937,False,False,2024
2024-12-11,PRIO3,AUTOENCODER,41.9900016784668,39.9970469442448,40.543209159129525,40.08017931773332,40.7099325650152,1.9929547342219962,1.2800691134515958,True,True,2024
2024-12-12,PRIO3,AUTOENCODER,41.04999923706055,40.10933012021246,39.5295409174329,41.84687870780095,40.664188741834096,0.9406691168480847,0.38581049522645117,True,True,2024
2024-12-13,PRIO3,AUTOENCODER,41.5,40.28836982593663,39.826156049806876,40.51462655852893,40.684460765517414,1.211630174063373,0.8155392344825856,True,False,2024
2024-12-16,PRIO3,AUTOENCODER,41.150001525878906,40.471119740585664,40.471119740585664,41.16394704934433,41.44347781843531,0.6788817852932425,0.29347629255640584,True,False,2024
2024-12-17,PRIO3,AUTOENCODER,41.31999969482422,40.640727346373296,40.25250732989414,40.93078094741542,40.45548817559871,0.6792723484509224,0.8645115192255091,False,True,2024
2024-12-18,PRIO3,AUTOENCODER,39.91999816894531,40.77399532786558,40.248034839835434,41.22508961827428,40.98136064258311,0.8539971589202651,1.0613624736378,False,True,2024
2024-12-19,PRIO3,AUTOENCODER,39.68000030517578,40.80810201908321,40.428430294926955,40.02880314266329,40.029556594840216,1.1281017139074265,0.3495562896644344,True,True,2024
2024-12-20,PRIO3,AUTOENCODER,40.27000045776367,40.74617216479044,40.76513478543576,39.76952885022638,40.054200079152096,0.47617170702676503,0.21580037861157564,True,False,2024
2024-12-23,PRIO3,AUTOENCODER,39.25,40.62440923482666,39.938300403846995,40.44589182512029,39.62151346600724,1.3744092348266577,0.37151346600723656,True,True,2024
2024-12-24,PRIO3,AUTOENCODER,39.25,40.4496277597126,40.671337427078875,39.17361138499601,40.036772242238726,1.1996277597125982,0.786772242238726,True,False,2024
2024-12-26,PRIO3,AUTOENCODER,39.900001525878906,40.256506279380915,40.086750667679524,39.32753699114127,38.88405883737094,0.3565047535020085,1.0159426885079696,False,False,2024
2024-12-27,PRIO3,AUTOENCODER,39.90999984741211,40.09953040324484,40.09953040324484,39.875982086995045,40.02660738932324,0.18953055583273226,0.11660754191112943,True,False,2024
2024-12-30,PRIO3,AUTOENCODER,40.150001525878906,40.005777848733146,40.005777848733146,39.75097798954094,39.73393011767212,0.14422367714576012,0.4160714082067898,False,False,2024
2024-12-31,PRIO3,AUTOENCODER,40.150001525878906,39.97047980602588,39.97047980602588,39.9739710088336,39.972281329679824,0.17952171985302812,0.17772019619908264,True,False,2024
2025-01-02,PRIO3,AUTOENCODER,40.77000045776367,39.95780382617613,39.95780382617613,39.92206285187776,39.93598236640185,0.8121966315875397,0.8340180913618198,False,False,2025
2025-01-03,PRIO3,AUTOENCODER,40.619998931884766,40.02128584126683,40.02128584126683,40.53593948320042,40.513152842822,0.5987130906179345,0.10684608906276338,True,False,2025
2025-01-06,PRIO3,AUTOENCODER,40.97999954223633,40.129583095536304,40.129583095536304,40.32293677025656,40.34680303165414,0.8504164467000237,0.633196510582188,True,False,2025
2025-01-07,PRIO3,AUTOENCODER,41.630001068115234,40.29955151063223,40.29955151063223,41.13804580190722,40.97067929484699,1.330449557483007,0.6593217732682461,True,True,2025
2025-01-08,PRIO3,AUTOENCODER,41.400001525878906,40.503878502689304,39.853268547958464,41.484758335058686,40.76804563967089,0.8961230231896025,0.6319558862080186,True,True,2025
2025-01-09,PRIO3,AUTOENCODER,41.959999084472656,40.713284055953636,40.12628191750344,41.20981865351312,41.14013072402139,1.24671502851902,0.8198683604512667,True,True,2025
2025-01-10,PRIO3,AUTOENCODER,42.630001068115234,40.91000001392263,41.403862568113844,41.808175531912426,42.6200581991474,1.7200010541926076,0.009942868967833363,True,True,2025
2025-01-13,PRIO3,AUTOENCODER,42.52999877929688,41.24387116310152,41.00494984172996,42.33457737609834,41.57633573851293,1.2861276161953654,0.953663040783951,True,False,2025
2025-01-14,PRIO3,AUTOENCODER,42.20000076293945,41.615933637176795,41.48347662962304,42.22484887119515,42.39827793647933,0.5840671257626582,0.1982771735398785,True,False,2025
2025-01-15,PRIO3,AUTOENCODER,43.0,41.91305669869246,42.480687794127206,42.14908981965141,42.78754087118442,1.0869433013075422,0.21245912881558127,True,True,2025
2025-01-16,PRIO3,AUTOENCODER,41.970001220703125,42.17982072039075,41.60168149445635,43.003734581864634,41.87450787788731,0.20981949968762592,0.09549334281581423,True,True,2025
2025-01-17,PRIO3,AUTOENCODER,42.709999084472656,42.36506226158383,42.154503211000424,41.79558624146649,42.23571823647341,0.3449368228888261,0.4742808479992462,False,False,2025
2025-01-20,PRIO3,AUTOENCODER,42.68999862670898,42.47819640290123,42.769868726228125,42.67258659381108,43.028713935181244,0.21180222380774438,0.33871530847226694,False,False,2025
2025-01-21,PRIO3,AUTOENCODER,42.720001220703125,42.595810025819674,42.48224632763272,42.55772918089894,42.1903451524707,0.12419119488345132,0.529656068232427,False,False,2025
2025-01-22,PRIO3,AUTOENCODER,42.45000076293945,42.69304473054251,42.09225084056593,42.75365462219181,42.266836541998785,0.24304396760305735,0.1831642209406681,True,True,2025
2025-01-23,PRIO3,AUTOENCODER,41.47999954223633,42.76204100109953,42.266172154749,42.497330254772606,42.46903880351507,1.2820414588632048,0.9890392612787409,True,True,2025
2025-01-24,PRIO3,AUTOENCODER,41.150001525878906,42.73754000674978,42.94484929884772,41.5144118759328,42.11011151496392,1.587538480870876,0.9601099890850122,True,False,2025
2025-01-27,PRIO3,AUTOENCODER,42.09999847412109,42.61260467796217,42.29018281923017,41.44264864948874,40.87427833363821,0.5126062038410808,1.2257201404828777,False,True,2025
2025-01-28,PRIO3,AUTOENCODER,41.380001068115234,42.45277296211236,41.91717672001736,42.333376575767005,42.01086836016253,1.0727718939971282,0.6308672920472986,True,True,2025
2025-01-29,PRIO3,AUTOENCODER,40.41999816894531,42.32162218241024,41.82467641076966,41.466445187573186,41.36716484653789,1.9016240134649252,0.9471666775925769,True,True,2025
2025-01-30,PRIO3,AUTOENCODER,41.459999084472656,42.133497570612235,42.66939900892552,40.67311948475233,41.56328851269704,0.6734984861395787,0.10328942822438592,True,True,2025
2025-01-31,PRIO3,AUTOENCODER,40.9900016784668,41.93215576500205,41.19153616682467,41.97561209949216,40.56954952567926,0.942154086535254,0.42045215278754,True,True,2025
2025-02-03,PRIO3,AUTOENCODER,41.22999954223633,41.78220545879344,41.78220545879344,40.951519632571454,41.67244554458763,0.5522059165571136,0.4424460023513035,True,False,2025
2025-02-04,PRIO3,AUTOENCODER,41.22999954223633,41.68297268742941,41.68297268742941,41.247899156652664,41.134068551956595,0.4529731451930843,0.09593099027973295,True,False,2025
2025-02-05,PRIO3,AUTOENCODER,40.34000015258789,41.608833182298554,41.03449248532001,41.318854198642896,40.71425363117832,1.2688330297106631,0.37425347859043256,True,True,2025
2025-02-06,PRIO3,AUTOENCODER,40.56999969482422,41.508378424692296,40.99991744896664,40.48707674981707,40.46886882997852,0.9383787298680772,0.10113086484570033,True,True,2025
2025-02-07,PRIO3,AUTOENCODER,39.619998931884766,41.36996720862618,40.84216693653191,40.8040617383739,40.56226580656141,1.7499682767414129,0.9422668746766476,True,True,2025
2025-02-10,PRIO3,AUTOENCODER,40.0,41.196217103516005,41.72861625162239,39.71438365935822,40.67058043623646,1.1962171035160054,0.6705804362364631,True,False,2025
2025-02-11,PRIO3,AUTOENCODER,40.29999923706055,40.99366692710919,40.71790267875907,40.162323297614584,39.371299208301195,0.6936676900486418,0.9287000287593514,False,False,2025
2025-02-12,PRIO3,AUTOENCODER,39.5099983215332,40.836891878795655,40.23339021907836,40.46688466948436,40.11705782976513,1.3268935572624514,0.6070595082319272,True,True,2025
2025-02-13,PRIO3,AUTOENCODER,38.88999938964844,40.66575253537849,40.8607680555165,39.50390351033603,40.20960875265542,1.7757531457300502,1.3196093630069825,True,False,2025
2025-02-14,PRIO3,AUTOENCODER,39.43000030517578,40.414707545620615,40.716874674124504,39.40840000567472,39.42210052225699,0.984707240444834,0.007899782918791232,True,True,2025
2025-02-17,PRIO3,AUTOENCODER,39.119998931884766,40.192006509731925,40.192006509731925,39.54970749563646,39.31623668855257,1.0720075778471596,0.19623775666780574,True,False,2025
2025-02-18,PRIO3,AUTOENCODER,39.0,40.006370120616566,40.006370120616566,39.126506745331575,39.20225757490205,1.006370120616566,0.202257574902049,True,False,2025
2025-02-19,PRIO3,AUTOENCODER,39.0099983215332,39.844679896442926,39.844679896442926,39.03842056568849,39.06110790697145,0.8346815749097232,0.05110958543824751,True,False,2025
2025-02-20,PRIO3,AUTOENCODER,38.52999877929688,39.7010437531294,39.7010437531294,39.030804386944965,39.04585024393043,1.1710449738325153,0.515851464633549,True,False,2025
2025-02-21,PRIO3,AUTOENCODER,37.70000076293945,39.55244477989618,39.02854511069684,38.689863891041554,38.16539356370193,1.8524440169567242,0.4653928007624799,True,True,2025
2025-02-24,PRIO3,AUTOENCODER,36.72999954223633,39.33046876648547,38.85542059821275,37.94368662309258,37.91498005368913,2.6004692242491387,1.1849805114527996,True,True,2025
2025-02-25,PRIO3,AUTOENCODER,36.65999984741211,39.01083596953845,38.4482074804959,37.106061588116575,36.88436313068286,2.3508361221263385,0.22436328327074762,True,True,2025
2025-02-26,PRIO3,AUTOENCODER,36.16999816894531,38.63321328786796,38.601945079475996,36.96168625409884,37.33948847673208,2.4632151189226477,1.1694903077867664,True,False,2025
2025-02-27,PRIO3,AUTOENCODER,38.20000076293945,38.223978945385284,38.496788171540985,36.53771368217771,36.751110088332254,0.023978182445830498,1.448890674607199,False,True,2025
2025-02-28,PRIO3,AUTOENCODER,38.16999816894531,37.908978803802256,38.058798559832795,38.245754813580675,38.04973512373148,0.26101936514305635,0.12026304521383224,True,False,2025
2025-03-03,PRIO3,AUTOENCODER,38.16999816894531,37.79900174393239,37.25418144753863,38.0144394378959,37.34209198739123,0.37099642501291896,0.8279061815540842,False,True,2025
2025-03-04,PRIO3,AUTOENCODER,38.16999816894531,37.80393734296089,37.7064131096187,37.92341235762641,38.298857546799056,0.3660608259844196,0.12885937785374324,True,False,2025
2025-03-05,PRIO3,AUTOENCODER,37.369998931884766,37.86841498751079,37.36593587093764,38.064265168565626,37.52354254309246,0.49841605562602354,0.1535436112076951,True,True,2025
2025-03-06,PRIO3,AUTOENCODER,37.47999954223633,37.87821300254771,38.4593734890021,37.325273104894165,38.31799814950113,0.39821346031138205,0.8379986072648009,False,True,2025
2025-03-07,PRIO3,AUTOENCODER,38.31999969482422,37.87268853549719,38.459599388988046,37.60745661331709,37.61687064253071,0.4473111593270289,0.7031290522935123,False,True,2025
2025-03-10,PRIO3,AUTOENCODER,37.52999877929688,37.88337666028994,38.10122792765753,38.336600491317625,38.089203789309195,0.3533778809930581,0.5592050100123132,False,True,2025
2025-03-11,PRIO3,AUTOENCODER,37.15999984741211,37.87377096342206,37.45005199190622,37.45812676359034,36.96438737327169,0.7137711160099514,0.19561247414041816,True,True,2025
2025-03-12,PRIO3,AUTOENCODER,36.880001068115234,37.80440707583395,38.260779137232184,37.23882417644263,38.066951093633755,0.9244060077187157,1.1869500255185201,False,True,2025
2025-03-13,PRIO3,AUTOENCODER,36.5,37.689434849361106,37.471103996266685,36.8811772070462,36.26867078795361,1.1894348493611062,0.2313292120463899,True,False,2025
2025-03-14,PRIO3,AUTOENCODER,39.34999847412109,37.53401283595366,38.146165511765055,36.670262671130196,37.522955794223044,1.815985638167426,1.8270426798980424,False,True,2025
2025-03-17,PRIO3,AUTOENCODER,39.70000076293945,37.467557547930966,37.91191136087786,39.14324945237295,38.89730985684881,2.2324432150084874,0.8026909060906462,True,False,2025
2025-03-18,PRIO3,AUTOENCODER,39.650001525878906,37.612774784864314,37.612774784864314,39.032098710330494,38.744339996448424,2.0372267410145923,0.905661529430482,True,False,2025
2025-03-19,PRIO3,AUTOENCODER,39.27000045776367,37.879969395029576,37.879969395029576,39.04601118894084,39.12811326610727,1.3900310627340957,0.1418871916564015,True,False,2025
2025-03-20,PRIO3,AUTOENCODER,39.27999877929688,38.15557324478098,38.15557324478098,38.800038963863294,38.84450878801746,1.1244255345159004,0.4354899912794252,True,False,2025
2025-03-21,PRIO3,AUTOENCODER,39.060001373291016,38.36992460865801,38.36992460865801,38.916809821633976,38.942994151163454,0.6900767646330053,0.11700722212756176,True,False,2025
2025-03-24,PRIO3,AUTOENCODER,39.5,38.505415311643816,38.505415311643816,38.730226986693935,38.76865227306422,0.9945846883561842,0.7313477269357804,True,False,2025
2025-03-25,PRIO3,AUTOENCODER,39.09000015258789,38.637633201894516,38.637633201894516,39.217433079155036,39.21449149633273,0.4523669506933743,0.12449134374483606,True,False,2025
2025-03-26,PRIO3,AUTOENCODER,40.619998931884766,38.770545479870606,39.62698538099265,38.94349759641329,39.79482406254583,1.84945345201416,0.8251748693389374,True,True,2025
2025-03-27,PRIO3,AUTOENCODER,40.65999984741211,38.95044466059801,39.01339564698904,40.32616585746357,39.62728673789607,1.7095551868141001,1.0327131095160382,True,False,2025
2025-03-28,PRIO3,AUTOENCODER,40.13999938964844,39.187271721292404,39.187271721292404,40.15598664675194,40.24644805566962,0.9527276683560331,0.10644866602117986,True,False,2025
2025-03-31,PRIO3,AUTOENCODER,39.79999923706055,39.397603124857255,39.259193072102356,39.737429563279164,39.661086181609306,0.4023961122032915,0.13891305545124055,True,False,2025
2025-04-01,PRIO3,AUTOENCODER,40.060001373291016,39.56382729241432,39.513835854580854,39.57860166510787,39.686894782342854,0.496174080876699,0.37310659094816145,True,False,2025
2025-04-02,PRIO3,AUTOENCODER,39.58000183105469,39.71296407574857,39.71296407574857,39.92159056296573,39.9530868163213,0.13296224469388562,0.3730849852666154,False,False,2025
2025-04-03,PRIO3,AUTOENCODER,36.83000183105469,39.773709386274504,39.20588018044401,39.54425568269559,38.97294969055333,2.9437075552198166,2.1429478594986406,True,True,2025
2025-04-04,PRIO3,AUTOENCODER,33.900001525878906,39.5869054726993,38.883706617597085,37.05150747283664,36.94599912159052,5.686903946820394,3.0459975957116114,True,True,2025
2025-04-07,PRIO3,AUTOENCODER,34.5099983215332,38.939964171350596,38.39428476303767,34.585650352317046,34.68107823210667,4.429965849817393,0.17107991057346794,True,True,2025
2025-04-08,PRIO3,AUTOENCODER,33.81999969482422,38.151617957835384,37.71470359724441,35.46303513860515,35.29919126782193,4.3316182630111655,1.4791915729977134,True,True,2025
2025-04-09,PRIO3,AUTOENCODER,35.79999923706055,37.406931372554,37.934415890283425,34.53535432097242,35.33155230444461,1.6069321354934516,0.46844693261594017,True,True,2025
2025-04-10,PRIO3,AUTOENCODER,32.88999938964844,36.751439571371094,36.32528673695304,36.25979789490516,35.16381829764644,3.8614401817226565,2.273818907998006,True,True,2025
2025-04-11,PRIO3,AUTOENCODER,34.33000183105469,36.11055033558975,36.59185439902856,33.0437051510041,34.07703876219891,1.7805485045350622,0.25296306885577735,True,True,2025
2025-04-14,PRIO3,AUTOENCODER,33.81999969482422,35.54088009185895,35.55962490625287,34.64992756581499,34.13399192953046,1.7208803970347333,0.31399223470624094,True,False,2025
2025-04-15,PRIO3,AUTOENCODER,33.029998779296875,35.135332131271355,34.60892274473152,33.984917452816774,33.49695985356301,2.1053333519744797,0.46696107426613764,True,True,2025
2025-04-16,PRIO3,AUTOENCODER,33.400001525878906,34.71447190018051,34.88094762906419,33.08712087500588,33.74327349613327,1.3144703743016066,0.3432719702543636,True,False,2025
2025-04-17,PRIO3,AUTOENCODER,34.560001373291016,34.335109845335154,34.750114129623775,33.6010544038602,33.73954216275803,0.22489152795586165,0.820459210532988,False,True,2025
2025-04-21,PRIO3,AUTOENCODER,34.560001373291016,34.097966225530655,33.73183823457198,34.503224310019476,33.71079478391511,0.4620351477603606,0.8492065893759033,False,True,2025
2025-04-22,PRIO3,AUTOENCODER,34.58000183105469,33.95248348740819,34.22656139711827,34.15960721841994,34.80480315000405,0.6275183436464999,0.2248013189493605,True,False,2025
2025-04-23,PRIO3,AUTOENCODER,33.25,33.87633059825984,33.40897300629756,34.3031518978436,33.51275567853242,0.626330598259841,0.26275567853242165,True,True,2025
2025-04-24,PRIO3,AUTOENCODER,34.5099983215332,33.817481238533134,34.245360086048265,33.105718444298006,33.98526856614838,0.6925170830000695,0.5247297553848256,True,True,2025
2025-04-25,PRIO3,AUTOENCODER,34.880001068115234,33.75207944561342,33.445700394293866,34.33194324831629,33.55866250802093,1.127921622501816,1.3213385600943042,False,False,2025
2025-04-28,PRIO3,AUTOENCODER,33.810001373291016,33.77706719214322,33.27257507745947,34.591353188490174,34.34479957440073,0.03293418114779456,0.5347982011097159,False,True,2025
2025-04-29,PRIO3,AUTOENCODER,34.65999984741211,33.81288942950593,33.55917372959149,33.593167670725215,33.71994678084312,0.8471104179061797,0.9400530665689928,False,True,2025
2025-04-30,PRIO3,AUTOENCODER,33.709999084472656,33.80416533274038,33.14208155419306,34.508973060782274,33.90114449346765,0.0941662482677259,0.19114540899499133,False,True,2025
2025-05-01,PRIO3,AUTOENCODER,33.709999084472656,33.7893108815953,33.97856517002004,33.385963981457,34.141108458486784,0.07931179712264225,0.4311093740141274,False,False,2025
2025-05-02,PRIO3,AUTOENCODER,36.43000030517578,33.76812354631744,33.76812354631744,33.56778849748639,33.33608409786706,2.661876758858341,3.093916207308723,False,False,2025
2025-05-05,PRIO3,AUTOENCODER,35.470001220703125,33.900232513003374,33.535381655561906,36.181516454758096,35.67888853193609,1.569768707699751,0.20888731123296367,True,True,2025
2025-05-06,PRIO3,AUTOENCODER,36.970001220703125,34.080438041256684,34.510200796668826,34.88264112393999,35.61806054444304,2.8895631794464407,1.3519406762600852,True,True,2025
2025-05-07,PRIO3,AUTOENCODER,35.72999954223633,34.36656322659229,33.907983018227036,36.52235552071076,35.5504645302004,1.3634363156440372,0.17953501203592737,True,True,2025
2025-05-08,PRIO3,AUTOENCODER,36.65999984741211,34.66461894613127,35.23523004937912,35.2463843640038,36.28622570503591,1.9953809012808392,0.3737741423761989,True,True,2025
2025-05-09,PRIO3,AUTOENCODER,36.66999816894531,34.97516513507375,34.7151901745253,36.28507624122704,35.47892454318322,1.6948330338715607,1.191073625762094,True,False,2025
2025-05-12,PRIO3,AUTOENCODER,38.560001373291016,35.279722229884754,35.808446693074124,36.32761498852255,37.12451738131777,3.2802791434062613,1.4354839919732427,True,True,2025
2025-05-13,PRIO3,AUTOENCODER,39.27000045776367,35.68357676942637,36.12214781252101,38.157709178104845,38.00465713769964,3.5864236883373053,1.2653433200640336,True,True,2025
2025-05-14,PRIO3,AUTOENCODER,39.20000076293945,36.1731984046377,36.209884036827404,38.49282301415235,38.24165390665267,3.026802358301751,0.9583468562867807,True,False,2025
2025-05-15,PRIO3,AUTOENCODER,39.0,36.69636679586654,36.29546093099618,38.594397463746205,38.207053633181644,2.3036332041334617,0.7929463668183558,True,True,2025
2025-05-16,PRIO3,AUTOENCODER,39.43000030517578,37.14902930400791,37.369274483811004,38.413909597890594,39.014909242857044,2.2809710011678703,0.41509106231873716,True,False,2025
2025-05-19,PRIO3,AUTOENCODER,39.38999938964844,37.5388173863183,37.54137660836032,38.92648548476631,38.70788055093705,1.8511820033301376,0.6821188387113892,True,False,2025
2025-05-20,PRIO3,AUTOENCODER,39.7400016784668,37.90208428253865,37.7728315013876,38.92666904848683,38.864022935009444,1.8379173959281445,0.8759787434573525,True,False,2025
2025-05-21,PRIO3,AUTOENCODER,39.75,38.23955331321625,38.23955331321625,39.33799185733568,39.46223136577522,1.5104466867837516,0.2877686342247827,True,False,2025
2025-05-22,PRIO3,AUTOENCODER,38.97999954223633,38.568538219356924,37.96517216228641,39.504358673086955,38.859020081462596,0.4114613228794042,0.12097946077373223,True,True,2025
2025-05-23,PRIO3,AUTOENCODER,38.79999923706055,38.782581533777346,38.782581533777346,38.716472619213846,39.28380238145094,0.01741770328320058,0.48380314439039296,False,False,2025
2025-05-26,PRIO3,AUTOENCODER,39.04999923706055,38.85593644885574,39.28590346858355,38.75046888635195,39.068935925394555,0.19406278820480338,0.018936688334008522,True,True,2025
2025-05-27,PRIO3,AUTOENCODER,39.40999984741211,38.90121461318478,38.801319923053725,38.93708798737525,38.50551516956661,0.5087852342273322,0.9044846778455025,False,False,2025
2025-05-28,PRIO3,AUTOENCODER,39.20000076293945,38.95929470023532,38.81934121216109,39.232137564732,39.24544922150292,0.24070606270413464,0.04544845856347024,True,False,2025
2025-05-29,PRIO3,AUTOENCODER,40.0,39.02063909036747,39.504530371861954,39.11690532875988,39.68036040884325,0.9793609096325326,0.31963959115675067,True,True,2025
2025-05-30,PRIO3,AUTOENCODER,38.95000076293945,39.078237531030055,38.562530299574,39.8629675411868,38.864880897889186,0.12823676809060203,0.0851198650502667,True,True,2025
2025-06-02,PRIO3,AUTOENCODER,39.7400016784668,39.12125212752878,40.02122824306665,38.8080798569656,40.21956022807484,0.6187495509380199,0.47955854960804345,True,True,2025
2025-06-03,PRIO3,AUTOENCODER,40.95000076293945,39.210889413609124,39.813781898278094,39.7555738237951,39.485573496911286,1.7391113493303294,1.4644272660281672,True,True,2025
2025-06-04,PRIO3,AUTOENCODER,40.900001525878906,39.323465321657096,38.7915564070559,40.67540929174237,39.69201961026618,1.57653620422181,1.2079819156127272,True,True,2025
2025-06-05,PRIO3,AUTOENCODER,41.04999923706055,39.5424986968884,39.370814221537586,40.44046363954259,40.81050309673669,1.5075005401721455,0.23949614032385824,True,False,2025
2025-06-06,PRIO3,AUTOENCODER,42.5099983215332,39.79171581307503,40.49367269048806,40.77816426161039,41.50733151714551,2.7182825084581737,1.0026668043876938,True,True,2025
2025-06-09,PRIO3,AUTOENCODER,42.150001525878906,40.097246412246136,40.0338303454005,42.02915796928308,41.323921906201484,2.05275511363277,0.8260796196774223,True,False,2025
2025-06-10,PRIO3,AUTOENCODER,42.56999969482422,40.44479427652607,41.22213652281791,41.68818131183892,42.607682926250966,2.125205418298151,0.037683231426747454,True,True,2025
2025-06-11,PRIO3,AUTOENCODER,43.310001373291016,40.81802087119979,41.2992268578156,42.250761058760894,42.047782737755625,2.4919805020912236,1.2622186355353904,True,True,2025
2025-06-12,PRIO3,AUTOENCODER,43.220001220703125,41.23761486585022,41.892397360703534,42.95410457595511,43.2638461436375,1.9823863548529062,0.04384492293437603,True,True,2025
2025-06-13,PRIO3,AUTOENCODER,43.97999954223633,41.6455165965952,42.30418795318346,42.87854101279788,43.055597779773414,2.3344829456411276,0.9244017624629137,True,True,2025
2025-06-16,PRIO3,AUTOENCODER,43.18000030517578,42.2530139520527,42.10060252057903,43.77109400731298,43.16982484390794,0.926986353123084,0.010175461267841968,True,False,2025
2025-06-17,PRIO3,AUTOENCODER,44.02999877929688,42.74158379409175,43.41849734902117,43.0952676151554,44.0185767075211,1.2884149852051294,0.011422071775783138,True,True,2025
2025-06-18,PRIO3,AUTOENCODER,43.70000076293945,43.14490052353233,42.97610119683643,43.9595094679537,43.21719186057045,0.5551002394071247,0.4828089023690012,True,False,2025
2025-06-20,PRIO3,AUTOENCODER,43.560001373291016,43.40422710807388,44.042791514501296,43.606450447039066,44.468345507383624,0.15577426521713278,0.9083441340926086,False,True,2025
2025-06-23,PRIO3,AUTOENCODER,43.25,43.63805536687579,42.72016421705878,43.663753627445644,42.1907951039192,0.3880553668757898,1.0592048960808,False,True,2025
2025-06-24,PRIO3,AUTOENCODER,41.560001373291016,43.81392267377612,42.96983299754671,43.44609280201105,43.435908335263235,2.2539213004851035,1.8759069619722197,True,True,2025
2025-06-25,PRIO3,AUTOENCODER,41.02999877929688,43.733193292976864,43.97814337219592,41.74144977754088,42.65514821291379,2.703194513679982,1.6251494336169046,True,False,2025
2025-06-26,PRIO3,AUTOENCODER,41.84999847412109,43.47346505279023,44.20445314202461,41.557828537690135,41.98164019628835,1.6234665786691451,0.13164172216726655,True,True,2025
2025-06-27,PRIO3,AUTOENCODER,41.869998931884766,43.15787604318518,42.98086811250083,42.1525130585183,41.39519252365948,1.2878771113004177,0.47480640822528386,True,False,2025
2025-06-30,PRIO3,AUTOENCODER,42.400001525878906,42.87998820243507,42.3021216610415,42.069953158761784,41.702638272453235,0.479986676556166,0.6973632534256708,False,True,2025
2025-07-01,PRIO3,AUTOENCODER,41.79999923706055,42.66630399539224,43.05893267946748,42.37952061686981,43.19925280038671,0.8663047583316938,1.3992535633261625,False,False,2025
2025-07-02,PRIO3,AUTOENCODER,42.15999984741211,42.49829960832352,43.10073558232109,41.83319985323738,42.03179788257085,0.33829976091141134,0.12820196484126,True,True,2025
2025-07-03,PRIO3,AUTOENCODER,42.58000183105469,42.385539891760004,42.13969767086262,42.1398940198988,41.45841975036551,0.19446193929468336,1.1215820806891799,False,False,2025
2025-07-04,PRIO3,AUTOENCODER,42.58000183105469,42.3053108785864,43.02589886917193,42.52891510133297,43.472932764989096,0.27469095246829056,0.8929309339344087,False,True,2025
2025-07-07,PRIO3,AUTOENCODER,41.7599983215332,42.270291952513844,41.7101333281414,42.461035935646635,41.25349239967871,0.510293630980641,0.5065059218544903,True,True,2025
2025-07-08,PRIO3,AUTOENCODER,43.08000183105469,42.2424755971615,42.88797238546451,41.74030433952951,42.951843108865575,0.8375262338931861,0.12815872218911295,True,True,2025
2025-07-09,PRIO3,AUTOENCODER,42.56999969482422,42.25112821283767,42.069863520199796,42.952111847785936,42.11573101377945,0.31887148198654813,0.45426868104476625,False,False,2025
2025-07-10,PRIO3,AUTOENCODER,41.79999923706055,42.30862964345039,41.812236708489465,42.405396655368214,42.13889953701371,0.508630406389841,0.33890029995315984,True,True,2025
2025-07-11,PRIO3,AUTOENCODER,42.720001220703125,42.31563138634806,42.98680553586311,41.810424196958444,42.87142247902081,0.4043698343550659,0.15142125831768283,True,True,2025
2025-07-14,PRIO3,AUTOENCODER,42.900001525878906,42.310678768012565,42.189319552230536,42.63240262492604,41.87590947668256,0.5893227578663414,1.0240920491963479,False,False,2025
2025-07-15,PRIO3,AUTOENCODER,42.119998931884766,42.37480070904627,42.37480070904627,42.6830826494789,42.879385843622195,0.25480177716150365,0.7593869117374297,False,False,2025
2025-07-16,PRIO3,AUTOENCODER,42.38999938964844,42.442043990982825,42.442043990982825,41.99016995192893,42.03919979358853,0.05204460133438715,0.3507995960599075,False,False,2025
2025-07-17,PRIO3,AUTOENCODER,43.29999923706055,42.47843807706056,43.001381281819576,42.47534452031905,42.958590761392614,0.8215611599999875,0.341408475667933,True,True,2025
2025-07-18,PRIO3,AUTOENCODER,43.290000915527344,42.57642843901397,41.970561041879996,43.283398362218364,42.1803062648816,0.7135724765133773,1.1096946506457428,False,True,2025
2025-07-21,PRIO3,AUTOENCODER,42.7599983215332,42.695624857482926,42.613276671463005,43.0334736558958,43.527159264316694,0.06437346405027711,0.7671609427834909,False,False,2025
2025-07-22,PRIO3,AUTOENCODER,42.58000183105469,42.794888263599546,42.87532855237553,42.597228554868764,42.712228435508464,0.2148864325448585,0.13222660445377699,True,False,2025
2025-07-23,PRIO3,AUTOENCODER,42.470001220703125,42.85765546779646,42.85765546779646,42.8877738851707,42.739381482611485,0.3876542470933373,0.26938026190835984,True,True,2025
2025-07-24,PRIO3,AUTOENCODER,42.29999923706055,42.870998604480405,42.870998604480405,42.45653436432806,42.49706606970183,0.5709993674198586,0.19706683264128344,True,False,2025
2025-07-25,PRIO3,AUTOENCODER,41.900001525878906,42.850840937275734,43.6423309912102,42.42112152274629,43.19661611591986,0.9508394113968279,1.296614590040953,False,True,2025
2025-07-28,PRIO3,AUTOENCODER,41.47999954223633,42.77885607641042,43.423696548279885,42.06522940712853,42.07529759511457,1.2988565341740923,0.5952980528782419,True,True,2025
2025-07-29,PRIO3,AUTOENCODER,41.970001220703125,42.65989112051659,43.39112611418311,41.70970669406515,42.02956569715927,0.6898898998134655,0.0595644764561456,True,True,2025
2025-07-30,PRIO3,AUTOENCODER,42.720001220703125,42.52991807685851,42.54919691589635,42.05651853520881,41.56949445368573,0.19008314384461755,1.1505067670173972,False,False,2025
2025-07-31,PRIO3,AUTOENCODER,42.18999862670898,42.43913709334811,42.03709207610105,42.60590750129927,42.258979042170594,0.2491384666391312,0.06898041546161693,True,False,2025
2025-08-01,PRIO3,AUTOENCODER,40.9900016784668,42.41155900829369,41.72131815187976,42.15765074553981,41.7856975827065,1.4215573298268964,0.7956959042397003,True,True,2025
2025-08-04,PRIO3,AUTOENCODER,40.47999954223633,42.356096490658956,41.86561300751352,41.18196593428856,41.22760443360624,1.876096948422628,0.7476048913699103,True,True,2025
2025-08-05,PRIO3,AUTOENCODER,40.619998931884766,42.15552736158634,42.32061552976842,40.68663730531966,41.207625039570125,1.5355284297015714,0.5876261076853595,True,False,2025
2025-08-06,PRIO3,AUTOENCODER,39.790000915527344,41.90524824064323,41.441682310815686,40.928735136490516,40.23276417804907,2.115247325115888,0.4427632625217228,True,True,2025
2025-08-07,PRIO3,AUTOENCODER,39.650001525878906,41.643566184013594,41.66111774662978,39.98815134805539,40.46554549434713,1.9935646581346873,0.8155439684682264,True,False,2025
2025-08-08,PRIO3,AUTOENCODER,39.540000915527344,41.334686185225905,41.82412934287509,39.976150998750704,40.36583588224247,1.7946852696985616,0.8258349667151279,True,True,2025
2025-08-11,PRIO3,AUTOENCODER,39.130001068115234,41.0169731661079,41.14021441077478,39.7195047236134,39.47667867078509,1.8869720979926683,0.3466776026698568,True,False,2025
2025-08-12,PRIO3,AUTOENCODER,39.27000045776367,40.694406240634976,40.64019818925985,39.280397112961595,39.2322415359425,1.424405782871304,0.037758921821172464,True,False,2025
2025-08-13,PRIO3,AUTOENCODER,38.869998931884766,40.40174223755196,40.40174223755196,39.400474691472176,39.46947116159863,1.5317433056671916,0.5994722297138608,True,False,2025
2025-08-14,PRIO3,AUTOENCODER,38.79999923706055,40.11306075230573,40.11306075230573,38.93396086481329,38.96362383127185,1.313061515245181,0.16362459421130637,True,False,2025
2025-08-15,PRIO3,AUTOENCODER,38.810001373291016,39.831952858672196,39.831952858672196,38.858903366229086,38.87813804240143,1.0219514853811802,0.06813666911041594,True,False,2025
2025-08-18,PRIO3,AUTOENCODER,37.59000015258789,39.56803446510344,39.0743375855728,38.92592135042181,38.397430089159556,1.9780343125155468,0.8074299365716655,True,True,2025
2025-08-19,PRIO3,AUTOENCODER,36.84999847412109,39.1405809544828,38.44651345084308,37.625469522376505,37.359967090764904,2.2905824803617136,0.5099686166438175,True,True,2025
2025-08-20,PRIO3,AUTOENCODER,37.29999923706055,38.69369650106617,38.99593970117289,36.96179738553349,37.807228369865335,1.393697264005624,0.5072291328047882,True,False,2025
2025-08-21,PRIO3,AUTOENCODER,37.5,38.31612147345527,38.15454817164883,37.409332215285424,36.9010968772189,0.8161214734552686,0.5989031227811026,True,False,2025
2025-08-22,PRIO3,AUTOENCODER,38.04999923706055,38.02514408369544,38.15018656278346,37.526473803442116,37.7660533576409,0.024855153365109572,0.28394587941964744,False,True,2025
2025-08-25,PRIO3,AUTOENCODER,38.18000030517578,37.847579951887724,37.71847496715378,37.89066556418471,37.61814528590511,0.3324203532880574,0.5618550192706735,False,False,2025
2025-08-26,PRIO3,AUTOENCODER,37.72999954223633,37.76996510426852,38.308262524237755,38.017958113213616,38.62629314631943,0.0399655620321937,0.8962936040831053,False,True,2025
2025-08-27,PRIO3,AUTOENCODER,38.34999847412109,37.692334939273024,37.73792979251273,37.46786877063831,37.10194827301963,0.6576635348480622,1.2480502011014565,False,False,2025
2025-08-28,PRIO3,AUTOENCODER,38.58000183105469,37.64423327191355,37.417212218079804,38.085991138833876,37.87549364514026,0.9357685591411382,0.7045081859144275,True,False,2025
2025-08-29,PRIO3,AUTOENCODER,37.869998931884766,37.66670216100812,37.66670216100812,38.22047214976665,38.40598757768743,0.20329677087664777,0.5359886458026679,False,False,2025
2025-09-01,PRIO3,AUTOENCODER,37.970001220703125,37.679272621154496,37.679272621154496,37.55443977639566,37.57903238391239,0.29072859954862906,0.3909688367907336,False,False,2025
2025-09-02,PRIO3,AUTOENCODER,37.9900016784668,37.67274061112988,37.67274061112988,37.75694480171902,37.76966526905089,0.31726106733691495,0.22033640941590704,True,False,2025
2025-09-03,PRIO3,AUTOENCODER,37.5099983215332,37.68854303767458,37.67198141183083,37.887295918790656,37.83541621564255,0.17854471614137424,0.32541789410934996,False,True,2025
2025-09-04,PRIO3,AUTOENCODER,37.31999969482422,37.672201099098146,37.680489478268356,37.3346557512286,37.4021619424902,0.3522014042739272,0.08216224766598401,True,False,2025
2025-09-05,PRIO3,AUTOENCODER,36.54999923706055,37.613918482294366,37.08850389622499,37.334082288229254,36.782052958601525,1.0639192452338193,0.23205372154097859,True,True,2025
2025-09-08,PRIO3,AUTOENCODER,36.59000015258789,37.49628273427683,37.609121167572255,36.522563240726846,37.120716606918165,0.9062825816889415,0.5307164543302747,True,False,2025
2025-09-09,PRIO3,AUTOENCODER,37.09000015258789,37.36565614923015,37.36565614923015,36.65790172651257,36.51820441291301,0.27565599664225715,0.571795739674883,False,False,2025
2025-09-10,PRIO3,AUTOENCODER,37.630001068115234,37.257124028524146,37.257124028524146,37.06136511936842,37.06661311874689,0.37287703959108853,0.5633879493683409,False,False,2025
2025-09-11,PRIO3,AUTOENCODER,37.90999984741211,37.20526790204161,37.20526790204161,37.45078438926111,37.43443883529557,0.7047319453704972,0.4755610121165361,True,False,2025
2025-09-12,PRIO3,AUTOENCODER,38.150001525878906,37.19679909488099,37.19679909488099,37.608919987451955,37.60599729973468,0.9532024309979192,0.5440042261442244,True,False,2025
2025-09-15,PRIO3,AUTOENCODER,37.970001220703125,37.272123143778686,37.272123143778686,37.83733442262668,37.836658372396265,0.6978780769244395,0.13334284830686016,True,False,2025
2025-09-16,PRIO3,AUTOENCODER,38.470001220703125,37.357474968357735,37.79804726108379,37.738844089072316,38.15160419776826,1.1125262523453898,0.3183970229348674,True,True,2025
2025-09-17,PRIO3,AUTOENCODER,38.2400016784668,37.511268234085776,37.421835638168446,38.216474567554776,37.764304300720966,0.728733444381021,0.4756973777458313,True,False,2025
2025-09-18,PRIO3,AUTOENCODER,38.88999938964844,37.646389618109794,37.39021493606015,37.946324447558005,37.852818632447004,1.2436097715386438,1.0371807572014333,True,False,2025
2025-09-19,PRIO3,AUTOENCODER,38.060001373291016,37.766828445989375,37.32873184047742,38.68465655767736,38.37250105960846,0.29317292730164013,0.3124996863174445,False,True,2025
2025-09-22,PRIO3,AUTOENCODER,38.18000030517578,37.86321388729317,38.039128688789766,37.767232659565174,38.325624680986266,0.31678641788261075,0.1456243758104847,True,False,2025
2025-09-23,PRIO3,AUTOENCODER,38.58000183105469,37.90107503763386,38.01293295372454,38.00136077960689,37.93204836922484,0.6789267934208283,0.6479534618298501,True,False,2025
2025-09-24,PRIO3,AUTOENCODER,38.90999984741211,37.9630950942537,38.484411438609975,38.472315222385866,38.87378679014719,0.9469047531584067,0.036213057264916415,True,True,2025
2025-09-25,PRIO3,AUTOENCODER,39.150001525878906,38.05747736312421,38.054756869860576,38.62979647198407,38.22457866906111,1.0925241627546995,0.9254228568177965,True,False,2025
2025-09-26,PRIO3,AUTOENCODER,39.2400016784668,38.17077659171946,37.83895379411396,38.8185000644338,38.56046410751039,1.0692250867473376,0.6795375709564055,True,False,2025
2025-09-29,PRIO3,AUTOENCODER,38.90999984741211,38.30336380093195,37.78336737697162,39.00486411100378,38.711076753720555,0.6066360464801619,0.1989230936915547,True,True,2025
2025-09-30,PRIO3,AUTOENCODER,38.130001068115234,38.40880691741839,37.99852045869469,38.71875209839421,38.66756380878682,0.2788058493031542,0.5375627406715822,False,True,2025
2025-10-01,PRIO3,AUTOENCODER,38.38999938964844,38.44089511882643,38.88594547247754,38.066565162052136,38.785822597362966,0.05089572917799501,0.3958232077145283,False,True,2025
2025-10-02,PRIO3,AUTOENCODER,38.29999923706055,38.41084923425777,38.46749229113027,38.30733260790532,37.96593584058268,0.11084999719722077,0.3340633964778661,False,False,2025
2025-10-03,PRIO3,AUTOENCODER,38.2400016784668,38.37525675753949,38.12261221145073,38.17839357657883,37.96588259721325,0.1352550790726923,0.274119081253545,False,False,2025
2025-10-06,PRIO3,AUTOENCODER,37.90999984741211,38.32788181458869,38.32788181458869,38.121121726323565,38.35540190043788,0.41788196717658366,0.4454020530257736,False,False,2025
2025-10-07,PRIO3,AUTOENCODER,37.72999954223633,38.282094772980514,38.282094772980514,37.83755378103428,37.84569473782744,0.552095230744186,0.11569519559111541,True,False,2025
2025-10-08,PRIO3,AUTOENCODER,37.63999938964844,38.1742502322771,38.1742502322771,37.66617652722202,37.70079486160041,0.5342508426286656,0.06079547195196966,True,False,2025
2025-10-09,PRIO3,AUTOENCODER,37.27999877929688,38.077020633346365,38.077020633346365,37.60874094861808,37.63529058159024,0.7970218540494827,0.3552918022933582,True,False,2025
2025-10-10,PRIO3,AUTOENCODER,36.02000045776367,37.96878975437417,37.56066570879967,37.37168660301275,36.953058340048294,1.9487892966104994,0.933057882284622,True,True,2025
2025-10-13,PRIO3,AUTOENCODER,36.29999923706055,37.7565606980794,37.62121453222086,36.118604455540094,36.408266950025514,1.4565614610188504,0.10826771296496673,True,False,2025
2025-10-14,PRIO3,AUTOENCODER,35.31999969482422,37.512091968544325,37.04794425463013,36.61009694237341,36.15584080949374,2.1920922737201067,0.8358411146695204,True,True,2025
2025-10-15,PRIO3,AUTOENCODER,34.599998474121094,37.18339639062256,36.68789406482167,35.55997500272114,35.442720509987026,2.583397916501468,0.8427220358659326,True,True,2025
2025-10-16,PRIO3,AUTOENCODER,34.20000076293945,36.78259171089442,36.924437667517616,34.854438193297504,35.396758248718626,2.5825909479549694,1.1967574857791732,True,False,2025
2025-10-17,PRIO3,AUTOENCODER,36.119998931884766,36.33533283272391,36.84849725454267,34.578887855689025,34.90546204565227,0.21533390083914128,1.2145368862324943,False,True,2025
2025-10-20,PRIO3,AUTOENCODER,35.40999984741211,35.96504206850679,35.28995600822845,36.23774874471538,35.02200661055393,0.5550422210946806,0.3879932368581791,True,True,2025
2025-10-21,PRIO3,AUTOENCODER,35.150001525878906,35.700982414689975,35.90094399563588,35.15136317701048,35.999320410885936,0.5509808888110683,0.8493188850070297,False,False,2025
2025-10-22,PRIO3,AUTOENCODER,36.209999084472656,35.50991176085117,36.09818720494935,35.122834834246355,35.439724841291024,0.7000873236214886,0.7702742431816318,False,True,2025
2025-10-23,PRIO3,AUTOENCODER,36.86000061035156,35.40804440076434,36.16717905798108,36.07662748667228,36.29271734843429,1.4519562095872232,0.5672832619172752,True,True,2025
2025-10-24,PRIO3,AUTOENCODER,37.04999923706055,35.49450928802085,36.14964835397769,36.493565469876046,36.59059477792711,1.5554899490396963,0.4594044591334381,True,False,2025
2025-10-27,PRIO3,AUTOENCODER,37.0,35.65130475950278,35.65130475950278,36.60202397056028,36.18140920642945,1.3486952404972214,0.8185907935705501,True,False,2025
2025-10-28,PRIO3,AUTOENCODER,36.43000030517578,35.82976070299702,35.82976070299702,36.58591733998791,36.690635635596706,0.6002396021787604,0.260635330420925,True,False,2025
2025-10-29,PRIO3,AUTOENCODER,36.0,35.95261457053917,36.376618758302264,36.188167907265935,36.610417976560974,0.047385429460831574,0.6104179765609743,False,True,2025
2025-10-30,PRIO3,AUTOENCODER,35.77000045776367,35.99770041669916,35.50779530280421,35.90466988279706,35.074609491161176,0.22769995893548867,0.6953909666024956,False,True,2025
2025-10-31,PRIO3,AUTOENCODER,36.02999877929688,35.957956931004844,35.96535553682061,35.64135270782121,36.12853092185505,0.07204184829203797,0.09853214255817022,False,False,2025
2025-11-03,PRIO3,AUTOENCODER,36.43999862670898,35.918191320211434,36.113940475723425,35.908368583545894,36.03754653076745,0.5218073064975428,0.402452095941527,True,False,2025
2025-11-04,PRIO3,AUTOENCODER,36.75,35.877700686940045,35.65911484457054,36.198789248252986,35.815651648772395,0.8722993130599548,0.9343483512276052,False,False,2025
2025-11-05,PRIO3,AUTOENCODER,37.810001373291016,35.88416291780598,36.5435738639873,36.51814802930085,37.31974105825263,1.9258384554850352,0.49026031503838396,True,True,2025
2025-11-06,PRIO3,AUTOENCODER,38.459999084472656,35.97227357204889,35.97717895064887,37.35240325080544,36.750461850666504,2.487725512423765,1.7095372338061523,True,False,2025
2025-11-07,PRIO3,AUTOENCODER,38.84999847412109,36.19487419402631,36.64432775201136,37.95554682933104,38.40630404001028,2.6551242800947747,0.4436944341108031,True,True,2025
2025-11-10,PRIO3,AUTOENCODER,39.22999954223633,36.507386112926696,36.49348514074744,38.21913281559982,37.835844561472115,2.7226134293096322,1.3941549807642133,True,False,2025
2025-11-11,PRIO3,AUTOENCODER,40.29999923706055,36.86924381052788,36.433136938337825,38.70159330781666,38.27974874827465,3.43075542653267,2.020250488785898,True,True,2025
2025-11-12,PRIO3,AUTOENCODER,40.0099983215332,37.30020670225085,36.580052597524904,39.73357121897993,39.263734295055436,2.709791619282356,0.7462640264777676,True,True,2025
2025-11-13,PRIO3,AUTOENCODER,39.83000183105469,37.7361613567154,37.79036641981813,39.33252543514636,39.947500769941314,2.093840474339288,0.11749893888662655,True,False,2025
2025-11-14,PRIO3,AUTOENCODER,39.790000915527344,38.11029848431335,38.70922773178866,39.39837173093723,39.851634878654224,1.6797024312139968,0.061633963126880076,True,True,2025
2025-11-17,PRIO3,AUTOENCODER,39.84999847412109,38.47230254795468,38.35121060228671,39.4302917062296,38.86454785358533,1.3776959261664032,0.985450620535758,True,False,2025
2025-11-18,PRIO3,AUTOENCODER,40.040000915527344,38.77455522859859,38.77455522859859,39.54977588376946,39.74663281064077,1.2654456869287571,0.29336810488657505,True,False,2025
2025-11-19,PRIO3,AUTOENCODER,39.40999984741211,39.02313582270361,38.319116778504245,39.84670238667079,39.09417305925215,0.3868640247085011,0.3158267881599599,True,True,2025
2025-11-20,PRIO3,AUTOENCODER,39.40999984741211,39.189245960903804,39.34231857235301,39.188947724195025,39.96855595846793,0.22075388650830519,0.5585561110558217,False,False,2025
2025-11-21,PRIO3,AUTOENCODER,38.79999923706055,39.302284794102036,39.34133989875141,39.32190734384971,39.17559577325561,0.502285557041489,0.3755965361950615,True,False,2025
2025-11-24,PRIO3,AUTOENCODER,38.540000915527344,39.30168060870372,39.25370675505254,38.72883057355647,38.73290526319981,0.7616796931763758,0.19290434767246722,True,False,2025
2025-11-25,PRIO3,AUTOENCODER,37.52000045776367,39.21938545166094,38.74020523572707,38.64711013226209,38.20317221313015,1.6993849938972687,0.6831717553664802,True,True,2025
2025-11-26,PRIO3,AUTOENCODER,37.9900016784668,39.031240416694544,38.99232224119604,37.60585602469417,38.029432753494405,1.0412387382277473,0.039431075027607676,True,False,2025
2025-11-27,PRIO3,AUTOENCODER,37.709999084472656,38.786233877058436,38.98941031249446,38.10352404770178,38.26648582909804,1.0762347925857796,0.5564867446253814,True,False,2025
2025-11-28,PRIO3,AUTOENCODER,37.209999084472656,38.53470383705121,38.53470383705121,37.69945586963546,37.56146891281093,1.3247047525785547,0.3514698283382742,True,False,2025
2025-12-01,PRIO3,AUTOENCODER,37.560001373291016,38.284164320711085,38.284164320711085,37.23976836636095,37.30954777173755,0.7241629474200693,0.25045360155346685,True,False,2025
2025-12-02,PRIO3,AUTOENCODER,37.58000183105469,38.060508501699985,38.060508501699985,37.579775883491834,37.57116225287861,0.4805066706452976,0.008839578176079499,True,False,2025
2025-12-03,PRIO3,AUTOENCODER,39.33000183105469,37.872339639703796,38.54303721367325,37.582778568095826,38.21504149576809,1.4576621913508916,1.1149603352865967,True,True,2025
2025-12-04,PRIO3,AUTOENCODER,39.59000015258789,37.80788582218369,37.51019442804863,39.05514669293662,38.11935763224764,1.7821143304041982,1.470642520340249,True,False,2025
2025-12-05,PRIO3,AUTOENCODER,39.2599983215332,37.89981901277764,38.418367344500865,39.140542260606054,39.92460084825073,1.360179308755562,0.6646025267175304,True,True,2025
2025-12-08,PRIO3,AUTOENCODER,39.34999847412109,38.044554603323036,37.387199726580214,38.87185960605532,37.744443170990905,1.305443870798051,1.6055553031301812,False,True,2025
2025-12-09,PRIO3,AUTOENCODER,39.79999923706055,38.210788982464294,38.68385180551328,39.07078472841446,40.103078876174386,1.589210254596253,0.3030796391138395,True,True,2025
2025-12-10,PRIO3,AUTOENCODER,39.59999847412109,38.381918114297264,38.381918114297264,39.407362401464034,38.93109697446702,1.2180803598238228,0.6689014996540692,True,False,2025
2025-12-11,PRIO3,AUTOENCODER,38.93000030517578,38.57009208208555,38.57009208208555,39.222357853954186,39.31285798990329,0.35990822309022974,0.3828576847275116,False,False,2025
2025-12-12,PRIO3,AUTOENCODER,39.40999984741211,38.69329995121319,38.69329995121319,38.67393339379671,38.7370170880439,0.7166998961989179,0.6729827593682103,True,False,2025
2025-12-15,PRIO3,AUTOENCODER,39.5,38.790318510737194,38.35246854204604,39.33329930830481,38.84088094691945,0.709681489262806,0.659119053080552,True,True,2025
2025-12-16,PRIO3,AUTOENCODER,38.54999923706055,38.88636356590109,38.3431545219259,39.3562530679068,39.12791755924028,0.33636432884054557,0.5779183221797339,False,True,2025
2025-12-17,PRIO3,AUTOENCODER,38.56999969482422,38.897272941684776,39.48229551789199,38.450010829321045,39.444748831137794,0.3272732468605568,0.8747491363135751,False,True,2025
2025-12-18,PRIO3,AUTOENCODER,38.54999923706055,38.870698995743055,38.83521241790594,38.55386319287986,38.002999263766654,0.3206997586825082,0.546999973293893,False,False,2025
2025-12-19,PRIO3,AUTOENCODER,38.209999084472656,38.82562165923656,38.65909996036422,38.51274382565822,38.47240474614084,0.6156225747639041,0.2624056616681827,True,False,2025
2025-12-22,PRIO3,AUTOENCODER,39.40999984741211,38.7478757629535,39.24992497675885,38.269089683277215,38.8912218487689,0.6621240844586112,0.5187779986432091,True,True,2025
2025-12-23,PRIO3,AUTOENCODER,40.41999816894531,38.70318306278509,39.19562771141728,39.378533008082925,39.34255740923056,1.716815106160226,1.0774407597147544,True,True,2025
2025-12-24,PRIO3,AUTOENCODER,40.41999816894531,38.763045071277986,38.83164811922847,40.01858659495588,39.70681492004078,1.6569530976673263,0.7131832489045351,True,False,2025
2025-12-26,PRIO3,AUTOENCODER,40.59999847412109,38.85480296300989,38.193231133284655,39.95369243419514,39.262011294463136,1.7451955111111985,1.3379871796579508,True,True,2025
2025-12-29,PRIO3,AUTOENCODER,41.13999938964844,38.980228447838954,39.53001797136289,40.16680040359114,41.20512968022739,2.1597709418094837,0.06513029057894926,True,True,2025
2025-12-30,PRIO3,AUTOENCODER,41.41999816894531,39.1869534602516,39.09043920514651,40.62476645724876,39.98120101566209,2.2330447086937113,1.4387971532832253,True,False,2025
2025-12-31,PRIO3,AUTOENCODER,41.41999816894531,39.45382810744536,39.45382810744536,40.878295515384806,41.02722452865595,1.9661700614999518,0.3927736402893629,True,False,2025
2026-01-02,PRIO3,AUTOENCODER,41.7599983215332,39.725752383024485,39.725752383024485,40.90815045209558,40.91706526323969,2.034245938508718,0.8429330582935108,True,False,2026
2026-01-05,PRIO3,AUTOENCODER,41.150001525878906,39.99131824551034,39.63717879943063,41.3580045313618,40.95330542624521,1.1586832803685638,0.19669609963369794,True,True,2026
2026-01-06,PRIO3,AUTOENCODER,40.81999969482422,40.224305750546705,40.34917869773924,41.01231126035984,41.39980303924213,0.5956939442775138,0.5798033444179111,True,True,2026
2026-01-07,PRIO3,AUTOENCODER,41.06999969482422,40.42554884417632,41.093980653681854,40.94603412814912,41.42550809936657,0.6444508506478996,0.35550840454234844,True,True,2026
2026-01-08,PRIO3,AUTOENCODER,41.83000183105469,40.5584798433901,41.11299908884821,40.99904061075625,40.99539766711551,1.2715219876645847,0.8346041639391757,True,True,2026
2026-01-09,PRIO3,AUTOENCODER,42.68000030517578,40.71149022099638,41.191958401084555,41.685711160158554,41.73329942417628,1.9685100841793997,0.9467008809995008,True,True,2026
2026-01-12,PRIO3,AUTOENCODER,43.2400016784668,40.93659097917134,40.925083527540785,42.30370274974397,41.948355378954,2.303410699295455,1.2916462995127986,True,False,2026
2026-01-13,PRIO3,AUTOENCODER,42.79999923706055,41.24616536568442,41.79444689960662,42.86818689855768,43.41782268368978,1.5538338713761277,0.6178234466292309,True,True,2026
2026-01-14,PRIO3,AUTOENCODER,44.06999969482422,41.610902730029125,42.18638751440287,42.52222727664783,42.65214296745404,2.459096964795094,1.4178567273701788,True,True,2026
2026-01-15,PRIO3,AUTOENCODER,43.77999877929688,42.02514245069898,41.13821023271313,43.84730813803996,42.47314801965324,1.7548563285979029,1.3068507596436447,True,True,2026
2026-01-16,PRIO3,AUTOENCODER,44.16999816894531,42.3793040176771,42.3525861912148,43.343015456327514,44.14676807946929,1.7906941512682124,0.023230089476022897,True,False,2026
2026-01-19,PRIO3,AUTOENCODER,44.93000030517578,42.71297774289485,42.750663055671666,43.839624391655505,43.78923565679614,2.217022562280931,1.140764648379644,True,False,2026
2026-01-20,PRIO3,AUTOENCODER,45.40999984741211,43.039561224818556,43.039561224818556,44.5322914258661,44.475743419961624,2.3704386225935536,0.9342564274504852,True,False,2026
2026-01-21,PRIO3,AUTOENCODER,46.880001068115234,43.39702453735367,42.846424686049644,45.03928117804151,44.43345323033167,3.4829765307615617,2.4465478377835623,True,True,2026
2026-01-22,PRIO3,AUTOENCODER,46.25,43.8149778708098,43.09286019582657,46.38135793216373,45.98351686584894,2.4350221291902017,0.2664831341510592,True,True,2026
2026-01-23,PRIO3,AUTOENCODER,48.52000045776367,44.279768337115684,44.31108312433544,45.749155403847496,46.30261191008054,4.240232120647988,2.2173885476831288,True,True,2026
2026-01-26,PRIO3,AUTOENCODER,48.5,44.84446553934259,44.96319369935932,47.99275744958345,47.8814298941859,3.6555344606574067,0.6185701058141007,True,False,2026
2026-01-27,PRIO3,AUTOENCODER,49.0099983215332,45.456483222737916,46.023730525470924,47.86366471527874,48.31507224560437,3.5535150987952875,0.6949260759288336,True,True,2026
2026-01-28,PRIO3,AUTOENCODER,50.5,46.11121936669025,46.5057184862837,48.53855392317941,48.43973615280298,4.38878063330975,2.060263847197021,True,True,2026
2026-01-29,PRIO3,AUTOENCODER,51.5099983215332,46.80392898840944,47.37247528650479,49.98831978421485,50.197071324805535,4.706069333123764,1.3129269967276684,True,True,2026
2026-01-30,PRIO3,AUTOENCODER,50.9900016784668,47.59523826327245,47.93072616045109,50.82082773820378,50.714009472542855,3.3947634151943475,0.27599220592394147,True,False,2026
2026-02-02,PRIO3,AUTOENCODER,50.880001068115234,48.38130899544245,47.79629463213242,50.508958540609115,49.741534630294,2.4986920726727817,1.1384664378212364,True,True,2026
2026-02-03,PRIO3,AUTOENCODER,51.5,49.00758205037664,49.32585597967293,50.58751221794468,51.423307577919516,2.492417949623359,0.07669242208048388,True,True,2026
2026-02-04,PRIO3,AUTOENCODER,50.25,49.646925933082855,49.74727815301431,51.38441788205498,51.11094545359656,0.603074066917145,0.8609454535965568,False,True,2026
2026-02-05,PRIO3,AUTOENCODER,49.150001525878906,50.184089300453536,49.40421117156116,50.275136268615206,49.52802337796328,1.0340877745746297,0.3780218520843732,True,True,2026
2026-02-06,PRIO3,AUTOENCODER,50.630001068115234,50.48925568645495,51.18589979820717,49.493975852579005,50.90120116390224,0.14074538166028105,0.2712000957870089,False,True,2026
2026-02-09,PRIO3,AUTOENCODER,51.04999923706055,50.68230568569726,50.68230568569726,50.908786650090164,50.20732597035024,0.3676935513632884,0.8426732667103067,False,False,2026
2026-02-10,PRIO3,AUTOENCODER,51.470001220703125,50.883443259623505,50.883443259623505,51.09335721183025,51.19009304458322,0.5865579610796203,0.2799081761199034,True,False,2026
2026-02-11,PRIO3,AUTOENCODER,53.59999847412109,51.08666740058732,51.60244275835801,51.543407014314994,52.010846515719116,2.51333107353377,1.5891519584019704,True,True,2026
2026-02-12,PRIO3,AUTOENCODER,52.22999954223633,51.42171628581025,51.80040613716475,53.51019555012153,53.31935565949223,0.8082832564260798,1.0893561172559032,False,True,2026
2026-02-13,PRIO3,AUTOENCODER,52.560001373291016,51.76307252620546,51.80222960158474,51.93396197232403,51.84316225751389,0.7969288470855531,0.7168391157771268,True,False,2026
2026-02-17,PRIO3,AUTOENCODER,52.560001373291016,52.0073302163338,51.951232570930486,52.47507875408785,52.45444430245736,0.5526711569572171,0.10555707083365462,True,False,2026
2026-02-18,PRIO3,AUTOENCODER,53.77999877929688,52.23416694382223,52.94828684929963,52.58118654826882,53.32354570945755,1.545831835474651,0.4564530698393341,True,True,2026
2026-02-19,PRIO3,AUTOENCODER,54.93000030517578,52.540793586363804,53.29426603864739,53.7914288836203,53.86873438361148,2.3892067188119768,1.0612659215642992,True,True,2026
2026-02-20,PRIO3,AUTOENCODER,55.02000045776367,52.987084065966314,52.08235649798115,54.74937734324671,53.25282567489834,2.0329163917973574,1.7671747828653324,True,True,2026
2026-02-23,PRIO3,AUTOENCODER,53.45000076293945,53.42670297722685,52.58937096868135,54.77877188906491,54.737583285494594,0.023297785712600216,1.287582522555141,False,True,2026
2026-02-24,PRIO3,AUTOENCODER,54.68000030517578,53.781746144307306,54.5501357715456,53.46049468869332,54.86425483823383,0.8982541608684755,0.18425453305805206,True,True,2026
2026-02-25,PRIO3,AUTOENCODER,53.630001068115234,54.07816801037478,53.994479147853376,54.858569420093986,53.974085476609574,0.44816694225954734,0.3440844084943393,True,True,2026
2026-02-26,PRIO3,AUTOENCODER,52.34000015258789,54.26881488346942,53.56129210304931,53.73890859300641,53.23488690659061,1.9288147308815269,0.8948867540027194,True,True,2026
2026-02-27,PRIO3,AUTOENCODER,54.4900016784668,54.27930558430103,55.04800524359432,52.710593031699545,54.09328754363531,0.21069609416576895,0.396714134831484,False,True,2026
2026-03-02,PRIO3,AUTOENCODER,57.27999877929688,54.33515273827385,54.99675887543607,54.86210915010042,54.68142517414505,2.944846041023034,2.5985736051518344,True,True,2026
2026-03-03,PRIO3,AUTOENCODER,55.119998931884766,54.85215503457846,55.670178046404324,57.34113391077789,57.54892609073974,0.26784389730630664,2.4289271588549752,False,True,2026
2026-03-04,PRIO3,AUTOENCODER,55.52000045776367,55.54881313552045,56.18005271968365,55.30506449245322,55.445344310690515,0.02881267775677543,0.07465614707315638,False,True,2026
2026-03-05,PRIO3,AUTOENCODER,56.959999084472656,56.0518732155349,56.97547627445903,55.9989464834994,56.496636233774474,0.9081258689377592,0.46336285069818217,True,True,2026
2026-03-06,PRIO3,AUTOENCODER,59.38999938964844,56.56846704847163,57.491805249271664,57.35091351770509,57.53485488643971,2.8215323411768054,1.8551445032087273,True,True,2026
2026-03-09,PRIO3,AUTOENCODER,59.70000076293945,57.33043844193696,58.35699339351995,59.57579770571455,59.84003517843349,2.3695623210024905,0.1400344154940356,True,True,2026
2026-03-10,PRIO3,AUTOENCODER,58.900001525878906,58.39099315345811,57.845375015022924,59.96237781334663,58.67689655805919,0.5090083724207943,0.22310496781971523,True,True,2026
2026-03-11,PRIO3,AUTOENCODER,59.34999847412109,59.16217199200764,60.31188550004123,59.24272241241278,60.977995143820735,0.18782648211344366,1.6279966696996482,False,True,2026
2026-03-12,PRIO3,AUTOENCODER,59.5,59.815992497243656,59.05707695117351,59.91123262641729,58.160850700549226,0.31599249724365563,1.3391492994507743,False,True,2026
2026-03-13,PRIO3,AUTOENCODER,57.79999923706055,60.32164631964412,61.13875576093537,60.044239761172086,61.580551023650216,2.52164708258357,3.780551786589669,False,True,2026
2026-03-16,PRIO3,AUTOENCODER,59.79999923706055,60.54169915136441,59.510671487060065,58.49142631568234,56.78549134986681,0.7416999143038652,3.014507887193737,False,True,2026
2026-03-17,PRIO3,AUTOENCODER,62.68999862670898,60.65690964813518,60.47013542834358,60.44329641231581,61.077081440836636,2.033088978573794,1.612917185872341,True,True,2026
2026-03-18,PRIO3,AUTOENCODER,66.02999877929688,60.92945002262752,61.96346611810143,62.74048274655243,63.635195199557934,5.100548756669355,2.394803579738941,True,True,2026
2026-03-19,PRIO3,AUTOENCODER,65.81999969482422,61.52477176586092,61.386785013784554,65.39505132122034,64.27683139748257,4.2952279289633,1.5431682973416514,True,False,2026
2026-03-20,PRIO3,AUTOENCODER,67.88999938964844,62.43899447584056,62.86124709614908,65.24219628603464,65.87829495005593,5.451004913807878,2.0117044395925063,True,True,2026
2026-03-23,PRIO3,AUTOENCODER,65.95999908447266,63.299024308487276,62.26175242899158,67.22601766333561,65.72054921861748,2.6609747759853803,0.23944986585517825,True,True,2026
2026-03-24,PRIO3,AUTOENCODER,67.62999725341797,63.963839286041946,64.22104958941719,65.32207675823703,66.55105370847015,3.666157967376023,1.078943544947819,True,True,2026
2026-03-25,PRIO3,AUTOENCODER,67.27999877929688,64.65050705377797,63.846907900396644,67.33677570441643,66.10854534200261,2.6294917255189034,1.1714534372942609,True,True,2026
2026-03-26,PRIO3,AUTOENCODER,67.27999877929688,65.24947433256966,64.98526871167547,66.7961241117742,67.26710948971922,2.030524446727213,0.012889289577657337,True,False,2026
