Date,Ativo,Modelo,Real,Pred_Base,Pred_SeqOnly,Pred_ResidualOnly,Pred_Hibrido,ErroAbs_Base,ErroAbs_Hibrido,Hybrid_Better,Event_Day,Year
2020-12-29,PETR4,LSTM,8.374804496765137,8.544309213906839,8.605818254926744,8.544309213906839,8.605818254926744,0.16950471714170234,0.23101375816160719,False,True,2020
2020-12-30,PETR4,LSTM,8.39554214477539,8.598233501774398,8.660130734648247,8.598233501774398,8.660130734648247,0.20269135699900787,0.26458858987285616,False,True,2020
2020-12-31,PETR4,LSTM,8.39554214477539,8.6457296555656,8.6457296555656,8.6457296555656,8.6457296555656,0.25018751079020873,0.25018751079020873,False,False,2020
2021-01-04,PETR4,LSTM,8.564399719238281,8.688707429781804,8.688707429781804,8.688707429781804,8.688707429781804,0.12430771054352263,0.12430771054352263,False,True,2021
2021-01-05,PETR4,LSTM,8.899155616760254,8.708078499337784,8.75131989452143,8.708078499337784,8.75131989452143,0.1910771174224699,0.14783572223882402,True,True,2021
2021-01-06,PETR4,LSTM,8.91693115234375,8.70607408690491,8.839582214781654,8.70607408690491,8.839582214781654,0.21085706543884086,0.07734893756209615,True,True,2021
2021-01-07,PETR4,LSTM,9.183548927307127,8.723422304171226,8.83646444566491,8.723422304171226,8.83646444566491,0.4601266231359009,0.3470844816422165,True,True,2021
2021-01-08,PETR4,LSTM,9.219101905822754,8.783528861357969,8.89149222913705,8.783528861357969,8.89149222913705,0.4355730444647854,0.32760967668570373,True,True,2021
2021-01-11,PETR4,LSTM,9.142075538635254,8.862672726692825,8.978061868327968,8.862672726692825,8.978061868327968,0.279402811942429,0.16401367030728586,True,True,2021
2021-01-12,PETR4,LSTM,9.073939323425291,8.944921249248917,9.033697927656936,8.944921249248917,9.033697927656936,0.1290180741763738,0.04024139576835495,True,True,2021
2021-01-13,PETR4,LSTM,8.635499000549316,9.020777902780335,9.076725979258288,9.020777902780335,9.076725979258288,0.38527890223101835,0.441226978708972,False,True,2021
2021-01-14,PETR4,LSTM,8.724373817443848,9.047246473214084,9.139022751955562,9.047246473214084,9.139022751955562,0.3228726557702366,0.4146489345117139,False,True,2021
2021-01-15,PETR4,LSTM,8.330368995666504,9.046404386420758,9.013062751123531,9.046404386420758,9.013062751123531,0.7160353907542536,0.6826937554570272,True,True,2021
2021-01-18,PETR4,LSTM,8.315555572509766,9.00399886242688,8.909084400158445,9.00399886242688,8.909084400158445,0.6884432899171138,0.5935288276486794,True,True,2021
2021-01-19,PETR4,LSTM,8.499228477478027,8.94737067689228,9.045252237960753,8.94737067689228,9.045252237960753,0.44814219941425293,0.5460237604827256,False,True,2021
2021-01-20,PETR4,LSTM,8.35702896118164,8.894038923089514,8.89198334599183,8.894038923089514,8.89198334599183,0.5370099619078736,0.5349543848101899,True,True,2021
2021-01-21,PETR4,LSTM,8.16150951385498,8.855633618694885,8.852812572209842,8.855633618694885,8.852812572209842,0.6941241048399043,0.6913030583548618,True,True,2021
2021-01-22,PETR4,LSTM,8.025236129760742,8.823206515870982,8.701849863308246,8.323485320621739,8.183061054535537,0.7979703861102401,0.15782492477479515,True,True,2021
2021-01-25,PETR4,LSTM,8.025236129760742,8.769366436682756,8.763303806277206,8.434761752509212,8.505257200446728,0.7441303069220133,0.48002107068598576,True,False,2021
2021-01-26,PETR4,LSTM,7.99857759475708,8.715641913930401,8.715641913930401,8.382614414620694,8.41451470528421,0.7170643191733213,0.4159371105271301,True,False,2021
2021-01-27,PETR4,LSTM,8.117073059082031,8.665668058048762,8.665668058048762,8.3759219941399,8.350376255688296,0.5485949989667311,0.23330319660626486,True,True,2021
2021-01-28,PETR4,LSTM,8.22372055053711,8.61452880321811,8.71088558730104,8.063031468581263,8.15172564212846,0.3908082526810013,0.07199490840864975,True,True,2021
2021-01-29,PETR4,LSTM,7.906741142272949,8.577515093349096,8.517429616701238,8.386446154633266,8.229293477079635,0.6707739510761463,0.32255233480668544,True,True,2021
2021-02-01,PETR4,LSTM,8.155584335327148,8.528229044125656,8.614237224655428,7.926788053037569,8.042751457914287,0.3726447087985072,0.11283287741286152,True,True,2021
2021-02-02,PETR4,LSTM,8.490339279174805,8.495384585876447,8.588308317546119,8.016149826192953,8.069752338499168,0.0050453067016427156,0.42058694067563707,False,True,2021
2021-02-03,PETR4,LSTM,8.573287963867188,8.486412980887106,8.587619903298195,8.266005305548376,8.305992794234212,0.08687498298008123,0.26729516963297506,False,True,2021
2021-02-04,PETR4,LSTM,8.537740707397461,8.522475808807744,8.633027547374413,8.425623577972875,8.462532232918878,0.01526489858971658,0.07520847447858259,False,True,2021
2021-02-05,PETR4,LSTM,8.54366397857666,8.574380932356998,8.689020157271901,8.457019617945376,8.493067379558529,0.03071695378033823,0.05059659901813163,False,True,2021
2021-02-08,PETR4,LSTM,8.327406883239746,8.600790495249026,8.699810407385883,8.45957942617772,8.474452365259433,0.27338361200927963,0.1470454820196867,True,True,2021
2021-02-09,PETR4,LSTM,8.158546447753906,8.596768147821631,8.596756851804725,8.31373977460999,8.243299575653625,0.4382217000677251,0.08475312789971845,True,True,2021
2021-02-10,PETR4,LSTM,8.23556900024414,8.57817278157454,8.688390947484372,8.187147466117917,8.28046711091103,0.3426037813303999,0.04489811066688887,True,True,2021
2021-02-11,PETR4,LSTM,8.31851863861084,8.564138206573059,8.521963275471006,8.217814959102107,8.099829734201473,0.24561956796221907,0.21868890440936717,True,True,2021
2021-02-12,PETR4,LSTM,8.425166130065918,8.564954477566882,8.653627846275365,8.278761690451915,8.36763409527404,0.13978834750096425,0.05753203479187796,True,True,2021
2021-02-16,PETR4,LSTM,8.425166130065918,8.57936461098495,8.657301931255567,8.36069549702909,8.375774726857184,0.15419848091903177,0.04939140320873392,True,True,2021
2021-02-17,PETR4,LSTM,8.76584529876709,8.598600454924483,8.646087194832813,8.446337993638576,8.418658344489545,0.16724484384260663,0.34718695427754476,False,True,2021
2021-02-18,PETR4,LSTM,8.671048164367676,8.642119746268367,8.647152824902953,8.6288737126111,8.572438588620189,0.028928418099308573,0.09860957574748674,False,False,2021
2021-02-19,PETR4,LSTM,8.096334457397461,8.686233415662723,8.628378632041395,8.617928094932083,8.537904090184448,0.5898989582652625,0.4415696327869867,True,True,2021
2021-02-22,PETR4,LSTM,6.419597148895264,8.604420688388725,8.710411590767764,8.199249608694023,8.331210813970381,2.184823539493461,1.9116136650751177,True,True,2021
2021-02-23,PETR4,LSTM,7.127616882324219,8.172368389891858,8.144092101401366,7.003906514810651,7.0313751141627066,1.0447515075676392,0.0962417681615122,True,True,2021
2021-02-24,PETR4,LSTM,7.228343486785889,7.714610623701326,7.805254595868588,7.422074174251725,7.549025902553957,0.486267136915437,0.32068241576806855,True,True,2021
2021-02-25,PETR4,LSTM,6.869887351989746,7.384933029452007,7.189498560521107,7.104519492131518,6.845904929402083,0.5150456774622612,0.02398242258766281,True,True,2021
2021-02-26,PETR4,LSTM,6.588456630706787,7.147381574378315,7.037031610419071,6.771982191618369,6.7128171120304785,0.5589249436715278,0.12436048132369137,True,True,2021
2021-03-01,PETR4,LSTM,6.517357349395752,6.948977935265923,6.962915716080562,6.552625861859759,6.570318985803244,0.4316205858701707,0.05296163640749185,True,True,2021
2021-03-02,PETR4,LSTM,6.514395236968994,6.831158006972597,6.7928951843995105,6.474404273057521,6.410803186321632,0.31676277000360287,0.10359205064736177,True,True,2021
2021-03-03,PETR4,LSTM,6.277400970458984,6.727347759874089,6.805153549497298,6.401866556521699,6.471463027223653,0.4499467894151046,0.19406205676466826,True,True,2021
2021-03-04,PETR4,LSTM,6.582530975341797,6.60844172401594,6.688882380309779,6.232748471624129,6.265874955259725,0.02591074867414278,0.31665602008207205,False,True,2021
2021-03-05,PETR4,LSTM,6.632892608642578,6.518553876123452,6.602502744234588,6.291093403871227,6.327975810371432,0.1143387325191263,0.3049167982711465,False,True,2021
2021-03-08,PETR4,LSTM,6.250738620758057,6.486683964305499,6.412638767701922,6.292133787751167,6.142252910276782,0.23594534354744212,0.10848571048127464,True,True,2021
2021-03-09,PETR4,LSTM,6.395896434783936,6.450217610852146,6.506132612659972,6.141594812722995,6.174180329685114,0.05432117606820963,0.22171610509882278,False,True,2021
2021-03-10,PETR4,LSTM,6.618079662322998,6.423197381369484,6.436582840954862,6.193079946536029,6.144106630095604,0.19488228095351445,0.47397303222739406,False,True,2021
2021-03-11,PETR4,LSTM,6.899511337280273,6.426288208698129,6.490929672126218,6.278131481426697,6.291746117212963,0.4732231285821449,0.6077652200673107,False,True,2021
2021-03-12,PETR4,LSTM,6.863964080810547,6.467539397657067,6.505662891966432,6.26753192061729,6.234701518451314,0.3964246831534801,0.6292625623592327,False,False,2021
2021-03-15,PETR4,LSTM,7.006158351898193,6.572580197865239,6.540744452725259,6.528441975359645,6.413129032937447,0.4335781540329542,0.5930293189607463,False,True,2021
2021-03-16,PETR4,LSTM,6.896549224853516,6.734686515544837,6.673918842509861,6.731222958178274,6.620867846337751,0.16186270930867863,0.275681378515765,False,True,2021
2021-03-17,PETR4,LSTM,7.133544921875,6.884629596356007,6.979290130409509,6.795620532553751,6.864430643457798,0.2489153255189933,0.26911427841720226,False,True,2021
2021-03-18,PETR4,LSTM,6.884700775146484,7.004207150332192,6.980357973394159,6.9582233665888875,6.854679110932294,0.11950637518570772,0.030021664214189947,True,True,2021
2021-03-19,PETR4,LSTM,7.10984468460083,7.08842781557178,7.161737900077172,6.902890510741333,6.952370999629698,0.021416869029049934,0.1574736849711318,False,True,2021
2021-03-22,PETR4,LSTM,6.967647552490234,7.158778020535301,7.1008642600054115,7.029500824928481,6.914603008071182,0.19113046804506695,0.05304454441905193,True,True,2021
2021-03-23,PETR4,LSTM,6.754352569580078,7.244491084850946,7.131317657341188,7.033843309607903,6.919007706197377,0.4901385152708677,0.16465513661729858,True,True,2021
2021-03-24,PETR4,LSTM,6.760275840759277,7.310383761766872,7.407816557311779,6.972600430381467,7.09661402788859,0.5501079210075943,0.3363381871293125,True,True,2021
2021-03-25,PETR4,LSTM,6.872849464416504,7.360757455209868,7.325958204074168,7.07927521942536,6.963427896277762,0.48790799079336367,0.09057843186125769,True,True,2021
2021-03-26,PETR4,LSTM,6.949873447418213,7.380851674482891,7.505510315820018,7.045319130352339,7.180593717646265,0.4309782270646778,0.2307202702280522,True,True,2021
2021-03-29,PETR4,LSTM,7.059484004974365,7.405721202002159,7.500067026344893,7.088727165890913,7.124174739816088,0.34623719702779354,0.06469073484172316,True,True,2021
2021-03-30,PETR4,LSTM,7.059484004974365,7.446389384155644,7.482460216293785,7.155079423706158,7.148864504601401,0.3869053791812789,0.08938049962703598,True,True,2021
2021-03-31,PETR4,LSTM,7.139469623565674,7.499482341813003,7.402878414661396,7.193295203879074,7.072226339362312,0.3600127182473294,0.06724328420336168,True,True,2021
2021-04-01,PETR4,LSTM,7.07725715637207,7.532821295555081,7.608243713089924,7.2388665626733175,7.34045748611086,0.45556413918301075,0.2632003297387895,True,True,2021
2021-04-05,PETR4,LSTM,7.121692657470703,7.555394753573275,7.49361575874531,7.2187419243712165,7.111688650792274,0.4337020961025715,0.010004006678428823,True,True,2021
2021-04-06,PETR4,LSTM,7.115769386291504,7.582564038564975,7.679162767485067,7.2541699110805915,7.367415065255889,0.46679465227347094,0.25164567896438506,True,True,2021
2021-04-07,PETR4,LSTM,7.10984468460083,7.614902630076294,7.614902630076294,7.222799293524067,7.197830234513685,0.505057945475464,0.08798554991285457,True,False,2021
2021-04-08,PETR4,LSTM,7.020973205566406,7.64044613436117,7.574306128372079,7.276084524136922,7.204265980426307,0.6194729287947638,0.18329277485990048,True,True,2021
2021-04-09,PETR4,LSTM,7.006158351898193,7.656410133044588,7.64443675068164,7.168614958145132,7.215982386340128,0.6502517811463946,0.20982403444193487,True,False,2021
2021-04-12,PETR4,LSTM,7.07725715637207,7.667561329106292,7.759247936905097,7.236120552562746,7.329385386337625,0.5903041727342213,0.25212822996555495,True,True,2021
2021-04-13,PETR4,LSTM,7.100956916809082,7.679885914721616,7.771719896554889,7.272864486158262,7.32572809882091,0.5789289979125343,0.22477118201182833,True,True,2021
2021-04-14,PETR4,LSTM,7.213528633117676,7.6892161749254875,7.757886754648643,7.28477714377209,7.3115212885916145,0.4756875418078117,0.09799265547393876,True,True,2021
2021-04-15,PETR4,LSTM,7.070477485656738,7.68294816027224,7.5852555783003375,7.318048308731341,7.186573077907118,0.6124706746155013,0.11609559225037991,True,True,2021
2021-04-16,PETR4,LSTM,7.027606964111328,7.681835929576966,7.722018037185054,7.17919521252314,7.273377854170125,0.6542289654656379,0.2457708900587967,True,False,2021
2021-04-19,PETR4,LSTM,7.434871196746826,7.676010778817581,7.773799980549273,7.225809295609518,7.301165022699248,0.2411395820707547,0.13370617404757823,True,True,2021
2021-04-20,PETR4,LSTM,7.294012546539307,7.611329293161692,7.580506731189054,7.330724763133374,7.256147465409029,0.3173167466223852,0.037865081130277645,True,True,2021
2021-04-21,PETR4,LSTM,7.294012546539307,7.563239683312858,7.583993639675456,7.254629100856933,7.275658343581397,0.2692271367735515,0.01835420295790957,True,True,2021
2021-04-22,PETR4,LSTM,7.260330200195312,7.535817157621267,7.540700802829763,7.205949003922754,7.188623186695011,0.2754869574259553,0.0717070135003004,True,False,2021
2021-04-23,PETR4,LSTM,7.25420618057251,7.5508484068821495,7.527509942189915,7.218531047278705,7.179369832256148,0.29664222630963977,0.07483634831636188,True,False,2021
2021-04-26,PETR4,LSTM,7.281764507293701,7.581252042754496,7.581252042754496,7.243668140118874,7.243864478000988,0.2994875354607949,0.037900029292712745,True,False,2021
2021-04-27,PETR4,LSTM,7.073538780212402,7.6328695045378545,7.601959714109519,7.332560462764509,7.288124040314288,0.5593307243254522,0.2145852601018854,True,True,2021
2021-04-28,PETR4,LSTM,7.330758571624756,7.661175914031492,7.778362918014823,7.256346957481799,7.374036183808119,0.3304173424067365,0.043277612183363345,True,True,2021
2021-04-29,PETR4,LSTM,7.232770919799805,7.687444104688144,7.785933123400022,7.373924443239272,7.4166760057764565,0.45467318488833897,0.18390508597665178,True,True,2021
2021-04-30,PETR4,LSTM,7.232770919799805,7.723711922350077,7.708640364319483,7.3566940584453935,7.2917978888036235,0.4909410025502723,0.05902696900381876,True,True,2021
2021-05-03,PETR4,LSTM,7.174590110778809,7.742914267216445,7.82982902816937,7.357499538818047,7.4449626517780185,0.5683241564376367,0.27037254099920993,True,True,2021
2021-05-04,PETR4,LSTM,7.009234428405762,7.760734237485593,7.807750403938723,7.343580248576415,7.344657092246791,0.7514998090798315,0.3354226638410296,True,True,2021
2021-05-05,PETR4,LSTM,7.297077178955078,7.770811619220332,7.88939774529193,7.271766678228323,7.364781605825863,0.4737344402652539,0.06770442687078493,True,True,2021
2021-05-06,PETR4,LSTM,7.196024417877197,7.7726128858975905,7.7726128858975905,7.342180633879561,7.301103605112749,0.5765884680203932,0.10507918723555143,True,False,2021
2021-05-07,PETR4,LSTM,7.465491771697998,7.775965251861681,7.882051439342101,7.3470332086506245,7.443320914251623,0.31047348016368304,0.02217085744637526,True,True,2021
2021-05-10,PETR4,LSTM,7.563482284545898,7.78315249337582,7.71776034911409,7.465131878387534,7.344777513822163,0.21967020882992117,0.2187047707237353,True,True,2021
2021-05-11,PETR4,LSTM,7.701277732849121,7.817259159822179,7.751580459688076,7.540550630090798,7.488162372398995,0.11598142697305747,0.2131153604501259,False,True,2021
2021-05-12,PETR4,LSTM,7.587979316711426,7.844095912729799,7.92025931456962,7.615625431562645,7.698471406614261,0.2561165960183729,0.11049208990283521,True,True,2021
2021-05-13,PETR4,LSTM,7.652283668518066,7.869896960347816,7.784878625471961,7.582039018985195,7.442027190774607,0.21761329182974976,0.21025647774345924,True,True,2021
2021-05-14,PETR4,LSTM,8.053422927856445,7.885939021091637,7.987623994159574,7.615300154411799,7.737640556824451,0.16748390676480795,0.315782371031994,False,True,2021
2021-05-17,PETR4,LSTM,8.163661003112793,7.86935513588919,7.969384773078043,7.764588192514249,7.799437683851394,0.29430586722360275,0.3642233192613986,False,True,2021
2021-05-18,PETR4,LSTM,8.068734169006348,7.897192558358515,7.897192558358515,7.882732947409458,7.773306831604915,0.17154161064783224,0.29542733740143223,False,True,2021
2021-05-19,PETR4,LSTM,8.007493019104004,7.956159225064802,7.878110900954338,7.87109864041583,7.764054131324212,0.05133379403920202,0.24343888777979217,False,True,2021
2021-05-20,PETR4,LSTM,7.940125465393066,8.003959329162061,7.900647813249955,7.865684716861893,7.770912775212402,0.0638338637689948,0.16921269018066454,False,True,2021
2021-05-21,PETR4,LSTM,7.946248531341553,8.053837297788402,8.139495828016882,7.867631932250517,7.976898032263472,0.1075887664468489,0.030649500921919426,True,True,2021
2021-05-24,PETR4,LSTM,8.080982208251953,8.099811241401738,8.233860511432509,7.891877152108063,7.967503249234204,0.018829033149785346,0.1134789590177494,False,True,2021
2021-05-25,PETR4,LSTM,7.9125657081604,8.158690011457335,8.07787748338943,7.997059513958525,7.836448886938625,0.24612430329693424,0.07611682122177577,True,True,2021
2021-05-26,PETR4,LSTM,7.989119529724121,8.215802857894516,8.195876862562724,7.8936500088849675,7.900510473245579,0.22668332817039527,0.08860905647854178,True,False,2021
2021-05-27,PETR4,LSTM,7.933998584747314,8.271467560911933,8.344340779748123,7.999867276737975,8.072687653399871,0.3374689761646197,0.1386890686525577,True,True,2021
2021-05-28,PETR4,LSTM,8.264711380004883,8.323262659982351,8.472165313245725,8.020572437959094,8.120224546567396,0.05855127997746834,0.1444868334374867,False,True,2021
2021-05-31,PETR4,LSTM,8.227967262268066,8.339206374823302,8.353622924075994,8.098671254639813,8.036214531631801,0.11123911255523566,0.1917527306362654,False,False,2021
2021-06-01,PETR4,LSTM,8.356575965881348,8.376531718272037,8.489454828730885,8.171946578802487,8.262077627075906,0.019955752390689696,0.09449833880544212,False,True,2021
2021-06-02,PETR4,LSTM,8.534180641174316,8.407144339187983,8.527387130323527,8.248323977148436,8.2986077146348,0.1270363019863332,0.23557292653951656,False,True,2021
2021-06-03,PETR4,LSTM,8.534180641174316,8.443373740481608,8.474341956021059,8.301650343619615,8.258719759620975,0.09080690069270858,0.27546088155334125,False,False,2021
2021-06-04,PETR4,LSTM,8.727092742919922,8.471733625559931,8.471733625559931,8.31546184994499,8.278384746815716,0.2553591173599905,0.448707996104206,False,False,2021
2021-06-07,PETR4,LSTM,8.662789344787598,8.517830808882803,8.414846120419975,8.496563968178812,8.367135077524827,0.14495853590479513,0.2956542672627709,False,True,2021
2021-06-08,PETR4,LSTM,8.77608871459961,8.567654072600671,8.510498467351445,8.493352248450696,8.459145075271644,0.20843464199893802,0.316943639327965,False,True,2021
2021-06-09,PETR4,LSTM,8.77608871459961,8.614976891738063,8.614976891738063,8.565172600536014,8.58109782031438,0.16111182286154602,0.19499089428522964,False,False,2021
2021-06-10,PETR4,LSTM,8.782212257385254,8.68649218831965,8.844836877680796,8.637942975134887,8.77278552314312,0.09572006906560304,0.00942673424213325,True,True,2021
2021-06-11,PETR4,LSTM,8.748529434204102,8.775153478404778,8.769764431097332,8.686102090378164,8.584099555807134,0.026624044200676877,0.16442987839696777,False,False,2021
2021-06-14,PETR4,LSTM,8.803646087646484,8.859996488810967,8.859996488810967,8.712441880414126,8.695429917989674,0.05635040116448309,0.10821616965681002,False,False,2021
2021-06-15,PETR4,LSTM,8.889388084411621,8.936133428165565,9.030818405774822,8.783828276369654,8.859033456437992,0.04674534375394401,0.030354627973629533,True,True,2021
2021-06-16,PETR4,LSTM,8.92307186126709,9.013701915068818,9.011746400170075,8.861334444063623,8.799046215019887,0.0906300538017284,0.12402564624720291,False,False,2021
2021-06-17,PETR4,LSTM,8.613795280456543,9.069476949896018,8.977562062868794,8.901942527888913,8.791737413628496,0.45568166943947475,0.1779421331719533,True,True,2021
2021-06-18,PETR4,LSTM,8.671975135803223,9.078393235314994,9.092683335539157,8.754380949206526,8.789383621545928,0.40641809951177166,0.11740848574270579,True,True,2021
2021-06-21,PETR4,LSTM,8.864890098571777,9.05304457885018,9.187059836122645,8.72686345019833,8.842362484085317,0.18815448027840276,0.022527614486460124,True,True,2021
2021-06-22,PETR4,LSTM,8.910823822021484,9.046115495331076,9.000609599850952,8.805848251772185,8.695739388733282,0.1352916733095917,0.2150844332882027,False,False,2021
2021-06-23,PETR4,LSTM,8.972065925598145,9.076908826843546,9.152123931069926,8.865551438132496,8.955710692159,0.10484290124540152,0.016355233439144357,True,False,2021
2021-06-24,PETR4,LSTM,9.079241752624512,9.123720247286013,9.123720247286013,8.933574309087629,8.890498177386538,0.04447849466150089,0.18874357523797336,False,False,2021
2021-06-25,PETR4,LSTM,8.910823822021484,9.184922746627866,9.229803717154798,9.026095975142557,9.057989366893857,0.2740989246063812,0.14716554487237232,True,True,2021
2021-06-28,PETR4,LSTM,8.895511627197266,9.222681426711123,9.131094693100668,8.964109050984625,8.833038757119164,0.3271697995138574,0.06247287007810165,True,True,2021
2021-06-29,PETR4,LSTM,8.935318946838379,9.25552342631276,9.26172584514195,8.962954983807327,9.005744249634622,0.3202044794743806,0.07042530279624337,True,False,2021
2021-06-30,PETR4,LSTM,9.011873245239258,9.29340196546514,9.424510986595074,9.008618328160038,9.12424008670662,0.28152872022588227,0.11236684146736131,True,True,2021
2021-07-01,PETR4,LSTM,8.89857292175293,9.313912003508737,9.433702685312197,9.041213019649566,9.090241491164717,0.4153390817558069,0.191668569411787,True,True,2021
2021-07-02,PETR4,LSTM,8.935318946838379,9.31872665011613,9.488596241277243,8.99154967524941,9.09016049497267,0.38340770327775076,0.15484154813429107,True,True,2021
2021-07-05,PETR4,LSTM,8.834268569946289,9.33613633357174,9.330402772273446,9.015590183009834,8.919512610335905,0.5018677636254516,0.08524404038961642,True,False,2021
2021-07-06,PETR4,LSTM,8.47293758392334,9.34294309937415,9.354556923691574,8.970699836940364,8.972205497273976,0.87000551545081,0.4992679133506357,True,True,2021
2021-07-07,PETR4,LSTM,8.589298248291016,9.289621794823564,9.191611973241157,8.729163501997501,8.613332416743342,0.7003235465325481,0.0240341684523262,True,True,2021
2021-07-08,PETR4,LSTM,8.417819023132324,9.222771782009385,9.102950367681952,8.740444769992628,8.663446992223548,0.8049527588770609,0.24562796909122397,True,True,2021
2021-07-09,PETR4,LSTM,8.417819023132324,9.148349749336088,9.19880281096801,8.61461557902681,8.717539795048244,0.7305307262037637,0.2997207719159203,True,True,2021
2021-07-12,PETR4,LSTM,8.49130916595459,9.083529350092395,9.07186686697818,8.55977188256956,8.522991755718143,0.5922201841378048,0.03168258976355354,True,False,2021
2021-07-13,PETR4,LSTM,8.543366432189941,9.035502743087587,9.12362419059707,8.597300901854291,8.68273439670538,0.49213631089764576,0.1393679645154382,True,True,2021
2021-07-14,PETR4,LSTM,8.47293758392334,9.01283216849031,8.942496123617438,8.62733701924873,8.503938730557564,0.5398945845669694,0.031001146634224597,True,True,2021
2021-07-15,PETR4,LSTM,8.292268753051758,8.999859114577934,8.926468479132634,8.591356074716726,8.541257932186406,0.7075903615261758,0.24898917913464835,True,True,2021
2021-07-16,PETR4,LSTM,8.169785499572754,8.97117284403446,8.862162134471903,8.475007405682598,8.395197697983594,0.8013873444617055,0.22541219841084015,True,True,2021
2021-07-19,PETR4,LSTM,8.035050392150879,8.933578278676617,8.83989990289787,8.373577652424865,8.334206035149474,0.8985278865257378,0.29915564299859554,True,True,2021
2021-07-20,PETR4,LSTM,8.142226219177246,8.850669609247507,9.012007062793936,8.237169050274547,8.447628608491966,0.7084433900702614,0.30540238931471997,True,True,2021
2021-07-21,PETR4,LSTM,8.255525588989258,8.783105359313733,8.843318037099838,8.255683873469993,8.235174955525121,0.5275797703244756,0.02035063346413679,True,True,2021
2021-07-22,PETR4,LSTM,8.237153053283691,8.749861370834115,8.810953814748096,8.324647382945894,8.344501169207202,0.5127083175504232,0.10734811592351079,True,True,2021
2021-07-23,PETR4,LSTM,8.188159942626953,8.748585332744373,8.750298642323143,8.331482495461394,8.293818264178482,0.5604253901174197,0.10565832155152854,True,False,2021
2021-07-26,PETR4,LSTM,8.411691665649414,8.76382157174655,8.90453413186798,8.316701860600142,8.449990128031315,0.35212990609713657,0.03829846238190093,True,True,2021
2021-07-27,PETR4,LSTM,8.313704490661621,8.782910511493672,8.709118644805429,8.446420779291667,8.293944045823045,0.46920602083205054,0.01976044483857642,True,True,2021
2021-07-28,PETR4,LSTM,8.485184669494629,8.806201279940925,8.930436994050428,8.41704146826501,8.565898458890759,0.32101661044629637,0.08071378939613005,True,True,2021
2021-07-29,PETR4,LSTM,8.515804290771484,8.836899953521883,8.905075531989853,8.520729391869454,8.518875570148174,0.32109566275039825,0.003071279376689162,True,True,2021
2021-07-30,PETR4,LSTM,8.240214347839355,8.87936817302884,8.773104363272274,8.5684179069801,8.413383301832722,0.639153825189485,0.17316895399336651,True,True,2021
2021-08-02,PETR4,LSTM,8.087106704711914,8.888566588256676,8.790808517496627,8.40814040341635,8.354581158855318,0.8014598835447622,0.26747445414340376,True,True,2021
2021-08-03,PETR4,LSTM,8.221839904785156,8.855929271065389,8.859107337402214,8.293108100268771,8.336686487153651,0.6340893662802323,0.11484658236849477,True,False,2021
2021-08-04,PETR4,LSTM,8.047298431396484,8.803534876649355,8.653205901252191,8.310223956633426,8.15641196089752,0.7562364452528705,0.1091135295010357,True,True,2021
2021-08-05,PETR4,LSTM,8.681161880493164,8.736214032825185,8.830689076454417,8.17783324330686,8.346036451553354,0.055052152332020654,0.33512542893980957,False,True,2021
2021-08-06,PETR4,LSTM,8.693408966064453,8.655063911071775,8.639811636871991,8.46185326672995,8.391482351012016,0.038345054992678484,0.30192661505243734,False,False,2021
2021-08-09,PETR4,LSTM,8.63216781616211,8.645197973028207,8.598783053036124,8.590015089508388,8.513994005884225,0.013030156866097542,0.11817381027788443,False,True,2021
2021-08-10,PETR4,LSTM,8.65972900390625,8.655601740228096,8.775027861117893,8.500501178623788,8.632253138530073,0.0041272636781535255,0.027475865376176856,False,True,2021
2021-08-11,PETR4,LSTM,8.779150009155273,8.68617625210668,8.581425220778833,8.543062680985251,8.364152110825334,0.09297375704859334,0.41499789832993983,False,True,2021
2021-08-12,PETR4,LSTM,8.910823822021484,8.71491599823484,8.609818379644697,8.620440889702765,8.556926567206164,0.1959078237866443,0.35389725481532075,False,True,2021
2021-08-13,PETR4,LSTM,8.98737621307373,8.752689430203528,8.717050606358947,8.710768922147436,8.722726103405284,0.2346867828702024,0.2646501096684464,False,False,2021
2021-08-16,PETR4,LSTM,8.769965171813965,8.801252637040871,8.695113840872262,8.793978893828783,8.698935903639324,0.03128746522690662,0.07102926817464095,False,True,2021
2021-08-17,PETR4,LSTM,8.769933700561523,8.827070895191891,8.791129208101772,8.67243778210577,8.686594514905194,0.057137194630367816,0.08333918565632992,False,False,2021
2021-08-18,PETR4,LSTM,8.692066192626953,8.842056966803643,8.893834349177741,8.670163472010776,8.739571158517856,0.1499907741766897,0.04750496589090325,True,True,2021
2021-08-19,PETR4,LSTM,8.64339828491211,8.84737010420621,8.748353078255345,8.636010004111922,8.50103369514259,0.20397181929410024,0.14236458976951916,True,True,2021
2021-08-20,PETR4,LSTM,8.63042163848877,8.840811047146655,8.736378947143045,8.597013436446675,8.53801337452809,0.21038940865788547,0.0924082639606798,True,True,2021
2021-08-23,PETR4,LSTM,8.76668930053711,8.833562339443223,8.972720760521506,8.588557636753167,8.777069107520665,0.06687303890611318,0.010379806983555895,True,True,2021
2021-08-24,PETR4,LSTM,8.948384284973145,8.846739461104054,8.935536354397792,8.677407283651778,8.687427746217924,0.10164482386909057,0.2609565387552202,False,True,2021
2021-08-25,PETR4,LSTM,8.997050285339355,8.895354914202297,8.881518247760207,8.805438889679756,8.736210243126445,0.10169537113705829,0.26084004221291046,False,False,2021
2021-08-26,PETR4,LSTM,8.919182777404785,8.968103837203014,8.882218598628834,8.889579316269025,8.80652183693711,0.04892105979822858,0.11266094046767527,False,True,2021
2021-08-27,PETR4,LSTM,9.243635177612305,9.054798823892629,9.195922163925763,8.905884436474482,9.085294156232678,0.188836353719676,0.15834102137962702,True,True,2021
2021-08-30,PETR4,LSTM,9.181987762451172,9.120383862531138,9.120091940470994,9.08074297278038,9.003856420460217,0.061603899920033456,0.17813134199095515,False,False,2021
2021-08-31,PETR4,LSTM,8.821847915649414,9.198134904016595,9.095192227067027,9.115734652566426,9.00112729435329,0.37628698836718044,0.17927937870387645,True,True,2021
2021-09-01,PETR4,LSTM,8.77318000793457,9.216079343319063,9.110079160790395,8.90005935982968,8.83684661687642,0.44289933538449233,0.06366660894184939,True,True,2021
2021-09-02,PETR4,LSTM,8.63042163848877,9.199786500522922,9.267201977123175,8.838828300920426,8.953877392272435,0.5693648620341527,0.32345575378366576,True,True,2021
2021-09-03,PETR4,LSTM,8.54281997680664,9.176436724533946,9.065773392025982,8.746339432714615,8.588686472949979,0.6336167477273058,0.045866496143338154,True,True,2021
2021-09-06,PETR4,LSTM,8.584996223449707,9.148575330250797,9.309780138047614,8.67288729940814,8.887702416351877,0.5635791068010896,0.3027061929021695,True,True,2021
2021-09-07,PETR4,LSTM,8.584996223449707,9.14082813175219,9.132841521591864,8.68808666314817,8.592687672520794,0.5558319083024834,0.00769144907108732,True,False,2021
2021-09-08,PETR4,LSTM,8.101564407348633,9.143934018297212,9.143934018297212,8.695190079864314,8.699535597578095,1.0423696109485796,0.5979711902294618,True,False,2021
2021-09-09,PETR4,LSTM,8.273523330688477,9.103409359695728,9.228934637402466,8.411337153042469,8.515925702969747,0.8298860290072518,0.24240237228127093,True,True,2021
2021-09-10,PETR4,LSTM,8.221611022949219,8.99046646619193,8.958134595826985,8.403240249767903,8.289435518586602,0.7688554432427104,0.06782449563738346,True,True,2021
2021-09-13,PETR4,LSTM,8.510372161865234,8.898173138981424,8.998661843954538,8.345427668902875,8.451822663563012,0.3878009771161892,0.05854949830222189,True,True,2021
2021-09-14,PETR4,LSTM,8.396814346313477,8.845813780293287,8.826149396611697,8.456565207801141,8.38253075549606,0.4489994339798109,0.014283590817417036,True,False,2021
2021-09-15,PETR4,LSTM,8.54281997680664,8.812548893309309,8.865706286720421,8.442098129638177,8.495937978391845,0.26972891650266817,0.046881998414795234,True,True,2021
2021-09-16,PETR4,LSTM,8.468194961547852,8.796326736630856,8.819651423864212,8.476862116166137,8.471701126560845,0.32813177508300484,0.0035061650129932787,True,False,2021
2021-09-17,PETR4,LSTM,8.088586807250977,8.790298132784908,8.680545177089268,8.486097284146338,8.353492893210126,0.7017113255339318,0.264906085959149,True,True,2021
2021-09-20,PETR4,LSTM,7.997740745544434,8.73760992998405,8.758814408941403,8.218815916651504,8.29103192095926,0.7398691844396161,0.29329117541482574,True,True,2021
2021-09-21,PETR4,LSTM,8.17943286895752,8.656406332645954,8.755926616767447,8.123171612559043,8.198348600878651,0.4769734636884344,0.018915731921131496,True,True,2021
2021-09-22,PETR4,LSTM,8.387083053588867,8.607623076850938,8.693603903217157,8.218279225764041,8.24011346284171,0.22054002326207112,0.14696959074715643,True,True,2021
2021-09-23,PETR4,LSTM,8.708290100097656,8.59596908736081,8.696975582712717,8.349091887117298,8.394719189041503,0.11232101273684592,0.31357091105615353,False,True,2021
2021-09-24,PETR4,LSTM,8.727757453918457,8.614788190536931,8.752612639351671,8.542811347303743,8.620261454218932,0.11296926338152602,0.10749599969952506,True,True,2021
2021-09-27,PETR4,LSTM,8.805624961853027,8.67684506990997,8.747669730551545,8.60941250074387,8.596425092882482,0.12877989194305783,0.2091998689705452,False,True,2021
2021-09-28,PETR4,LSTM,8.747222900390625,8.738045725266144,8.632669173496367,8.685514722552808,8.534282628642462,0.009177175124481352,0.2129402717481632,False,True,2021
2021-09-29,PETR4,LSTM,8.886738777160645,8.774589833448953,8.864042204410133,8.65540905143152,8.798766499776473,0.11214894371169137,0.08797227738417135,True,True,2021
2021-09-30,PETR4,LSTM,8.834826469421387,8.83550036839166,8.898980767903817,8.780000493233405,8.781372478697914,0.0006738989702732567,0.053453990723472344,False,True,2021
2021-10-01,PETR4,LSTM,9.084654808044434,8.902282768397615,9.008449350433054,8.782092203029704,8.843547452316635,0.18237203964681825,0.24110735572779873,False,True,2021
2021-10-04,PETR4,LSTM,9.340970993041992,8.970975537566826,9.087731127280195,8.960632791976758,9.007951054462918,0.3699954554751663,0.3330199385790742,True,True,2021
2021-10-05,PETR4,LSTM,9.54537582397461,9.031622997219355,9.14327008691885,9.131039981857965,9.167110752892098,0.5137528267552547,0.3782650710825113,True,True,2021
2021-10-06,PETR4,LSTM,9.292303085327148,9.11008704650062,9.026340906378408,9.297205157108236,9.139282606611838,0.18221603882652815,0.15302047871531066,True,True,2021
2021-10-07,PETR4,LSTM,9.279324531555176,9.18029987453107,9.207349732054034,9.096382995500937,9.18177888919257,0.09902465702410623,0.09754564236260599,True,False,2021
2021-10-08,PETR4,LSTM,9.448040008544922,9.249332551727075,9.33633408219555,9.195964545287362,9.257243844172466,0.1987074568178464,0.19079616437245583,True,True,2021
2021-10-11,PETR4,LSTM,9.51292896270752,9.331389299772571,9.455248592144446,9.345150229943972,9.409287016626406,0.1815396629349486,0.10364194608111355,True,True,2021
2021-10-12,PETR4,LSTM,9.51292896270752,9.415475046726659,9.451328021674867,9.349348823115673,9.31502995764627,0.09745391598086073,0.1978990050612488,False,False,2021
2021-10-13,PETR4,LSTM,9.613508224487305,9.49225676640695,9.49225676640695,9.37812569146643,9.359588568953763,0.12125145808035498,0.2539196555335419,False,False,2021
2021-10-14,PETR4,LSTM,9.62973403930664,9.571699357421775,9.674860898012813,9.546209368166178,9.63937764760497,0.058034681884866046,0.009643608298329553,True,True,2021
2021-10-15,PETR4,LSTM,9.603776931762695,9.650210121006904,9.67891125543125,9.524521694347094,9.492904783186322,0.04643318924420825,0.11087214857637306,False,False,2021
2021-10-18,PETR4,LSTM,9.555109024047852,9.716388923033993,9.616647976423934,9.580092339329227,9.454615823442976,0.16127989898614103,0.1004932006048751,True,True,2021
2021-10-19,PETR4,LSTM,9.087898254394531,9.765200453276083,9.857054365978987,9.571592068253567,9.711288492457484,0.6773021988815522,0.623390238062953,True,True,2021
2021-10-20,PETR4,LSTM,9.246878623962402,9.75330490166203,9.772838300448983,9.199881525695487,9.166498160897412,0.506426277699628,0.08038046306499069,True,False,2021
2021-10-21,PETR4,LSTM,8.906204223632812,9.731163550954573,9.633530052231423,9.34288166923575,9.22290012618909,0.8249593273217606,0.3166959025562779,True,True,2021
2021-10-22,PETR4,LSTM,8.818603515625,9.664742572141666,9.617107269601178,9.016817759629525,9.036953203605309,0.846139056516666,0.21834968798030907,True,False,2021
2021-10-25,PETR4,LSTM,9.42208480834961,9.546889144775175,9.644214704774374,8.955008057250325,9.06842887666269,0.12480433642556577,0.35365593168691944,False,True,2021
2021-10-26,PETR4,LSTM,9.331235885620115,9.457087656878645,9.54604338371856,9.274933238157635,9.29863836628464,0.12585177125852987,0.032597519335475056,True,True,2021
2021-10-27,PETR4,LSTM,9.308526039123535,9.432664066562705,9.293703665579832,9.257990393033879,9.057204621560839,0.12413802743916946,0.2513214175626963,False,True,2021
2021-10-28,PETR4,LSTM,9.396127700805664,9.449144995898084,9.341481749264103,9.275701918959749,9.239759386893375,0.05301729509242037,0.15636831391228867,False,True,2021
2021-10-29,PETR4,LSTM,8.808868408203125,9.472748627248844,9.342722662779577,9.324589014744278,9.247033329537832,0.6638802190457191,0.43816492133470675,True,True,2021
2021-11-01,PETR4,LSTM,9.084654808044434,9.436229720203645,9.537478871896605,8.952930677078111,9.11468745734954,0.35157491215921155,0.030032649305105963,True,True,2021
2021-11-02,PETR4,LSTM,9.084654808044434,9.38456677344021,9.412477845748619,9.031921830019447,9.005591736979195,0.2999119653957756,0.07906307106523869,True,False,2021
2021-11-03,PETR4,LSTM,8.711533546447754,9.333943834599626,9.33589440331361,9.056314644153156,9.032750366894659,0.6224102881518725,0.3212168204469048,True,True,2021
2021-11-04,PETR4,LSTM,8.435749053955078,9.274268155399835,9.15092903860938,8.821929132628432,8.682661210484175,0.8385191014447564,0.24691215652909726,True,True,2021
2021-11-05,PETR4,LSTM,8.387083053588867,9.189188500164864,9.33740570955173,8.610645503072822,8.81545300615044,0.8021054465759967,0.42836995256157273,True,True,2021
2021-11-08,PETR4,LSTM,8.474684715270996,9.107152650623728,9.19789705462691,8.537555620322276,8.530442172214627,0.6324679353527323,0.05575745694363121,True,True,2021
2021-11-09,PETR4,LSTM,8.64339828491211,9.057248866197884,9.0569059468894,8.590311677732945,8.527924134447948,0.4138505812857751,0.11547415046416099,True,True,2021
2021-11-10,PETR4,LSTM,8.575264930725098,9.036295656929479,8.960528646004878,8.687522195557733,8.603257768399153,0.4610307262043811,0.027992837674055693,True,True,2021
2021-11-11,PETR4,LSTM,8.58175277709961,9.019940733282152,8.938966603412789,8.645668040524946,8.59713560608343,0.43818795618254214,0.015382828983820929,True,True,2021
2021-11-12,PETR4,LSTM,8.756956100463867,9.024537789579444,9.127649507174034,8.667545999345851,8.806328040075808,0.2675816891155769,0.049371939611940974,True,True,2021
2021-11-15,PETR4,LSTM,8.756956100463867,9.032258557616654,8.996106698872127,8.717228844443929,8.628469380527655,0.2753024571527867,0.12848671993621252,True,False,2021
2021-11-16,PETR4,LSTM,8.847803115844727,9.028770351374224,9.028770351374224,8.709402770386516,8.736423986767916,0.18096723552949712,0.11137912907681091,True,False,2021
2021-11-17,PETR4,LSTM,8.623931884765625,9.044047158061336,8.92530389539863,8.832039884458943,8.702835046009254,0.4201152732957105,0.07890316124362862,True,True,2021
2021-11-18,PETR4,LSTM,8.610953330993652,9.048967526514314,8.94586388877641,8.702879469128977,8.65394058367449,0.4380141955206618,0.04298725268083814,True,True,2021
2021-11-19,PETR4,LSTM,8.468194961547852,9.052581123782904,8.97361280267364,8.693872663332614,8.661783713336279,0.5843861622350524,0.19358875178842716,True,True,2021
2021-11-22,PETR4,LSTM,8.552553176879883,9.032219833917399,9.034839492674548,8.540643072602613,8.593947717508128,0.4796666570375159,0.04139454062824477,True,False,2021
2021-11-23,PETR4,LSTM,9.01976203918457,9.020125746511926,9.110565012366127,8.638104053010021,8.717071808231161,0.00036370732735591105,0.3026902309534094,False,True,2021
2021-11-24,PETR4,LSTM,9.204700469970703,9.014292605147933,9.025210591306871,8.898058954416205,8.85314540652492,0.19040786482277028,0.35155506344578313,False,True,2021
2021-11-25,PETR4,LSTM,9.61026668548584,9.057968020612623,9.171336395855647,9.049399560886696,9.149678929100364,0.5522986648732164,0.46058775638547544,True,True,2021
2021-11-26,PETR4,LSTM,9.23714542388916,9.134138766371333,9.030064690333791,9.338237587316717,9.159117557572543,0.10300665751782745,0.07802786631661718,True,True,2021
2021-11-29,PETR4,LSTM,9.561596870422363,9.171218245062892,9.240339910816683,9.090487480620563,9.213119646463493,0.390378625359471,0.34847722395887004,True,True,2021
2021-11-30,PETR4,LSTM,9.548619270324709,9.235773110368836,9.130541015965713,9.355527684144732,9.198094509989383,0.31284615995587295,0.3505247603353254,False,True,2021
2021-12-01,PETR4,LSTM,9.603776931762695,9.27418148807293,9.1446552327261,9.336480448688613,9.263268499626871,0.32959544368976523,0.3405084321358238,False,True,2021
2021-12-02,PETR4,LSTM,10.336551666259766,9.302722083747778,9.403338210778706,9.390600464383326,9.563314043778771,1.0338295825119879,0.7732376224809947,True,True,2021
2021-12-03,PETR4,LSTM,10.482341766357422,9.31881024413357,9.302238027874182,9.783081363125676,9.727529374103328,1.1635315222238525,0.7548123922540935,True,False,2021
2021-12-06,PETR4,LSTM,10.529725074768066,9.414417828270803,9.505886770640316,10.044334891823855,10.156315985768318,1.115307246497263,0.37340908899974856,True,True,2021
2021-12-07,PETR4,LSTM,10.701027870178224,9.570230930159543,9.566800762532745,10.178092484482193,10.120667928537253,1.1307969400186817,0.580359941640971,True,True,2021
2021-12-08,PETR4,LSTM,10.697383880615234,9.737253620989815,9.626307674177765,10.412220960773046,10.311881874392876,0.9601302596254193,0.3855020062223584,True,True,2021
2021-12-09,PETR4,LSTM,10.67551612854004,9.915915549424785,9.859560504247957,10.438942593628484,10.488363219481702,0.759600579115256,0.18715290905833903,True,False,2021
2021-12-10,PETR4,LSTM,10.806727409362791,10.075336101963185,10.246804212796384,10.46787075733904,10.707397141032002,0.7313913073996066,0.09933026833078884,True,False,2021
2021-12-13,PETR4,LSTM,10.74112033843994,10.248509099694207,10.248509099694207,10.631780691764515,10.528451799238546,0.49261123874573265,0.2126685392013936,True,False,2021
2021-12-14,PETR4,LSTM,10.613554000854492,10.408362374205236,10.289769836379183,10.69147227138843,10.569132938170435,0.20519162664925616,0.04442106268405688,True,True,2021
2021-12-15,PETR4,LSTM,10.679160118103027,10.536507700307101,10.476625648619878,10.565563543717493,10.596845443091762,0.14265241779592586,0.08231467501126488,True,False,2021
2021-12-16,PETR4,LSTM,10.821307182312012,10.62578611093274,10.80662211006177,10.608122221711296,10.842063700658,0.19552107137927166,0.020756518345988795,True,False,2021
2021-12-17,PETR4,LSTM,10.566173553466797,10.71535955926699,10.5918976544348,10.788631217867941,10.542463776965338,0.1491860058001926,0.02370977650145889,True,True,2021
2021-12-20,PETR4,LSTM,10.26365566253662,10.75867724150999,10.633126435821316,10.605643201614157,10.55463100705532,0.49502157897337007,0.2909753445187011,True,True,2021
2021-12-21,PETR4,LSTM,10.278236389160156,10.72452970004775,10.889455556167961,10.336584517217524,10.574128649859082,0.4462933108875937,0.2958922606989258,True,True,2021
2021-12-22,PETR4,LSTM,10.26365566253662,10.705274186927642,10.693263405116296,10.294260237897271,10.169294898526996,0.4416185243910231,0.09436076400962357,True,False,2021
2021-12-23,PETR4,LSTM,10.325617790222168,10.702361304217003,10.795789914586328,10.343921949152206,10.436650052684252,0.3767435139948354,0.11103226246208386,True,True,2021
2021-12-27,PETR4,LSTM,10.478694915771484,10.716519426258966,10.832019570225507,10.40088187933128,10.444606934759335,0.23782451048748143,0.03408798101214927,True,True,2021
2021-12-28,PETR4,LSTM,10.489631652832031,10.725899166745219,10.654674508842962,10.492980936953794,10.338398253921138,0.23626751391318734,0.15123339891089316,True,True,2021
2021-12-29,PETR4,LSTM,10.402156829833984,10.757173163857967,10.757173163857967,10.486577020944248,10.537611124899255,0.3550163340239827,0.13545429506527107,True,False,2021
2021-12-30,PETR4,LSTM,10.369352340698242,10.785167325109992,10.912994052226653,10.470714795355391,10.59146476847667,0.4158149844117496,0.222112427778427,True,True,2021
2021-12-31,PETR4,LSTM,10.369352340698242,10.796969448116318,10.679934640573716,10.45540109421449,10.243119439985648,0.4276171074180759,0.1262329007125942,True,True,2021
2022-01-03,PETR4,LSTM,10.602619171142578,10.799463746077866,10.684605374751799,10.399233873648638,10.35974150440387,0.1968445749352874,0.2428776667387087,False,False,2022
2022-01-04,PETR4,LSTM,10.64271354675293,10.801966649305914,10.966966721388129,10.606188822588416,10.844344468300402,0.15925310255298442,0.20163092154747275,False,True,2022
2022-01-05,PETR4,LSTM,10.230853080749512,10.818403937646895,10.738287592282077,10.648389446788663,10.454278871213763,0.5875508568973835,0.22342579046425115,True,True,2022
2022-01-06,PETR4,LSTM,10.223565101623535,10.804891210592519,10.945314646018014,10.353882786989182,10.536222151008463,0.5813261089689838,0.3126570493849279,True,True,2022
2022-01-07,PETR4,LSTM,10.27094841003418,10.769203326426574,10.909162951971897,10.315475766314226,10.352116494101983,0.49825491639239416,0.08116808406780329,True,True,2022
2022-01-10,PETR4,LSTM,10.208984375,10.73676331570292,10.705494618867808,10.293917217353721,10.160219208844033,0.5277789407029196,0.04876516615596671,True,False,2022
2022-01-11,PETR4,LSTM,10.511499404907228,10.717161133275194,10.81658330259223,10.298358871788286,10.409509437284981,0.20566172836796603,0.10198996762224688,True,True,2022
2022-01-12,PETR4,LSTM,10.83223819732666,10.704866666092624,10.833868389795262,10.496031371257754,10.556394604987432,0.12737153123403644,0.2758435923392284,False,True,2022
2022-01-13,PETR4,LSTM,11.050925254821776,10.715120455790636,10.861468471427512,10.7280384751811,10.790854514312,0.33580479903113947,0.2600707405097751,True,True,2022
2022-01-14,PETR4,LSTM,11.462782859802246,10.755571354964967,10.92633532662115,10.910896940027085,10.985763584992322,0.7072115048372787,0.47701927480992445,True,True,2022
2022-01-17,PETR4,LSTM,11.48100757598877,10.82102731460596,10.9126132812489,11.183019433333556,11.16741483518968,0.6599802613828096,0.3135927407990895,True,False,2022
2022-01-18,PETR4,LSTM,11.53203582763672,10.93930731732615,11.041865302444924,11.32021045011684,11.36335116570658,0.59272851031057,0.16868466193013987,True,True,2022
2022-01-19,PETR4,LSTM,11.477361679077148,11.05671081218701,10.978827955411274,11.465443222690803,11.278985625534819,0.42065086689013853,0.19837605354232934,True,True,2022
2022-01-20,PETR4,LSTM,11.561192512512209,11.173081060405838,11.173081060405838,11.346578291219753,11.406066677042926,0.38811145210637044,0.15512583546928305,True,False,2022
2022-01-21,PETR4,LSTM,11.579416275024414,11.264918308491783,11.14477051419329,11.455327351077289,11.335008574846452,0.31449796653263107,0.24440770017796254,True,True,2022
2022-01-24,PETR4,LSTM,11.64501953125,11.35269079747972,11.414868605039102,11.460585721024847,11.611589257291785,0.29232873377027957,0.033430273958215295,True,False,2022
2022-01-25,PETR4,LSTM,12.024077415466309,11.424988251320073,11.569451547475879,11.567227301689954,11.665286750620906,0.5990891641462355,0.3587906648454027,True,True,2022
2022-01-26,PETR4,LSTM,12.344816207885742,11.498602618266048,11.609652635313314,11.85568158549236,11.872191450052767,0.8462135896196941,0.47262475783297475,True,True,2022
2022-01-27,PETR4,LSTM,12.348464012145996,11.607081837103323,11.607081837103323,12.098213917560132,12.02719137400857,0.7413821750426735,0.321272638137426,True,False,2022
2022-01-28,PETR4,LSTM,11.860062599182127,11.72971917798256,11.569314032533976,12.193554092879305,12.04020839712453,0.13034342119956754,0.18014579794240326,False,True,2022
2022-01-31,PETR4,LSTM,11.790813446044922,11.804254308444158,11.753759724855067,11.790124177272931,11.85422601956528,0.013440862399235698,0.0634125735203579,False,False,2022
2022-02-01,PETR4,LSTM,12.027722358703612,11.85632846401397,12.05611014527685,11.795072885536369,12.02616304826719,0.1713938946896416,0.001559310436421768,True,True,2022
2022-02-02,PETR4,LSTM,11.85277271270752,11.901989237392854,11.769481759361957,11.952148382064204,11.678080902776895,0.04921652468533466,0.17469180993062494,False,True,2022
2022-02-03,PETR4,LSTM,11.68875789642334,11.964376190202401,11.930915981056934,11.833481548354303,11.890116020610686,0.2756182937790612,0.20135812418734567,True,False,2022
2022-02-04,PETR4,LSTM,11.892866134643556,12.004678341198641,12.191661606968418,11.766529233487109,11.966455509500584,0.11181220655508461,0.07358937485702732,True,True,2022
2022-02-07,PETR4,LSTM,11.71791934967041,12.042748040199726,12.080548371329414,11.872984685947896,11.768499819318853,0.3248286905293156,0.05058046964844287,True,False,2022
2022-02-08,PETR4,LSTM,11.601284980773926,12.066576023141408,12.033283474724705,11.794666863690214,11.729936215645195,0.46529104236748253,0.12865123487126873,True,True,2022
2022-02-09,PETR4,LSTM,11.64501953125,12.058351847013881,12.1694730802535,11.69248035733012,11.81813874633433,0.4133323157638813,0.1731192150843306,True,True,2022
2022-02-10,PETR4,LSTM,11.823614120483398,12.049787148197666,12.051211398317038,11.671060862028853,11.580569892281613,0.2261730277142675,0.24304422820178573,False,False,2022
2022-02-11,PETR4,LSTM,12.304720878601074,12.060461366630449,12.194314384920418,11.857976003858129,11.992073530401921,0.24425951197062545,0.3126473481991532,False,True,2022
2022-02-14,PETR4,LSTM,12.027722358703612,12.080919773075038,12.04204006793628,12.197157498327757,12.071680795539672,0.05319741437142689,0.0439584368360606,True,True,2022
2022-02-15,PETR4,LSTM,11.8381929397583,12.126610050224784,11.988053880095007,12.036364441203123,11.922202529066917,0.288417110466483,0.08400958930861613,True,True,2022
2022-02-16,PETR4,LSTM,12.002211570739746,12.140533371423643,12.215378368977941,11.87123190266702,12.034135451239798,0.13832180068389732,0.03192388050005235,True,True,2022
2022-02-17,PETR4,LSTM,11.95482349395752,12.154175177475537,12.02820699049144,12.006076501235361,11.824456940247574,0.19935168351801735,0.13036655370994588,True,True,2022
2022-02-18,PETR4,LSTM,12.027722358703612,12.176707453146904,12.251775459771336,11.967936106429178,12.130117234916714,0.148985094443292,0.10239487621310239,True,True,2022
2022-02-21,PETR4,LSTM,12.337525367736816,12.200062146431023,12.331736927383192,12.046612170791274,12.12054466594409,0.13746322130579358,0.21698070179272655,False,True,2022
2022-02-22,PETR4,LSTM,12.297432899475098,12.242970463853325,12.330110483824239,12.264969522311306,12.267617614107577,0.05446243562177244,0.029815285367520872,True,True,2022
2022-02-23,PETR4,LSTM,12.472382545471191,12.289109444184916,12.262861192757086,12.234498949771837,12.140974535336996,0.18327310128627516,0.3314080101341954,False,False,2022
2022-02-24,PETR4,LSTM,12.169867515563965,12.336615432566404,12.33720708346949,12.395156430586084,12.421441469156902,0.1667479170024393,0.25157395359293666,False,True,2022
2022-02-25,PETR4,LSTM,12.392197608947754,12.33662280850912,12.503196323014382,12.172198989528882,12.326403914240137,0.0555748004386345,0.06579369470761698,False,True,2022
2022-02-28,PETR4,LSTM,12.392197608947754,12.324025927675223,12.415055108731167,12.290121643520282,12.265394701874529,0.06817168127253126,0.12680290707322506,False,True,2022
2022-03-01,PETR4,LSTM,12.392197608947754,12.316186529892676,12.429457858652485,12.29467469632629,12.345291253728053,0.07601107905507831,0.04690635521970066,True,True,2022
2022-03-02,PETR4,LSTM,12.636396408081056,12.297717169333637,12.425857686551675,12.294028950584645,12.342861134949946,0.3386792387474191,0.29353527313111094,True,True,2022
2022-03-03,PETR4,LSTM,12.479673385620115,12.346992154643004,12.285964213702206,12.513623576189328,12.370394863388029,0.13268123097711104,0.10927852223208667,True,True,2022
2022-03-04,PETR4,LSTM,12.476027488708496,12.402192480600306,12.600155182883762,12.44314939116655,12.682177311723219,0.07383500810819044,0.20614982301472295,False,True,2022
2022-03-07,PETR4,LSTM,11.590351104736328,12.454335478302127,12.572366416707716,12.454216311970136,12.4288677623958,0.863984373565799,0.838516657659472,True,True,2022
2022-03-08,PETR4,LSTM,11.830903053283691,12.432580135263436,12.46003071289838,11.792937757336235,11.718312455053335,0.6016770819797443,0.11259059823035678,True,True,2022
2022-03-09,PETR4,LSTM,11.867354393005373,12.35410133409674,12.212274848313285,11.903328443838813,11.740967303093324,0.48674694109136674,0.12638708991204872,True,True,2022
2022-03-10,PETR4,LSTM,12.282856941223145,12.244902960844726,12.391992695055622,11.867665865101172,12.10649466141325,0.03795398037841835,0.17636227980989538,False,True,2022
2022-03-11,PETR4,LSTM,11.841840744018556,12.16717281786363,12.018529810127793,12.145721456545282,11.89347854191935,0.32533207384507357,0.051637797900793814,True,True,2022
2022-03-14,PETR4,LSTM,11.615864753723145,12.138701678982684,12.007977748482785,11.863379706365903,11.830324928890446,0.52283692525954,0.21446017516730187,True,True,2022
2022-03-15,PETR4,LSTM,11.335216522216797,12.125584794187361,11.967161867460996,11.72434032523611,11.641645611034669,0.7903682719705643,0.3064290888178718,True,True,2022
2022-03-16,PETR4,LSTM,11.236808776855469,12.080968946026474,11.933379067310844,11.499787401191401,11.445643793326742,0.8441601691710048,0.2088350164712729,True,True,2022
2022-03-17,PETR4,LSTM,10.937938690185549,12.026484086512554,12.157740861011654,11.409919743291677,11.629680972419212,1.0885453963270049,0.6917422822336636,True,True,2022
2022-03-18,PETR4,LSTM,11.156625747680664,11.902721914369238,12.072885056557789,11.115221127765839,11.172026387674888,0.7460961666885737,0.015400639994224363,True,True,2022
2022-03-21,PETR4,LSTM,11.575773239135742,11.78807271945064,11.906804857637125,11.237607292150027,11.235160990132295,0.21229948031489698,0.34061224900344733,False,True,2022
2022-03-22,PETR4,LSTM,11.52474594116211,11.717031327188508,11.817004730636755,11.494652320820036,11.511186509185356,0.19228538602639844,0.0135594319767538,True,False,2022
2022-03-23,PETR4,LSTM,11.681468963623049,11.703482949744341,11.850060689458745,11.513517098521286,11.58922341748714,0.02201398612129246,0.09224554613590819,False,True,2022
2022-03-24,PETR4,LSTM,11.816327095031738,11.71512464599661,11.502203629723736,11.642836764113202,11.329138934558237,0.10120244903512798,0.4871881604735009,False,True,2022
2022-03-25,PETR4,LSTM,11.772586822509766,11.761184949605905,11.662198855298797,11.768753866957766,11.82313121698721,0.011401872903860522,0.050544394477444854,False,True,2022
2022-03-28,PETR4,LSTM,11.517457962036133,11.816974121656642,11.666772962836326,11.759616803396005,11.666621438702622,0.29951615962050937,0.1491634766664891,True,True,2022
2022-03-29,PETR4,LSTM,11.772586822509766,11.848983254393346,11.761222353771199,11.581862964863204,11.588641767744342,0.07639643188358036,0.18394505476542378,False,True,2022
2022-03-30,PETR4,LSTM,12.024077415466309,11.86899295765609,12.07556755265873,11.763691662022534,12.023497308501401,0.15508445781021862,0.0005801069649074009,True,True,2022
2022-03-31,PETR4,LSTM,12.19173526763916,11.930894327570215,11.789639232149701,11.97455544628351,11.687642508609846,0.2608409400689453,0.504092759029314,False,True,2022
2022-04-01,PETR4,LSTM,12.031366348266602,11.996107495763496,12.013766816723754,12.10548124782947,12.228838543076739,0.03525885250310523,0.19747219481013722,False,True,2022
2022-04-04,PETR4,LSTM,11.918377876281738,12.061514897114947,12.166509023239596,12.03886211105623,12.108525204404625,0.14313702083320834,0.1901473281228867,False,True,2022
2022-04-05,PETR4,LSTM,11.805390357971191,12.119697562576789,11.942843285991593,11.92941943272731,11.672180862145684,0.3143072046055977,0.13320949582550767,True,False,2022
2022-04-06,PETR4,LSTM,11.794456481933594,12.182123853747484,11.98425617488155,11.912082590437768,11.833483331548447,0.3876673718138903,0.03902684961485292,True,True,2022
2022-04-07,PETR4,LSTM,12.406779289245604,12.216131866960026,12.34642131058587,11.902316004964554,12.156661308465694,0.1906474222855774,0.2501179807799101,False,True,2022
2022-04-08,PETR4,LSTM,12.46873950958252,12.246493705823653,12.215623636502722,12.321607943939584,12.190991637691278,0.2222458037588666,0.2777478718912416,False,True,2022
2022-04-11,PETR4,LSTM,12.373977661132812,12.309179384313168,12.426219339362994,12.391106133234228,12.531251730617269,0.06479827681964423,0.15727406948445655,False,True,2022
2022-04-12,PETR4,LSTM,12.337525367736816,12.37812969681552,12.479056487414612,12.357740756721196,12.373411910716996,0.04060432907870393,0.03588654298017957,True,True,2022
2022-04-13,PETR4,LSTM,12.59995174407959,12.439465577788141,12.583825281663636,12.351183537226673,12.426391164469136,0.16048616629144874,0.173560579610454,False,True,2022
2022-04-14,PETR4,LSTM,12.468467712402344,12.492293308838697,12.665318533633462,12.542890327654597,12.617221452546929,0.02382559643635318,0.14875374014458487,False,True,2022
2022-04-18,PETR4,LSTM,12.249159812927246,12.512139512037919,12.626108254163102,12.395276234185541,12.39225525096948,0.262979699110673,0.14309543804223424,True,False,2022
2022-04-19,PETR4,LSTM,12.619986534118652,12.514407614422865,12.596015907713886,12.28011200440754,12.282628303368641,0.10557891969578748,0.33735823075001115,False,True,2022
2022-04-20,PETR4,LSTM,12.679798126220703,12.518685661197722,12.639139168857563,12.53102743776972,12.592515440508084,0.16111246502298116,0.08728268571261921,True,True,2022
2022-04-21,PETR4,LSTM,12.679798126220703,12.567087826619115,12.557489632844545,12.578578394702246,12.487303212602388,0.11271029960158785,0.19249491361831517,False,False,2022
2022-04-22,PETR4,LSTM,12.185365676879885,12.644693807897838,12.644693807897838,12.62301524510297,12.6289308446613,0.4593281310179531,0.44356516778141497,True,False,2022
2022-04-25,PETR4,LSTM,12.00593376159668,12.682365205992298,12.479669033541455,12.31570489507387,12.103572809168526,0.6764314443956181,0.09763904757184605,True,True,2022
2022-04-26,PETR4,LSTM,11.98599624633789,12.65953789261232,12.8114329575746,12.165951650931376,12.44213895766618,0.6735416462744297,0.45614271132828854,True,True,2022
2022-04-27,PETR4,LSTM,11.98599624633789,12.633219299680448,12.819367541634524,12.139650866825571,12.202410394031164,0.6472230533425574,0.21641414769327305,True,True,2022
2022-04-28,PETR4,LSTM,12.065746307373049,12.619420140183962,12.736586077173317,12.146136702513509,12.127439551634675,0.5536738328109134,0.061693244261626035,True,True,2022
2022-04-29,PETR4,LSTM,12.07371997833252,12.617153267122802,12.497604524180561,12.197039324668408,11.989784320120672,0.5434332887902826,0.08393565821184801,True,True,2022
2022-05-02,PETR4,LSTM,11.954097747802734,12.618490771401838,12.644395201286274,12.212535758166485,12.31297885602836,0.6643930235991036,0.358881108225626,True,True,2022
2022-05-03,PETR4,LSTM,12.061756134033203,12.568853135575637,12.4001139222001,12.080260676699787,11.87841247130392,0.5070970015424336,0.1833436627292837,True,True,2022
2022-05-04,PETR4,LSTM,12.787452697753906,12.53118050815739,12.75151361422498,12.15139826798428,12.477466839903542,0.25627218959651543,0.30998585785036425,False,True,2022
2022-05-05,PETR4,LSTM,12.763529777526855,12.520770594338572,12.412914953791066,12.638716649680982,12.370081940880803,0.2427591831882836,0.3934478366460521,False,True,2022
2022-05-06,PETR4,LSTM,13.18220329284668,12.540029180768144,12.718736123801525,12.63555752594963,12.892802852826016,0.6421741120785356,0.289400440020664,True,True,2022
2022-05-09,PETR4,LSTM,12.823341369628906,12.583248517108274,12.452775495064095,12.952883281178165,12.692123756524703,0.2400928525206325,0.13121761310420332,True,True,2022
2022-05-10,PETR4,LSTM,12.934986114501951,12.62409771718923,12.407743549195704,12.699170754037793,12.580738058103053,0.31088839731272166,0.3542480563988981,False,True,2022
2022-05-11,PETR4,LSTM,13.385558128356934,12.685769203555395,12.921237701212737,12.830401861060363,13.21114446630295,0.6997889248015383,0.17441366205398445,True,True,2022
2022-05-12,PETR4,LSTM,13.489230155944824,12.762309361111761,12.915437526287999,13.173305866101037,13.157879242437232,0.7269207948330632,0.3313509135075918,True,True,2022
2022-05-13,PETR4,LSTM,13.664674758911133,12.8588653685498,13.014332496581348,13.280667486951776,13.340037233851012,0.8058093903613326,0.3246375250601208,True,True,2022
2022-05-16,PETR4,LSTM,13.800247192382812,13.000535100282008,13.147390787430846,13.472182944765342,13.517882168948365,0.7997120921008047,0.2823650234344477,True,True,2022
2022-05-17,PETR4,LSTM,13.620814323425291,13.145464998694365,12.986167244261937,13.624047784930902,13.367025920180572,0.47534932473092617,0.2537884032447195,True,True,2022
2022-05-18,PETR4,LSTM,13.3975191116333,13.277043211468296,13.125746016379976,13.534089777419714,13.501438830883972,0.12047590016500465,0.1039197192506709,True,True,2022
2022-05-19,PETR4,LSTM,13.624802589416504,13.364896835826102,13.503588617247338,13.380026987172991,13.618063716872589,0.25990575359040236,0.006738872543914809,True,True,2022
2022-05-20,PETR4,LSTM,13.88796615600586,13.437104856361032,13.592539857088331,13.567431538297807,13.616081772864947,0.4508612996448278,0.2718843831409128,True,True,2022
2022-05-23,PETR4,LSTM,14.434233665466309,13.532907288318327,13.693754315970857,13.79176885660722,13.847820492385395,0.9013263771479814,0.5864131730809135,True,True,2022
2022-05-24,PETR4,LSTM,14.041210174560549,13.66319962841223,13.571677556076253,14.23040736630328,14.032672090450609,0.3780105461483192,0.008538084109940058,True,True,2022
2022-05-25,PETR4,LSTM,14.24116325378418,13.727994826518312,13.849891103448494,13.913398988743305,14.106359065406663,0.5131684272658674,0.13480418837751706,True,True,2022
2022-05-26,PETR4,LSTM,14.276710510253906,13.811623265024053,13.972337773509144,14.110238132449025,14.18263771759344,0.4650872452298529,0.09407279266046586,True,True,2022
2022-05-27,PETR4,LSTM,13.596867561340332,13.907031084046082,14.03000266351274,14.177825070466179,14.188395173026883,0.31016352270575,0.5915276116865513,False,True,2022
2022-05-30,PETR4,LSTM,13.32581901550293,13.948408893354966,13.80615421801235,13.67958123101836,13.43937456298225,0.622589877852036,0.1135555474793204,True,True,2022
2022-05-31,PETR4,LSTM,13.356921195983888,13.916966478883552,14.134939899507744,13.45848493515568,13.764727766032157,0.5600452828996634,0.4078065700482689,True,True,2022
2022-06-01,PETR4,LSTM,13.339149475097656,13.86806889597645,13.81603708736622,13.460892679796416,13.232234005328127,0.5289194208787933,0.10691546976952893,True,True,2022
2022-06-02,PETR4,LSTM,13.223618507385254,13.81840667367453,13.945121141499639,13.432797159607269,13.595589214319935,0.5947881662892769,0.3719707069346807,True,True,2022
2022-06-03,PETR4,LSTM,13.454678535461426,13.77764844355373,13.61568468171556,13.344118255073894,13.073232041621225,0.3229699080923041,0.38144649384020113,False,True,2022
2022-06-06,PETR4,LSTM,13.463566780090332,13.756786818907372,13.8106793447628,13.494162631335259,13.666652402410955,0.29322003881704006,0.20308562232062322,True,True,2022
2022-06-07,PETR4,LSTM,13.623525619506836,13.776704322886175,13.893241676866394,13.535292414393318,13.594591180137485,0.15317870337933925,0.02893443936935114,True,True,2022
2022-06-08,PETR4,LSTM,13.556875228881836,13.79894770746786,13.921572820261666,13.654627846689001,13.689746136833762,0.24207247858602443,0.1328709079519257,True,True,2022
2022-06-09,PETR4,LSTM,13.36136245727539,13.825834247988809,13.691100907891403,13.604630769686848,13.3765517877723,0.46447179071341793,0.015189330496909292,True,True,2022
2022-06-10,PETR4,LSTM,13.174741744995115,13.845207161530467,13.883123032022423,13.427732598766125,13.56051320871026,0.6704654165353521,0.3857714637151446,True,False,2022
2022-06-13,PETR4,LSTM,13.005889892578123,13.824483221148128,13.65397818872146,13.33546454095978,13.113105120321443,0.8185933285700049,0.10721522774331937,True,True,2022
2022-06-14,PETR4,LSTM,13.152524948120115,13.765447404978886,13.607801154116613,13.115360649956454,13.071959978480818,0.6129224568587706,0.0805649696392976,True,False,2022
2022-06-15,PETR4,LSTM,12.921465873718262,13.72337256908341,13.576491753779688,13.266559495319457,13.210069554165678,0.8019066953651475,0.2886036804474159,True,True,2022
2022-06-16,PETR4,LSTM,12.921465873718262,13.66645979509238,13.66645979509238,13.021414547066595,13.109785172394234,0.7449939213741175,0.18831929867597275,True,False,2022
2022-06-17,PETR4,LSTM,12.134982109069824,13.614463086921077,13.454400172974111,13.071009386866535,12.888961759316453,1.479480977851253,0.7539796502466292,True,True,2022
2022-06-20,PETR4,LSTM,12.272727012634276,13.430803342634619,13.483305872991716,12.29525311251762,12.448983504367277,1.158076330000343,0.1762564917330014,True,False,2022
2022-06-21,PETR4,LSTM,12.028337478637695,13.22239608121464,13.078725758701085,12.417609222007489,12.215444333399269,1.1940586025769448,0.18710685476157352,True,True,2022
2022-06-22,PETR4,LSTM,11.992791175842283,13.040107032949436,12.89177563617222,12.198300373991477,12.142598100834512,1.0473158571071526,0.14980692499222847,True,True,2022
2022-06-23,PETR4,LSTM,11.770618438720703,12.88274498309049,12.731301298864436,12.141490158218893,12.082799798492958,1.1121265443697865,0.31218135977225536,True,True,2022
2022-06-24,PETR4,LSTM,11.681754112243652,12.748666325736082,12.901248819768147,11.951128891124057,12.196691777634484,1.0669122134924294,0.514937665390832,True,True,2022
2022-06-27,PETR4,LSTM,12.432689666748049,12.642634690556491,12.769393644469861,11.868341262565938,11.865878948639127,0.2099450238084426,0.5668107181089219,False,True,2022
2022-06-28,PETR4,LSTM,12.58820915222168,12.57495795749631,12.722049765497122,12.416815474845952,12.478574414508168,0.013251194725370397,0.1096347377135114,False,True,2022
2022-06-29,PETR4,LSTM,12.477124214172363,12.592387310132494,12.444356938503544,12.565286316914632,12.31147230676954,0.11526309596013107,0.16565190740282354,False,True,2022
2022-06-30,PETR4,LSTM,12.410472869873049,12.631744111137394,12.443730001180151,12.504672744307705,12.422906350824451,0.22127124126434516,0.012433480951402842,True,True,2022
2022-07-01,PETR4,LSTM,12.677077293395996,12.66216249889517,12.481842450466923,12.465545571668933,12.404906052546352,0.014914794500825224,0.2721712408496444,False,True,2022
2022-07-04,PETR4,LSTM,12.948128700256348,12.688102460100993,12.829629751110547,12.662267887929591,12.922228518338203,0.260026240155355,0.025900181918144582,True,True,2022
2022-07-05,PETR4,LSTM,12.454907417297363,12.762541703307292,12.613904788763094,12.900218665122999,12.639451790282273,0.3076342860099288,0.18454437298490944,True,True,2022
2022-07-06,PETR4,LSTM,12.294944763183594,12.793787425972965,12.602875538050856,12.52459574880043,12.431707015848096,0.4988426627893716,0.13676225266450182,True,True,2022
2022-07-07,PETR4,LSTM,12.654861450195312,12.797288540115147,12.919711116649454,12.409355852094437,12.64780044951959,0.14242708991983477,0.007061000675722795,True,True,2022
2022-07-08,PETR4,LSTM,12.797049522399902,12.820209282102851,12.964527820332655,12.690018995071872,12.738444471702024,0.023159759702949145,0.058605050697877914,False,True,2022
2022-07-11,PETR4,LSTM,12.734843254089355,12.896524473406402,12.990052970359116,12.757839695316818,12.760635512768278,0.16168121931704604,0.025792258678922764,True,False,2022
2022-07-12,PETR4,LSTM,12.54377555847168,12.961261893294548,12.773184428100468,12.804708581847285,12.546447663403624,0.41748633482286834,0.0026721049319444745,True,True,2022
2022-07-13,PETR4,LSTM,12.55266284942627,12.989278182374719,12.83658214236477,12.662025624805343,12.6332641057258,0.436615332948449,0.08060125629953063,True,True,2022
2022-07-14,PETR4,LSTM,12.214963912963867,13.006650986116753,12.857663658811413,12.672235011180375,12.613484145711585,0.791687073152886,0.39852023274771753,True,True,2022
2022-07-15,PETR4,LSTM,12.423802375793455,12.996034545901907,12.939583637541899,12.396234949537662,12.415946658832887,0.5722321701084514,0.007855716960568415,True,True,2022
2022-07-18,PETR4,LSTM,12.708185195922852,12.98633395190754,13.120873808967342,12.562059778419407,12.72367579486866,0.278148755984688,0.015490598945808287,True,True,2022
2022-07-19,PETR4,LSTM,12.965899467468262,12.99524040273623,13.141529285982928,12.771693098123592,12.8180520334005,0.02934093526796744,0.1478474340677618,False,True,2022
2022-07-20,PETR4,LSTM,12.961459159851074,13.020369010243371,13.114795655639881,12.87861374813986,12.887883906719956,0.0589098503922969,0.07357525313111779,False,False,2022
2022-07-21,PETR4,LSTM,12.89480686187744,13.063683004515013,13.221486137949698,12.975476586797136,13.06703193149798,0.16887614263757378,0.17222506962053963,False,True,2022
2022-07-22,PETR4,LSTM,13.032553672790527,13.086909848125401,13.130940256962809,12.841653957817854,12.77982389679475,0.054356175334874024,0.2527297759957765,False,False,2022
2022-07-25,PETR4,LSTM,13.641301155090332,13.119308676502229,13.24582672749647,13.039276819219333,13.139468179062312,0.5219924785881034,0.5018329760280196,True,True,2022
2022-07-26,PETR4,LSTM,13.779046058654783,13.179717647340297,13.181275451988766,13.416672467448686,13.352243353132563,0.5993284113144863,0.42680270552222055,True,False,2022
2022-07-27,PETR4,LSTM,13.930120468139648,13.289154509406771,13.460345190546233,13.637082124519502,13.815772398296373,0.6409659587328775,0.11434806984327572,True,True,2022
2022-07-28,PETR4,LSTM,14.347805976867676,13.4203934288158,13.710590280436096,13.796379917589448,13.962705811805792,0.9274125480518762,0.3851001650618837,True,True,2022
2022-07-29,PETR4,LSTM,15.174281120300291,13.555551432454209,13.76137995657694,14.138129265375778,14.14667022720591,1.6187296878460824,1.0276108930943817,True,True,2022
2022-08-01,PETR4,LSTM,14.965438842773438,13.707911363828416,13.542946717880358,14.790858745039925,14.499225315977498,1.257527478945022,0.46621352679593997,True,True,2022
2022-08-02,PETR4,LSTM,15.03209114074707,13.869235524249248,13.71040065906841,14.604519186961381,14.586016338803834,1.162855616497822,0.44607480194323657,True,False,2022
2022-08-03,PETR4,LSTM,15.040976524353027,14.06067934674789,13.88811179301815,14.824760648136559,14.769646570194743,0.9802971776051379,0.27132995415828454,True,True,2022
2022-08-04,PETR4,LSTM,15.200940132141112,14.256359419012668,14.028578297585936,14.89891892842237,14.797100711320518,0.9445807131284436,0.403839420820594,True,True,2022
2022-08-05,PETR4,LSTM,15.494208335876465,14.455302116605168,14.639663079415724,15.082052024809704,15.44153392522935,1.038906219271297,0.0526744106471142,True,True,2022
2022-08-08,PETR4,LSTM,16.276248931884766,14.647752755284444,14.866312513378608,15.350406432110894,15.425949549443692,1.628496176600322,0.8502993824410741,True,True,2022
2022-08-09,PETR4,LSTM,16.5428524017334,14.85721969380785,15.042024201268463,16.010120184639767,16.057590514863307,1.6856327079255493,0.48526188687009153,True,True,2022
2022-08-10,PETR4,LSTM,16.489532470703125,15.111121769895618,15.084477166642312,16.234116352066852,16.092242813360738,1.3784107008075068,0.3972896573423874,True,False,2022
2022-08-11,PETR4,LSTM,16.10739517211914,15.36203413053613,15.428888873944743,16.354250549366558,16.45067881410165,0.7453610415830099,0.3432836419825094,True,True,2022
2022-08-12,PETR4,LSTM,17.30353355407715,15.551424982312355,15.726489122955591,16.067084786351884,16.18361130432435,1.7521085717647935,1.119922249752797,True,True,2022
2022-08-15,PETR4,LSTM,17.308988571166992,15.689631708939743,15.475270163380744,16.975747555418668,16.65885591697862,1.6193568622272494,0.6501326541883721,True,True,2022
2022-08-16,PETR4,LSTM,17.467233657836914,15.853503028244916,15.667136465091048,17.074574681949688,17.0581525241562,1.6137306295919984,0.40908113368071497,True,True,2022
2022-08-17,PETR4,LSTM,17.876495361328125,16.063219519496855,16.24404498882476,17.285612080126665,17.634567646315414,1.8132758418312704,0.24192771501271082,True,True,2022
2022-08-18,PETR4,LSTM,18.23664665222168,16.306572768178,16.47480027536045,17.697657872232327,17.74529229896154,1.9300738840436793,0.49135435326013877,True,True,2022
2022-08-19,PETR4,LSTM,17.3144474029541,16.595063098305246,16.402970003239687,18.105003010609785,17.78688926608271,0.7193843046488553,0.4724418631286085,True,True,2022
2022-08-22,PETR4,LSTM,17.685508728027344,16.797012721878005,16.96336399851757,17.3956373065673,17.677209309616718,0.8884960061493388,0.008299418410626203,True,True,2022
2022-08-23,PETR4,LSTM,18.24756050109864,16.92279098503016,17.19731175492614,17.590540521895846,17.74688061441695,1.3247695160684785,0.5006798866816915,True,True,2022
2022-08-24,PETR4,LSTM,18.3566951751709,17.086321781646646,17.24300295501048,18.07856512945809,18.045895745640497,1.2703733935242525,0.31079942953040174,True,True,2022
2022-08-25,PETR4,LSTM,18.16025161743164,17.29174793288587,17.293791767665248,18.171090207285737,18.060665597185743,0.8685036845457716,0.0995860202458978,True,False,2022
2022-08-26,PETR4,LSTM,18.3566951751709,17.470244517271638,17.470244517271638,18.06034662258758,18.029187558502702,0.8864506578992604,0.3275076166681963,True,True,2022
2022-08-29,PETR4,LSTM,18.81507110595703,17.626640318634884,17.810662344048517,18.31472481577826,18.500866611801616,1.1884307873221474,0.3142044941554154,True,True,2022
2022-08-30,PETR4,LSTM,17.69642448425293,17.79790479118833,17.585047722626026,18.702497026963986,18.367490025099713,0.10148030693540022,0.6710655408467829,False,True,2022
2022-08-31,PETR4,LSTM,18.13296890258789,17.8795023867998,18.056304954266956,17.89413603241298,18.161458491425282,0.2534665157880909,0.02848958883739172,True,True,2022
2022-09-01,PETR4,LSTM,18.47128868103028,17.890306913553886,17.49366681707728,18.0554092021635,17.54667940280597,0.5809817674763949,0.9246092782243096,False,True,2022
2022-09-02,PETR4,LSTM,18.23664665222168,17.931060226379543,18.095487631635628,18.3448905621414,18.803763603820887,0.3055864258421366,0.5671169515992069,False,True,2022
2022-09-05,PETR4,LSTM,18.192989349365234,18.000911633216944,18.16601115567089,18.26223373819394,18.317121257374847,0.19207771614829028,0.1241319080096126,True,True,2022
2022-09-06,PETR4,LSTM,17.516345977783203,18.057272440828115,17.8153995052789,18.21523739814082,17.838748667628803,0.5409264630449115,0.3224026898455996,True,True,2022
2022-09-07,PETR4,LSTM,17.516345977783203,18.011261310170255,17.583645890669068,17.660849659806786,17.364582772325907,0.4949153323870519,0.15176320545729638,True,True,2022
2022-09-08,PETR4,LSTM,17.352645874023438,17.905610765364287,17.942127409780074,17.421005935966303,17.782042454694803,0.5529648913408494,0.42939658067136577,True,False,2022
2022-09-09,PETR4,LSTM,17.34718894958496,17.802904451025498,17.897068029370242,17.368339307951846,17.445029870519054,0.45571550144053674,0.09784092093409313,True,True,2022
2022-09-12,PETR4,LSTM,17.178024291992188,17.741778784420262,17.99629042723044,17.283321433487245,17.470913147230792,0.5637544924280746,0.29288885523860486,True,False,2022
2022-09-13,PETR4,LSTM,16.725112915039062,17.68186646039169,17.505034624632575,17.246483140367562,16.865988590171167,0.9567535453526261,0.1408756751321043,True,True,2022
2022-09-14,PETR4,LSTM,16.981584548950195,17.554941238147308,17.71595044002445,16.852182127104104,17.102621607472408,0.5733566891971122,0.12103705852221225,True,True,2022
2022-09-15,PETR4,LSTM,16.94883918762207,17.433187781070117,17.155940837556727,16.957306800025624,16.576918023753976,0.4843485934480469,0.3719211638680946,True,True,2022
2022-09-16,PETR4,LSTM,16.796049118041992,17.335771246981963,17.232169320609042,16.84944692910964,16.944238522921893,0.539722128939971,0.14818940487990062,True,False,2022
2022-09-19,PETR4,LSTM,17.06343650817871,17.21197588309643,16.89195538605709,16.79933975539994,16.55926674395706,0.14853937491771774,0.5041697642216505,False,True,2022
2022-09-20,PETR4,LSTM,16.965213775634766,17.105067740057507,17.139951759628616,16.85290950423088,17.149316363729216,0.13985396442274123,0.18410258809445068,False,False,2022
2022-09-21,PETR4,LSTM,17.008865356445312,17.049110150648104,17.049110150648104,16.83599837161941,16.831311809590005,0.04024479420279192,0.17755354685530733,False,False,2022
2022-09-22,PETR4,LSTM,17.429040908813477,17.022632974947854,17.178730123435457,16.978268080535393,17.134190857852577,0.4064079338656228,0.2948500509608998,True,True,2022
2022-09-23,PETR4,LSTM,16.337675094604492,17.0226637080425,16.81555774577418,17.28880966414185,16.985960893372248,0.6849886134380085,0.6482857987677555,True,True,2022
2022-09-26,PETR4,LSTM,15.982987403869627,16.93578370812311,16.61529846816386,16.499698924559947,16.27481595882463,0.9527963042534839,0.2918285549550017,True,True,2022
2022-09-27,PETR4,LSTM,16.19034194946289,16.811591272654738,16.794181407141767,16.09627806137809,16.292424563811487,0.6212493231918472,0.10208261434859622,True,True,2022
2022-09-28,PETR4,LSTM,15.97207260131836,16.695548024562953,16.848675102909134,16.182703142227084,16.371599080742943,0.7234754232445937,0.3995264794245834,True,True,2022
2022-09-29,PETR4,LSTM,15.993897438049316,16.55083448713691,16.35627041286255,16.000519631176466,15.683125868244256,0.556937049087594,0.3107715698050608,True,True,2022
2022-09-30,PETR4,LSTM,16.26128387451172,16.39798036760078,16.271825099693444,15.864620719145988,15.876077024817512,0.13669649308906173,0.3852068496942067,False,False,2022
2022-10-03,PETR4,LSTM,17.56000518798828,16.26123038965966,16.41570128738689,16.107475182903883,16.377519986258914,1.2987747983286226,1.1824852017293672,True,True,2022
2022-10-04,PETR4,LSTM,17.118000030517578,16.229522441250495,16.165261312273103,17.06862113377197,16.9861478395474,0.8884775892670831,0.13185219097017864,True,True,2022
2022-10-05,PETR4,LSTM,17.761905670166016,16.27631910980753,16.471588708411595,16.956113528338143,17.185638250657163,1.4855865603584846,0.5762674195088522,True,True,2022
2022-10-06,PETR4,LSTM,18.367610931396484,16.373840136417485,16.53153245793432,17.44949198263032,17.502403947720268,1.9937707949789996,0.8652069836762166,True,True,2022
2022-10-07,PETR4,LSTM,18.35124015808105,16.561725066556008,16.706246562138343,18.028732880045435,18.089986665375836,1.7895150915250433,0.26125349270521525,True,True,2022
2022-10-10,PETR4,LSTM,18.14388084411621,16.81287345736341,16.65472161996215,18.20060116796908,17.935136019037245,1.3310073867528018,0.2087448250789663,True,True,2022
2022-10-11,PETR4,LSTM,18.007461547851562,17.063248603509493,16.76746226327894,18.111162283205765,17.928459682334992,0.9442129443420697,0.07900186551657029,True,True,2022
2022-10-12,PETR4,LSTM,18.007461547851562,17.26738519409733,17.050038454851588,18.001842985807485,18.013591770936564,0.7400763537542332,0.006130223085001774,True,True,2022
2022-10-13,PETR4,LSTM,18.520395278930664,17.433411517999147,17.64143584169069,18.000198571260185,18.384896990022032,1.086983760931517,0.13549828890863225,True,True,2022
2022-10-14,PETR4,LSTM,18.23664665222168,17.576676912005425,17.268497982207933,18.38095591863029,17.94840909432318,0.6599697402162548,0.28823755789850125,True,True,2022
2022-10-17,PETR4,LSTM,18.22027587890625,17.73485400353441,17.77468145308157,18.183326779150153,18.44934056666744,0.48542187537184134,0.22906468776119127,True,False,2022
2022-10-18,PETR4,LSTM,18.667734146118164,17.84002019476874,18.022894085497683,18.215492940346415,18.37111815327335,0.8277139513494234,0.29661599284481355,True,True,2022
2022-10-19,PETR4,LSTM,19.328004837036133,17.950622455784227,18.23815288194534,18.55594529565776,18.734772498411854,1.3773823812519055,0.5932323386242793,True,True,2022
2022-10-20,PETR4,LSTM,19.900972366333008,18.090064652816423,18.321967722766097,19.10611504805312,19.16288154785169,1.8109077135165847,0.738090818481318,True,True,2022
2022-10-21,PETR4,LSTM,20.58307456970215,18.295070375320876,18.50883873875576,19.668968579460113,19.743197077372038,2.288004194381273,0.8398774923301104,True,True,2022
2022-10-24,PETR4,LSTM,18.689563751220703,18.5447804572988,18.76094215215115,20.30413045155641,20.39353472734643,0.14478329392190403,1.7039709761257278,False,True,2022
2022-10-25,PETR4,LSTM,18.29667091369629,18.67661805739155,18.363285711001406,18.89304607712676,18.319633831103587,0.3799471436952615,0.022962917407298278,True,True,2022
2022-10-26,PETR4,LSTM,17.849210739135742,18.674905609357822,18.89992803796768,18.427229386968765,18.848599207915385,0.8256948702220797,0.9993884687796424,False,True,2022
2022-10-27,PETR4,LSTM,17.985631942749023,18.549700211089885,18.331638381491953,17.949953013532706,17.512853289870307,0.5640682683408613,0.47277865287871634,True,True,2022
2022-10-28,PETR4,LSTM,17.77281951904297,18.401346645933856,18.401346645933856,17.953636977934938,18.08420454590277,0.6285271268908872,0.31138502685980285,True,True,2022
2022-10-31,PETR4,LSTM,16.266740798950195,18.22063850805729,18.41486925268294,17.758899468934764,17.93422037356279,1.9538977091070961,1.6674795746125959,True,True,2022
2022-11-01,PETR4,LSTM,16.294023513793945,17.847693633840194,18.05745288519277,16.409682610246296,16.38943097344967,1.5536701200462488,0.09540745965572484,True,True,2022
2022-11-02,PETR4,LSTM,16.294023513793945,17.472460988057577,17.472460988057577,16.242026059646058,16.055410218782157,1.1784374742636317,0.2386132950117883,True,False,2022
2022-11-03,PETR4,LSTM,16.343135833740234,17.150470355441357,17.150470355441357,16.19745747197237,16.173929777483586,0.8073345217011223,0.1692060562566482,True,False,2022
2022-11-04,PETR4,LSTM,15.44276237487793,16.864350161573284,17.05910077524138,16.26453409781071,16.454134997189914,1.4215877866953548,1.0113726223119848,True,True,2022
2022-11-07,PETR4,LSTM,14.815229415893556,16.553813138670094,16.583028590023435,15.52277327961154,15.379692916595237,1.7385837227765375,0.5644635007016809,True,True,2022
2022-11-08,PETR4,LSTM,14.924368858337402,16.214958642359193,16.430623691246268,14.93298878953752,15.08999196282108,1.2905897840217904,0.1656231044836769,True,True,2022
2022-11-09,PETR4,LSTM,14.678810119628906,15.885569939199556,15.729673336647295,14.905487145195188,14.572849614142983,1.2067598195706495,0.10596050548592295,True,True,2022
2022-11-10,PETR4,LSTM,14.253178596496582,15.586304586089085,15.407323593691954,14.680522320099687,14.594129056623775,1.333125989592503,0.34095046012719266,True,True,2022
2022-11-11,PETR4,LSTM,14.727922439575195,15.261551662925996,15.471910775907357,14.266829507166594,14.596022462689909,0.5336292233508004,0.1318999768852862,True,True,2022
2022-11-14,PETR4,LSTM,15.115355491638184,14.971103020007845,15.284122610120948,14.539120212906209,14.707744707942405,0.14425247163033816,0.4076107836957785,False,True,2022
2022-11-15,PETR4,LSTM,15.115355491638184,14.822519571303857,14.785901588855323,14.826562211908396,14.565343092468208,0.29283592033432626,0.5500123991699759,False,False,2022
2022-11-16,PETR4,LSTM,14.815229415893556,14.760490351716001,14.752842052486374,14.893333139191428,14.911908126241217,0.05473906417755536,0.09667871034766051,False,False,2022
2022-11-17,PETR4,LSTM,14.820684432983398,14.739818042932669,14.668728260839185,14.73573107839439,14.65767807622592,0.08086639005072982,0.163006356757478,False,True,2022
2022-11-18,PETR4,LSTM,14.569677352905272,14.70270967513214,14.577950038321461,14.760307069576083,14.691384376929623,0.13303232222686923,0.12170702402435118,True,True,2022
2022-11-21,PETR4,LSTM,14.613326072692873,14.640544000604052,14.468436431492393,14.546900523817044,14.464135019175487,0.027217927911179274,0.14919105351738615,False,True,2022
2022-11-22,PETR4,LSTM,13.620107650756836,14.564801674184721,14.748840746160216,14.541163094308915,14.856570027415167,0.9446940234278856,1.2364623766583307,False,True,2022
2022-11-23,PETR4,LSTM,13.684329986572266,14.357547518475897,14.4539876385178,13.628935948140372,13.550210851508977,0.6732175319036315,0.13411913506328865,True,True,2022
2022-11-24,PETR4,LSTM,14.157208442687988,14.15599127851462,14.302032212948639,13.653075350953165,13.720100284644568,0.001217164173368701,0.4371081580434204,False,True,2022
2022-11-25,PETR4,LSTM,13.929527282714844,14.019745323325708,13.860644527637833,13.994093361870267,13.7320820243943,0.09021804061086414,0.19744525832054372,False,True,2022
2022-11-28,PETR4,LSTM,14.221426010131836,13.953723260081318,14.11813405672941,13.886835507413975,14.161934222911796,0.2677027500505176,0.05949178722003978,True,True,2022
2022-11-29,PETR4,LSTM,14.816905975341797,13.934969925727742,14.044186384847439,14.069891677266362,14.058393486250647,0.8819360496140547,0.7585124890911494,True,True,2022
2022-11-30,PETR4,LSTM,15.56417179107666,13.976031798823655,14.117995791216732,14.600499122704617,14.681516857228944,1.588139992253005,0.8826549338477161,True,True,2022
2022-12-01,PETR4,LSTM,14.93950366973877,14.085383837548903,13.814727596933748,15.228993890883558,14.877895196369012,0.8541198321898662,0.06160847336975728,True,True,2022
2022-12-02,PETR4,LSTM,15.126320838928224,14.234065632155762,14.234065632155762,14.790544185054896,14.994065571079496,0.8922552067724627,0.13225526784872876,True,False,2022
2022-12-05,PETR4,LSTM,14.957019805908203,14.371969945131823,14.233952547109329,14.978972033663455,14.84622323903167,0.5850498607763797,0.11079656687653383,True,True,2022
2022-12-06,PETR4,LSTM,14.9686918258667,14.48465099266923,14.32439840499124,14.917054872843405,14.864722549698211,0.4840408331974686,0.10396927616848828,True,True,2022
2022-12-07,PETR4,LSTM,14.799388885498049,14.572793508116717,14.402594991225953,14.928285493352314,14.88524132110209,0.22659537738133118,0.08585243560404088,True,True,2022
2022-12-08,PETR4,LSTM,14.46662139892578,14.641115636164486,14.470933454732899,14.810888653719562,14.769929093963375,0.17449423723870616,0.3033076950375957,False,True,2022
2022-12-09,PETR4,LSTM,14.42575454711914,14.681023174225459,14.681023174225459,14.482120364595982,14.599530567051382,0.25526862710631804,0.1737760199322409,True,False,2022
2022-12-12,PETR4,LSTM,13.95871353149414,14.6882884778,14.906253046152813,14.50259547027024,14.717554953097444,0.7295749463058598,0.7588414216033037,False,True,2022
2022-12-13,PETR4,LSTM,13.614272117614746,14.612344542279786,14.534599132015593,14.086505369711574,13.831288730539878,0.9980724246650396,0.21701661292513208,True,True,2022
2022-12-14,PETR4,LSTM,12.534235954284668,14.48888355446401,14.527808231957588,13.764237674207108,13.847448835856097,1.9546476001793422,1.3132128815714292,True,True,2022
2022-12-15,PETR4,LSTM,12.867005348205566,14.113530434950377,14.313464540476357,12.681000006601984,12.804485619003422,1.2465250867448106,0.06251972920214399,True,True,2022
2022-12-16,PETR4,LSTM,12.87283992767334,13.720897940302436,13.415105332320163,12.806568158744994,12.343788451271905,0.848058012629096,0.5290514764014347,True,True,2022
2022-12-19,PETR4,LSTM,13.065495491027832,13.40003336827408,13.448720221485235,12.700653560715898,12.965821394052389,0.33453787724624817,0.09967409697544305,True,False,2022
2022-12-20,PETR4,LSTM,13.468320846557615,13.189478478200172,13.385201689086497,12.94558351044601,13.103572003163016,0.27884236835744325,0.3647488433945991,False,True,2022
2022-12-21,PETR4,LSTM,13.76022243499756,13.088570664560123,13.231733883830836,13.290644219236171,13.300481437044255,0.6716517704374372,0.4597409979533058,True,True,2022
2022-12-22,PETR4,LSTM,14.005419731140137,13.081998699600817,12.928212679408036,13.565675259812785,13.323212636921903,0.9234210315393199,0.6822070942182332,True,True,2022
2022-12-23,PETR4,LSTM,14.665115356445312,13.144263949355562,13.288413995906717,13.80677567901991,14.091250534946475,1.5208514070897508,0.5738648214988373,True,True,2022
2022-12-26,PETR4,LSTM,14.560028076171877,13.278332772119683,13.398844297307308,14.314911311720087,14.328134027602212,1.2816953040521941,0.23189404856966433,True,False,2022
2022-12-27,PETR4,LSTM,14.659278869628906,13.470249884275887,13.629486420515862,14.361455764345024,14.441746765056184,1.1890289853530192,0.21753210457272232,True,True,2022
2022-12-28,PETR4,LSTM,14.478296279907228,13.676805784074332,13.776674822717286,14.531149903844119,14.526988335539395,0.8014904958328959,0.04869205563216639,True,True,2022
2022-12-29,PETR4,LSTM,14.3031587600708,13.856691504338144,13.698000297234778,14.342979183683452,14.107046293951187,0.44646725573265655,0.19611246611961342,True,False,2022
2022-12-30,PETR4,LSTM,14.3031587600708,13.995413317631815,14.191217262797414,14.28165322390907,14.60711088525781,0.3077454424389856,0.30395212518700987,True,True,2022
2023-01-02,PETR4,LSTM,13.380749702453612,14.105981157581297,14.171733692557458,14.243792661709657,14.13660672677807,0.7252314551276857,0.7558570243244578,False,False,2023
2023-01-03,PETR4,LSTM,13.042144775390623,14.104818217279856,13.902068912880711,13.531004729951865,13.277997058683887,1.062673441889233,0.2358522832932639,True,True,2023
2023-01-04,PETR4,LSTM,13.456645011901855,13.999837653937192,14.070352282784604,13.224840066455307,13.446806855343846,0.5431926420353363,0.009838156558009459,True,True,2023
2023-01-05,PETR4,LSTM,13.941198348999023,13.862050126720789,14.00059856808607,13.505305565043132,13.575794929168488,0.07914822227823493,0.36540341983053537,False,True,2023
2023-01-06,PETR4,LSTM,13.859469413757324,13.772549208489906,13.610645390937353,13.862608041458076,13.607631755933443,0.08692020526741828,0.2518376578238808,False,True,2023
2023-01-09,PETR4,LSTM,13.935362815856934,13.751080297893324,13.912565385964365,13.813696170637817,14.116382556607915,0.1842825179636094,0.18101974075098148,True,True,2023
2023-01-10,PETR4,LSTM,14.063802719116213,13.76015516608068,13.253816764930768,13.806493704243572,13.15396972097557,0.3036475530355336,0.9098329981406419,False,False,2023
2023-01-11,PETR4,LSTM,14.174720764160156,13.794496326039194,13.956608822673884,14.007420738275695,14.588994395213435,0.38022443812096185,0.41427363105327863,False,True,2023
2023-01-12,PETR4,LSTM,14.379051208496094,13.851781585137346,13.851781585137346,14.038242701905626,13.867661410944164,0.5272696233587482,0.5113897975519297,True,False,2023
2023-01-13,PETR4,LSTM,14.344024658203123,13.92479358342824,13.92479358342824,14.219434306085056,14.228511792550359,0.4192310747748831,0.11551286565276442,True,False,2023
2023-01-16,PETR4,LSTM,14.03460693359375,14.004190689462988,13.8930531502686,14.295909143441996,14.191632838035268,0.030416244130762493,0.1570259044415181,False,True,2023
2023-01-17,PETR4,LSTM,14.898636817932127,14.06374528026987,14.27937571655692,14.064138366384839,14.367227480232858,0.8348915376622568,0.5314093376992695,True,True,2023
2023-01-18,PETR4,LSTM,14.635927200317385,14.124950852921188,14.124950852921188,14.675985812182045,14.507545567173617,0.5109763473961966,0.12838163314376771,True,False,2023
2023-01-19,PETR4,LSTM,15.11464500427246,14.21165137156784,14.388070176664826,14.560489864736665,14.755792470707595,0.9029936327046197,0.358852533564864,True,True,2023
2023-01-20,PETR4,LSTM,15.39486598968506,14.302790978405298,14.300167301290553,14.882561323907714,14.747124075223207,1.0920750112797624,0.6477419144618537,True,False,2023
2023-01-23,PETR4,LSTM,15.640067100524902,14.405250198663126,14.405250198663126,15.10908547927072,15.129442367042198,1.2348169018617767,0.5106247334827039,True,False,2023
2023-01-24,PETR4,LSTM,15.52914333343506,14.551443841927366,14.327048556822573,15.448342604547967,15.241668515536817,0.9776994915076944,0.2874748178982429,True,True,2023
2023-01-25,PETR4,LSTM,15.727636337280272,14.725387011010241,14.866088405474342,15.35826002605803,15.67430596165871,1.0022493262700305,0.05333037562156129,True,True,2023
2023-01-26,PETR4,LSTM,15.324810981750488,14.89865773998224,14.745570572055774,15.625511751551318,15.359826635128771,0.4261532417682474,0.03501565337828261,True,True,2023
2023-01-27,PETR4,LSTM,14.957019805908203,15.029076700426089,14.832256170620413,15.249246010239494,15.169906026925977,0.07205689451788544,0.212886221017774,False,True,2023
2023-01-30,PETR4,LSTM,15.032912254333496,15.104488338747018,14.919524686281155,15.018189609548733,14.971302196043414,0.07157608441352181,0.06161005829008204,True,True,2023
2023-01-31,PETR4,LSTM,15.219730377197266,15.152063169260515,15.168155899660078,15.027493198912806,15.170604955767763,0.06766720793675063,0.049125421429502936,True,False,2023
2023-02-01,PETR4,LSTM,15.009557723999023,15.185018881312345,15.054562780709125,15.247617004795961,15.094920047549952,0.1754611573133218,0.08536232355092821,True,True,2023
2023-02-02,PETR4,LSTM,14.314833641052246,15.20075422577159,15.023635115431212,15.067325898819426,14.991720724144994,0.8859205847193437,0.6768870830927476,True,True,2023
2023-02-03,PETR4,LSTM,14.47246265411377,15.142774398734417,14.965592946114182,14.476077876328995,14.410971034387687,0.6703117446206477,0.06149161972608219,True,True,2023
2023-02-06,PETR4,LSTM,15.05042552947998,15.044682965887816,15.286234815228493,14.585384697117878,14.950853268015335,0.005742563592164629,0.0995722614646457,False,True,2023
2023-02-07,PETR4,LSTM,14.957019805908203,14.967222044815827,15.191816903941119,15.00188445915658,15.032209327662413,0.01020223890762395,0.07518952175420957,False,True,2023
2023-02-08,PETR4,LSTM,15.208050727844238,14.943591983003671,15.082404133751218,14.858951819102382,14.818207741239666,0.2644587448405673,0.38984298660457206,False,True,2023
2023-02-09,PETR4,LSTM,15.1379976272583,14.9588847709,15.097241753156709,15.138208224607888,15.184282573867135,0.17911285635830154,0.04628494660883398,True,True,2023
2023-02-10,PETR4,LSTM,15.599198341369627,15.001064099317276,15.166493516842918,15.126559203126,15.194460049940457,0.5981342420523514,0.4047382914291706,True,True,2023
2023-02-13,PETR4,LSTM,15.645903587341309,15.06615433513197,15.164970905419656,15.43961390586008,15.426762228937607,0.5797492522093393,0.21914135840370186,True,False,2023
2023-02-14,PETR4,LSTM,15.587523460388184,15.15835238974907,15.064050312764193,15.489897981058974,15.317337275696884,0.4291710706391143,0.2701861846912994,True,True,2023
2023-02-15,PETR4,LSTM,15.610875129699709,15.259010650660585,15.197904277949789,15.479054248973819,15.501674799951813,0.3518644790391239,0.10920032974789606,True,False,2023
2023-02-16,PETR4,LSTM,15.675092697143556,15.331978393295188,15.331978393295188,15.50194498062424,15.54476437288439,0.3431143038483686,0.13032832425916574,True,False,2023
2023-02-17,PETR4,LSTM,15.435735702514648,15.405258384171404,15.231039735391438,15.654648064966672,15.481398823453887,0.03047731834324452,0.04566312093923841,False,True,2023
2023-02-21,PETR4,LSTM,15.435735702514648,15.448209727926212,15.333395288294602,15.376702288868307,15.394153642850304,0.012474025411563616,0.041582059664344584,False,False,2023
2023-02-22,PETR4,LSTM,15.03874969482422,15.475071681971443,15.309334483467929,15.47036509226587,15.383048027261545,0.43632198714722215,0.3442983324373241,True,True,2023
2023-02-23,PETR4,LSTM,15.499956130981444,15.464178643904773,15.746760354735375,15.136224695186643,15.530695882563002,0.035777487076670056,0.030739751581558394,True,True,2023
2023-02-24,PETR4,LSTM,15.120479583740234,15.444295560991975,15.336683774175977,15.506320268097094,15.167603885297778,0.3238159772517406,0.047124301557543546,True,True,2023
2023-02-27,PETR4,LSTM,15.26643180847168,15.430804961765745,15.428691185672296,15.10225236481529,15.195820948219437,0.16437315329406488,0.07061086025224306,True,False,2023
2023-02-28,PETR4,LSTM,14.7351713180542,15.403528725604673,15.180286410263557,15.303642977194977,15.074454266933161,0.6683574075504737,0.33928294887896193,True,True,2023
2023-03-01,PETR4,LSTM,14.770201683044434,15.32004411798188,15.451372037107346,14.735959659280104,15.02730895558599,0.549842434937446,0.25710727254155685,True,False,2023
2023-03-02,PETR4,LSTM,14.38489055633545,15.176918866887192,15.031163712975882,14.801219189449203,14.52750927419285,0.7920283105517427,0.14261871785740077,True,True,2023
2023-03-03,PETR4,LSTM,15.003721237182615,15.00414109675333,15.217859530192495,14.434340598371401,14.760125238017398,0.0004198595707141095,0.24359599916521724,False,True,2023
2023-03-06,PETR4,LSTM,15.155509948730469,14.863593737637629,14.973820365725867,14.83255126524827,14.76963656318707,0.2919162110928397,0.38587338554339823,False,False,2023
2023-03-07,PETR4,LSTM,14.653438568115234,14.81152449936296,14.717060845113645,15.043261984202369,14.886309414753617,0.15808593124772585,0.23287084663838264,False,True,2023
2023-03-08,PETR4,LSTM,14.840255737304688,14.774803368554984,14.63582282451503,14.644085677700735,14.578106808243401,0.06545236874970328,0.2621489290612864,False,True,2023
2023-03-09,PETR4,LSTM,14.776037216186523,14.7554501241939,14.581991771012586,14.822713461173935,14.757876383488961,0.020587091992624096,0.018160832697562412,True,True,2023
2023-03-10,PETR4,LSTM,14.583383560180664,14.755029695459129,14.641514208644109,14.683531379776264,14.697716405395118,0.17164613527846484,0.11433284521445408,True,False,2023
2023-03-13,PETR4,LSTM,14.12217903137207,14.749731309941993,14.596053664157903,14.589342977487767,14.498846291071379,0.6275522785699224,0.3766672596993086,True,True,2023
2023-03-14,PETR4,LSTM,13.87114143371582,14.70064318184808,14.566988069744296,14.193881006687237,14.14617265091217,0.8295017481322589,0.27503121719635004,True,True,2023
2023-03-15,PETR4,LSTM,13.625947952270508,14.613690651825323,14.44189875845499,14.024651503487409,13.931652146124335,0.9877426995548149,0.30570419385382763,True,True,2023
2023-03-16,PETR4,LSTM,13.579241752624512,14.453560164800578,14.342363986129216,13.660119479093078,13.659835050030521,0.8743184121760663,0.08059329740600951,True,False,2023
2023-03-17,PETR4,LSTM,13.72519302368164,14.295343734910446,14.162909396852939,13.691971788986393,13.625231974293097,0.5701507112288056,0.09996104938854344,True,True,2023
2023-03-20,PETR4,LSTM,13.386590003967283,14.136054105355242,13.96347140110859,13.759391805066153,13.682225912117229,0.749464101387959,0.29563590814994534,True,True,2023
2023-03-21,PETR4,LSTM,13.66097354888916,14.0027880310233,14.248505758641958,13.468347869855558,13.82855825051808,0.34181448213414,0.16758470162892003,True,True,2023
2023-03-22,PETR4,LSTM,13.620107650756836,13.920901544322149,13.753421419606319,13.711350880981371,13.335500192598245,0.30079389356531294,0.28460745815859134,True,True,2023
2023-03-23,PETR4,LSTM,13.310693740844728,13.86634784267622,13.725446195674966,13.662797010284292,13.672369049904777,0.5556541018314913,0.36167530906004863,True,True,2023
2023-03-24,PETR4,LSTM,13.30485725402832,13.795715815234786,13.848981729291097,13.302525273677261,13.443422667990795,0.49085856120646554,0.1385654139624748,True,False,2023
2023-03-27,PETR4,LSTM,13.532540321350098,13.708281390287965,13.911057701733283,13.363933003847595,13.506942215515567,0.17574106893786734,0.025598105834530926,True,True,2023
2023-03-28,PETR4,LSTM,13.77189826965332,13.649421367420103,13.649421367420103,13.46112264864578,13.305932775451927,0.12247690223321683,0.4659654942013933,False,False,2023
2023-03-29,PETR4,LSTM,13.952874183654783,13.643879575793363,13.643879575793363,13.66457681559125,13.685647620149776,0.3089946078614201,0.26722656350500706,True,False,2023
2023-03-30,PETR4,LSTM,13.993741989135742,13.670864462217182,13.670864462217182,13.820236152125128,13.827467992444989,0.3228775269185604,0.16627399669075338,True,False,2023
2023-03-31,PETR4,LSTM,13.690166473388672,13.716441641578626,13.553179581504438,13.948852842606335,13.790521034666545,0.026275168189954456,0.10035456127787334,False,True,2023
2023-04-03,PETR4,LSTM,14.297321319580078,13.746378134412339,13.918403276468254,13.691073929389145,13.983805996235796,0.5509431851677391,0.3135153233442818,True,True,2023
2023-04-04,PETR4,LSTM,14.168883323669434,13.796352604955871,13.943424208384544,14.171714323251665,14.175365090991617,0.3725307187135627,0.006481767322183529,True,True,2023
2023-04-05,PETR4,LSTM,14.215588569641112,13.859491903922375,14.067140444113745,14.032045889623172,14.139066814861552,0.3560966657187361,0.07652175477955936,True,False,2023
2023-04-06,PETR4,LSTM,14.011255264282228,13.898088982827602,14.002101105843188,14.070551554207581,14.008346351516629,0.11316628145462637,0.0029089127655996805,True,True,2023
2023-04-10,PETR4,LSTM,14.308996200561523,13.94961240134134,14.065605479707811,13.98816608307495,14.027978987304136,0.3593837992201827,0.28101721325738716,True,True,2023
2023-04-11,PETR4,LSTM,14.980366706848145,14.019382672808874,14.227833811302583,14.29391304125931,14.426776116357102,0.9609840340392708,0.5535905904910425,True,True,2023
2023-04-12,PETR4,LSTM,15.09129238128662,14.115250258926821,14.23959447679418,14.835428890181907,14.82598501054669,0.9760421223597984,0.2653073707399294,True,True,2023
2023-04-13,PETR4,LSTM,15.196374893188477,14.245545057668295,14.270754731143175,14.856701668648892,14.812246345380942,0.9508298355201816,0.3841285478075349,True,False,2023
2023-04-14,PETR4,LSTM,15.354002952575684,14.406499191629578,14.378193691522915,14.998149486750437,14.971725556532979,0.9475037609461054,0.3822773960427046,True,False,2023
2023-04-17,PETR4,LSTM,15.59335994720459,14.58289240301771,14.58289240301771,15.177883833872986,15.215958797533569,1.0104675441868807,0.37740114967102123,True,False,2023
2023-04-18,PETR4,LSTM,15.990345001220703,14.766293989309133,14.844278969662302,15.498667129053809,15.587252981170789,1.2240510119115697,0.4030920200499146,True,True,2023
2023-04-19,PETR4,LSTM,15.47659683227539,14.938548067510212,14.838947905319909,15.83488412735406,15.690962309095847,0.538048764765179,0.21436547682045592,True,True,2023
2023-04-20,PETR4,LSTM,15.581685066223145,15.07800132845648,14.908424547875155,15.432148600012221,15.339648811913731,0.5036837377666643,0.24203625430941322,True,True,2023
2023-04-21,PETR4,LSTM,15.581685066223145,15.19160928612844,15.216844188600568,15.479853656522671,15.640210153374506,0.3900757800947048,0.05852508715136118,True,False,2023
2023-04-24,PETR4,LSTM,15.879424095153809,15.286747883241361,15.286747883241361,15.489906466079644,15.459087823822317,0.5926762119124476,0.4203362713314913,True,False,2023
2023-04-25,PETR4,LSTM,15.815207481384276,15.389248900507909,15.21398349384746,15.829368274049608,15.667882090413325,0.42595858087636707,0.1473253909709502,True,True,2023
2023-04-26,PETR4,LSTM,15.616711616516112,15.486511769122828,15.32363288419281,15.789897478418077,15.769539560964738,0.13019984739328372,0.15282794444862624,False,True,2023
2023-04-27,PETR4,LSTM,15.237244606018066,15.562385633187247,15.39694626689787,15.603818549810967,15.536324956957229,0.32514102716918103,0.2990803509391622,True,True,2023
2023-04-28,PETR4,LSTM,15.585893630981444,15.565900269891074,15.818670051667947,15.309094207070304,15.666555136093772,0.019993361090369532,0.08066150511232806,False,True,2023
2023-05-01,PETR4,LSTM,15.585893630981444,15.548330774343299,15.550243987926335,15.519280549892606,15.314778951438651,0.03756285663814474,0.27111467954279256,False,False,2023
2023-05-02,PETR4,LSTM,14.95456886291504,15.52189785429934,15.319479494261447,15.55734683324682,15.373756262208943,0.5673289913842989,0.4191873992939019,True,True,2023
2023-05-03,PETR4,LSTM,14.901954650878906,15.46218713937165,15.293730497729717,15.035660935406689,15.006184575324523,0.5602324884927441,0.10422992444561707,True,True,2023
2023-05-04,PETR4,LSTM,15.13870334625244,15.370676276750856,15.203122594443615,14.980343007051028,14.924678204698827,0.23197293049841683,0.21402514155361274,True,True,2023
2023-05-05,PETR4,LSTM,15.783184051513672,15.290880869809484,15.523058768115726,15.15021172420041,15.50819033106214,0.4923031817041874,0.2749937204515316,True,True,2023
2023-05-08,PETR4,LSTM,16.118574142456055,15.266913973279998,15.492824906400022,15.661708970830976,15.712995089557277,0.851660169176057,0.40557905289877816,True,True,2023
2023-05-09,PETR4,LSTM,16.171186447143555,15.325100326713198,15.34804790622787,15.87912349148947,15.765072786350236,0.8460861204303569,0.40611366079331823,True,False,2023
2023-05-10,PETR4,LSTM,16.13172721862793,15.43310871454048,15.264874464595307,16.042085700438005,15.885564321083644,0.6986185040874489,0.246162897544286,True,True,2023
2023-05-11,PETR4,LSTM,16.723602294921875,15.553116531841724,15.813102929074718,16.049424299484947,16.453668801261834,1.1704857630801513,0.2699334936600408,True,True,2023
2023-05-12,PETR4,LSTM,17.262859344482422,15.630380761107972,15.827445300815452,16.502668499286077,16.50132910033362,1.63247858337445,0.7615302441488012,True,True,2023
2023-05-15,PETR4,LSTM,16.874855041503906,15.752945571883842,15.581224823217301,16.959935039678655,16.681929701882044,1.1219094696200642,0.19292533962186198,True,True,2023
2023-05-16,PETR4,LSTM,17.29573631286621,15.884942984068758,16.085663201931613,16.67358072114985,17.03308241663524,1.4107933287974532,0.26265389623097235,True,True,2023
2023-05-17,PETR4,LSTM,16.874855041503906,16.03247536093582,16.257609932516964,17.057354550509704,17.12691475332491,0.8423796805680865,0.25205971182100484,True,True,2023
2023-05-18,PETR4,LSTM,16.97349739074707,16.154161205204787,16.175985756773585,16.657181046582455,16.515138153530025,0.8193361855422836,0.45835923721704575,True,False,2023
2023-05-19,PETR4,LSTM,16.947193145751953,16.265848959123204,16.28951223650705,16.783357389770146,16.82532601279474,0.6813441866287491,0.12186713295721319,True,False,2023
2023-05-22,PETR4,LSTM,16.848546981811523,16.364743140401984,16.187794310697043,16.862143801323096,16.670688854287278,0.48380384140953936,0.1778581275242459,True,True,2023
2023-05-23,PETR4,LSTM,17.262859344482422,16.461835133010666,16.65718770117701,16.814510487341433,17.15427193571051,0.8010242114717556,0.10858740877191053,True,True,2023
2023-05-24,PETR4,LSTM,17.525911331176758,16.563947683960876,16.775384846010542,17.16917771766302,17.22278438376778,0.9619636472158817,0.30312694740897683,True,True,2023
2023-05-25,PETR4,LSTM,17.394384384155273,16.69378640357779,16.651679133693055,17.331494886038584,17.13307555699338,0.7005979805774842,0.2613088271618942,True,True,2023
2023-05-26,PETR4,LSTM,17.62455177307129,16.82539412012258,16.80730295736673,17.249396646176635,17.293810927192258,0.7991576529487077,0.3307408458790313,True,False,2023
2023-05-29,PETR4,LSTM,17.552217483520508,16.964854757011565,16.928064562167194,17.47925760615489,17.47663930206532,0.5873627265089425,0.0755781814551888,True,False,2023
2023-05-30,PETR4,LSTM,17.35492515563965,17.10101588885925,16.76473397428067,17.533039493372804,17.223786509837094,0.25390926678039705,0.13113864580255452,True,True,2023
2023-05-31,PETR4,LSTM,17.1773681640625,17.19630446347405,17.23137455092245,17.295353091936423,17.606712239950802,0.01893629941154984,0.42934407588830226,False,False,2023
2023-06-01,PETR4,LSTM,17.729778289794922,17.243241274942676,17.42725075332424,17.234205316104497,17.35061760268024,0.4865370148522459,0.37916068711468043,True,True,2023
2023-06-02,PETR4,LSTM,17.87445831298828,17.292060181127482,17.42116676036583,17.68698348075301,17.687548254088707,0.5823981318607991,0.18691005889957424,True,True,2023
2023-06-05,PETR4,LSTM,18.065168380737305,17.378584906472753,17.536446064906134,17.738626274861584,17.824799163284222,0.6865834742645518,0.24036921745308248,True,False,2023
2023-06-06,PETR4,LSTM,18.446596145629883,17.491703593277933,17.304098929280073,18.011919309608928,17.714703999173402,0.95489255235195,0.7318921464564809,True,True,2023
2023-06-07,PETR4,LSTM,18.985855102539062,17.60183133531207,17.850630675726244,18.324578646235974,18.754743061970053,1.3840237672269922,0.23111204056900903,True,True,2023
2023-06-08,PETR4,LSTM,18.985855102539062,17.757952997471065,17.88964384661639,18.721070124405582,18.674847484507367,1.2279021050679972,0.3110076180316952,True,False,2023
2023-06-09,PETR4,LSTM,19.91312026977539,17.913774704626306,18.02790307598979,18.735999398350035,18.78260596021968,1.9993455651490848,1.1305143095557106,True,False,2023
2023-06-12,PETR4,LSTM,20.261659622192383,18.117197058094547,17.95319499377782,19.64336098984436,19.431863317467442,2.144462564097836,0.8297963047249404,True,True,2023
2023-06-13,PETR4,LSTM,20.22212600708008,18.34912743015731,18.570570441564584,19.960388056902016,20.350066745442295,1.8729985769227717,0.12794073836221287,True,True,2023
2023-06-14,PETR4,LSTM,21.090993881225582,18.611552408052574,18.831562555723835,20.00709734166063,20.04342642272537,2.479441473173008,1.047567458500211,True,True,2023
2023-06-15,PETR4,LSTM,20.593494415283203,18.896148240426157,18.691827812761176,20.80403478313254,20.46315063060686,1.6973461748570458,0.13034378467634156,True,True,2023
2023-06-16,PETR4,LSTM,20.76866912841797,19.16559511578636,19.16223361576541,20.356210888719488,20.55519777298342,1.603074012631609,0.21347135543454954,True,False,2023
2023-06-19,PETR4,LSTM,21.315216064453125,19.394781637159042,19.619504544007256,20.6142744784104,20.84346324426104,1.920434427294083,0.47175282019208353,True,True,2023
2023-06-20,PETR4,LSTM,21.42032051086425,19.65145215041261,18.928329137480183,21.068117670330736,20.197160174840988,1.7688683604516413,1.2231603360232626,True,False,2023
2023-06-21,PETR4,LSTM,22.317211151123047,19.925930648028412,20.19789618812915,21.286381061168477,22.184032966369347,2.3912805030946345,0.13317818475369947,True,True,2023
2023-06-22,PETR4,LSTM,22.03693199157715,20.236079204615265,19.948663219394337,22.106656487510417,21.60193619428089,1.8008527869618831,0.4349957972962599,True,True,2023
2023-06-23,PETR4,LSTM,21.133031845092773,20.55050703730076,20.187168173816275,21.939738990634357,21.834374950251938,0.5825248077920122,0.7013431051591645,False,True,2023
2023-06-26,PETR4,LSTM,21.60950469970703,20.755813944132754,20.935674698028436,21.193191731405918,21.626399971774443,0.8536907555742772,0.016895272067412037,True,True,2023
2023-06-27,PETR4,LSTM,21.44133949279785,20.914370896711574,20.677540050710192,21.59016804387471,21.198417558347213,0.5269685960862773,0.2429219344506386,True,True,2023
2023-06-28,PETR4,LSTM,21.644540786743164,21.046462966828003,21.29748537332637,21.45970324382588,21.909059388246575,0.5980778199151615,0.26451860150341133,True,True,2023
2023-06-29,PETR4,LSTM,21.742639541625977,21.16145268443529,20.9638620014652,21.582312619902282,21.182723678018093,0.5811868571906871,0.559915863607884,True,False,2023
2023-06-30,PETR4,LSTM,20.69159698486328,21.279137079781222,21.547249981686655,21.742452393896386,22.190474397301127,0.5875400949179408,1.498877412437846,False,True,2023
2023-07-03,PETR4,LSTM,21.07697868347168,21.2926756226351,21.2926756226351,20.782478839375948,20.503071322585026,0.21569693916342203,0.5739073608866541,False,False,2023
2023-07-04,PETR4,LSTM,21.12602424621582,21.272174189858006,21.272174189858006,21.084710121329845,21.11988147139527,0.14614994364218603,0.00614277482054959,True,False,2023
2023-07-05,PETR4,LSTM,21.097999572753903,21.256390901771113,21.521190011104146,21.140105089398975,21.396525421955644,0.15839132901720987,0.2985258492017415,False,True,2023
2023-07-06,PETR4,LSTM,20.77567481994629,21.236102142008974,21.0046102383555,21.143291695217542,20.692291821275106,0.4604273220626851,0.08338299867118337,True,True,2023
2023-07-07,PETR4,LSTM,20.67057228088379,21.18551423889629,21.38582044176585,20.828667548663095,21.207938548934994,0.5149419580124999,0.5373662680512048,False,True,2023
2023-07-10,PETR4,LSTM,20.70560646057129,21.121175119914767,21.29631011894674,20.700631734043526,20.704459446712857,0.415568659343478,0.0011470138584321887,True,False,2023
2023-07-11,PETR4,LSTM,20.425331115722656,21.042664356329638,21.207803805243955,20.7584630856828,20.784309721516742,0.6173332406069818,0.3589786057940856,True,True,2023
2023-07-12,PETR4,LSTM,20.439340591430664,20.960091906955967,21.26628815649342,20.51771843985612,20.68217584172116,0.5207513155253025,0.24283525029049713,True,True,2023
2023-07-13,PETR4,LSTM,20.76166343688965,20.884385230926426,20.88826574205364,20.52046442775997,20.27554020475799,0.12272179403677796,0.4861232321316571,False,True,2023
2023-07-14,PETR4,LSTM,20.355260848999023,20.826249279768447,20.58988720179778,20.76779901910761,20.544968525583133,0.47098843076942387,0.18970767658410992,True,True,2023
2023-07-17,PETR4,LSTM,20.313217163085938,20.778894498212622,20.723733050550972,20.383180577700443,20.513686700556995,0.46567733512668497,0.2004695374710579,True,False,2023
2023-07-18,PETR4,LSTM,20.20110511779785,20.686698902243094,20.910004403586587,20.3614333739442,20.610824805621423,0.4855937844452427,0.4097196878235714,True,True,2023
2023-07-19,PETR4,LSTM,20.39029312133789,20.610252173294455,20.919164080581343,20.269515645764777,20.38773266577766,0.21995905195656462,0.0025604555602321,True,True,2023
2023-07-20,PETR4,LSTM,20.41131401062012,20.54730956613369,20.788243040719756,20.385532923164973,20.383831729861186,0.13599555551357057,0.027482280758935218,True,True,2023
2023-07-21,PETR4,LSTM,20.79669761657715,20.50939967922477,20.801712451756508,20.43334559839125,20.541387632970913,0.28729793735237763,0.25530998360623514,True,True,2023
2023-07-24,PETR4,LSTM,21.231130599975582,20.51791889306091,20.81428763229642,20.766907542007626,20.847099002565997,0.7132117069146737,0.38403159740958515,True,True,2023
2023-07-25,PETR4,LSTM,21.72161865234375,20.578772879109465,20.73600819739621,21.148241376264142,21.093219406270087,1.142845773234285,0.6283992460736627,True,True,2023
2023-07-26,PETR4,LSTM,21.72161865234375,20.69638228570446,19.934808525114676,21.5266275447589,20.679726570862822,1.025236366639291,1.0418920814809276,False,False,2023
2023-07-27,PETR4,LSTM,20.593494415283203,20.850943935979174,20.997044470489772,21.619263618755053,22.398258811531846,0.25744952069597105,1.8047643962486433,False,True,2023
2023-07-28,PETR4,LSTM,20.852754592895508,20.92386004701477,20.86403902025132,20.65525153549051,20.40879824892471,0.07110545411926239,0.44395634397079675,False,False,2023
2023-07-31,PETR4,LSTM,21.79869842529297,20.943922611200307,21.268939655205227,20.924606047098063,21.300796852995134,0.8547758140926618,0.4979015722978346,True,True,2023
2023-08-01,PETR4,LSTM,21.44133949279785,20.99741294777145,21.06460643896432,21.60610055424474,21.437959279486808,0.4439265450264003,0.003380213311043434,True,False,2023
2023-08-02,PETR4,LSTM,21.392290115356445,21.05630370373396,20.792385230623157,21.409700380787474,21.097572225822187,0.33598641162248555,0.29471788953425815,True,True,2023
2023-08-03,PETR4,LSTM,21.66556167602539,21.099395190400358,21.334201605577736,21.35723181601174,21.790913295483787,0.5661664856250326,0.1253516194583959,True,True,2023
2023-08-04,PETR4,LSTM,21.02092170715332,21.170671383505592,21.060218760832544,21.609527840104874,21.31577432913399,0.14974967635227188,0.2948526219806702,False,True,2023
2023-08-07,PETR4,LSTM,21.154052734375,21.18331251999578,21.205232958618197,21.029269414939744,21.140884259831093,0.029259785620780576,0.013168474543906683,True,False,2023
2023-08-08,PETR4,LSTM,21.175073623657227,21.186994344734487,21.430220543453622,21.12870677100978,21.36211140987989,0.011920721077260055,0.18703778622266398,False,False,2023
2023-08-09,PETR4,LSTM,21.343244552612305,21.190465955105807,21.484677196111328,21.190842053370943,21.292572662845604,0.15277859750649725,0.05067188976670067,True,True,2023
2023-08-10,PETR4,LSTM,21.46236038208008,21.219414071615674,20.999807756154137,21.29867674059065,20.86431080878958,0.24294631046440784,0.5980495732905027,False,False,2023
2023-08-11,PETR4,LSTM,21.413311004638672,21.256228631031377,21.46215861703689,21.447077122334818,21.822343892372523,0.15708237360729527,0.4090328877338507,False,True,2023
2023-08-14,PETR4,LSTM,21.46936798095703,21.307283677182696,21.27152490709679,21.388827923845195,21.196437827905342,0.16208430377433558,0.2729301530516892,False,False,2023
2023-08-15,PETR4,LSTM,21.623523712158203,21.359958972083803,21.174038369497318,21.508551700790292,21.350711967566983,0.26356474007440056,0.2728117445912197,False,True,2023
2023-08-16,PETR4,LSTM,22.099994659423828,21.436157377627694,21.693589671097456,21.660572532911893,22.05811827507206,0.663837281796134,0.04187638435176666,True,True,2023
2023-08-17,PETR4,LSTM,22.029926300048828,21.515186915850464,21.86520573324507,22.028714972343977,22.182674821121875,0.5147393841983643,0.15274852107304682,True,True,2023
2023-08-18,PETR4,LSTM,22.08597946166992,21.625665015163577,21.588603985812757,21.973592959340202,21.682268651738003,0.46031444650634157,0.40371080993191555,True,False,2023
2023-08-21,PETR4,LSTM,21.931825637817383,21.72838854003537,21.72838854003537,22.03643693096808,22.077515639076683,0.20343709778201458,0.14569000125930032,True,False,2023
2023-08-22,PETR4,LSTM,22.265928268432617,21.822616208222954,21.822616208222954,21.937805707638415,21.945707204503496,0.4433120602096636,0.32022106392912164,True,False,2023
2023-08-23,PETR4,LSTM,23.45160675048828,21.924227195068525,21.776256643583775,22.26101981886196,22.11007247622528,1.5273795554197562,1.341534274263001,True,True,2023
2023-08-24,PETR4,LSTM,23.41522979736328,22.078590924213714,22.117183867000062,23.190367491052918,23.365164420128245,1.3366388731495675,0.050065377235036124,True,False,2023
2023-08-25,PETR4,LSTM,23.25520133972168,22.286066358203996,22.286066358203996,23.25641213877735,23.244982092784447,0.9691349815176835,0.01021924693723264,True,False,2023
2023-08-28,PETR4,LSTM,23.51706886291504,22.513690409044827,22.513690409044827,23.20918497779161,23.22383455331709,1.0033784538702122,0.29323430959794905,True,False,2023
2023-08-29,PETR4,LSTM,23.5679874420166,22.732099448786713,22.732099448786713,23.453916898285648,23.469364711553297,0.835887993229889,0.09862273046330472,True,False,2023
2023-08-30,PETR4,LSTM,23.728015899658203,22.931378981096543,23.213229734922955,23.585611376947778,23.869013636925676,0.79663691856166,0.14099773726747244,True,True,2023
2023-08-31,PETR4,LSTM,23.233381271362305,23.119876114480434,22.884265379123235,23.745074387452544,23.29777705668604,0.11350515688187102,0.06439578532373602,True,True,2023
2023-09-01,PETR4,LSTM,23.73529052734375,23.268678382818308,23.56182014920295,23.382194473107205,23.849834392459822,0.46661214452544186,0.1145438651160724,True,True,2023
2023-09-04,PETR4,LSTM,23.48797416687012,23.388517782760886,23.561964224898727,23.712498315953955,23.673632552220763,0.09945638410923507,0.18565838535064216,False,False,2023
2023-09-05,PETR4,LSTM,24.273569107055664,23.49743218221836,23.76698195940847,23.600578635536873,23.735373222372175,0.7761369248373029,0.5381958846834891,True,True,2023
2023-09-06,PETR4,LSTM,24.38268280029297,23.613322994160697,23.571622476874893,24.172251008754106,23.938528497880675,0.7693598061322717,0.4441543024122936,True,False,2023
2023-09-07,PETR4,LSTM,24.38268280029297,23.75418260151801,23.75418260151801,24.305687697994706,24.347645668314794,0.6285001987749581,0.03503713197817504,True,False,2023
2023-09-08,PETR4,LSTM,24.295394897460938,23.894291092042153,23.894291092042153,24.341320518660613,24.351556505247732,0.401103805418785,0.056161607786794576,True,False,2023
2023-09-11,PETR4,LSTM,24.273569107055664,24.03255805553505,23.822604618168224,24.362000016338563,24.14961704489303,0.24101105152061564,0.12395206216263333,True,True,2023
2023-09-12,PETR4,LSTM,24.38995742797852,24.16671907758311,24.446452130699186,24.36647599770348,24.799645153306404,0.22323835039540896,0.4096877253278848,False,True,2023
2023-09-13,PETR4,LSTM,24.02625274658203,24.29561613518004,24.25397947142654,24.439035229639206,24.19486837892921,0.2693633885980091,0.1686156323471799,True,False,2023
2023-09-14,PETR4,LSTM,24.63727188110352,24.384577380268922,24.68669527123376,24.21323460865429,24.540548184888113,0.2526945008345969,0.09672369621540611,True,True,2023
2023-09-15,PETR4,LSTM,24.65182304382324,24.46062826695851,24.288101280036102,24.62850011121004,24.23723357769984,0.1911947768647302,0.41458946612339886,False,False,2023
2023-09-18,PETR4,LSTM,24.826400756835938,24.54316752458996,24.14925060498382,24.69866668838896,24.428820503635045,0.2832332322459763,0.39758025320089274,False,True,2023
2023-09-19,PETR4,LSTM,24.88459587097168,24.641646194429114,24.586768173264012,24.831192459192017,25.08425108150227,0.24294967654256538,0.1996552105305902,True,False,2023
2023-09-20,PETR4,LSTM,24.94278907775879,24.756356855537007,24.756356855537007,24.91570809306969,24.966961914926408,0.18643222222178224,0.024172837167618866,True,False,2023
2023-09-21,PETR4,LSTM,24.557260513305664,24.866042041008228,24.505083237516004,25.00196975072522,24.631935069201365,0.30878152770256406,0.07467455589570093,True,True,2023
2023-09-22,PETR4,LSTM,24.7536563873291,24.92932517085768,24.976622651990283,24.675091622399663,25.00205700903038,0.17566878352857884,0.24840062170127908,False,False,2023
2023-09-25,PETR4,LSTM,24.913686752319336,24.98425135761073,24.98425135761073,24.830566980478118,24.803482060129564,0.07056460529139486,0.11020469218977169,False,False,2023
2023-09-26,PETR4,LSTM,24.339040756225582,25.036831994580325,24.767995671307503,25.01563563227395,24.74172609058359,0.6977912383547427,0.4026853343580079,True,True,2023
2023-09-27,PETR4,LSTM,25.110090255737305,25.0425360569468,25.300437707149708,24.554891091988623,25.003461392247555,0.0675541987905035,0.10662886348974965,False,True,2023
2023-09-28,PETR4,LSTM,25.05917358398437,25.062006087067545,24.791015420784724,25.14402043470015,24.675549702433987,0.0028325030831730658,0.38362388155038474,False,True,2023
2023-09-29,PETR4,LSTM,25.197376251220703,25.102487719336523,25.09808493338155,25.07472739557936,25.285090821911346,0.09488853188418034,0.08771457069064326,True,False,2023
2023-10-02,PETR4,LSTM,24.819128036499023,25.17519730397609,24.874497605168525,25.27757879860978,24.974598503616022,0.3560692674770678,0.15547046711699863,True,True,2023
2023-10-03,PETR4,LSTM,24.710018157958984,25.217999899552808,25.454081905444454,24.974890147773255,25.42560203705475,0.5079817415938237,0.7155838790957674,False,True,2023
2023-10-04,PETR4,LSTM,23.728015899658203,25.23502111669208,24.981786983275374,24.889505470935607,24.44859416720731,1.5070052170338784,0.7205782675491079,True,True,2023
2023-10-05,PETR4,LSTM,23.80803108215332,25.13998701210096,24.80129474975152,24.046027253932547,23.885870948994867,1.3319559299476396,0.07783986684154698,True,True,2023
2023-10-06,PETR4,LSTM,24.37540626525879,24.99102493167092,25.313977199769276,24.027584023807734,24.597829299115784,0.6156186664121321,0.22242303385699458,True,True,2023
2023-10-09,PETR4,LSTM,25.4228744506836,24.8649651533718,25.107142396470213,24.39225139861497,24.38081337806839,0.5579092973118023,1.042061072615212,False,True,2023
2023-10-10,PETR4,LSTM,25.612003326416016,24.855314961652653,25.299736711837372,25.246293811981435,25.53824807634357,0.7566883647633631,0.07375525007244477,True,False,2023
2023-10-11,PETR4,LSTM,25.546531677246094,24.934259676534197,24.63961746461777,25.52335354716702,24.895319281066847,0.6122720007118971,0.6512123961792469,False,True,2023
2023-10-12,PETR4,LSTM,25.546531677246094,25.048758893950918,25.117944764220653,25.46764909356088,25.791997549918587,0.4977727832951757,0.24546587267249365,True,False,2023
2023-10-13,PETR4,LSTM,26.390323638916016,25.175634943243864,25.492037458358702,25.536978421132666,25.784100651678482,1.2146886956721517,0.6062229872375333,True,True,2023
2023-10-16,PETR4,LSTM,26.68128967285156,25.360498195516698,25.307961579647458,26.242787547539933,25.974418811364956,1.3207914773348612,0.7068708614866033,True,False,2023
2023-10-17,PETR4,LSTM,27.401416778564453,25.58451541036976,25.914292712774397,26.58926361897768,26.96946062514545,1.8169013681946922,0.4319561534190015,True,True,2023
2023-10-18,PETR4,LSTM,28.019716262817383,25.85547804195795,26.13360004108747,27.238287053849604,27.267759172323576,2.1642382208594313,0.7519570904938071,True,True,2023
2023-10-19,PETR4,LSTM,27.88878631591797,26.18857069768444,25.70673459716742,27.78368793195053,27.118004436402266,1.7002156182335284,0.7707818795157024,True,False,2023
2023-10-20,PETR4,LSTM,27.532358169555664,26.523495045851888,26.25565818572003,27.812112376135516,27.933050289134915,1.008863123703776,0.40069211957925077,True,True,2023
2023-10-23,PETR4,LSTM,25.713836669921875,26.81984321361847,26.524942494498102,27.58630497521962,27.488932235953598,1.1060065436965942,1.7750955660317231,False,True,2023
2023-10-24,PETR4,LSTM,26.099363327026367,26.89506061878123,26.64868416483349,26.02577591675633,26.011420179781464,0.7956972917548626,0.08794314724490349,True,True,2023
2023-10-25,PETR4,LSTM,26.23756599426269,26.862687606203906,27.184631649135774,26.337892683403584,26.821541466209386,0.6251216119412142,0.5839754719466939,True,True,2023
2023-10-26,PETR4,LSTM,25.96842765808105,26.841860402623553,26.50730149983816,26.430945569336064,25.822386128874776,0.8734327445425016,0.14604152920627556,True,True,2023
2023-10-27,PETR4,LSTM,25.77930450439453,26.778904272901144,27.025839787379372,26.140285574462922,26.647717864642935,0.9995997685066129,0.8684133602484039,True,True,2023
2023-10-30,PETR4,LSTM,25.517438888549805,26.713302638391525,26.47809277711605,26.01434566116711,25.55541419092613,1.1958637498417204,0.037975302376324294,True,True,2023
2023-10-31,PETR4,LSTM,25.27012252807617,26.614897727979525,26.717527945159592,25.749987004852592,26.012726888454633,1.3447751999033564,0.7426043603784649,True,True,2023
2023-11-01,PETR4,LSTM,25.546531677246094,26.49021970961573,26.185911154908073,25.534977021445304,25.123184394752496,0.9436880323696357,0.423347282493598,True,True,2023
2023-11-02,PETR4,LSTM,25.546531677246094,26.3723349344927,26.606167602021067,25.733667374781753,26.20275194843199,0.825803257246605,0.656220271185898,True,True,2023
2023-11-03,PETR4,LSTM,25.8520450592041,26.270972271051875,26.00364406998859,25.672300324447495,25.189538250004492,0.41892721184777315,0.6625068091996091,False,True,2023
2023-11-06,PETR4,LSTM,25.83022117614746,26.220358552139686,26.220358552139686,25.920006550434035,26.155442892662332,0.3901373759922251,0.3252217165148714,True,False,2023
2023-11-07,PETR4,LSTM,25.40105056762696,26.19967886741364,25.8673041758231,25.94526515875425,25.59057347156979,0.798628299786678,0.1895229039428301,True,True,2023
2023-11-08,PETR4,LSTM,24.855493545532227,26.14008370892182,25.697494635345063,25.568786201615968,25.374282288153868,1.2845901633895949,0.5187887426216413,True,True,2023
2023-11-09,PETR4,LSTM,25.371957778930664,26.005022821862497,26.28766362242773,25.075392939430973,25.67361000926421,0.6330650429318325,0.30165223033354494,True,True,2023
2023-11-10,PETR4,LSTM,25.255571365356445,25.87893108114494,26.286254759564848,25.474649019502483,25.6324057185848,0.6233597157884958,0.3768343532283538,True,True,2023
2023-11-13,PETR4,LSTM,25.961156845092773,25.772749468463473,26.105642439399897,25.346378443101813,25.363960133965204,0.18840737662929996,0.5971967111275696,False,True,2023
2023-11-14,PETR4,LSTM,26.31758689880371,25.74434963036211,25.935266638870882,25.900916624607827,25.869554490010728,0.573237268441602,0.448032408792983,True,False,2023
2023-11-15,PETR4,LSTM,26.31758689880371,25.78822419628011,25.95252055907392,26.20024527941902,26.250635421963167,0.5293627025235992,0.06695147684054348,True,False,2023
2023-11-16,PETR4,LSTM,25.859317779541016,25.852303927942813,25.558475068256648,26.258044229441023,25.84207988709945,0.007013851598202336,0.01723789244156393,False,True,2023
2023-11-17,PETR4,LSTM,26.703109741210938,25.902514428653234,26.16575481060263,25.906647592721527,26.400090439561925,0.8005953125577037,0.30301930164901236,True,True,2023
2023-11-20,PETR4,LSTM,26.72493553161621,25.971784365339914,26.34056676210219,26.61871476903558,26.76447288118192,0.7531511662762966,0.03953734956570898,True,True,2023
2023-11-21,PETR4,LSTM,26.44851493835449,26.07868882040748,26.25029657895808,26.598020585658464,26.514552674985477,0.36982611794701015,0.06603773663098877,True,False,2023
2023-11-22,PETR4,LSTM,26.57796859741211,26.178323054605357,26.334090777054907,26.405734759140152,26.46156319320556,0.399645542806752,0.11640540420654943,True,False,2023
2023-11-23,PETR4,LSTM,26.585525512695312,26.260894274655243,26.260894274655243,26.5285671221516,26.43472685438108,0.32463123804006955,0.15079865831423334,True,False,2023
2023-11-24,PETR4,LSTM,26.661117553710938,26.359653230317576,26.359653230317576,26.56898141230244,26.59513671669117,0.30146432339336116,0.06598083701976876,True,False,2023
2023-11-27,PETR4,LSTM,26.50993537902832,26.437592358342272,26.248963890033306,26.604763883726108,26.398441546188046,0.07234302068604848,0.11149383284027437,False,True,2023
2023-11-28,PETR4,LSTM,26.91057014465332,26.496816261050753,26.788589571238074,26.561004478088286,26.98896008779664,0.41375388360256693,0.07838994314332126,True,True,2023
2023-11-29,PETR4,LSTM,26.630884170532227,26.58050862439336,26.680756319064148,26.8730663643669,26.757644427365793,0.05037554613886641,0.12676025683356684,False,False,2023
2023-11-30,PETR4,LSTM,27.14490509033203,26.671222885200905,26.979942852280683,26.7195343904975,26.953976092758204,0.47368220513112647,0.19092899757382753,True,True,2023
2023-12-01,PETR4,LSTM,26.963483810424805,26.784967297813097,26.539303798241995,27.175380170708664,26.691180824440185,0.17851651261170787,0.27230298598462,False,True,2023
2023-12-04,PETR4,LSTM,26.38899040222168,26.87079622589556,26.59509271935124,27.014873360841747,26.9380268991433,0.4818058236738807,0.5490364969216195,False,True,2023
2023-12-05,PETR4,LSTM,26.268041610717773,26.907801330498074,26.657979150172704,26.559939411990428,26.49370735711022,0.6397597197803009,0.22566574639244763,True,True,2023
2023-12-06,PETR4,LSTM,25.323150634765625,26.893585430238176,26.618501143710255,26.452519366132364,26.345070277446354,1.5704347954725506,1.0219196426807287,True,True,2023
2023-12-07,PETR4,LSTM,25.26267433166504,26.77896819773801,27.034521593946394,25.589770522983162,26.01871342593222,1.5162938660729708,0.7560390942671802,True,True,2023
2023-12-08,PETR4,LSTM,26.07150650024414,26.593401772259654,26.937584319156677,25.524532114216964,25.63705267624642,0.521895272015513,0.43445382399772114,True,True,2023
2023-12-11,PETR4,LSTM,25.973237991333008,26.43674904222516,26.488892447473095,26.090723088967167,25.914947085397085,0.4635110508921514,0.05829090593592312,True,False,2023
2023-12-12,PETR4,LSTM,25.761585235595703,26.337874530126953,26.070670566607085,26.03245561118516,25.735540426595257,0.5762892945312501,0.026044809000445923,True,True,2023
2023-12-13,PETR4,LSTM,26.13197898864746,26.264279832361552,26.54369898400558,25.86911094233829,26.349644850412506,0.13230084371409134,0.21766586176504532,False,True,2023
2023-12-14,PETR4,LSTM,26.69891357421875,26.219751266189462,26.48687532988505,26.170567187831526,26.19922754917234,0.47916230802928794,0.4996860250464117,False,True,2023
2023-12-15,PETR4,LSTM,26.759389877319336,26.24359277169279,26.096377003773856,26.586827915228863,26.237815612758247,0.5157971056265467,0.5215742645610888,False,True,2023
2023-12-18,PETR4,LSTM,27.09198760986328,26.304419712618056,26.32305385235125,26.653949568546203,26.826822719906165,0.7875678972452249,0.2651648899571164,True,False,2023
2023-12-19,PETR4,LSTM,27.401912689208984,26.42166278072486,26.141344347118938,26.978393161022264,26.699410937672546,0.9802499084841259,0.7025017515364382,True,False,2023
2023-12-20,PETR4,LSTM,27.50018119812012,26.575109434325782,26.38616187269203,27.24730111110808,27.26388338356394,0.9250717637943389,0.23629781455618115,True,True,2023
2023-12-21,PETR4,LSTM,27.507741928100582,26.75862288908172,26.981699282282385,27.40235161618534,27.77896263932123,0.7491190390188613,0.2712207112206464,True,False,2023
2023-12-22,PETR4,LSTM,27.77231788635254,26.937147747914565,26.937147747914565,27.448386933964542,27.280457889837226,0.8351701384379737,0.49185999651531276,True,False,2023
2023-12-26,PETR4,LSTM,28.21830177307129,27.11066188299617,27.354102390795553,27.681764070260506,27.91755657243281,1.10763989007512,0.30074520063847743,True,True,2023
2023-12-27,PETR4,LSTM,28.24098014831543,27.312234104166663,27.26198772712563,28.110125131431595,27.894875173528625,0.9287460441487667,0.3461049747868046,True,False,2023
2023-12-28,PETR4,LSTM,28.15027236938477,27.526163488032807,27.539193181836588,28.17273741528726,28.261231068257835,0.6241088813519617,0.1109586988730662,True,False,2023
2023-12-29,PETR4,LSTM,28.15027236938477,27.73341764374163,27.684013128415813,28.153299206667533,28.108851059331474,0.4168547256431374,0.041421310053294746,True,False,2023
2024-01-02,PETR4,LSTM,28.55846405029297,27.90869954642733,27.848478724339408,28.18314455589227,28.18206204634955,0.6497645038656401,0.3764020039434186,True,False,2024
2024-01-03,PETR4,LSTM,29.45044136047364,28.08229235823123,28.319764951064197,28.588500723754944,28.865605535545853,1.3681490022424114,0.5848358249277865,True,True,2024
2024-01-04,PETR4,LSTM,29.200990676879883,28.284501369122808,28.729516973154766,29.296968466462943,29.58499316160716,0.9164893077570753,0.38400248472727583,True,False,2024
2024-01-05,PETR4,LSTM,29.269027709960938,28.51741888818563,28.51741888818563,29.148123268647794,28.829350467824824,0.7516088217753065,0.4396772421361135,True,False,2024
2024-01-08,PETR4,LSTM,29.04981231689453,28.738416883820577,28.43494599377144,29.285526862738077,28.995042904816867,0.31139543307395456,0.054769412077664725,True,True,2024
2024-01-09,PETR4,LSTM,28.800355911254883,28.888369799222033,29.278334099540743,29.118345239296993,29.732208966335726,0.0880138879671506,0.9318530550808433,False,True,2024
2024-01-10,PETR4,LSTM,28.535785675048828,29.0039532802179,28.76708231207895,28.94728796912774,28.37583490062719,0.4681676051690715,0.1599507744216382,True,True,2024
2024-01-11,PETR4,LSTM,28.77767944335937,29.06183230270463,29.371013920440713,28.731370243889618,29.234630003591032,0.2841528593452587,0.45695056023166103,False,True,2024
2024-01-12,PETR4,LSTM,28.8532657623291,29.095687879767723,29.33309651828922,28.892840671536902,28.899031453832247,0.24242211743862185,0.04576569150314569,True,False,2024
2024-01-15,PETR4,LSTM,29.163196563720703,29.143073394418195,29.5108812117489,28.997267377074397,29.1869043969644,0.020123169302507904,0.023707833243697962,False,True,2024
2024-01-16,PETR4,LSTM,28.800355911254883,29.192342233108633,28.893962781589238,29.246899239000978,28.66611379101907,0.39198632185375004,0.13424212023581106,True,True,2024
2024-01-17,PETR4,LSTM,28.6340560913086,29.242356042013313,29.76111198904893,28.930283734064822,29.724459768571148,0.608299950704712,1.0904036772625467,False,False,2024
2024-01-18,PETR4,LSTM,28.52066802978516,29.24720941231996,29.24720941231996,28.791578157465583,28.390253720161667,0.7265413825348013,0.1304143096234931,True,False,2024
2024-01-19,PETR4,LSTM,28.36948585510254,29.22862203667748,29.22862203667748,28.690852704274807,28.739821760040886,0.8591361815749394,0.3703359049383472,True,False,2024
2024-01-22,PETR4,LSTM,28.49799346923828,29.17821730280889,29.52099192952461,28.578316056919373,28.907446513906688,0.6802238335706079,0.4094530446684068,True,True,2024
2024-01-23,PETR4,LSTM,28.8532657623291,29.122248649485414,29.041834559345407,28.630545387220828,28.30300645959719,0.26898288715631224,0.5502593027319129,False,False,2024
2024-01-24,PETR4,LSTM,28.6340560913086,29.091449171354014,29.188373199015935,28.90819830722832,29.106725460431605,0.45739308004541357,0.47266936912300395,False,False,2024
2024-01-25,PETR4,LSTM,29.692338943481445,29.079332956120396,29.39789953478898,28.76525833104256,28.992216274043347,0.6130059873610492,0.7001226694380982,False,True,2024
2024-01-26,PETR4,LSTM,30.20635414123535,29.122393709692147,29.382724951430987,29.593545617108465,29.585940307266306,1.083960431543204,0.6204138339690459,True,True,2024
2024-01-29,PETR4,LSTM,30.66747093200684,29.24477289257635,28.924321625332645,30.07290818516069,29.560432011936843,1.4226980394304896,1.1070389200699964,True,True,2024
2024-01-30,PETR4,LSTM,30.47849464416504,29.449622490959996,29.449622490959996,30.479203689419432,30.773582855764893,1.028872153205043,0.2950882115998539,True,False,2024
2024-01-31,PETR4,LSTM,30.81109046936035,29.667488169588523,29.667488169588523,30.36632867666654,30.369197311739523,1.1436022997718283,0.4418931576208287,True,False,2024
2024-02-01,PETR4,LSTM,31.423383712768555,29.907061247628093,29.500789377714536,30.760533789794266,30.346872534711387,1.5163224651404619,1.0765111780571672,True,True,2024
2024-02-02,PETR4,LSTM,31.015186309814453,30.17044632740013,30.17044632740013,31.277102015179597,31.6196295473722,0.8447399824143247,0.6044432375577458,True,False,2024
2024-02-05,PETR4,LSTM,31.151256561279297,30.416016046867213,30.416016046867213,30.973954809672286,30.981703330071788,0.7352405144120837,0.16955323120750876,True,False,2024
2024-02-06,PETR4,LSTM,31.4384994506836,30.635106131986475,31.002670601517902,31.182664756315766,31.54318748417066,0.8033933186971254,0.10468803348705791,True,True,2024
2024-02-07,PETR4,LSTM,31.89960670471192,30.85743425595774,30.85743425595774,31.43203616420866,31.167210477157575,1.0421724487541795,0.7323962275543465,True,False,2024
2024-02-08,PETR4,LSTM,31.642597198486328,31.083718343871965,31.409581302665263,31.87533655206853,32.2109828020948,0.5588788546143633,0.5683856036084691,False,True,2024
2024-02-09,PETR4,LSTM,31.21928977966309,31.309631176002853,30.991987565961214,31.710571941684602,31.134550312402578,0.09034139633976324,0.08473946726051196,True,True,2024
2024-02-12,PETR4,LSTM,31.21928977966309,31.48417056712188,31.52472733191919,31.375557456369446,31.700376803744575,0.2648807874587895,0.48108702408148574,False,False,2024
2024-02-13,PETR4,LSTM,31.21928977966309,31.612895519388786,31.945664674282064,31.407573524219288,31.709712411744597,0.3936057397256967,0.4904226320815077,False,False,2024
2024-02-14,PETR4,LSTM,30.98495483398437,31.71519738620202,31.777751915398696,31.41919108742188,31.241352302018647,0.7302425522176499,0.256397468034276,True,False,2024
2024-02-15,PETR4,LSTM,31.97520065307617,31.75152390407473,32.05966469966914,31.23348904104157,31.503131033147316,0.22367674900143797,0.47206961992885255,False,True,2024
2024-02-16,PETR4,LSTM,32.2700080871582,31.797055598456097,31.7986974670407,32.01257258708912,31.785983509099335,0.4729524887021057,0.4840245780588681,False,False,2024
2024-02-19,PETR4,LSTM,32.428749084472656,31.89500074177218,31.89500074177218,32.241411868691976,32.27175703088265,0.533748342700477,0.15699205359000956,True,False,2024
2024-02-20,PETR4,LSTM,32.08858871459961,32.03786291757669,32.03786291757669,32.41718720040691,32.4334602903497,0.05072579702292046,0.34487157575009064,False,False,2024
2024-02-21,PETR4,LSTM,32.13393783569336,32.16149846937006,32.504358545458494,32.18920804107082,32.52462056380419,0.02756063367669981,0.39068272811083204,False,True,2024
2024-02-22,PETR4,LSTM,31.89204406738281,32.25888549968735,32.27809131053577,32.22618180062016,31.99446076920048,0.36684143230454325,0.10241670181767049,True,False,2024
2024-02-23,PETR4,LSTM,31.672836303710938,32.32702199984345,31.931668225256683,32.06852364857475,31.67091189509492,0.6541856961325152,0.0019244086160163931,True,True,2024
2024-02-26,PETR4,LSTM,32.2700080871582,32.33315140823984,32.454607717974845,31.837256914488755,32.283693784616474,0.06314332108163967,0.013685697458271306,True,False,2024
2024-02-27,PETR4,LSTM,32.22465515136719,32.34478818719697,32.64243848213225,32.32879890717171,32.52120376430515,0.12013303582978097,0.2965486129379613,False,False,2024
2024-02-28,PETR4,LSTM,30.561643600463867,32.37772177142065,32.1410330986033,32.270309339971334,31.79029773227767,1.8160781709567857,1.2286541318138013,True,True,2024
2024-02-29,PETR4,LSTM,30.342418670654297,32.272363805675724,32.452774765501154,30.864273256191574,31.25248134462698,1.929945135021427,0.910062673972682,True,False,2024
2024-03-01,PETR4,LSTM,30.37266159057617,32.084456747709055,31.744059372522816,30.683051594338515,30.197306522839188,1.7117951571328867,0.17535506773698017,True,False,2024
2024-03-04,PETR4,LSTM,30.29707145690918,31.883336917691764,31.883336917691764,30.654103075070935,30.94465688163432,1.5862654607825846,0.6475854247251398,True,False,2024
2024-03-05,PETR4,LSTM,30.20635414123535,31.694084979503344,31.694084979503344,30.546223939214208,30.539727309981252,1.4877308382679928,0.3333731687459007,True,False,2024
2024-03-06,PETR4,LSTM,30.871566772460938,31.516364098426465,31.889359650554756,30.482063331486287,30.841816361041992,0.6447973259655271,0.029750411418945077,True,True,2024
2024-03-07,PETR4,LSTM,30.531400680541992,31.393021125694133,31.400315399080306,30.964871296740643,30.69071538639106,0.8616204451521412,0.15931470584906648,True,False,2024
2024-03-08,PETR4,LSTM,27.742074966430664,31.294911252990744,31.66808034583058,30.69316264385933,31.07027703771795,3.5528362865600798,3.3282020712872864,True,True,2024
2024-03-11,PETR4,LSTM,26.94836807250977,30.811467380956174,30.48963260434311,28.174308016943222,27.51353296304282,3.8630993084464045,0.5651648905330511,True,True,2024
2024-03-12,PETR4,LSTM,27.8327865600586,30.200306602159117,30.70443063089164,27.38821972842841,28.117973457172763,2.367520042100516,0.285186897114162,True,True,2024
2024-03-13,PETR4,LSTM,27.50018119812012,29.670441005322203,29.9951405913827,28.01298994086001,27.912656771780103,2.1702598072020827,0.41247557365998233,True,True,2024
2024-03-14,PETR4,LSTM,27.37923812866211,29.24509251676068,29.00902123937233,27.64941084074268,27.163376988615216,1.865854388098569,0.2158611400468935,True,False,2024
2024-03-15,PETR4,LSTM,27.45483016967773,28.90679490412478,28.96367364353937,27.530042425694194,27.780429614264868,1.4519647344470492,0.3255994445871373,True,False,2024
2024-03-18,PETR4,LSTM,27.469947814941406,28.616846595987482,28.496776381779405,27.54539715095571,27.380078897077805,1.146898781046076,0.08986891786360118,True,False,2024
2024-03-19,PETR4,LSTM,27.265851974487305,28.386431980152707,28.713232429849587,27.542417022184882,27.940835835559543,1.1205800056654027,0.6749838610722385,True,True,2024
2024-03-20,PETR4,LSTM,27.742074966430664,28.194111649794735,27.929504614287374,27.40671361904724,26.86851572717263,0.45203668336407077,0.8735592392580358,False,True,2024
2024-03-21,PETR4,LSTM,26.986162185668945,28.077911048258358,27.807335181939337,27.795118507415275,27.737273238095522,1.0917488625894123,0.7511110524265767,True,True,2024
2024-03-22,PETR4,LSTM,27.250730514526367,27.971131984216953,28.016265263793024,27.13003178568299,27.371045792818766,0.7204014696905858,0.12031527829239863,True,False,2024
2024-03-25,PETR4,LSTM,27.666486740112305,27.86011667040941,28.16950533857397,27.37039827897434,27.625356724352468,0.1936299302971065,0.04113001575983688,True,True,2024
2024-03-26,PETR4,LSTM,27.40947151184082,27.810363478147337,28.037284407372937,27.655122467125675,27.659362824031902,0.40089196630651713,0.24989131219108174,True,False,2024
2024-03-27,PETR4,LSTM,27.62869453430176,27.788235650001525,27.870925871003273,27.464318792872493,27.388840639235205,0.15954111569976348,0.23985389506655608,False,False,2024
2024-03-28,PETR4,LSTM,28.24098014831543,27.7801417821953,28.123129991817617,27.691820596442405,27.971719870230416,0.46083836612012874,0.26926027808501374,True,True,2024
2024-04-01,PETR4,LSTM,28.46019554138184,27.838023263329603,27.990902554281853,28.160174342281366,28.072220532529446,0.6221722780522363,0.38797500885239344,True,False,2024
2024-04-02,PETR4,LSTM,29.193431854248047,27.999320378627147,28.31588697067042,28.473459740935645,28.68314093987815,1.1941114756209004,0.5102909143698966,True,True,2024
2024-04-03,PETR4,LSTM,29.042251586914062,28.212920303718676,28.2149987166501,29.06895880798883,28.855661663971777,0.829331283195387,0.18658992294228582,True,False,2024
2024-04-04,PETR4,LSTM,28.70964813232422,28.445899288970793,28.445899288970793,29.010404923681218,29.03271011094112,0.26374884335342585,0.3230619786169022,False,False,2024
2024-04-05,PETR4,LSTM,28.800355911254883,28.587785381689315,28.587785381689315,28.736678705509863,28.743099078997375,0.21257052956556777,0.057256832257507995,True,False,2024
2024-04-08,PETR4,LSTM,29.200990676879883,28.685214209015328,28.685214209015328,28.81055574316117,28.821173355217603,0.5157764678645549,0.37981732166228,True,False,2024
2024-04-09,PETR4,LSTM,29.27658462524414,28.805328977485942,28.805328977485942,29.160811798165078,29.176638889877594,0.4712556477581984,0.09994573536654627,True,False,2024
2024-04-10,PETR4,LSTM,29.926677703857425,28.94905413858814,29.244861427016513,29.30916662955421,29.59984332488029,0.9776235652692868,0.32683437897713574,True,True,2024
2024-04-11,PETR4,LSTM,29.70745849609375,29.139906656345772,29.09938407384227,29.838545606217238,29.591039080963846,0.5675518397479777,0.11641941512990428,True,False,2024
2024-04-12,PETR4,LSTM,29.435321807861328,29.350629963778346,29.703799173495476,29.770002370634888,30.157988587727168,0.08469184408298247,0.7226667798658397,False,True,2024
2024-04-15,PETR4,LSTM,29.715023040771484,29.540958789603195,29.4670840504162,29.56590550511773,29.22465503615237,0.17406425116828927,0.4903680046191141,False,False,2024
2024-04-16,PETR4,LSTM,29.85108184814453,29.69190499862364,29.555887580740855,29.79694828053393,29.73970073738778,0.15917684952088962,0.11138111075675283,True,False,2024
2024-04-17,PETR4,LSTM,30.070293426513672,29.82243459820822,29.55294152004859,29.958667125700984,29.7829658289849,0.24785882830545347,0.28732759752877257,False,True,2024
2024-04-18,PETR4,LSTM,30.12320709228516,29.9600672306276,29.99866070087303,30.119311740846914,30.370625032407695,0.16313986165755878,0.24741794012253493,False,False,2024
2024-04-19,PETR4,LSTM,30.63722419738769,30.100765796568965,30.417617708777428,30.19424735165157,30.483158842655605,0.5364584008187272,0.1540653547320865,True,False,2024
2024-04-22,PETR4,LSTM,31.370473861694336,30.244331145578997,30.61588537963212,30.66280261718917,30.79243118705703,1.1261427161153392,0.578042674637306,True,True,2024
2024-04-23,PETR4,LSTM,31.30999565124512,30.428267487717278,30.697083505747788,31.207046654923076,31.1936435500613,0.8817281635278427,0.11635210118382133,True,True,2024
2024-04-24,PETR4,LSTM,31.166372299194336,30.64493580497836,30.766286727168342,31.257024750688593,31.198097633024176,0.5214364942159762,0.03172533382984,True,False,2024
2024-04-25,PETR4,LSTM,31.91473197937012,30.8542429314096,31.181175703716942,31.24239529446625,31.479773159787516,1.0604890479605196,0.4349588195826044,True,True,2024
2024-04-26,PETR4,LSTM,32.36545181274414,31.076037528857796,31.004578861168486,31.807361100938493,31.48287703217806,1.2894142838863445,0.8825747805660811,True,True,2024
2024-04-29,PETR4,LSTM,32.75399398803711,31.332427756288183,31.323608793178206,32.25435819457685,32.325151883232344,1.4215662317489262,0.42884210480476526,True,False,2024
2024-04-30,PETR4,LSTM,32.65297317504883,31.6095689692242,31.25478876250942,32.66548929725002,32.31790170721391,1.0434042058246291,0.3350714678349149,True,True,2024
2024-05-01,PETR4,LSTM,32.65297317504883,31.899205029119884,31.587598872823932,32.669371271963115,32.62541660462609,0.7537681459289445,0.027556570422738957,True,True,2024
2024-05-02,PETR4,LSTM,32.777305603027344,32.15618287331992,32.19468876737149,32.68003786754426,32.95628513982459,0.6211227297074231,0.1789795367972431,True,False,2024
2024-05-03,PETR4,LSTM,32.360347747802734,32.386290158208226,32.55603455708984,32.81797294882375,32.958880580879026,0.0259424104054915,0.5985328330762911,False,False,2024
2024-05-06,PETR4,LSTM,32.579383850097656,32.556802284604714,32.556802284604714,32.50479333309461,32.376033801291456,0.02258156549294199,0.20335004880620033,False,False,2024
2024-05-07,PETR4,LSTM,32.976890563964844,32.682018746786724,32.682018746786724,32.68253912089819,32.69494067196312,0.2948718171781195,0.2819498920017267,True,False,2024
2024-05-08,PETR4,LSTM,33.479854583740234,32.81390060253577,32.81390060253577,33.01789862713477,33.0278664798065,0.665953981204467,0.45198810393373634,True,False,2024
2024-05-09,PETR4,LSTM,33.804351806640625,32.96736200802212,33.36774121716275,33.47838338756113,33.877676829445925,0.8369897986185038,0.07332502280529951,True,True,2024
2024-05-10,PETR4,LSTM,33.73134231567383,33.15175811725632,33.27039708566311,33.74910643862814,33.57280814957485,0.579584198417507,0.1585341660989812,True,False,2024
2024-05-13,PETR4,LSTM,33.763790130615234,33.356939633062154,33.387729763115125,33.75695868370127,33.71709155221162,0.40685049755308,0.04669857840361402,True,False,2024
2024-05-14,PETR4,LSTM,33.15536117553711,33.54881986550478,33.44927530315339,33.82593690535043,33.71337741505087,0.3934586899676731,0.558016239513762,False,False,2024
2024-05-15,PETR4,LSTM,31.1516056060791,33.63637722283019,33.94896427037503,33.35359395259126,33.72716482919096,2.4847716167510896,2.57555922311186,False,True,2024
2024-05-16,PETR4,LSTM,30.24301147460937,33.43270777528099,33.19832141351683,31.601741165757943,31.09089738979868,3.189696300671617,0.847885915189309,True,True,2024
2024-05-17,PETR4,LSTM,29.764379501342773,33.08610239250012,33.08157012004668,30.73720077440398,30.916724947621926,3.32172289115735,1.1523454462791527,True,False,2024
2024-05-20,PETR4,LSTM,29.81305694580078,32.642122272639824,32.642122272639824,30.210068214645432,30.18398472085494,2.829065326839043,0.3709277750541595,True,False,2024
2024-05-21,PETR4,LSTM,29.756267547607425,32.19926821336739,31.839896941625614,30.204734222412835,29.816285974377557,2.443000665759964,0.06001842677013158,True,True,2024
2024-05-22,PETR4,LSTM,30.16188621520996,31.80634928627734,31.564141472465888,30.08341596378007,30.10971457278085,1.6444630710673778,0.0521716424291121,True,True,2024
2024-05-23,PETR4,LSTM,29.86173439025879,31.48348460444936,31.38167544483238,30.329265512910226,30.39525766781513,1.6217502141905697,0.5335232775563412,True,False,2024
2024-05-24,PETR4,LSTM,29.699481964111328,31.22173452531254,30.867468511370266,30.071716196508692,29.767811307907415,1.5222525612012134,0.06832934379608702,True,True,2024
2024-05-27,PETR4,LSTM,30.023975372314453,31.00266165072628,30.80639991092108,29.879081054864066,29.96190787487035,0.9786862784118284,0.06206749744410445,True,False,2024
2024-05-28,PETR4,LSTM,30.66485977172852,30.83627267630763,31.158562052130254,30.188450013955038,30.63144271457783,0.1714129045791104,0.033417057150689544,True,True,2024
2024-05-29,PETR4,LSTM,30.6242904663086,30.766508551459026,30.8171864404704,30.67930890118798,30.4599129173276,0.1422180851504251,0.1643775489810011,False,False,2024
2024-05-30,PETR4,LSTM,30.6242904663086,30.74157540643384,30.27175871461821,30.650715865062438,30.15529682322105,0.11728494012523782,0.46899364308755054,False,True,2024
2024-05-31,PETR4,LSTM,31.467981338500977,30.73094421433356,30.781551273827855,30.622237228155264,31.05959572205874,0.737037124167415,0.40838561644223503,True,False,2024
2024-06-03,PETR4,LSTM,31.29762840270996,30.793698734955086,30.78942935496041,31.384987726462395,31.293406121594064,0.5039296677548748,0.004222281115897175,True,True,2024
2024-06-04,PETR4,LSTM,30.948789596557617,30.899044407462156,30.64675585539766,31.217790327844696,30.9802921018008,0.04974518909546077,0.0315025052431821,True,False,2024
2024-06-05,PETR4,LSTM,30.98935317993164,30.986658313681716,30.986658313681716,30.96340275570079,31.169299749811092,0.0026948662499250986,0.17994656987945135,False,False,2024
2024-06-06,PETR4,LSTM,31.1353759765625,31.093766836497736,31.093766836497736,31.066884951564145,31.051590049116506,0.04160914006476446,0.08378592744599445,False,False,2024
2024-06-07,PETR4,LSTM,29.967191696166992,31.198928110436924,30.671160465601613,31.25134677426898,30.716693963209988,1.2317364142699319,0.7495022670429954,True,True,2024
2024-06-10,PETR4,LSTM,30.421480178833008,31.20927901671402,31.57017039942485,30.24637303605617,31.013264059403454,0.787798837881013,0.5917838805704463,True,True,2024
2024-06-11,PETR4,LSTM,30.55128669738769,31.18176429173849,31.546023461515535,30.669857124958902,30.692218593346208,0.630477594350797,0.1409318959585164,True,True,2024
2024-06-12,PETR4,LSTM,29.88650894165039,31.16225984055174,30.83496699881297,30.672361070836487,30.065034376903807,1.2757508989013502,0.17852543525341602,True,True,2024
2024-06-13,PETR4,LSTM,29.58614158630371,31.1067583302669,30.80134949624735,30.16191247607982,30.131390262116412,1.5206167439631884,0.5452486758127009,True,True,2024
2024-06-14,PETR4,LSTM,28.935346603393555,30.982308966127277,30.693961079255025,29.888633467831088,29.80413967777874,2.046962362733723,0.8687930743851844,True,True,2024
2024-06-17,PETR4,LSTM,29.043811798095703,30.77980737617466,31.119508356790522,29.27649112011778,29.80634463440601,1.7359955780789562,0.7625328363103065,True,True,2024
2024-06-18,PETR4,LSTM,29.953256607055664,30.54327318653378,30.89157848116461,29.32539684690567,29.36352374756157,0.5900165794781174,0.5897328594940952,True,True,2024
2024-06-19,PETR4,LSTM,29.978286743164062,30.393349774903186,30.343028955647213,30.02188328495354,29.73439402951413,0.4150630317391233,0.24389271364993093,True,False,2024
2024-06-20,PETR4,LSTM,30.453866958618164,30.330078938291592,30.330078938291592,30.016126977576786,30.092133053647725,0.12378802032657177,0.3617339049704391,False,False,2024
2024-06-21,PETR4,LSTM,30.61239051818848,30.362968266858985,30.362968266858985,30.467118351230265,30.47568097435279,0.24942225132949503,0.13670954383568912,True,False,2024
2024-06-24,PETR4,LSTM,30.921104431152344,30.424650817139224,31.11787527964281,30.61542308379938,31.301262270831433,0.49645361401312016,0.38015783967908945,True,True,2024
2024-06-25,PETR4,LSTM,30.896074295043945,30.53015876038603,30.669401253409262,30.881454605250994,30.46834588755075,0.3659155346579155,0.42772840749319485,False,False,2024
2024-06-26,PETR4,LSTM,30.94613647460937,30.662768375816313,31.03929405100349,30.930829143823082,31.24821756662328,0.28336809879305846,0.302081092013907,False,True,2024
2024-06-27,PETR4,LSTM,31.46343231201172,30.78054988774133,30.78054988774133,30.95197370227901,30.665841096675447,0.6828824242703888,0.7975912153362721,False,False,2024
2024-06-28,PETR4,LSTM,31.74711227416992,30.92928823124234,31.241530997934014,31.441065940456514,31.78378879194987,0.8178240429275796,0.03667651777995218,True,True,2024
2024-07-01,PETR4,LSTM,32.23103713989258,31.140446719295113,31.44153159740105,31.754743738139766,31.796937249401044,1.090590420597465,0.4340998904915345,True,True,2024
2024-07-02,PETR4,LSTM,32.13091278076172,31.397707307965902,31.34469560105769,32.17951465575659,31.920809696433505,0.7332054727958166,0.2101030843282139,True,False,2024
2024-07-03,PETR4,LSTM,31.571901321411133,31.660974372654493,31.660974372654493,32.134648533445336,32.208853576052654,0.08907305124336062,0.6369522546415212,False,False,2024
2024-07-04,PETR4,LSTM,31.138032913208008,31.857990719874522,31.857990719874522,31.701515687968286,31.696098800652862,0.719957806666514,0.5580658874448545,True,False,2024
2024-07-05,PETR4,LSTM,31.30491065979004,31.960540910092504,31.960540910092504,31.36299153999148,31.363838350387873,0.6556302503024654,0.05892769059783376,True,False,2024
2024-07-08,PETR4,LSTM,32.072509765625,32.01783723310473,32.28085216043472,31.575289107536875,31.827663226860793,0.05467253252027149,0.24484653876420737,False,True,2024
2024-07-09,PETR4,LSTM,32.064170837402344,32.066727440069116,32.066959143288166,32.138389425884114,31.935344277081658,0.0025566026667718234,0.12882656032068596,False,False,2024
2024-07-10,PETR4,LSTM,31.76379776000977,32.14845780264946,32.33264204504127,32.1126775982514,32.325624947978,0.3846600426396911,0.5618271879682304,False,False,2024
2024-07-11,PETR4,LSTM,31.98073387145996,32.22571342664921,32.209222158563605,31.88873812411914,31.724646632142814,0.2449795551892464,0.2560872393171465,False,False,2024
2024-07-12,PETR4,LSTM,31.830551147460938,32.30250436625789,32.30250436625789,32.10856224362358,32.14367982515204,0.47195321879695484,0.313128677691104,True,False,2024
2024-07-15,PETR4,LSTM,32.1225700378418,32.37693746284526,32.82472315294619,32.041152893383035,32.4754522948484,0.25436742500346554,0.35288225700660547,False,True,2024
2024-07-16,PETR4,LSTM,32.03913879394531,32.44007307384041,32.17116405403634,32.297193353145644,31.65856029998618,0.4009342798950968,0.38057849395913124,True,True,2024
2024-07-17,PETR4,LSTM,32.20600509643555,32.49449277919368,32.855722189673244,32.210163863947734,32.8174263104953,0.28848768275813086,0.611421214059753,False,True,2024
2024-07-18,PETR4,LSTM,32.14760208129883,32.552787313120035,32.892174564193944,32.35058907799749,32.36491468828567,0.405185231821207,0.21731260698684451,True,True,2024
2024-07-19,PETR4,LSTM,32.28110122680664,32.60535565685177,32.13001008800002,32.3258959554761,31.59815427772581,0.32425443004513,0.6829469490808293,False,True,2024
2024-07-22,PETR4,LSTM,31.63864517211914,32.64484399550176,32.32808659394483,32.439705297789175,32.522496245373674,1.0061988233826185,0.883851073254533,True,True,2024
2024-07-23,PETR4,LSTM,31.22981643676757,32.63411199885104,32.33582122796707,31.846678965176487,31.751030645171493,1.404295562083469,0.5212142084039222,True,True,2024
2024-07-24,PETR4,LSTM,31.480121612548828,32.56925533455566,32.931315853062756,31.543808147821796,32.10912175613375,1.0891337220068351,0.6290001435849248,True,True,2024
2024-07-25,PETR4,LSTM,31.43840408325196,32.49878803650154,32.86006519578813,31.75793438862288,31.79286780072258,1.060383953249577,0.3544637174706189,True,True,2024
2024-07-26,PETR4,LSTM,31.405027389526367,32.4251441657847,32.74770500084366,31.685850544140315,31.73575988877289,1.0201167762583339,0.3307324992465226,True,True,2024
2024-07-29,PETR4,LSTM,30.77092170715332,32.339369327948816,31.972981276162503,31.62866196737199,31.020516550446633,1.5684476207954958,0.2495948432933126,True,True,2024
2024-07-30,PETR4,LSTM,30.579021453857425,32.197426686336144,31.940689150468913,30.995767640913375,31.059622169434874,1.6184052324787181,0.48060071557744877,True,False,2024
2024-07-31,PETR4,LSTM,31.21312713623047,32.00580215324098,32.406033508756074,30.851676117319915,31.417196342719862,0.7926750170105095,0.2040692064893932,True,True,2024
2024-08-01,PETR4,LSTM,30.737548828125,31.896180892606623,31.93071521139621,31.36408945542201,31.05480493801271,1.1586320644816226,0.31725610988770825,True,False,2024
2024-08-02,PETR4,LSTM,29.811412811279297,31.80714834673816,31.571623041066243,30.958650840531885,30.715276266496748,1.9957355354588628,0.9038634552174507,True,True,2024
2024-08-05,PETR4,LSTM,29.7863826751709,31.652961640218138,31.375553450988203,30.16719939185663,30.061536158145532,1.866578965047239,0.27515348297463404,True,True,2024
2024-08-06,PETR4,LSTM,30.303682327270508,31.4062388150399,31.036210872306647,30.077697720119314,29.90038785425964,1.102556487769391,0.40329447301086674,True,True,2024
2024-08-07,PETR4,LSTM,30.26196479797364,31.196058868720684,31.531221634012873,30.466281175329044,31.071112830687674,0.9340940707470438,0.8091480327140346,True,True,2024
2024-08-08,PETR4,LSTM,30.74588966369629,31.0608725906352,31.391688901129047,30.385674529060324,30.407746028016405,0.31498292693891017,0.33814363567988437,False,True,2024
2024-08-09,PETR4,LSTM,30.46220970153809,30.985996937484913,31.473703721529024,30.818312946774615,31.056346319719033,0.5237872359468234,0.5941366181809435,False,True,2024
2024-08-12,PETR4,LSTM,31.154720306396484,30.90177596491438,31.213040044060822,30.522015991862606,30.456271431600968,0.252944341482106,0.6984488747955169,False,True,2024
2024-08-13,PETR4,LSTM,30.96282196044922,30.914270811874047,30.49359926193936,31.16909476120512,30.52895751051799,0.04855114857517151,0.4338644499312281,False,True,2024
2024-08-14,PETR4,LSTM,31.50514793395996,30.983779237375188,31.013857281336584,30.966448489258852,31.35915372302279,0.5213686965847728,0.1459942109371717,True,False,2024
2024-08-15,PETR4,LSTM,31.98908233642578,31.087634969453774,30.982114745479862,31.462467114630247,31.30512626994139,0.9014473669720076,0.6839560664843916,True,False,2024
2024-08-16,PETR4,LSTM,32.1225700378418,31.24637754992426,31.302121260829693,31.889682901161798,32.039522805904525,0.8761924879175353,0.0830472319372717,True,False,2024
2024-08-19,PETR4,LSTM,32.072509765625,31.4296648091036,31.020002279854324,32.070970175384666,31.604483198838174,0.642844956521401,0.4680265667868255,True,True,2024
2024-08-20,PETR4,LSTM,31.94736099243164,31.634384099165942,31.59916312166153,32.046413442849946,32.350651247851786,0.31297689326569866,0.4032902554201456,False,False,2024
2024-08-21,PETR4,LSTM,31.75545692443848,31.803752954441563,31.508121303915534,32.01588857226934,31.7087974658803,0.048296030003083246,0.046659458558181655,True,True,2024
2024-08-22,PETR4,LSTM,31.85259437561035,31.93535944166257,32.26830954356044,31.86115583390843,32.41903622670801,0.08276506605221812,0.5664418510976574,False,True,2024
2024-08-23,PETR4,LSTM,31.655229568481445,32.02764969556361,32.31592859454961,31.96906577722736,31.955742934698392,0.3724201270821652,0.300513366216947,True,True,2024
2024-08-26,PETR4,LSTM,33.954933166503906,32.095065811981186,32.541166076339174,31.81740116390913,32.049056795589074,1.85986735452272,1.9058763709148323,False,True,2024
2024-08-27,PETR4,LSTM,33.500144958496094,32.2664286304375,31.852157287758867,33.79537177254343,33.037695661462855,1.2337163280585912,0.46244929703323834,True,True,2024
2024-08-28,PETR4,LSTM,33.980674743652344,32.49321182380879,32.467176776343315,33.29450719355128,33.63853064696922,1.4874629198435514,0.3421440966831213,True,False,2024
2024-08-29,PETR4,LSTM,33.748992919921875,32.73720800882995,33.1053313881038,33.839815170547304,34.192481792780875,1.0117849110919224,0.4434888728589996,True,True,2024
2024-08-30,PETR4,LSTM,33.7833137512207,32.98592725583646,33.12052605334202,33.64228347410653,33.481058318166525,0.7973864953842451,0.302255433054178,True,False,2024
2024-09-02,PETR4,LSTM,33.4658203125,33.21702783434375,33.1702721001548,33.739303523187665,33.61459718097455,0.24879247815624694,0.14877686847454896,True,False,2024
2024-09-03,PETR4,LSTM,33.0625114440918,33.40470623808625,32.99797818018997,33.55689342990912,33.18950053931667,0.34219479399445163,0.12698909522487156,True,True,2024
2024-09-04,PETR4,LSTM,33.07109069824219,33.515755972959795,33.64718937185724,33.187683835853434,33.641624017702185,0.4446652747176074,0.5705333194599973,False,False,2024
2024-09-05,PETR4,LSTM,32.86515045166016,33.57624607916773,33.7811511672242,33.2144535562388,33.28352862978877,0.7110956275075679,0.4183781781286058,True,False,2024
2024-09-06,PETR4,LSTM,32.22157669067383,33.59121432558459,33.26777511571427,33.07821938598971,32.59378026896128,1.3696376349107595,0.3722035782874542,True,True,2024
2024-09-09,PETR4,LSTM,32.573394775390625,33.52362610383699,33.87313507829046,32.48203202088807,33.09656772127195,0.9502313284463639,0.5231729458813277,True,True,2024
2024-09-10,PETR4,LSTM,32.03279495239258,33.43271269257613,33.10509513476792,32.80559655408845,32.16146979745426,1.3999177401835539,0.12867484506168125,True,True,2024
2024-09-11,PETR4,LSTM,31.998470306396484,33.306421801405264,33.62606990471657,32.255072391174394,32.857003299373005,1.3079514950087798,0.8585329929765209,True,True,2024
2024-09-12,PETR4,LSTM,31.6380672454834,33.16421116720727,33.4761679267922,32.24948206517332,32.26700625237626,1.5261439217238717,0.628939006892864,True,True,2024
2024-09-13,PETR4,LSTM,31.49219512939453,33.0043179396732,33.2192709999068,31.846124081976345,31.819584558658175,1.5121228102786688,0.32738942926364345,True,True,2024
2024-09-16,PETR4,LSTM,31.92982292175293,32.83266745945099,32.95989964820042,31.70523208983257,31.687037608742152,0.9028445376980585,0.24278531301077777,True,False,2024
2024-09-17,PETR4,LSTM,31.7839469909668,32.70323195803584,32.69313264512805,32.064014429627086,31.9744206583569,0.9192849670690428,0.1904736673901013,True,False,2024
2024-09-18,PETR4,LSTM,31.02024269104004,32.579667707022054,32.2285928942679,31.931808981716312,31.591122564076727,1.5594250159820149,0.570879873036688,True,True,2024
2024-09-19,PETR4,LSTM,31.123214721679688,32.419973629941296,32.45223509289612,31.20266356856985,31.518924141967588,1.2967589082616087,0.39570942028790057,True,False,2024
2024-09-20,PETR4,LSTM,31.11462783813477,32.258261003204126,32.597823516412674,31.300048717080106,31.59150096018485,1.1436331650693567,0.4768731220500797,True,False,2024
2024-09-23,PETR4,LSTM,31.43212509155273,32.09200233710678,32.36114828615623,31.279300445760924,31.267556438860264,0.6598772455540463,0.16456865269246634,True,True,2024
2024-09-24,PETR4,LSTM,31.56084251403809,31.96193250461812,32.27141817199549,31.537557788064763,31.65183606451337,0.40108999058002937,0.0909935504752788,True,True,2024
2024-09-25,PETR4,LSTM,31.792526245117188,31.9055409639123,31.483389360211778,31.650566238237655,30.994160397900682,0.11301471879511382,0.7983658472165054,False,True,2024
2024-09-26,PETR4,LSTM,31.10605239868164,31.891816793166754,31.512044755810393,31.847120552017593,31.830069564171247,0.7857643944851134,0.7240171654896059,True,True,2024
2024-09-27,PETR4,LSTM,30.985918045043945,31.82285172877897,32.25667448928859,31.216219495256173,31.90720936814556,0.8369336837350261,0.9212913231016131,False,True,2024
2024-09-30,PETR4,LSTM,30.90010452270508,31.724036224222488,31.61612078058386,31.07523543815599,30.594531086700712,0.8239317015174059,0.30557343600436937,True,False,2024
2024-10-01,PETR4,LSTM,31.723880767822266,31.644506351218865,31.966077893355475,31.063556003937794,31.498460641789222,0.07937441660340028,0.2254201260330433,False,True,2024
2024-10-02,PETR4,LSTM,32.16150665283203,31.639608725255925,31.70263588653027,31.72820068404285,31.527711449139346,0.5218979275761058,0.633795203692685,False,False,2024
2024-10-03,PETR4,LSTM,32.556236267089844,31.724916420053177,31.68063647739399,32.108701193066665,32.027318661197015,0.8313198470366672,0.5289176058928291,True,True,2024
2024-10-04,PETR4,LSTM,32.47042465209961,31.874923425701212,32.02652592715885,32.458465645659956,32.65337674606231,0.5955012263983974,0.1829520939626974,True,False,2024
2024-10-07,PETR4,LSTM,32.92521667480469,32.059703083956606,32.53527865424986,32.44905541835484,32.78730942561394,0.8655135908480815,0.13790724919074648,True,True,2024
2024-10-08,PETR4,LSTM,32.26448059082031,32.25562041571206,31.835372900880945,32.91103136205844,32.1129572793261,0.008860175108253543,0.15152331149420917,False,True,2024
2024-10-09,PETR4,LSTM,31.93840217590332,32.39585183861479,32.276698009101075,32.29091162380689,32.55187729192179,0.45744966271146836,0.6134751160184706,False,False,2024
2024-10-10,PETR4,LSTM,32.30738830566406,32.46146084906712,32.80414426490032,32.10469929275606,32.500848210427165,0.15407254340306054,0.19345990476310249,False,True,2024
2024-10-11,PETR4,LSTM,32.281639099121094,32.52028890951655,32.43742521123869,32.39944955110463,32.03217802917081,0.23864981039545796,0.24946106995028572,False,False,2024
2024-10-14,PETR4,LSTM,32.3588752746582,32.581292873066985,32.12439732762484,32.4136788526833,32.044472752049806,0.22241759840878217,0.31440252260839685,False,True,2024
2024-10-15,PETR4,LSTM,32.09286117553711,32.621299986354614,32.127667052287336,32.47389473554577,32.32998809741853,0.5284388108175051,0.23712692188141915,True,True,2024
2024-10-16,PETR4,LSTM,31.92982292175293,32.623121844205286,32.55042234128121,32.18230401500429,32.46807780638989,0.6932989224523567,0.538254884636963,True,False,2024
2024-10-17,PETR4,LSTM,31.68955421447754,32.61313727641638,32.62233613168377,32.06658917113081,32.09729074486078,0.9235830619388423,0.4077365303832394,True,False,2024
2024-10-18,PETR4,LSTM,31.60374641418457,32.575834675457685,32.58324726937401,31.856935571326982,31.854479573471462,0.9720882612731145,0.25073315928689155,True,False,2024
2024-10-21,PETR4,LSTM,31.10605239868164,32.50260877482805,32.476085871401914,31.762683792788323,31.733999098972692,1.3965563761464068,0.6279467002910515,True,False,2024
2024-10-22,PETR4,LSTM,30.985918045043945,32.39425617634072,32.7816150164151,31.365805885477187,31.771833893210495,1.408338131296773,0.7859158481665496,True,True,2024
2024-10-23,PETR4,LSTM,30.599767684936523,32.25258152731337,32.182244023171556,31.19585084505486,30.815118805674633,1.652813842376844,0.21535112073810936,True,False,2024
2024-10-24,PETR4,LSTM,30.80571174621582,32.06012597133895,31.97144586402619,30.80544871816344,30.809232708817436,1.2544142251231278,0.003520962601616162,True,False,2024
2024-10-25,PETR4,LSTM,31.02024269104004,31.872479530014886,32.183897270449265,31.01315229462878,31.38503417052005,0.8522368389748465,0.36479147948001156,True,True,2024
2024-10-28,PETR4,LSTM,30.9687557220459,31.72040234311143,31.32079325318312,31.151461386299143,30.48819537449618,0.7516466210655324,0.4805603475497193,True,True,2024
2024-10-29,PETR4,LSTM,30.90010452270508,31.57213851859177,31.51028863120417,30.996786507800692,31.28367471212888,0.6720339958866894,0.38357018942379995,True,False,2024
2024-10-30,PETR4,LSTM,30.762805938720703,31.46523898081935,31.75250190961156,30.997568608569388,31.295710431711083,0.7024330420986473,0.5329044929903795,True,True,2024
2024-10-31,PETR4,LSTM,30.81429481506348,31.379545278353334,30.615377272941487,30.827337986252513,29.827774960946584,0.5652504632898534,0.9865198541168958,False,False,2024
2024-11-01,PETR4,LSTM,30.39382553100586,31.318411006481597,30.99446867511955,30.932099383606776,31.237256712993627,0.9245854754757374,0.8434311819877678,True,True,2024
2024-11-04,PETR4,LSTM,30.462474822998047,31.25065559669912,31.55616329759667,30.562625677780762,31.064132472644395,0.7881807737010718,0.6016576496463486,True,True,2024
2024-11-05,PETR4,LSTM,30.36808586120605,31.184262277671394,30.962198690291487,30.582859183415334,30.096928605957615,0.8161764164653427,0.27115725524843626,True,False,2024
2024-11-06,PETR4,LSTM,30.37666702270508,31.1138097315027,30.981356890850808,30.477923153512066,30.54547705229578,0.7371427087976166,0.16881002959069846,True,False,2024
2024-11-07,PETR4,LSTM,30.47105407714844,31.04027649992659,30.71921105591579,30.523713872881288,30.286189838662377,0.5692224227781502,0.18486423848606393,True,True,2024
2024-11-08,PETR4,LSTM,31.04598045349121,30.981623003454757,30.566710060144576,30.593613562439153,30.41550917691599,0.06435745003645366,0.6304712765752214,False,True,2024
2024-11-11,PETR4,LSTM,31.10605239868164,30.9654795234986,30.59621566778933,31.074819256610642,30.993615697186776,0.14057287518303951,0.11243670149486462,True,True,2024
2024-11-12,PETR4,LSTM,31.68955421447754,30.98863752497698,30.86395274308629,31.049668671548183,31.185095004651078,0.7009166895005592,0.5044592098264609,True,False,2024
2024-11-13,PETR4,LSTM,31.64665412902832,31.076748078006034,31.49939984802893,31.640371901125143,32.116890275663025,0.5699060510222864,0.47023614663470426,True,True,2024
2024-11-14,PETR4,LSTM,31.981306076049805,31.202539863719835,31.096185910702953,31.5549328831664,31.10367329272209,0.7787662123299697,0.8776327833277158,False,False,2024
2024-11-15,PETR4,LSTM,31.981306076049805,31.347442717008903,30.92990900246756,31.934900473507987,31.621939072584315,0.6338633590409017,0.3593670034654899,True,True,2024
2024-11-18,PETR4,LSTM,32.77933883666992,31.48551298869606,31.761148131599676,31.93789478618095,32.52949905380418,1.2938258479738636,0.2498397828657417,True,True,2024
2024-11-19,PETR4,LSTM,32.43610000610352,31.66256511763342,31.46634378977398,32.6096700230436,32.15041524340256,0.7735348884701025,0.28568476270096,True,False,2024
2024-11-20,PETR4,LSTM,32.43610000610352,31.85947082571272,31.78124493288976,32.32500224093411,32.42989724192969,0.5766291803908032,0.006202764173835362,True,False,2024
2024-11-21,PETR4,LSTM,32.530494689941406,32.043048205305524,32.35250528915512,32.45200116994557,32.80348215631241,0.4874464846358819,0.27298746637100635,True,True,2024
2024-11-22,PETR4,LSTM,33.82621765136719,32.206299945422614,32.71672325985727,32.560790985845145,32.81382215270092,1.619917705944573,1.0123954986662653,True,True,2024
2024-11-25,PETR4,LSTM,33.62027740478516,32.42098659274086,32.08538252603799,33.69381022963517,32.94495999230577,1.1992908120443033,0.6753174124793944,True,True,2024
2024-11-26,PETR4,LSTM,33.577369689941406,32.66410258193133,32.9319538132027,33.448206101789715,34.018404498800564,0.9132671080100749,0.4410348088591576,True,False,2024
2024-11-27,PETR4,LSTM,33.45724105834961,32.88645037508317,32.8881933330951,33.475761360855415,33.24792139024254,0.5707906832664378,0.2093196681070708,True,False,2024
2024-11-28,PETR4,LSTM,33.11399841308594,33.0676404078838,32.979976151374956,33.40391407781697,33.33688419830236,0.046358005202137065,0.22288578521641966,False,False,2024
2024-11-29,PETR4,LSTM,33.380008697509766,33.187265905487635,33.187265905487635,33.12747711937637,33.20747426159897,0.19274279202213052,0.17253443591079787,True,False,2024
2024-12-02,PETR4,LSTM,33.59453201293945,33.293479480587536,33.293479480587536,33.39676178471849,33.38850368138334,0.30105253235191753,0.20602833155611222,True,False,2024
2024-12-03,PETR4,LSTM,33.894866943359375,33.383837237497175,33.825731084476516,33.62446395436501,34.05660127379608,0.5110297058621995,0.16173433043670826,True,True,2024
2024-12-04,PETR4,LSTM,33.68033981323242,33.5045863370413,33.19997148483554,33.90515953687112,33.24208077740376,0.1757534761911188,0.4382590358286649,False,True,2024
2024-12-05,PETR4,LSTM,34.01499938964844,33.617716087760556,33.96174779816744,33.72990397630194,34.34176012385837,0.39728330188788163,0.3267607342099339,True,True,2024
2024-12-06,PETR4,LSTM,33.49155807495117,33.72778728090054,33.40765418071288,34.04734286358809,33.42575085931874,0.23622920594937113,0.0658072156324323,True,True,2024
2024-12-09,PETR4,LSTM,34.35824203491211,33.8003936023421,34.10729589119129,33.58933691438739,34.17745926038189,0.5578484325700117,0.18078277453022196,True,True,2024
2024-12-10,PETR4,LSTM,34.48695755004883,33.888368929754705,33.84205516852114,34.31339969878237,33.98666648639236,0.5985886202941231,0.5002910636564692,True,False,2024
2024-12-11,PETR4,LSTM,34.83019256591797,34.02146044010905,34.4089760089917,34.47145652409299,34.90607482142417,0.8087321258089162,0.07588225550620109,True,True,2024
2024-12-12,PETR4,LSTM,34.20720672607422,34.17161250596382,33.79368297429937,34.78756560072621,34.08996905759192,0.035594220110397146,0.11723766848229644,False,True,2024
2024-12-13,PETR4,LSTM,33.993072509765625,34.282546684401495,34.42463112841884,34.19744128994729,34.675097750627,0.28947417463587044,0.6820252408613783,False,False,2024
2024-12-16,PETR4,LSTM,33.85032272338867,34.34500616731441,34.55460275224592,34.06512437022543,34.14410531986298,0.49468344392573727,0.2937825964743084,True,False,2024
2024-12-17,PETR4,LSTM,34.17151641845703,34.36131929395302,34.0359953243224,33.938645249954895,33.44486687846552,0.1898028754959853,0.7266495399915129,False,True,2024
2024-12-18,PETR4,LSTM,33.28823471069336,34.360854609561954,34.05201278128924,34.26455532381928,34.21134943510405,1.072619898868595,0.9231147244106879,True,True,2024
2024-12-19,PETR4,LSTM,33.15439987182617,34.30688729536189,34.0782254560019,33.45318352016077,33.43506334954839,1.1524874235357174,0.28066347772222144,True,True,2024
2024-12-20,PETR4,LSTM,32.8778190612793,34.210070671281244,34.29229723545314,33.329461386545496,33.575817692649004,1.332251610001947,0.6979986313697069,True,False,2024
2024-12-23,PETR4,LSTM,32.88673782348633,34.06032919957096,33.71051649859332,33.09736266640063,32.672945144747715,1.1735913760846302,0.21379267873861352,True,True,2024
2024-12-24,PETR4,LSTM,32.88673782348633,33.893182961700205,34.026096455870025,33.0158649034327,33.42719549411164,1.006445138213877,0.5404576706253152,True,False,2024
2024-12-26,PETR4,LSTM,33.13395690917969,33.72584740796643,33.93166546507187,32.96948140413268,33.04954941456435,0.5918904987867393,0.08440749461533414,True,False,2024
2024-12-27,PETR4,LSTM,33.032066345214844,33.603999292957724,33.479129957284776,33.1691914708515,32.88182482477179,0.5719329477428801,0.1502415204430534,True,False,2024
2024-12-30,PETR4,LSTM,33.523006439208984,33.517757312083205,33.6249883334604,33.06344673717939,33.28090322952142,0.005249127125779296,0.2421032096875635,False,False,2024
2024-12-31,PETR4,LSTM,33.523006439208984,33.5047953220849,33.5047953220849,33.51672313791546,33.4092814367483,0.018211117124081966,0.11372500246068284,False,False,2024
2025-01-02,PETR4,LSTM,34.060264587402344,33.505948427796056,33.505948427796056,33.478180932796114,33.48329081001399,0.5543161596062873,0.5769737773883534,False,False,2025
2025-01-03,PETR4,LSTM,33.69900894165039,33.58240007403984,33.58240007403984,33.9889694200658,33.97179175926173,0.11660886761055167,0.27278281761133627,False,False,2025
2025-01-06,PETR4,LSTM,33.54153823852539,33.681161488349744,33.681161488349744,33.68481552280506,33.69476328661995,0.13962324982435348,0.15322504809456206,False,False,2025
2025-01-07,PETR4,LSTM,34.25478744506836,33.771366809109935,33.7836563184353,33.615990215688825,33.5930286978028,0.4834206359584243,0.6617587472655586,False,True,2025
2025-01-08,PETR4,LSTM,33.97690200805664,33.86983318571123,33.483311326978466,34.28256154893219,33.86263736042897,0.10706882234541126,0.11426464762767097,False,True,2025
2025-01-09,PETR4,LSTM,34.12510681152344,33.97719494922714,33.6665125763884,34.03169535764406,34.025885666958516,0.14791186229629716,0.09922114456492181,True,True,2025
2025-01-10,PETR4,LSTM,34.21773910522461,34.074026325193216,34.38242608785629,34.19426163269597,34.71337857585366,0.1437127800313931,0.495639470629051,False,True,2025
2025-01-13,PETR4,LSTM,34.33816146850586,34.23570207221681,33.996797547196806,34.29850256805263,33.79926085085823,0.10245939628904921,0.5389006176476272,False,False,2025
2025-01-14,PETR4,LSTM,34.10658264160156,34.39544286360143,34.31962985770383,34.42540987866364,34.55389553036231,0.2888602219998688,0.4473128887607487,False,False,2025
2025-01-15,PETR4,LSTM,34.54194641113281,34.51177377345911,34.84574126625404,34.281006606451584,34.66388585364073,0.03017263767370082,0.12193944250791589,False,True,2025
2025-01-16,PETR4,LSTM,34.31962966918945,34.61872986012568,34.37092754845883,34.63587960173876,34.10781419672206,0.29910019093622964,0.21181547246739285,True,True,2025
2025-01-17,PETR4,LSTM,34.458580017089844,34.710127624958176,34.685907904661946,34.425681388869116,34.62202531978603,0.2515476078683321,0.1634453026961893,True,False,2025
2025-01-20,PETR4,LSTM,34.54194641113281,34.760055381197844,34.760055381197844,34.54269668700532,34.544500051119634,0.21810897006503183,0.0025536399868215653,True,False,2025
2025-01-21,PETR4,LSTM,34.55120849609375,34.81826140381162,34.81826140381162,34.62387286144877,34.620077665631484,0.2670529077178685,0.06886916953773436,True,False,2025
2025-01-22,PETR4,LSTM,34.356685638427734,34.88904832605007,34.58425032637045,34.70358692225051,34.39591455353627,0.5323626876223386,0.039228915108537876,True,True,2025
2025-01-23,PETR4,LSTM,34.1158447265625,34.92373492599242,34.67374937534779,34.48505133537648,34.473211419027194,0.8078901994299201,0.3573666924646943,True,True,2025
2025-01-24,PETR4,LSTM,33.93984603881836,34.9254166409315,34.90104669820435,34.27958420377576,34.43952272145562,0.9855706021131425,0.49967668263725784,True,False,2025
2025-01-27,PETR4,LSTM,34.4400520324707,34.877824599885,34.877824599885,33.93630243370192,33.89739697207895,0.4377725674142994,0.5426550603917519,False,True,2025
2025-01-28,PETR4,LSTM,34.39373779296875,34.8410186457358,34.498917900383546,34.5837408210062,34.222283244099444,0.4472808527670509,0.17145454886930622,True,True,2025
2025-01-29,PETR4,LSTM,34.180686950683594,34.821809232257664,34.572553269978286,34.46702163786183,34.47906300212967,0.64112228157407,0.29837605144607693,True,True,2025
2025-01-30,PETR4,LSTM,34.63457489013672,34.79265458935177,35.126681464570645,34.28660752586347,34.79603270974395,0.15807969921505105,0.16145781960722871,False,True,2025
2025-01-31,PETR4,LSTM,34.9124641418457,34.76758130141499,35.06939158832749,34.69414405210767,34.700207765613975,0.14488284043071076,0.21225637623172844,False,True,2025
2025-02-03,PETR4,LSTM,34.73646926879883,34.820088178957434,34.820088178957434,34.9086916073975,34.684610903534235,0.08361891015860579,0.051858365264592976,True,False,2025
2025-02-04,PETR4,LSTM,34.39373779296875,34.90215537625511,34.90215537625511,34.78146217088857,34.803794519764104,0.5084175832863593,0.41005672679535365,True,False,2025
2025-02-05,PETR4,LSTM,34.14363479614258,34.93482096789347,34.63013126147171,34.542311197934076,34.24540727405002,0.7911861717508941,0.10177247790743849,True,True,2025
2025-02-06,PETR4,LSTM,34.07879638671875,34.9042108056251,34.599280343362906,34.32069409136801,34.255829472555114,0.8254144189063481,0.17703308583636357,True,True,2025
2025-02-07,PETR4,LSTM,33.88426971435547,34.86091402188646,34.532264987625275,34.27327869201962,34.161127570543975,0.9766443075309894,0.27685785618850645,True,True,2025
2025-02-10,PETR4,LSTM,34.1158447265625,34.79440268777529,34.69747739201065,34.035321954658826,34.18246476184981,0.678557961212789,0.06662003528730764,True,False,2025
2025-02-11,PETR4,LSTM,34.1158447265625,34.73147360317617,34.943428675229484,34.22524395605468,34.48681101464511,0.6156288766136697,0.370966288082613,True,False,2025
2025-02-12,PETR4,LSTM,33.606380462646484,34.697322988404466,34.37864299903933,34.26767005206134,33.7749761550859,1.0909425257579812,0.16859569243941763,True,True,2025
2025-02-13,PETR4,LSTM,33.643428802490234,34.62867754820101,34.68847754316535,33.757960062441825,34.092743475562074,0.985248745710777,0.44931467307183937,True,False,2025
2025-02-14,PETR4,LSTM,34.68088912963867,34.53335086454885,34.630751161253166,33.83209604531977,33.86888923730015,0.14753826508982115,0.8119998923385197,False,True,2025
2025-02-17,PETR4,LSTM,34.89393997192383,34.50324472503269,34.503202534001254,34.659520793530625,34.5573552327219,0.3906952468911413,0.3365847392019248,True,False,2025
2025-02-18,PETR4,LSTM,35.53309631347656,34.56206786818697,34.56206786818697,34.81905779893641,34.81484316943623,0.9710284452895905,0.7182531440403324,True,False,2025
2025-02-19,PETR4,LSTM,35.60719680786133,34.69098705361205,34.69098705361205,35.396918806250376,35.37624066323954,0.9162097542492802,0.2309561446217856,True,False,2025
2025-02-20,PETR4,LSTM,35.662776947021484,34.843698571589016,34.843698571589016,35.455293039135384,35.451834361787455,0.8190783754324684,0.21094258523402942,True,False,2025
2025-02-21,PETR4,LSTM,35.560882568359375,35.01888212837184,34.713789206349176,35.60323635339794,35.29292262661379,0.5420004399875324,0.26795994174558757,True,True,2025
2025-02-24,PETR4,LSTM,35.3107795715332,35.16912762283434,34.79812583150035,35.53871787390474,35.40566428576607,0.14165194869886477,0.09488471423286882,True,True,2025
2025-02-25,PETR4,LSTM,35.1533088684082,35.27233181330641,34.865363477254874,35.340242944613856,35.20767093589707,0.1190229448982052,0.05436206748886718,True,True,2025
2025-02-26,PETR4,LSTM,35.1533088684082,35.33898820762431,35.316106614226356,35.191031659543896,35.46707891059719,0.18567933921610802,0.31377004218898463,False,False,2025
2025-02-27,PETR4,LSTM,33.91205978393555,35.373460905227915,35.77452565016218,35.23987167500038,35.629815324535905,1.4614011212923685,1.7177555406003577,False,True,2025
2025-02-28,PETR4,LSTM,33.28217315673828,35.20045816884124,35.302783236562504,33.99220029340444,33.817554506811724,1.918285012102956,0.5353813500734432,True,False,2025
2025-03-03,PETR4,LSTM,33.28217315673828,34.98013384264095,34.57678166911747,33.568733842767855,33.12972121824242,1.6979606859026717,0.15245193849585803,True,True,2025
2025-03-04,PETR4,LSTM,33.28217315673828,34.75723777108061,34.68550613242159,33.52114096597875,33.77521919431767,1.4750646143423296,0.4930460375793899,True,False,2025
2025-03-05,PETR4,LSTM,32.06870651245117,34.553551112998406,34.186545106092716,33.483077767453,33.13418443614045,2.484844600547234,1.0654779236892793,True,True,2025
2025-03-06,PETR4,LSTM,31.7352352142334,34.25770450933646,34.61267340572476,32.36339449361803,33.0389419781333,2.5224692951030647,1.3037067638999034,True,True,2025
2025-03-07,PETR4,LSTM,32.07797622680664,33.92313666506692,34.3002477879396,32.094187845948184,32.18102917553325,1.8451604382602795,0.10305294872660653,True,True,2025
2025-03-10,PETR4,LSTM,32.06870651245117,33.60772906132408,33.18051286410628,32.34002927379149,31.625865239935372,1.5390225488729072,0.44284127251579974,True,True,2025
2025-03-11,PETR4,LSTM,31.58702850341797,33.30940659955738,32.97346219534081,32.23071009206387,32.249768427386485,1.7223780961394084,0.6627399239685161,True,True,2025
2025-03-12,PETR4,LSTM,31.58702850341797,33.03665653118452,33.326652787297,31.777460832635388,32.31776395026173,1.4496280277665505,0.7307354468437595,True,True,2025
2025-03-13,PETR4,LSTM,31.901975631713867,32.79381099322694,32.603295860861074,31.721144920673066,31.28899233960899,0.8918353615130741,0.6129832921048788,True,False,2025
2025-03-14,PETR4,LSTM,32.88386154174805,32.60336661096622,32.92223090859499,31.98977868475645,32.45329777223812,0.28049493078182763,0.4305637695099236,False,True,2025
2025-03-17,PETR4,LSTM,33.49522399902344,32.5092028676155,32.63455729734976,32.775984966899536,32.60082026695329,0.9860211314079379,0.8944037320701455,True,False,2025
2025-03-18,PETR4,LSTM,33.523006439208984,32.55294958385977,32.5105168726024,33.285503573082146,33.13571360760287,0.9700568553492133,0.3872928316061177,True,False,2025
2025-03-19,PETR4,LSTM,33.49522399902344,32.67937815929466,32.67538342571645,33.33028977318267,33.36198200319905,0.8158458397287802,0.13324199582438467,True,False,2025
2025-03-20,PETR4,LSTM,33.5693244934082,32.829331074696114,32.77222400147466,33.3556537028491,33.29872398206291,0.7399934187120891,0.27060051134529317,True,False,2025
2025-03-21,PETR4,LSTM,34.08805847167969,32.99464807877348,32.99464807877348,33.47519565141936,33.51746790389674,1.0934103929062076,0.5705905677829506,True,False,2025
2025-03-24,PETR4,LSTM,34.04174041748047,33.153833215806884,33.153833215806884,33.93453034895005,33.91160966329385,0.8879072016735847,0.13013075418661657,True,False,2025
2025-03-25,PETR4,LSTM,34.31036758422852,33.33290143575309,33.33290143575309,33.910151480532136,33.91145272191737,0.9774661484754361,0.3989148623111518,True,False,2025
2025-03-26,PETR4,LSTM,34.63457489013672,33.52847947414364,33.85966306901705,34.24282638312774,34.558777573507406,1.1060954159930816,0.07579731662931266,True,True,2025
2025-03-27,PETR4,LSTM,34.89393997192383,33.752811395885885,34.13557973258201,34.52420665009599,34.635806984422786,1.1411285760379428,0.2581329875010425,True,False,2025
2025-03-28,PETR4,LSTM,34.671630859375,33.985010989857756,34.08614112654198,34.77279406785253,34.58749007881963,0.6866198695172443,0.08414078055537288,True,False,2025
2025-03-31,PETR4,LSTM,34.42152404785156,34.18269117192216,34.18269117192216,34.593243047530095,34.55065565065566,0.23883287592940405,0.12913160280410096,True,False,2025
2025-04-01,PETR4,LSTM,34.55120849609375,34.36679470209532,34.36679470209532,34.45398023579147,34.47528426586244,0.18441379399843072,0.07592423023130834,True,False,2025
2025-04-02,PETR4,LSTM,34.458580017089844,34.53212154076297,34.53212154076297,34.61975635018366,34.621481868725525,0.0735415236731285,0.16290185163568083,False,False,2025
2025-04-03,PETR4,LSTM,33.34701156616211,34.65761828876816,34.3152233520591,34.58215269209354,34.243122443169575,1.3106067226060532,0.896110877007466,True,True,2025
2025-04-04,PETR4,LSTM,32.00386428833008,34.647995142172306,34.28908836846248,33.58248668629562,33.53654226354285,2.6441308538422277,1.5326779752127706,True,True,2025
2025-04-07,PETR4,LSTM,30.73483085632324,34.424528664375316,34.0386062459495,32.384639473979774,32.31455706152966,3.6896978080520775,1.5797262052064234,True,True,2025
2025-04-08,PETR4,LSTM,29.641788482666016,34.021603041668214,33.67186774935655,31.233432326324444,31.22658721295053,4.379814559002199,1.5847987302845148,True,True,2025
2025-04-09,PETR4,LSTM,30.845985412597656,33.49153583573042,33.85005595122342,30.210158002625814,30.878559945009908,2.645550423132761,0.0325745324122515,True,True,2025
2025-04-10,PETR4,LSTM,28.92853164672852,32.935586446804734,32.63006168519055,31.2498240418392,30.557298614674036,4.007054800076215,1.6287669679455163,True,True,2025
2025-04-11,PETR4,LSTM,29.50284194946289,32.35393189751633,32.687599379222966,29.236602620826513,29.929164920018266,2.851089948053442,0.4263229705553755,True,True,2025
2025-04-14,PETR4,LSTM,29.39168357849121,31.78467384928473,31.729176618370875,29.787002268677615,29.411472389086217,2.3929902707935184,0.019788810595006368,True,False,2025
2025-04-15,PETR4,LSTM,28.715482711791992,31.30849282217713,30.962202305615314,29.605242835313437,29.325218399762775,2.593010110385137,0.6097356879707831,True,True,2025
2025-04-16,PETR4,LSTM,28.715482711791992,30.850537749518963,30.802187540461357,28.875413840312383,29.13589920025345,2.1350550377269712,0.4204164884614592,True,False,2025
2025-04-17,PETR4,LSTM,29.28323554992676,30.42373374159496,30.78188620388034,28.896358377769687,29.262080547337955,1.1404981916681969,0.02115500258880587,True,True,2025
2025-04-21,PETR4,LSTM,29.28323554992676,30.084029782548015,29.744141053819213,29.305847305442082,28.631631468775062,0.8007942326212536,0.6516040811516994,True,True,2025
2025-04-22,PETR4,LSTM,29.34967994689941,29.814564467331024,30.008317806583623,29.22496926880704,29.72568016901476,0.4648845204316139,0.3760002221153478,True,False,2025
2025-04-23,PETR4,LSTM,29.017454147338867,29.6236849044501,29.338159262004513,29.317315747581,28.830771682511788,0.6062307571112342,0.1866824648270793,True,True,2025
2025-04-24,PETR4,LSTM,28.884565353393555,29.487670062132935,29.72172156368386,28.978579570078168,29.455246200568038,0.6031047087393802,0.5706808471744829,True,True,2025
2025-04-25,PETR4,LSTM,28.969995498657227,29.340610974923436,29.362134820972493,28.856306985011752,28.667411794986386,0.3706154762662095,0.302583703670841,True,False,2025
2025-04-28,PETR4,LSTM,28.85608673095703,29.22623223123773,28.895536385732083,28.975795536993978,28.638895629896588,0.3701455002806995,0.21719110106044326,True,True,2025
2025-04-29,PETR4,LSTM,29.007963180541992,29.148248847556744,28.861973238298575,28.870707600778672,28.851636711117653,0.14028566701475143,0.15632646942433936,False,True,2025
2025-04-30,PETR4,LSTM,28.46691131591797,29.08829226787188,28.773944772485454,29.006058189285657,28.88350438165905,0.6213809519539097,0.41659306574108257,True,True,2025
2025-05-01,PETR4,LSTM,28.46691131591797,29.0433186864893,29.163689084464018,28.488678291400326,28.86112095769306,0.5764073705713315,0.39420964177509177,True,False,2025
2025-05-02,PETR4,LSTM,29.24526596069336,28.983084279628827,29.159958770674155,28.52359366005876,28.58170026462732,0.26218168106453277,0.6635656960660405,False,False,2025
2025-05-05,PETR4,LSTM,28.15367126464844,28.959793511181573,28.66876577880899,29.24011957468319,28.78511219042956,0.8061222465331319,0.6314409257811207,True,True,2025
2025-05-06,PETR4,LSTM,28.618783950805664,28.894742613728027,29.2089735720505,28.17385396014078,28.769056661833968,0.2759586629223634,0.15027271102830397,True,True,2025
2025-05-07,PETR4,LSTM,28.75167655944824,28.839280441804334,28.586531499794113,28.68854616890625,28.137814761862984,0.0876038823560954,0.6138617975852547,False,True,2025
2025-05-08,PETR4,LSTM,29.15034294128418,28.80895056535914,29.082825412174106,28.753418688831157,29.24579474039523,0.34139237592503946,0.09545179911104995,True,True,2025
2025-05-09,PETR4,LSTM,29.340187072753903,28.83055470157217,28.66235026862678,29.08551975593294,28.664590258276515,0.5096323711817341,0.6755968144773874,False,False,2025
2025-05-12,PETR4,LSTM,30.04260635375977,28.903923203760968,29.164555024100746,29.2880893287116,29.693412594236673,1.1386831499988013,0.3491937595230965,True,True,2025
2025-05-13,PETR4,LSTM,30.49822807312012,29.071632471925653,29.38667112160515,29.968025121572527,30.025040522149794,1.4265956011944674,0.4731875509703265,True,True,2025
2025-05-14,PETR4,LSTM,30.28940200805664,29.263446320883844,29.279806597472323,30.299638708609493,30.06791770575773,1.0259556871727966,0.22148430229891147,True,False,2025
2025-05-15,PETR4,LSTM,30.25143241882324,29.46656011408183,29.209023626439766,30.166015401838706,29.919034952773124,0.784872304741409,0.33239746605011433,True,True,2025
2025-05-16,PETR4,LSTM,30.393814086914062,29.65795353430525,29.798619849008663,30.163522122524014,30.52091671087435,0.7358605526088127,0.12710262396028682,True,False,2025
2025-05-19,PETR4,LSTM,30.355846405029297,29.807006584695444,29.8086322671984,30.298816452779242,30.165217463272676,0.5488398203338534,0.19062894175662137,True,False,2025
2025-05-20,PETR4,LSTM,30.47924423217773,29.939350666187977,29.857671900226407,30.27883849978637,30.2136773566097,0.5398935659897539,0.26556687556803027,True,False,2025
2025-05-21,PETR4,LSTM,30.137527465820312,30.071099754968145,30.071099754968145,30.424574757259514,30.492471494567084,0.06642771085216737,0.3549440287467718,False,False,2025
2025-05-22,PETR4,LSTM,29.73885726928711,30.187167589535647,29.88357094263918,30.176529643645345,29.871645706361754,0.4483103202485381,0.1327884370746446,True,True,2025
2025-05-23,PETR4,LSTM,29.80530166625977,30.219348827602374,30.24530047252218,29.789576376145195,30.08497257243019,0.4140471613426051,0.2796709061704199,True,False,2025
2025-05-26,PETR4,LSTM,29.710378646850582,30.18638573960783,30.494592931935994,29.86631877434073,30.11756788192568,0.4760070927572464,0.40718923507509786,True,True,2025
2025-05-27,PETR4,LSTM,29.928699493408203,30.15410369699066,30.10840128648776,29.75613384902822,29.471854101757344,0.22540420358245683,0.4568453916508588,False,False,2025
2025-05-28,PETR4,LSTM,29.833778381347656,30.133207651278298,30.133207651278298,29.95455300143766,30.017678141177715,0.29942926993064134,0.18389975983005868,True,False,2025
2025-05-29,PETR4,LSTM,29.65342712402344,30.108788363595608,30.311769574480675,29.818941748914153,30.00088952721863,0.45536123957216645,0.3474624031951876,True,True,2025
2025-05-30,PETR4,LSTM,29.3306941986084,30.063804947622742,29.760594291154717,29.707864262922655,29.241324795419732,0.7331107490143438,0.08936940318866604,True,True,2025
2025-06-02,PETR4,LSTM,29.501554489135746,30.009510633295633,30.328774365479752,29.436564077772985,30.02534687318056,0.5079561441598877,0.523792384044814,False,True,2025
2025-06-03,PETR4,LSTM,29.510517120361328,29.962016938152004,30.363780981315042,29.611646294177397,29.71833679235203,0.45149981779067616,0.20781967199070195,True,True,2025
2025-06-04,PETR4,LSTM,28.69892883300781,29.873967851312244,29.576081003419137,29.54540628395625,28.94301188100714,1.1750390183044352,0.24408304799933234,True,True,2025
2025-06-05,PETR4,LSTM,28.70870780944824,29.76434904932546,29.739757805771877,28.778957455166594,29.063385360485874,1.0556412398772217,0.35467755103763565,True,False,2025
2025-06-06,PETR4,LSTM,29.011831283569336,29.625260897543598,29.957987176007094,28.859594521508235,29.183859062020037,0.6134296139742617,0.17202777845070116,True,True,2025
2025-06-09,PETR4,LSTM,28.52292251586914,29.509104551663512,29.476413168042328,29.068309404796302,28.75806275772809,0.9861820357943714,0.2351402418589501,True,False,2025
2025-06-10,PETR4,LSTM,29.383399963378903,29.364986006949835,29.675056072642743,28.594105913211575,28.969016354037908,0.01841395642906818,0.4143836093409945,False,True,2025
2025-06-11,PETR4,LSTM,30.361217498779297,29.279609470020574,29.571911528066927,29.399640033667374,29.40336381799913,1.0816080287587226,0.9578536807801683,True,True,2025
2025-06-12,PETR4,LSTM,31.045690536499023,29.325205089238807,29.593022912044148,30.188704746265955,30.20079306715906,1.7204854472602165,0.844897469339962,True,True,2025
2025-06-13,PETR4,LSTM,31.808385848999023,29.4917907554632,29.815834085588488,30.81760927643821,30.91470797456156,2.316595093535824,0.8936778744374649,True,True,2025
2025-06-16,PETR4,LSTM,31.495485305786133,29.878966281825626,29.85726598519548,31.602324621154292,31.310005244383092,1.6165190239605067,0.18548006140304096,True,False,2025
2025-06-17,PETR4,LSTM,32.20928955078125,30.246607853230444,30.591126615722974,31.335180418792334,31.730878109057688,1.9626816975508063,0.4784114417235621,True,True,2025
2025-06-18,PETR4,LSTM,32.17995834350586,30.6174235386504,30.608761083284914,32.054270814312844,31.737917234445188,1.56253480485546,0.4420411090606713,True,False,2025
2025-06-20,PETR4,LSTM,32.09195327758789,30.925238838691655,31.198895610741356,31.987823329371356,32.28903939960042,1.1667144388962356,0.19708612201252862,True,True,2025
2025-06-23,PETR4,LSTM,31.290143966674805,31.241851179744657,30.785629274391592,32.04427656352396,31.35628890213715,0.04829278693014771,0.06614493546234357,False,True,2025
2025-06-24,PETR4,LSTM,30.67411994934082,31.47629306030197,31.060208503179215,31.3652610666432,31.37702301982379,0.8021731109611494,0.702903070482968,True,True,2025
2025-06-25,PETR4,LSTM,30.517667770385746,31.518926009196235,31.435215660871954,30.781485052460287,31.023687747632618,1.0012582388104896,0.5060199772468721,True,False,2025
2025-06-26,PETR4,LSTM,30.762121200561523,31.47668398526588,31.73973191160915,30.673048914164163,30.958688110794313,0.7145627847043556,0.19656691023278938,True,True,2025
2025-06-27,PETR4,LSTM,30.517667770385746,31.414612968669303,31.36079033683935,30.894890499161477,30.609739604156417,0.8969451982835572,0.09207183377067096,True,False,2025
2025-06-30,PETR4,LSTM,30.683897018432617,31.334933118163804,31.004424714656164,30.653697957162485,30.400975236156143,0.6510360997311864,0.2829217822764747,True,True,2025
2025-07-01,PETR4,LSTM,30.79145622253418,31.267040024117307,31.403598333993205,30.787104695082988,31.19090391237945,0.4755838015831273,0.399447689845271,True,False,2025
2025-07-02,PETR4,LSTM,31.33903312683105,31.21869809556142,31.57273139981065,30.8927735831382,31.088519876584837,0.12033503126962941,0.2505132502462146,False,True,2025
2025-07-03,PETR4,LSTM,31.44659423828125,31.22816880600783,31.083266513510292,31.357944213285236,30.916932235719322,0.21842543227342048,0.5296620025619276,False,False,2025
2025-07-04,PETR4,LSTM,31.407480239868164,31.249123859261914,31.60257634492354,31.416014059634893,31.918187234403767,0.15835638060625,0.5107069945356031,False,True,2025
2025-07-07,PETR4,LSTM,31.34881401062012,31.282861421241563,30.978507076251727,31.38409303395917,30.766317568735136,0.06595258937855775,0.5824964418849845,False,True,2025
2025-07-08,PETR4,LSTM,31.798608779907227,31.347393544057468,31.669531469664477,31.377064820071677,31.986836775807333,0.45121523584975876,0.18822799590010675,True,True,2025
2025-07-09,PETR4,LSTM,31.60304450988769,31.41859597773555,31.53311377046199,31.758707210391105,31.55930989388187,0.18444853215214252,0.04373461600582118,True,False,2025
2025-07-10,PETR4,LSTM,31.524822235107425,31.502130987633564,31.206447853667616,31.575171560451235,31.21810185207819,0.022691247473861864,0.3067203830292371,False,True,2025
2025-07-11,PETR4,LSTM,31.906169891357425,31.560393559141488,31.931526458551605,31.549892103314125,32.17642158006495,0.3457763322159373,0.27025168870752125,True,True,2025
2025-07-14,PETR4,LSTM,31.485708236694336,31.627826886092066,31.760471060481763,31.8817789860161,31.665719063910963,0.14211864939773022,0.18001082721662698,False,False,2025
2025-07-15,PETR4,LSTM,31.241254806518555,31.705153810871394,31.76483364411121,31.493059710100148,31.501273812311364,0.4638990043528395,0.26001900579280957,True,False,2025
2025-07-16,PETR4,LSTM,31.08480262756348,31.749207858062135,31.716534180748873,31.32580802626408,31.273023969912753,0.6644052304986552,0.1882213423492729,True,False,2025
2025-07-17,PETR4,LSTM,30.77190017700196,31.74347675057237,32.175196202093915,31.23045659888066,31.6983158691765,0.9715765735704096,0.9264156921745403,True,True,2025
2025-07-18,PETR4,LSTM,30.302549362182617,31.69272043010102,31.37945339521242,30.942113260651887,30.2751022106227,1.390171067918402,0.027447151559918836,True,True,2025
2025-07-21,PETR4,LSTM,30.361217498779297,31.571516480756117,31.75162253794369,30.45961661939633,30.96878278571779,1.2102989819768197,0.6075652869384918,True,False,2025
2025-07-22,PETR4,LSTM,30.6545639038086,31.423078092258862,31.443634141659658,30.525275478243735,30.36452874298316,0.7685141884502613,0.2900351608254397,True,False,2025
2025-07-23,PETR4,LSTM,31.28036499023437,31.30622840776354,31.528660978134255,30.75024119011998,30.949907233699236,0.025863417529169652,0.33045775653513587,False,True,2025
2025-07-24,PETR4,LSTM,31.231475830078125,31.243053458407246,31.290921974332306,31.287243610862458,31.129971989081902,0.011577628329121126,0.101503840996223,False,False,2025
2025-07-25,PETR4,LSTM,31.27058792114257,31.23601926770445,31.567671744098437,31.213455679643364,31.521451836528964,0.034568653438121544,0.2508639153863932,False,True,2025
2025-07-28,PETR4,LSTM,31.30970001220703,31.26015826956396,31.637126090737198,31.28543517641511,31.38483554797647,0.049541742643071984,0.07513553576943721,False,True,2025
2025-07-29,PETR4,LSTM,31.720382690429688,31.301124255404574,31.730351368657054,31.322320932432127,31.46639474724476,0.41925843502511384,0.2539879431849279,True,True,2025
2025-07-30,PETR4,LSTM,32.04306411743164,31.365346588626437,31.376720933945528,31.678509147984254,31.36229360814207,0.6777175288052035,0.6807705092895695,False,False,2025
2025-07-31,PETR4,LSTM,31.91594696044922,31.456328842019303,31.217928890691336,31.940267794719748,31.7282451617109,0.4596181184299155,0.1877017987383205,True,False,2025
2025-08-01,PETR4,LSTM,31.495485305786133,31.58613314057021,31.26884370094491,31.881932252818093,31.761210962895095,0.0906478347840789,0.26572565710896257,False,True,2025
2025-08-04,PETR4,LSTM,31.44659423828125,31.69416365622564,31.3605167703516,31.544904042759764,31.45904269316855,0.24756941794439058,0.01244845488729851,True,True,2025
2025-08-05,PETR4,LSTM,31.59326934814453,31.7405927569707,31.791808311908515,31.495502721533068,31.796638357705085,0.14732340882616768,0.2033690095605536,False,False,2025
2025-08-06,PETR4,LSTM,31.63237762451172,31.778121553505997,31.540069603530572,31.64975671055625,31.316697626459476,0.14574392899427835,0.3156799980522429,False,True,2025
2025-08-07,PETR4,LSTM,31.808385848999023,31.83243553701368,31.823161792327653,31.683930202322724,31.8807161490797,0.024049688014656567,0.07233030008067587,False,False,2025
2025-08-08,PETR4,LSTM,29.852754592895508,31.887551039629756,32.09168929359339,31.835593742407536,32.001779794052204,2.034796446734248,2.1490252011566966,False,True,2025
2025-08-11,PETR4,LSTM,30.038537979125977,31.767187947754394,31.753438875724186,29.959940124668925,29.86135659169294,1.7286499686284174,0.17718138743303768,True,False,2025
2025-08-12,PETR4,LSTM,30.116762161254883,31.556877693113876,31.58829376533783,30.30441895325811,30.370716296361806,1.4401155318589929,0.2539541351069232,True,False,2025
2025-08-13,PETR4,LSTM,29.891864776611328,31.340858458811738,31.340858458811738,30.294946041555626,30.26790283826392,1.4489936822004097,0.37603806165259357,True,False,2025
2025-08-14,PETR4,LSTM,29.510517120361328,31.120411200232866,31.120411200232866,30.025206161070702,30.038750759155274,1.6098940798715375,0.5282336387939459,True,False,2025
2025-08-15,PETR4,LSTM,29.5007381439209,30.88641433488604,30.88641433488604,29.650728248582222,29.667308938179595,1.3856761909651425,0.16657079425869625,True,False,2025
2025-08-18,PETR4,LSTM,29.68652534484864,30.6356175306814,30.35583871354097,29.65828702383552,29.371648237812057,0.949092185832761,0.3148771070365832,True,True,2025
2025-08-19,PETR4,LSTM,29.37362289428711,30.429786931916624,30.07870977576636,29.798135083358265,29.660255277790675,1.0561640376295145,0.2866323835035658,True,True,2025
2025-08-20,PETR4,LSTM,29.54962921142578,30.23683718778028,30.21935667966746,29.4088590242217,29.663459488117738,0.6872079763545003,0.11383027669195656,True,False,2025
2025-08-21,PETR4,LSTM,29.618078231811523,30.090813191198492,30.08749237346221,29.595191405788608,29.564109869210977,0.47273495938696897,0.05396836260054627,True,False,2025
2025-08-22,PETR4,LSTM,30.46999931335449,29.980333862561594,30.05920410193394,29.588946667122887,29.647906433617962,0.48966545079289503,0.8220928797365268,False,True,2025
2025-08-25,PETR4,LSTM,30.64999961853028,29.9490549481537,29.86732560563209,30.391037403525747,30.207860219998935,0.7009446703765789,0.44213939853134576,True,False,2025
2025-08-26,PETR4,LSTM,30.43000030517578,30.00052427642086,30.342578176044857,30.491998985415943,30.885278647281627,0.4294760287549195,0.4552783421058457,False,True,2025
2025-08-27,PETR4,LSTM,30.65999984741211,30.07177834169795,30.100879607456214,30.296984394484504,30.045961178590908,0.5882215057141593,0.6140386688212018,False,False,2025
2025-08-28,PETR4,LSTM,30.93000030517578,30.15838666106066,30.012885730338763,30.558824121346348,30.41631669676692,0.7716136441151207,0.5136836084088614,True,False,2025
2025-08-29,PETR4,LSTM,31.100000381469727,30.27001663676114,30.27001663676114,30.80772084223939,30.91946164129569,0.8299837447085849,0.18053874017403615,True,False,2025
2025-09-01,PETR4,LSTM,31.170000076293945,30.41410813635153,30.41410813635153,30.97772356963048,30.95768960713751,0.7558919399424155,0.21231046915643503,True,False,2025
2025-09-02,PETR4,LSTM,31.32999992370605,30.565469856811603,30.565469856811603,31.057707391888357,31.057686736190362,0.7645300668944479,0.2723131875156888,True,False,2025
2025-09-03,PETR4,LSTM,31.059999465942383,30.74303092579632,30.877346976971737,31.27010835058323,31.389522768943703,0.316968540146064,0.32952330300132004,False,True,2025
2025-09-04,PETR4,LSTM,31.059999465942383,30.884238431785036,30.7115798305518,31.00718786079491,30.74176767876911,0.17576103415734678,0.3182317871732714,False,False,2025
2025-09-05,PETR4,LSTM,30.59000015258789,30.994764474725798,30.707680201885864,31.09513829941419,30.96038865210317,0.4047643221379076,0.3703884995152791,True,True,2025
2025-09-08,PETR4,LSTM,30.709999084472656,31.03404874562733,31.0365115489823,30.615309560240203,30.862878351581536,0.3240496611546746,0.15287926710887945,True,False,2025
2025-09-09,PETR4,LSTM,30.950000762939453,31.04263926024305,31.25512957681187,30.776150461763486,30.958476621725705,0.09263849730359652,0.008475858786251678,True,False,2025
2025-09-10,PETR4,LSTM,31.51000022888184,31.066436510090085,31.286232596488095,30.988894341551667,31.02793691127217,0.44356371879175427,0.4820633176096685,False,False,2025
2025-09-11,PETR4,LSTM,31.38999938964844,31.11671093563737,31.280272271686435,31.470701507827744,31.452941079578075,0.2732884540110696,0.06294168992963378,True,False,2025
2025-09-12,PETR4,LSTM,31.18000030517578,31.187465895457393,31.187465895457393,31.31928952388933,31.214273955250135,0.007465590281611867,0.03427365007435412,False,False,2025
2025-09-15,PETR4,LSTM,31.450000762939453,31.26707198653574,31.26707198653574,31.180238033347752,31.209391242501948,0.1829287764037133,0.2406095204375056,False,False,2025
2025-09-16,PETR4,LSTM,31.530000686645508,31.324550249468274,31.60174051958684,31.447740990546308,31.70554930411802,0.20545043717723388,0.17554861747251138,True,True,2025
2025-09-17,PETR4,LSTM,31.71999931335449,31.40125759505952,31.423483696260565,31.511583074155496,31.306339535084696,0.31874171829496944,0.4136597782697926,False,False,2025
2025-09-18,PETR4,LSTM,31.40999984741211,31.479201640379358,31.479201640379358,31.683977460733125,31.68828661742421,0.06920179296724882,0.27828677001210167,False,False,2025
2025-09-19,PETR4,LSTM,31.059999465942383,31.53552679760074,31.21677436044035,31.42373856215527,31.116140778233913,0.4755273316583555,0.056141312291529744,True,True,2025
2025-09-22,PETR4,LSTM,31.3700008392334,31.530400517413625,31.4982365963465,31.08762428557042,31.336447386799712,0.1603996781802266,0.03355345243368646,True,False,2025
2025-09-23,PETR4,LSTM,31.89999961853028,31.506094327519236,31.506094327519236,31.391998092726606,31.376380276448092,0.39390529101104477,0.5236193420821884,False,False,2025
2025-09-24,PETR4,LSTM,32.619998931884766,31.528819607024985,31.882706998741728,31.88237669021906,32.202390205684004,1.0911793248597803,0.4176087262007613,True,True,2025
2025-09-25,PETR4,LSTM,32.36000061035156,31.637821288471258,31.635934986842056,32.48352311762128,32.159922512761334,0.7221793218803043,0.20007809759022877,True,False,2025
2025-09-26,PETR4,LSTM,32.25,31.78117765243769,31.78117765243769,32.210359073319445,32.25996268844788,0.468822347562309,0.009962688447878065,True,False,2025
2025-09-29,PETR4,LSTM,31.809999465942383,31.918810284857074,31.572153165311036,32.21330275115837,31.8676906717976,0.1088108189146908,0.057691205855217476,True,True,2025
2025-09-30,PETR4,LSTM,31.459999084472656,31.993413028126895,31.753748315884817,31.79417916607416,31.85058612621487,0.5334139436542387,0.39058704174221504,True,True,2025
2025-10-01,PETR4,LSTM,31.3799991607666,32.00796330445655,32.17354702539978,31.531336131143313,31.86690707653298,0.627964143689951,0.48690791576637693,True,True,2025
2025-10-02,PETR4,LSTM,31.07999992370605,31.974786314123264,32.03907701698585,31.47009725937606,31.382976544397014,0.8947863904172131,0.30297662069096276,True,False,2025
2025-10-03,PETR4,LSTM,31.0,31.908397912390683,31.684433148014293,31.18686813311824,30.94467472143075,0.9083979123906829,0.05532527856924929,True,False,2025
2025-10-06,PETR4,LSTM,30.71999931335449,31.81986693062686,31.81986693062686,31.124248756876497,31.322266658652254,1.0998676172723698,0.6022673452977649,True,False,2025
2025-10-07,PETR4,LSTM,30.82999992370605,31.716893853026534,31.716893853026534,30.85640892211027,30.84894464133963,0.8868939293204825,0.01894471763358041,True,False,2025
2025-10-08,PETR4,LSTM,30.64999961853028,31.588908953678725,31.588908953678725,30.939952847330563,30.937755629950065,0.9389093351484448,0.28775601141978413,True,False,2025
2025-10-09,PETR4,LSTM,30.209999084472656,31.478557474715558,31.478557474715558,30.753176661554495,30.762256399054763,1.2685583902429016,0.552257314582107,True,False,2025
2025-10-10,PETR4,LSTM,29.940000534057617,31.34699278450327,31.042014498538347,30.37772241218425,30.085322340775086,1.4069922504456542,0.14532180671746886,True,True,2025
2025-10-13,PETR4,LSTM,30.229999542236328,31.17309018310533,31.149557345907134,30.093438466179684,30.335774038865683,0.9430906408690021,0.10577449662935479,True,False,2025
2025-10-14,PETR4,LSTM,30.020000457763672,31.01820522067493,30.72199309569086,30.397827720022548,30.067752338348463,0.9982047629112571,0.04775188058479074,True,True,2025
2025-10-15,PETR4,LSTM,29.75,30.86234417515854,30.55039608291792,30.12703853794154,30.05556788613314,1.1123441751585403,0.3055678861331401,True,True,2025
2025-10-16,PETR4,LSTM,29.450000762939453,30.692717161887884,30.661407755222232,29.82870769074616,30.036224740484396,1.2427163989484313,0.5862239775449432,True,False,2025
2025-10-17,PETR4,LSTM,29.729999542236328,30.511738572778427,30.983817051343447,29.58687232398203,30.05775365876485,0.7817390305420986,0.3277541165285207,True,True,2025
2025-10-20,PETR4,LSTM,29.75,30.3469403433387,30.06979786156606,29.83959053554201,29.15056429040952,0.5969403433387015,0.5994357095904803,False,True,2025
2025-10-21,PETR4,LSTM,29.51000022888184,30.206249153340053,30.303078601284504,29.756916208559947,30.125504342266854,0.6962489244582137,0.6155041133850148,True,False,2025
2025-10-22,PETR4,LSTM,29.850000381469727,30.10267616573222,30.445555499198495,29.576898562044445,29.81413322896546,0.25267578426249315,0.03586715250426664,True,True,2025
2025-10-23,PETR4,LSTM,30.190000534057617,30.034726522791573,30.549872777476814,29.87585981047137,30.09031612901514,0.15527401126604445,0.09968440504247766,True,True,2025
2025-10-24,PETR4,LSTM,29.84000015258789,30.069309859535906,30.513312720158442,30.194523422856236,30.23430445915874,0.22930970694801545,0.3943043065708487,False,False,2025
2025-10-27,PETR4,LSTM,30.0,30.08257918048068,30.08257918048068,29.817224142239834,29.524394835853332,0.08257918048067836,0.47560516414666765,False,False,2025
2025-10-28,PETR4,LSTM,29.989999771118164,30.08988628106394,30.08988628106394,30.005743906409556,30.045269789304264,0.09988650994577597,0.05527001818609989,True,False,2025
2025-10-29,PETR4,LSTM,30.020000457763672,30.09414220001065,30.351343267157674,29.980913542521908,30.22632883617736,0.07414174224697945,0.20632837841368712,False,True,2025
2025-10-30,PETR4,LSTM,29.88999938964844,30.086099963803434,30.362527402886503,30.059413080800898,30.139895277631258,0.19610057415499327,0.2498958879828166,False,True,2025
2025-10-31,PETR4,LSTM,29.75,30.07111942414872,30.07111942414872,29.867294830510875,29.675012531836952,0.3211194241487192,0.07498746816304802,True,False,2025
2025-11-03,PETR4,LSTM,30.100000381469727,30.070263814793748,30.070263814793748,29.775951102038416,29.811338619857363,0.029736566675978793,0.2886617616123637,False,False,2025
2025-11-04,PETR4,LSTM,30.25,30.040583021307498,30.040583021307498,30.067234990082323,30.05338792024618,0.2094169786925022,0.19661207975381956,True,False,2025
2025-11-05,PETR4,LSTM,30.850000381469727,30.050287303273223,30.32606299839377,30.208310336297632,30.466167842864728,0.7997130781965041,0.3838325386049988,True,True,2025
2025-11-06,PETR4,LSTM,31.01000022888184,30.115657824911096,30.696724420459446,30.734364640575553,31.062132909157967,0.894342403970743,0.052132680276127275,True,False,2025
2025-11-07,PETR4,LSTM,32.18000030517578,30.239209782687027,30.584390829237595,30.888683757013535,30.77204453649089,1.9407905224887543,1.407955768684893,True,True,2025
2025-11-10,PETR4,LSTM,32.36000061035156,30.411767503863217,30.43847969430225,31.92634033082987,31.672551409205187,1.9482331064883454,0.6874492011463751,True,False,2025
2025-11-11,PETR4,LSTM,33.20000076293945,30.664536143420406,30.958480943459197,32.03288293190738,32.311136895607916,2.535464619519047,0.888863867331537,True,True,2025
2025-11-12,PETR4,LSTM,32.349998474121094,30.994130143652285,30.57972033890588,32.91379783957109,32.211118298097304,1.3558683304688088,0.13888017602378966,True,True,2025
2025-11-13,PETR4,LSTM,32.4900016784668,31.291837943526048,31.260429635803973,32.060485640198216,32.450250102658046,1.1981637349407492,0.03975157580875077,True,False,2025
2025-11-14,PETR4,LSTM,32.70000076293945,31.539145926826365,31.910898397072458,32.37402160950891,32.72539675435112,1.1608548361130886,0.025395991411663488,True,True,2025
2025-11-17,PETR4,LSTM,32.880001068115234,31.796502402752452,31.649058772388866,32.595503132811395,32.13261239655135,1.0834986653627823,0.7473886715638827,True,False,2025
2025-11-18,PETR4,LSTM,32.9900016784668,32.009018064264836,32.009018064264836,32.7466716918893,32.90266477967326,0.9809836142019606,0.0873368987935379,True,False,2025
2025-11-19,PETR4,LSTM,32.81999969482422,32.204972275733866,31.699383821358285,32.893643571165136,32.36683015635139,0.6150274190903531,0.45316953847282804,True,True,2025
2025-11-20,PETR4,LSTM,32.81999969482422,32.35771821477684,32.37243844481802,32.71421469906995,33.15820248173923,0.46228148004738046,0.33820278691501215,True,False,2025
2025-11-21,PETR4,LSTM,32.56999969482422,32.47748385529226,32.26587902696258,32.754449041436224,32.48379733277255,0.09251583953195563,0.0862023620516652,True,False,2025
2025-11-24,PETR4,LSTM,32.540000915527344,32.54957140209618,32.54957140209618,32.526269724820324,32.71751147611076,0.009570486568833303,0.1775105605834142,False,False,2025
2025-11-25,PETR4,LSTM,32.279998779296875,32.58842540967265,32.204691905614354,32.55938476481895,32.15255619803083,0.3084266303757772,0.12744258126604535,True,True,2025
2025-11-26,PETR4,LSTM,32.22999954223633,32.58338518215055,32.37830575415693,32.279000546819354,32.40469877958555,0.35338563991422234,0.17469923734922332,True,False,2025
2025-11-27,PETR4,LSTM,32.400001525878906,32.5572128787492,32.5572128787492,32.257958931876274,32.39098666106524,0.15721135287029142,0.009014864813664758,True,False,2025
2025-11-28,PETR4,LSTM,31.790000915527344,32.53319189197313,32.53319189197313,32.41185152067155,32.3824776523883,0.7431909764457885,0.5924767368609594,True,False,2025
2025-12-01,PETR4,LSTM,31.850000381469727,32.46104779627507,32.46104779627507,31.79900741177687,31.82794528100874,0.6110474148053413,0.022055100460985244,True,False,2025
2025-12-02,PETR4,LSTM,32.06999969482422,32.36726514329797,32.36726514329797,31.905924338760833,31.903009921426726,0.2972654484737518,0.16698977339749277,True,False,2025
2025-12-03,PETR4,LSTM,32.310001373291016,32.28734926262558,32.72296470067021,32.110951316743545,32.52926943931923,0.022652110665433156,0.21926806602821358,False,True,2025
2025-12-04,PETR4,LSTM,32.52000045776367,32.256146566292415,32.25795092361758,32.2826947747945,31.911088458348473,0.26385389147125693,0.6089119994151986,False,False,2025
2025-12-05,PETR4,LSTM,31.3700008392334,32.27514207743181,32.6127523044655,32.49051965016572,32.854018767746474,0.9051412381984107,1.484017928513076,False,True,2025
2025-12-08,PETR4,LSTM,30.69980812072754,32.22132474073362,31.89499549626133,31.388823507428995,30.832692218966592,1.5215166200060821,0.13288409823905312,True,True,2025
2025-12-09,PETR4,LSTM,30.89374351501465,32.058077917911675,32.50145365597383,30.860751374581646,31.634125488212025,1.1643344028970262,0.7403819731973762,True,True,2025
2025-12-10,PETR4,LSTM,30.97131729125977,31.85610001989184,31.747518405074132,31.028561159805722,30.509553587323623,0.8847827286320715,0.4617637039361462,True,False,2025
2025-12-11,PETR4,LSTM,30.45738983154297,31.68612879596114,31.77588592085345,31.049293590092198,31.264708045188613,1.22873896441817,0.8073182136456438,True,False,2025
2025-12-12,PETR4,LSTM,30.63193130493164,31.498829023944694,31.528363356659987,30.52132885023143,30.484293324282476,0.8668977190130533,0.147637980649165,True,False,2025
2025-12-15,PETR4,LSTM,30.73859596252441,31.32022057109441,31.014965432479674,30.736813316025984,30.399409311985572,0.5816246085699994,0.33918665053883856,True,True,2025
2025-12-16,PETR4,LSTM,29.807710647583008,31.183300946470837,30.880827688302002,30.795087113010453,30.730526606568947,1.375590298887829,0.9228159589859395,True,True,2025
2025-12-17,PETR4,LSTM,30.13739967346192,31.006231607000473,31.328804652879313,29.87326123785595,30.443627437498264,0.8688319335385515,0.30622776403634333,True,True,2025
2025-12-18,PETR4,LSTM,29.96285820007324,30.828318951412996,30.75806018426139,30.23208790179366,29.850455895335706,0.8654607513397572,0.11240230473753243,True,False,2025
2025-12-19,PETR4,LSTM,30.069522857666016,30.662674947208586,30.624087053698968,29.99782926917016,30.051225328727167,0.5931520895425706,0.01829752893884873,True,False,2025
2025-12-22,PETR4,LSTM,30.15679359436035,30.529927647514285,30.82101958477563,30.128614183300364,30.42925232502275,0.3731340531539331,0.2724587306623967,True,True,2025
2025-12-23,PETR4,LSTM,30.309999465942383,30.436056483224604,30.69221846443422,30.15627992336103,30.148676326334932,0.1260570172822213,0.16132313960745037,False,True,2025
2025-12-24,PETR4,LSTM,30.309999465942383,30.37744232511392,30.33541924598458,30.28247477339965,30.049039729151687,0.06744285917153547,0.26095973679069573,False,False,2025
2025-12-26,PETR4,LSTM,30.40999984741211,30.333063736443705,29.919884434077503,30.282325509990812,29.919635112043146,0.07693611096840414,0.4903647353689635,False,True,2025
2025-12-29,PETR4,LSTM,30.729999542236328,30.294499849280697,30.58167189318862,30.36025257327951,30.96725238435961,0.43549969295563074,0.2372528421232829,True,True,2025
2025-12-30,PETR4,LSTM,30.81999969482422,30.31076380296787,30.309117564577125,30.637901378064424,30.344755176448857,0.5092358918563491,0.4752445183753622,True,False,2025
2025-12-31,PETR4,LSTM,30.81999969482422,30.38150401090246,30.29098765799332,30.72151567133628,30.655898579728806,0.438495683921758,0.1641011150954128,True,False,2025
2026-01-02,PETR4,LSTM,30.709999084472656,30.459332499786427,30.459332499786427,30.72792281594517,30.80468074471582,0.25066658468622904,0.0946816602431646,True,False,2026
2026-01-05,PETR4,LSTM,30.200000762939453,30.525684021805432,30.69147960968061,30.65408743853756,30.807497185098754,0.32568325886597904,0.6074964221593007,False,True,2026
2026-01-06,PETR4,LSTM,29.63999938964844,30.535388303771157,30.687956990577163,30.155732254944052,30.181922702395767,0.8953889141227158,0.5419233127473255,True,True,2026
2026-01-07,PETR4,LSTM,29.82999992370605,30.489566488976322,30.641906229156834,29.69566306207581,29.750484991040736,0.6595665652702714,0.07951493266531529,True,True,2026
2026-01-08,PETR4,LSTM,30.200000762939453,30.41454085832416,30.57882414020835,29.947144391035085,29.984524261721212,0.21454009538470586,0.2154765012182409,False,True,2026
2026-01-09,PETR4,LSTM,30.299999237060547,30.36557935058019,30.67259155354114,30.264523733476764,30.426828724142013,0.0655801135196441,0.12682948708146569,False,True,2026
2026-01-12,PETR4,LSTM,30.36000061035156,30.356991294612044,30.333315704840793,30.291390332710595,30.02874656737213,0.003009315739515017,0.3312540429794275,False,False,2026
2026-01-13,PETR4,LSTM,31.13999938964844,30.377169415233453,30.723484564616705,30.379601983591268,30.765665845800537,0.7628299744149878,0.3743335438479036,True,True,2026
2026-01-14,PETR4,LSTM,31.989999771118164,30.457692581856065,30.832503044166746,31.107890341696713,31.152634428687428,1.5323071892620987,0.8373653424307363,True,True,2026
2026-01-15,PETR4,LSTM,31.790000915527344,30.63351784565512,30.256114283093748,31.911228478187343,31.25874443779922,1.1564830698722233,0.5312564777281246,True,True,2026
2026-01-16,PETR4,LSTM,32.040000915527344,30.81490702890906,30.81490702890906,31.555920954536795,31.91524400706891,1.2250938866182821,0.12475690845843346,True,False,2026
2026-01-19,PETR4,LSTM,32.16999816894531,31.00179128948588,31.00179128948588,31.85741821108247,31.81003264803992,1.168206879459433,0.35996552090539424,True,False,2026
2026-01-20,PETR4,LSTM,32.290000915527344,31.20433713509479,31.20433713509479,32.00238062063933,31.998439807550003,1.0856637804325544,0.2915611079773406,True,False,2026
2026-01-21,PETR4,LSTM,33.43000030517578,31.40716326652688,31.589839246511758,32.15372298906892,32.32065163176138,2.022837038648902,1.1093486734144022,True,True,2026
2026-01-22,PETR4,LSTM,33.58000183105469,29.684816717674266,29.68134056906871,31.260349902835454,31.044023972353212,3.895185113380421,2.535977858701475,True,True,2026
2026-01-23,PETR4,LSTM,35.040000915527344,29.288706466036075,29.253813496155118,32.38711820594492,32.2687936828193,5.751294449491269,2.7712072327080435,True,True,2026
2026-01-26,PETR4,LSTM,35.36000061035156,29.574487366539245,29.616377055074842,34.063933560973474,34.02311605413351,5.785513243812318,1.3368845562180525,True,False,2026
2026-01-27,PETR4,LSTM,36.130001068115234,30.252449599860938,30.59923930285939,34.581524240304304,34.85337479726208,5.877551468254296,1.276626270853157,True,True,2026
2026-01-28,PETR4,LSTM,37.34000015258789,31.106615728707737,31.41715452220571,35.556689375738465,35.523947630105326,6.233384423880153,1.8160525224825648,True,True,2026
2026-01-29,PETR4,LSTM,37.70000076293945,32.062501024893265,32.39584376751255,36.9035223260231,36.940257872349946,5.637499738046188,0.7597428905895072,True,True,2026
2026-01-30,PETR4,LSTM,37.7599983215332,33.055851192777226,33.08574794853325,37.2772035101394,37.04058817680281,4.704147128755977,0.7194101447303964,True,False,2026
2026-02-02,PETR4,LSTM,37.2400016784668,33.982771161919885,33.66499261380732,37.46667143943748,37.17753536766985,3.2572305165469118,0.06246631079694964,True,True,2026
2026-02-03,PETR4,LSTM,37.58000183105469,34.71590298810423,34.93071402530611,36.960910163812784,37.57276475266254,2.8640988429504546,0.007237078392144269,True,True,2026
2026-02-04,PETR4,LSTM,37.52000045776367,35.35394416080331,35.4385582954107,37.47459117664629,37.332523375145065,2.166056296960363,0.18747708261860652,True,True,2026
2026-02-05,PETR4,LSTM,37.0,35.89038172259953,35.44418255257213,37.42913938580701,36.952176474242236,1.1096182774004717,0.04782352575776372,True,True,2026
2026-02-06,PETR4,LSTM,36.650001525878906,36.27746382035423,36.63251633846313,36.92300880765129,37.72283379984278,0.37253770552467813,1.0728322739638756,False,True,2026
2026-02-09,PETR4,LSTM,37.31999969482422,36.56004602036654,36.476949710381064,36.671455176408536,36.24950150857302,0.7599536744576767,1.0704981862512,False,False,2026
2026-02-10,PETR4,LSTM,37.34999847412109,36.75635181843833,36.711602753687544,37.36882340543259,37.42616839932663,0.593646655682754,0.07616992520554078,True,False,2026
2026-02-11,PETR4,LSTM,38.08000183105469,36.93164847300946,37.14310008521354,37.326836206506364,37.55476276029345,1.1483533580452274,0.5252390707612378,True,True,2026
2026-02-12,PETR4,LSTM,37.11000061035156,37.28892192760418,36.87035222636892,38.26870954162406,37.61715332930774,0.17892131725261606,0.5071527189561778,False,True,2026
2026-02-13,PETR4,LSTM,36.88999938964844,37.377526668795156,37.38301031720928,36.96612158301428,37.44209648285779,0.48752727914671823,0.5520970932093547,False,False,2026
2026-02-17,PETR4,LSTM,36.88999938964844,37.38395357354773,37.379827885907105,36.92808072375024,36.883955162496825,0.4939541838992909,0.006044227151612347,True,False,2026
2026-02-18,PETR4,LSTM,37.18999862670898,37.382579189555116,37.791440216416056,37.01226941657808,37.421264953000296,0.192580562846139,0.23126632629131905,False,True,2026
2026-02-19,PETR4,LSTM,37.810001373291016,37.37197995987327,37.60322596203599,37.28033807941316,37.15327315576473,0.4380214134177436,0.6567282175262861,False,True,2026
2026-02-20,PETR4,LSTM,37.970001220703125,37.42774454544829,37.1364923118073,37.84926942976901,37.36041847903857,0.5422566752548335,0.6095827416645534,False,True,2026
2026-02-23,PETR4,LSTM,38.59000015258789,37.4731336382705,37.806183105618864,37.90936747965105,38.51755523506777,1.116866514317394,0.07244491752012294,True,True,2026
2026-02-24,PETR4,LSTM,39.56999969482422,37.56605330594991,37.89314243856243,38.50638744568537,38.45290064284397,2.0039463888743114,1.1170990519802473,True,True,2026
2026-02-25,PETR4,LSTM,39.56999969482422,37.76959736247295,37.946894968700505,39.437149447586656,39.302960581568996,1.8004023323512683,0.26703911325522256,True,True,2026
2026-02-26,PETR4,LSTM,39.61000061035156,38.01254370498097,37.63029400120437,39.34777628716617,38.848359510853875,1.597456905370592,0.7616410994976874,True,True,2026
2026-02-27,PETR4,LSTM,39.33000183105469,38.2415691849377,38.68968543683606,39.42317477589965,40.234575296167854,1.0884326461169849,0.9045734651131667,True,True,2026
2026-03-02,PETR4,LSTM,41.130001068115234,38.524050580399575,38.896098216888504,39.262545781354085,39.19625362280864,2.60595048771566,1.9337474453065937,True,True,2026
2026-03-03,PETR4,LSTM,40.95000076293945,38.979844501842166,39.40647643129272,41.248429566201494,41.31581869873935,1.9701562610972871,0.3658179357998961,True,True,2026
2026-03-04,PETR4,LSTM,40.5,39.514253679391686,39.65134594648448,40.91621520729337,40.76360386424156,0.9857463206083139,0.2636038642415599,True,True,2026
2026-03-05,PETR4,LSTM,40.68999862670898,39.89517194768399,40.272006066610096,40.48302437946928,40.82919310030781,0.794826679024986,0.13919447359883463,True,True,2026
2026-03-06,PETR4,LSTM,42.15999984741211,40.19943696063163,40.69178992735294,40.77879150730252,40.95563326819604,1.9605628867804796,1.204366579216071,True,True,2026
2026-03-09,PETR4,LSTM,43.15999984741211,40.633739843649494,41.12939181182143,42.33218357146878,42.3729997084102,2.5262600037626157,0.7870001390019112,True,True,2026
2026-03-10,PETR4,LSTM,42.93000030517578,41.200588417260775,41.064106811502484,43.23161740692788,42.672822894086906,1.7294118879150062,0.2571774110888754,True,True,2026
2026-03-11,PETR4,LSTM,44.79999923706055,41.68279804821432,42.34420156059186,42.87985437962135,43.7414859959662,3.1172011888462237,1.0585132410943459,True,True,2026
2026-03-12,PETR4,LSTM,45.0,42.13157498948712,42.44893542488226,44.760186446611236,44.39063371337096,2.8684250105128797,0.6093662866290401,True,True,2026
2026-03-13,PETR4,LSTM,44.66999816894531,42.64535857255717,42.74529090608302,44.82088531329248,44.70397072134403,2.024639596388141,0.03397255239871555,True,True,2026
2026-03-16,PETR4,LSTM,45.86000061035156,43.096200777790244,43.033579345692885,44.52807828949347,44.427943734432006,2.7637998325613182,1.4320568759195567,True,True,2026
2026-03-17,PETR4,LSTM,46.380001068115234,43.5543918806153,43.44733367738889,45.80777742789601,45.720707274315444,2.8256091874999356,0.6592937937997903,True,True,2026
2026-03-18,PETR4,LSTM,47.0,44.018321466872834,43.97183643464218,46.221970183834586,46.2393185515029,2.981678533127166,0.7606814484971025,True,True,2026
2026-03-19,PETR4,LSTM,46.77999877929688,44.50091956414272,44.32111215450569,46.79027786332679,46.61891489907795,2.2790792151541623,0.16108388021893205,True,False,2026
2026-03-20,PETR4,LSTM,45.66999816894531,44.97841350905364,44.95351147837197,46.64979594475465,46.78546371191899,0.6915846598916744,1.1154655429736806,False,True,2026
2026-03-23,PETR4,LSTM,46.02999877929688,45.272713623392946,44.82687574214295,45.580748777996114,45.17865579876327,0.7572851559039364,0.8513429805336088,False,True,2026
2026-03-24,PETR4,LSTM,47.27000045776367,45.46315062971095,45.905709670039414,46.0743359616932,46.89581292198851,1.8068498280527194,0.37418753577516384,True,True,2026
2026-03-25,PETR4,LSTM,47.5,45.6746680803092,45.135349815514616,47.23825244822145,46.210096961992804,1.8253319196907967,1.2899030380071963,True,True,2026
2026-03-26,PETR4,LSTM,47.5,45.88840814831232,45.759581837519065,47.25694509078954,47.64635724945313,1.6115918516876775,0.146357249453132,True,False,2026
