Date,Ativo,Modelo,Real,Pred_Base,Pred_SeqOnly,Pred_ResidualOnly,Pred_Hibrido,ErroAbs_Base,ErroAbs_Hibrido,Hybrid_Better,Event_Day,Year
2020-12-29,EXXO34,TRANSFORMER,23.04597854614257,21.289221469430252,21.435046970077735,21.289221469430252,21.435046970077735,1.7567570767123186,1.6109315760648357,True,True,2020
2020-12-30,EXXO34,TRANSFORMER,23.15255546569824,21.115421525648827,21.260056542940642,21.115421525648827,21.260056542940642,2.0371339400494115,1.8924989227575963,True,True,2020
2020-12-31,EXXO34,TRANSFORMER,23.15255546569824,20.031591430696444,20.031591430696444,20.031591430696444,20.031591430696444,3.120964035001794,3.120964035001794,False,False,2020
2021-01-04,EXXO34,TRANSFORMER,23.45096206665039,19.99205756973651,19.99205756973651,19.99205756973651,19.99205756973651,3.458904496913881,3.458904496913881,False,True,2021
2021-01-05,EXXO34,TRANSFORMER,24.48688316345215,21.726545982263794,21.91056020973278,21.726545982263794,21.91056020973278,2.760337181188355,2.5763229537193695,True,True,2021
2021-01-06,EXXO34,TRANSFORMER,25.10928726196289,22.264869871298735,22.52931654982151,22.264869871298735,22.52931654982151,2.844417390664155,2.5799707121413817,True,True,2021
2021-01-07,EXXO34,TRANSFORMER,26.01731300354004,22.17272448309369,22.375450887167407,22.17272448309369,22.375450887167407,3.844588520446351,3.641862116372632,True,True,2021
2021-01-08,EXXO34,TRANSFORMER,26.34556579589844,22.622855144643374,22.83292675105159,22.622855144643374,22.83292675105159,3.722710651255067,3.51263904484685,True,True,2021
2021-01-11,EXXO34,TRANSFORMER,27.59037399291992,22.390102996704854,22.584054899069535,22.390102996704854,22.584054899069535,5.200270996215064,5.006319093850383,True,True,2021
2021-01-12,EXXO34,TRANSFORMER,27.41559600830078,23.106582719452923,23.283428283357434,23.106582719452923,23.283428283357434,4.309013288847858,4.132167724943347,True,True,2021
2021-01-13,EXXO34,TRANSFORMER,27.35164833068848,23.532478341928204,23.76338959569022,23.532478341928204,23.76338959569022,3.819169988760276,3.5882587349982593,True,True,2021
2021-01-14,EXXO34,TRANSFORMER,27.986841201782227,23.862344456104616,24.102535026080318,23.862344456104616,24.102535026080318,4.124496745677611,3.8843061757019086,True,True,2021
2021-01-15,EXXO34,TRANSFORMER,28.545297622680664,24.429703956720125,24.456941095070942,24.429703956720125,24.456941095070942,4.115593665960539,4.088356527609722,True,True,2021
2021-01-18,EXXO34,TRANSFORMER,27.4454345703125,24.658440417856788,24.849910486549355,24.658440417856788,24.849910486549355,2.786994152455712,2.595524083763145,True,True,2021
2021-01-19,EXXO34,TRANSFORMER,27.9314193725586,25.35650047901256,25.588687985029864,25.35650047901256,25.588687985029864,2.574918893546041,2.3427313875287368,True,True,2021
2021-01-20,EXXO34,TRANSFORMER,28.00814819335937,25.79880195403191,25.577386675165343,25.79880195403191,25.577386675165343,2.2093462393274628,2.4307615181940285,False,True,2021
2021-01-21,EXXO34,TRANSFORMER,27.53069305419922,26.236819126887163,26.367926395407885,26.236819126887163,26.367926395407885,1.293873927312056,1.162766658791334,True,True,2021
2021-01-22,EXXO34,TRANSFORMER,27.71826362609864,26.281039729353417,26.141149914607265,29.68069160361909,29.55734080914048,1.4372238967452233,1.8390771830418409,False,True,2021
2021-01-25,EXXO34,TRANSFORMER,27.71826362609864,26.483092011348212,26.555810081270323,29.03334674379156,29.263197002095872,1.2351716147504277,1.544933375997232,False,False,2021
2021-01-26,EXXO34,TRANSFORMER,26.37541007995605,26.610086131343984,26.610086131343984,28.82549714972476,28.91703818669609,0.23467605138793246,2.5416281067400384,False,False,2021
2021-01-27,EXXO34,TRANSFORMER,26.23899269104004,26.396157374209672,26.396157374209672,26.234266513806965,26.57834916392086,0.15716468316963272,0.3393564728808194,False,True,2021
2021-01-28,EXXO34,TRANSFORMER,26.678083419799805,26.335094943245274,26.57024100735966,26.868725360367485,27.305913678261057,0.342988476554531,0.6278302584612518,False,True,2021
2021-01-29,EXXO34,TRANSFORMER,26.23046875,26.27075043886328,26.27075043886328,26.69277248559763,26.428407798792897,0.04028168886328132,0.1979390487928967,False,True,2021
2021-02-01,EXXO34,TRANSFORMER,26.643983840942383,26.545208265846576,26.78784920278176,26.924678324080592,27.199962693555083,0.09877557509580726,0.5559788526127001,False,True,2021
2021-02-02,EXXO34,TRANSFORMER,26.19209671020508,26.46351888378866,26.715171552394267,26.898021043347022,27.025591896331665,0.2714221735835771,0.8334951861265836,False,True,2021
2021-02-03,EXXO34,TRANSFORMER,27.17686080932617,26.334393899070598,26.578959840351914,26.294148392279197,26.293485812193897,0.8424669102555704,0.8833749971322717,False,True,2021
2021-02-04,EXXO34,TRANSFORMER,27.961265563964844,26.410044756190622,26.67568667123527,27.36059521932041,27.235284631977773,1.5512208077742216,0.7259809319870705,True,True,2021
2021-02-05,EXXO34,TRANSFORMER,28.720081329345703,26.330813865755395,26.581859194194617,28.10374320049918,28.021763000256154,2.3892674635903077,0.6983183290895489,True,True,2021
2021-02-08,EXXO34,TRANSFORMER,29.892410278320312,26.561975281902896,26.80068732066804,29.153544594091027,29.0774570767102,3.3304349964174165,0.8149532016101126,True,True,2021
2021-02-09,EXXO34,TRANSFORMER,29.11654090881348,26.68928541997189,26.736864387496222,30.06893831838505,29.788487622605228,2.427255488841592,0.6719467137917476,True,True,2021
2021-02-10,EXXO34,TRANSFORMER,29.257225036621094,27.054906721861293,27.274490101808436,29.50467734972696,29.739357955117594,2.2023183147598004,0.4821329184965002,True,True,2021
2021-02-11,EXXO34,TRANSFORMER,28.37903594970703,26.992902041090822,27.115320445440304,29.330120539466048,29.27092563427004,1.386133908616209,0.891889684563008,True,True,2021
2021-02-12,EXXO34,TRANSFORMER,29.027013778686523,26.92177669176629,27.138101691138317,28.603061389876757,28.787177077183326,2.1052370869202335,0.23983670150319725,True,True,2021
2021-02-16,EXXO34,TRANSFORMER,29.027013778686523,27.175929390142876,27.408627579311275,29.55718480028524,29.527595798028358,1.8510843885436472,0.5005820193418344,True,True,2021
2021-02-17,EXXO34,TRANSFORMER,30.544666290283203,27.557062664883524,27.671202902669727,29.391195545026157,29.311738531446537,2.9876036253996787,1.2329277588366665,True,True,2021
2021-02-18,EXXO34,TRANSFORMER,30.263303756713867,27.948007010927995,27.96021447747809,30.140694065884883,29.972638190514353,2.315296745785872,0.29066556619951456,True,False,2021
2021-02-19,EXXO34,TRANSFORMER,30.190826416015625,28.44901561486398,28.29088606344211,30.643152719980137,30.487330826028582,1.7418108011516438,0.29650441001295746,True,True,2021
2021-02-22,EXXO34,TRANSFORMER,31.80225944519043,29.046396832435477,29.350140979101177,31.055730667984058,31.480900551991986,2.755862612754953,0.32135889319844324,True,True,2021
2021-02-23,EXXO34,TRANSFORMER,31.998353958129883,29.212183783256222,29.32690107111778,32.09547422121025,31.849168989387117,2.7861701748736607,0.149184968742766,True,True,2021
2021-02-24,EXXO34,TRANSFORMER,32.88080596923828,29.86450828999881,30.163575832005805,32.70240530378855,32.87980242864751,3.0162976792394716,0.0010035405907729,True,True,2021
2021-02-25,EXXO34,TRANSFORMER,32.89786148071289,30.37813955868802,30.37813955868802,32.536804643074994,32.21197561931066,2.519721922024871,0.6858858614022338,True,True,2021
2021-02-26,EXXO34,TRANSFORMER,32.88932800292969,29.75972701587625,29.567431454526925,32.10900566279205,31.91975703408944,3.1296009870534363,0.9695709688402481,True,True,2021
2021-03-01,EXXO34,TRANSFORMER,34.15971374511719,30.38075799415185,30.373121517940298,33.5158950514131,33.56439602277627,3.7789557509653378,0.5953177223409156,True,True,2021
2021-03-02,EXXO34,TRANSFORMER,34.13840103149414,31.61223785979405,31.460966230909097,35.218675422365486,34.98961492335381,2.526163171700091,0.8512138918596719,True,True,2021
2021-03-03,EXXO34,TRANSFORMER,34.117088317871094,32.58057012080005,32.82767586951419,35.12896275771904,35.49438738951084,1.5365181970710466,1.3772990716397473,True,True,2021
2021-03-04,EXXO34,TRANSFORMER,35.515357971191406,32.865239201157436,33.122969708599804,34.757501087069556,34.82035544842476,2.65011877003397,0.695002522766643,True,True,2021
2021-03-05,EXXO34,TRANSFORMER,36.977577209472656,33.246787813937175,33.57569636714611,35.95572131642381,36.03670248315963,3.7307893955354814,0.9408747263130266,True,True,2021
2021-03-08,EXXO34,TRANSFORMER,36.6706428527832,34.01760361970136,33.86358622877897,37.3911920937987,36.91192841211854,2.6530392330818415,0.24128555933533846,True,True,2021
2021-03-09,EXXO34,TRANSFORMER,37.2802619934082,34.4840282375998,34.67940162029145,37.21658673092795,37.43240306016508,2.7962337558084016,0.1521410667568759,True,True,2021
2021-03-10,EXXO34,TRANSFORMER,37.42947006225586,34.75180389467158,34.94643899885963,37.52018309078533,37.54120577814824,2.6776661675842774,0.11173571589237952,True,True,2021
2021-03-11,EXXO34,TRANSFORMER,36.30828857421875,35.36381352435899,35.60525131086063,38.10042843342927,38.15257700852264,0.9444750498597614,1.8442884343038912,False,True,2021
2021-03-12,EXXO34,TRANSFORMER,36.77721786499024,35.252112099367736,35.545880003898375,36.02859713389716,36.196998534610685,1.5251057656225058,0.5802193303795562,True,False,2021
2021-03-15,EXXO34,TRANSFORMER,36.66211700439453,35.75467628614578,35.909339631565594,37.58013716420869,37.49755964224357,0.9074407182487505,0.8354426378490416,True,True,2021
2021-03-16,EXXO34,TRANSFORMER,35.45142364501953,35.524644795843756,35.5396839266836,37.03125466704096,36.87307622525542,0.07322115082422442,1.421652580235886,False,True,2021
2021-03-17,EXXO34,TRANSFORMER,35.72425842285156,35.836715867823614,36.18496703065082,36.69232076791737,36.96590382784845,0.11245744497205123,1.2416454049968877,False,True,2021
2021-03-18,EXXO34,TRANSFORMER,34.10430145263672,34.869790854645714,34.694048057802966,35.518780090036316,35.0885282744726,0.7654894020089955,0.9842268218358825,False,True,2021
2021-03-19,EXXO34,TRANSFORMER,33.39236831665039,36.47618553326939,36.51579919349001,36.57601752952161,36.711198603697405,3.0838172166189963,3.318830287047014,False,True,2021
2021-03-22,EXXO34,TRANSFORMER,33.02147674560547,35.063883995739246,34.977095837985544,32.98997679464314,32.8613994592407,2.0424072501337776,0.1600772863647677,True,True,2021
2021-03-23,EXXO34,TRANSFORMER,32.590919494628906,36.46205501085251,36.060380566658296,34.59690897449932,34.35404651021511,3.871135516223603,1.7631270155862069,True,True,2021
2021-03-24,EXXO34,TRANSFORMER,33.882625579833984,36.33080174115153,36.7013542595671,32.81886582148571,33.70816282520828,2.448176161317548,0.17446275462570782,True,True,2021
2021-03-25,EXXO34,TRANSFORMER,34.09150695800781,36.42718209400516,36.29802025173872,34.2674613517642,33.97985617947341,2.3356751359973487,0.11165077853440408,True,True,2021
2021-03-26,EXXO34,TRANSFORMER,35.26384353637695,36.08353372222726,36.46432986735015,33.948371857350004,34.3801558625297,0.8196901858503054,0.8836876738472554,False,True,2021
2021-03-29,EXXO34,TRANSFORMER,35.17005920410156,36.09796865389018,36.4599189285167,35.289612301464324,35.28912811610883,0.9279094497886149,0.11906891200726477,True,True,2021
2021-03-30,EXXO34,TRANSFORMER,34.91853713989258,36.16383971904628,36.11140328289216,35.355809132034224,34.92200308828827,1.2453025791537016,0.0034659483956929193,True,True,2021
2021-03-31,EXXO34,TRANSFORMER,33.71210479736328,35.20929874472958,35.11865908263981,34.21367979532354,34.10676604385327,1.4971939473662985,0.39466124648998857,True,True,2021
2021-04-01,EXXO34,TRANSFORMER,34.965431213378906,35.4691004273987,35.81640554299444,34.27745834354363,34.6951530335981,0.5036692140197943,0.27027817978080293,True,True,2021
2021-04-05,EXXO34,TRANSFORMER,34.29187774658203,36.184828478586894,35.87938854526989,35.80372137037061,35.195533359827955,1.8929507320048629,0.9036556132459239,True,True,2021
2021-04-06,EXXO34,TRANSFORMER,33.74620056152344,35.75542828017308,36.10949349350078,34.21154574564422,34.779565310459915,2.0092277186496403,1.033364748936478,True,True,2021
2021-04-07,EXXO34,TRANSFORMER,34.08298110961914,35.57543986410269,35.60543847484578,33.41800533902391,33.28438463244046,1.4924587544835504,0.798596477178684,True,False,2021
2021-04-08,EXXO34,TRANSFORMER,33.37106704711914,35.23098145416159,34.90743921595618,33.8642793535031,33.459291166062044,1.859914407042453,0.08822411894290383,True,True,2021
2021-04-09,EXXO34,TRANSFORMER,33.92951202392578,34.64006506345942,34.52464011338723,32.706195914303606,33.00075281572625,0.7105530395336359,0.92875920819953,False,False,2021
2021-04-12,EXXO34,TRANSFORMER,33.972145080566406,34.45133004104409,34.84127063648752,33.72646467106461,34.25332101646698,0.47918496047768144,0.28117593590057055,True,True,2021
2021-04-13,EXXO34,TRANSFORMER,34.019039154052734,34.47459800032095,34.86480195633376,34.08262256088788,34.160718492744394,0.4555588462682181,0.1416793386916595,True,True,2021
2021-04-14,EXXO34,TRANSFORMER,34.556175231933594,34.4051565758723,34.62536424951178,34.10592408707397,33.94304870243949,0.1510186560612965,0.6131265294941031,False,True,2021
2021-04-15,EXXO34,TRANSFORMER,34.28334426879883,34.689445144672135,34.39613416955064,34.88023979194948,34.34249995542916,0.4061008758733067,0.05915568663033355,True,True,2021
2021-04-16,EXXO34,TRANSFORMER,33.852783203125,34.58298188047823,34.612173357236635,34.18992152092157,34.46941330359898,0.7301986773532292,0.6166301004739765,True,False,2021
2021-04-19,EXXO34,TRANSFORMER,33.44352340698242,34.60717338645071,34.94986809931301,34.02112895871774,34.36366602138362,1.163649979468289,0.9201426144012004,True,True,2021
2021-04-20,EXXO34,TRANSFORMER,32.84670639038086,34.21953787861983,33.955501627834295,33.32878986225474,32.78911495900952,1.3728314882389725,0.057591431371342594,True,True,2021
2021-04-21,EXXO34,TRANSFORMER,32.84670639038086,34.201851185476954,34.282010785087685,33.01521831904765,33.2637685640378,1.3551447950960949,0.4170621736569373,True,True,2021
2021-04-22,EXXO34,TRANSFORMER,32.26266860961914,34.18884413955712,34.27008548531872,32.790533971531445,32.82165651504703,1.9261755299379786,0.558987905427891,True,False,2021
2021-04-23,EXXO34,TRANSFORMER,32.68470001220703,34.04735446402316,34.00909765703017,32.18653897566214,32.06371269777781,1.3626544518161268,0.6209873144292217,True,False,2021
2021-04-26,EXXO34,TRANSFORMER,32.411869049072266,33.746479460923126,33.746479460923126,32.27727883025438,32.27914829771812,1.3346104118508606,0.1327207513541424,True,False,2021
2021-04-27,EXXO34,TRANSFORMER,32.991641998291016,33.654300213638805,33.39462530853811,32.50403608692224,32.24746875175076,0.6626582153477898,0.7441732465402566,False,True,2021
2021-04-28,EXXO34,TRANSFORMER,33.18347930908203,33.70893006447605,34.06358339544406,33.079528546403616,33.63143744453367,0.5254507553940186,0.44795813545163554,True,True,2021
2021-04-29,EXXO34,TRANSFORMER,33.50320816040039,33.51463699358109,33.89517894357429,33.059618030304904,33.17560130817855,0.011428833180701758,0.32760685222184094,False,True,2021
2021-04-30,EXXO34,TRANSFORMER,33.27301025390625,33.3337430889907,33.28495908639,33.26540514962145,32.84809822753463,0.06073283508445115,0.4249120263716222,False,True,2021
2021-05-03,EXXO34,TRANSFORMER,34.05739974975586,33.548376114973905,33.87437236357764,33.53122107781468,33.835688927137966,0.5090236347819541,0.22171082261789365,True,True,2021
2021-05-04,EXXO34,TRANSFORMER,34.41123580932617,33.555316903757586,33.751929095472356,34.03463755563706,33.94807595710457,0.8559189055685863,0.46315985222160094,True,True,2021
2021-05-05,EXXO34,TRANSFORMER,34.999542236328125,33.76126652701049,34.08692280511775,34.597128777798865,34.708238921869906,1.2382757093176338,0.29130331445821867,True,True,2021
2021-05-06,EXXO34,TRANSFORMER,34.7394905090332,33.91506929857289,33.80354172224538,34.89928797140743,34.51646427317338,0.824421210460315,0.22302623585981962,True,False,2021
2021-05-07,EXXO34,TRANSFORMER,34.87590789794922,33.96435521929848,34.327884499184734,34.831282218862036,35.24266514825925,0.911552678650736,0.36675725031003026,True,True,2021
2021-05-10,EXXO34,TRANSFORMER,34.8375358581543,33.80054950831638,33.539746150938406,34.71576435370506,34.156903195844095,1.0369863498379175,0.6806326623102024,True,True,2021
2021-05-11,EXXO34,TRANSFORMER,33.622581481933594,34.15655225195269,33.89300199512702,35.18099521379951,35.070922894134036,0.5339707700190957,1.4483414122004419,False,True,2021
2021-05-12,EXXO34,TRANSFORMER,34.43690872192383,33.92555077964633,34.252791719816614,33.67454619902174,34.24090586437356,0.511357942277499,0.19600285755026903,True,True,2021
2021-05-13,EXXO34,TRANSFORMER,34.0174674987793,34.206245771499255,33.93851137512359,34.678591472674356,34.14163642826883,0.18877827271995784,0.12416892948953517,True,True,2021
2021-05-14,EXXO34,TRANSFORMER,34.46284866333008,34.105367643048396,34.40037517828287,34.09125892201703,34.56522259795867,0.35748102028168205,0.10237393462859501,True,True,2021
2021-05-17,EXXO34,TRANSFORMER,35.435760498046875,34.595573588358974,34.90517534656895,34.93218320818686,35.01166602004951,0.8401869096879011,0.42409447799736455,True,True,2021
2021-05-18,EXXO34,TRANSFORMER,34.49311447143555,34.7330092034679,34.83032280887301,35.52694488567032,35.33188783350184,0.23989473203235434,0.8387733620662914,False,True,2021
2021-05-19,EXXO34,TRANSFORMER,34.00017547607422,34.21093315794042,33.94316207310183,34.20040477484816,33.81644783171174,0.21075768186619825,0.18372764436247735,True,True,2021
2021-05-20,EXXO34,TRANSFORMER,33.51587677001953,35.09456225636572,34.819874952048764,35.00032615737471,34.907880279895934,1.5786854863461883,1.3920035098764032,True,True,2021
2021-05-21,EXXO34,TRANSFORMER,34.108280181884766,35.17072519175133,35.45127524344742,33.94740031682005,34.47966550327815,1.0624450098665648,0.3713853213933831,True,True,2021
2021-05-24,EXXO34,TRANSFORMER,34.458534240722656,35.31129390032905,35.68281196432492,34.35617311410744,34.50933597060751,0.8527596596063916,0.050801729884852875,True,True,2021
2021-05-25,EXXO34,TRANSFORMER,33.658573150634766,35.246955200360645,34.970361454830346,34.541698196055535,33.916510532592454,1.5883820497258796,0.25793738195768867,True,True,2021
2021-05-26,EXXO34,TRANSFORMER,33.926666259765625,34.935338162510476,35.11072479982413,33.521559920547126,33.89239787594284,1.008671902744851,0.03426838382278419,True,False,2021
2021-05-27,EXXO34,TRANSFORMER,33.364540100097656,34.80503810650791,34.99809498167153,33.73389304829924,33.80753430504531,1.4404980064102517,0.4429942049476523,True,True,2021
2021-05-28,EXXO34,TRANSFORMER,32.836997985839844,34.230563684701025,34.54812698906421,33.03497704043608,33.17111967753328,1.393565698861181,0.33412169169343287,True,True,2021
2021-05-31,EXXO34,TRANSFORMER,32.815372467041016,34.423182504742755,34.33934822143141,33.10335002811141,32.72822273774479,1.6078100377017392,0.08714972929622888,True,False,2021
2021-06-01,EXXO34,TRANSFORMER,33.745052337646484,34.36631215025986,34.77577941110894,32.991095812350196,33.425295630175825,0.6212598126133742,0.31975670747065976,True,True,2021
2021-06-02,EXXO34,TRANSFORMER,33.489933013916016,34.35363144137074,34.711416181290794,33.74869085623627,33.77377370331393,0.8636984274547217,0.2838406893979126,True,True,2021
2021-06-03,EXXO34,TRANSFORMER,33.489933013916016,34.34000525800133,34.21775153172246,33.56550224961605,33.09295137110802,0.850072244085311,0.39698164280799375,True,False,2021
2021-06-04,EXXO34,TRANSFORMER,33.35157012939453,34.22136175435671,34.22136175435671,33.43448803077757,33.47011714616138,0.8697916249621755,0.11854701676684698,True,False,2021
2021-06-07,EXXO34,TRANSFORMER,33.139678955078125,34.11898608719969,33.89456594359397,33.39052788788194,33.16684369766141,0.9793071321215621,0.02716474258328816,True,True,2021
2021-06-08,EXXO34,TRANSFORMER,33.727760314941406,33.91652169184002,33.72647062940602,33.00166686213558,32.979886767791044,0.1887613768986114,0.7478735471503626,False,True,2021
2021-06-09,EXXO34,TRANSFORMER,34.2509651184082,33.88965757587687,34.25447430833768,33.596630933130896,34.13574162508744,0.36130754253133546,0.11522349332076232,True,False,2021
2021-06-10,EXXO34,TRANSFORMER,34.40663146972656,34.07576255400119,34.40124671287672,34.34758715752716,34.387270829378615,0.33086891572537525,0.019360640347947822,True,True,2021
2021-06-11,EXXO34,TRANSFORMER,34.59257888793945,34.324649359382164,34.41766992759827,34.5981527113269,34.37771265684031,0.26792952855728913,0.21486623109914404,True,False,2021
2021-06-14,EXXO34,TRANSFORMER,34.06935119628906,34.48425654453433,34.48425654453433,34.70549712047308,34.57855010728904,0.41490534824527003,0.5091989109999773,False,False,2021
2021-06-15,EXXO34,TRANSFORMER,34.968772888183594,34.27292042547012,34.6485583923639,34.03106063011631,34.38502504573641,0.695852462713475,0.5837478424471811,True,True,2021
2021-06-16,EXXO34,TRANSFORMER,34.95146560668945,34.56500883626492,34.579471820845846,35.05061343895951,34.74464743204811,0.3864567704245303,0.20681817464134156,True,False,2021
2021-06-17,EXXO34,TRANSFORMER,33.70181655883789,34.78979184681211,34.51260549351038,35.22560769586145,34.88890580810248,1.087975287974217,1.187089249264588,False,True,2021
2021-06-18,EXXO34,TRANSFORMER,32.99699020385742,34.80959134650166,34.81672608115666,33.8974497844218,34.078331211094444,1.8126011426442403,1.0813410072370218,True,True,2021
2021-06-21,EXXO34,TRANSFORMER,33.89638900756836,34.37460085286605,34.67554166566274,32.91424010302063,33.21994379571035,0.4782118452976931,0.6764452118580095,False,True,2021
2021-06-22,EXXO34,TRANSFORMER,34.181793212890625,34.80163285053524,35.01213506235306,34.13031527218927,34.12420258978143,0.6198396376446169,0.05759062310919205,True,False,2021
2021-06-23,EXXO34,TRANSFORMER,34.324485778808594,34.67665479685965,34.67665479685965,34.05243793837752,33.86140574214246,0.3521690180510575,0.46308003666613473,False,False,2021
2021-06-24,EXXO34,TRANSFORMER,34.108280181884766,35.066133528472704,35.066133528472704,34.6414551785582,34.63642330174809,0.9578533465879389,0.5281431198633229,True,False,2021
2021-06-25,EXXO34,TRANSFORMER,34.43690872192383,35.05263375233258,34.92031635952781,34.206982428884594,34.03072056265339,0.615725030408754,0.4061881592704353,True,True,2021
2021-06-28,EXXO34,TRANSFORMER,33.390480041503906,35.22884929956962,34.92838634345784,34.68721944053535,34.46339586173645,1.8383692580657112,1.072915820232545,True,True,2021
2021-06-29,EXXO34,TRANSFORMER,33.41210174560547,35.048863463238604,35.16692986105305,33.46925633943287,33.84757932011193,1.636761717633135,0.4354775745064643,True,False,2021
2021-06-30,EXXO34,TRANSFORMER,34.02611541748047,34.902550964946386,35.232980361546225,33.45023869273312,33.696810168635324,0.8764355474659169,0.3293052488451451,True,True,2021
2021-07-01,EXXO34,TRANSFORMER,34.39799118041992,34.76722299690539,35.07430711894944,33.83666929086719,33.856553551805526,0.3692318164854669,0.5414376286143963,False,True,2021
2021-07-02,EXXO34,TRANSFORMER,34.415287017822266,35.49061029429271,35.82960876633896,35.107763637464934,35.14855275460743,1.0753232764704421,0.7332657367851638,True,True,2021
2021-07-05,EXXO34,TRANSFORMER,34.59257888793945,35.162642868294995,35.25793441768106,34.23186801576225,34.03121570897748,0.5700639803555418,0.561363178961976,True,False,2021
2021-07-06,EXXO34,TRANSFORMER,34.670406341552734,35.506799448729424,35.523837559956654,34.99925221997473,34.88134113393986,0.8363931071766899,0.2109347923871283,True,True,2021
2021-07-07,EXXO34,TRANSFORMER,34.34609603881836,35.932184282808805,35.77405700132768,35.14694069442715,34.92907595040433,1.5860882439904458,0.5829799115859728,True,True,2021
2021-07-08,EXXO34,TRANSFORMER,34.2120475769043,35.80872182601499,35.596246036570875,34.4880867327199,34.35782751732262,1.5966742491106913,0.14577994041832198,True,True,2021
2021-07-09,EXXO34,TRANSFORMER,34.2120475769043,35.72300482586061,35.87076384908942,34.35410300452295,34.65763642616133,1.5109572489563163,0.44558884925703524,True,True,2021
2021-07-12,EXXO34,TRANSFORMER,34.385009765625,35.61185675496492,35.577564796790114,34.20030030527335,34.0933739258825,1.2268469893399185,0.2916358397424972,True,False,2021
2021-07-13,EXXO34,TRANSFORMER,34.07368850708008,35.56248441297032,35.82260975070279,34.474558216154016,34.71436238814169,1.4887959058902425,0.640673881061609,True,True,2021
2021-07-14,EXXO34,TRANSFORMER,32.759159088134766,35.56198136379254,35.27607377687714,34.323019580122526,33.81449554552672,2.8028222756577748,1.0553364573919524,True,True,2021
2021-07-15,EXXO34,TRANSFORMER,32.72024154663086,35.240193703463405,34.91661077099158,32.96176447976501,32.78270045497793,2.519952156832545,0.06245890834706813,True,True,2021
2021-07-16,EXXO34,TRANSFORMER,31.65219688415528,35.12781896649574,34.81435346518966,32.84406485861792,32.79743153803831,3.4756220823404576,1.1452346538830298,True,True,2021
2021-07-19,EXXO34,TRANSFORMER,31.32789802551269,35.102240850610144,34.9181720000617,31.98676625185279,32.06745195058547,3.7743428250974524,0.7395539250727801,True,True,2021
2021-07-20,EXXO34,TRANSFORMER,31.708415985107425,35.020500518699606,35.35500860598497,31.55339877283789,32.05757623285505,3.3120845335921807,0.3491602477476228,True,True,2021
2021-07-21,EXXO34,TRANSFORMER,32.5126953125,34.920164135517126,35.16600082462161,31.770583190716735,31.745541084735734,2.407468823017126,0.7671542277642658,True,True,2021
2021-07-22,EXXO34,TRANSFORMER,32.2359504699707,35.21207712403455,35.36000652758916,32.90188624300506,32.77213248162956,2.9761266540638474,0.5361820116588589,True,True,2021
2021-07-23,EXXO34,TRANSFORMER,32.08461380004883,34.83699333812413,34.7986407179247,32.174376386011474,31.98050116535757,2.752379538075303,0.10411263469125842,True,False,2021
2021-07-26,EXXO34,TRANSFORMER,32.776466369628906,34.49245624613215,34.79119913361305,31.877243222818,32.146535426138584,1.7159898765032437,0.6299309434903222,True,True,2021
2021-07-27,EXXO34,TRANSFORMER,32.19270706176758,34.50789727615063,34.16613531506295,32.791188496502436,32.20592735387022,2.315190214383051,0.013220292102644748,True,True,2021
2021-07-28,EXXO34,TRANSFORMER,32.274871826171875,34.240165474648194,34.56432393597756,32.19474328313237,32.71254523703041,1.9652936484763188,0.4376734108585367,True,True,2021
2021-07-29,EXXO34,TRANSFORMER,32.227298736572266,33.98557873512206,34.34013703890707,32.14447961726634,32.28252145869313,1.7582799985497957,0.05522272212086676,True,True,2021
2021-07-30,EXXO34,TRANSFORMER,32.49972915649414,33.62239528694036,33.40124150589368,31.991326989871947,31.42918645617558,1.1226661304462198,1.070542700318562,True,True,2021
2021-08-02,EXXO34,TRANSFORMER,32.227298736572266,33.53952115957529,33.26586964905251,32.47553886056471,32.302758020512385,1.3122224230030213,0.0754592839401198,True,True,2021
2021-08-03,EXXO34,TRANSFORMER,32.54728698730469,33.65172821348369,33.621053133745505,32.46943211923012,32.677053538599345,1.1044412261790058,0.12976655129465797,True,False,2021
2021-08-04,EXXO34,TRANSFORMER,32.050025939941406,33.60302531385645,33.30257018214507,32.57047449145047,32.32235550306751,1.5529993739150427,0.2723295631261067,True,True,2021
2021-08-05,EXXO34,TRANSFORMER,32.29648208618164,33.51715610907905,33.51715610907905,32.364198891667286,32.57879369040552,1.2206740228974127,0.282311604223878,True,True,2021
2021-08-06,EXXO34,TRANSFORMER,32.815372467041016,33.357022657094745,33.357022657094745,32.16891671806814,32.21638728153467,0.5416501900537298,0.5989851855063435,False,False,2021
2021-08-09,EXXO34,TRANSFORMER,32.57322311401367,33.63999426894455,33.50453777210678,33.593841648755856,33.47401973191461,1.0667711549308763,0.9007966179009372,True,True,2021
2021-08-10,EXXO34,TRANSFORMER,32.759159088134766,33.66937621053597,33.88992413598378,32.6935494960717,32.99292192995554,0.9102171224012068,0.2337628418207771,True,True,2021
2021-08-11,EXXO34,TRANSFORMER,33.02293395996094,33.57439278655295,33.241876138863994,32.709476502084556,32.22226012310122,0.5514588265920111,0.8006738368597155,False,True,2021
2021-08-12,EXXO34,TRANSFORMER,33.09975051879883,33.611378509946974,33.278495560212484,33.03762310778091,32.91062359256529,0.5116279911481456,0.18912692623354133,True,True,2021
2021-08-13,EXXO34,TRANSFORMER,32.76177978515625,33.51367475079488,33.502209948261005,33.00076574142104,33.29257254901794,0.7518949656386269,0.5307927638616903,True,False,2021
2021-08-16,EXXO34,TRANSFORMER,32.4984245300293,33.57906598442756,33.24650305396289,32.918931131690336,32.6429195864386,1.0806414543982612,0.14449505640930482,True,True,2021
2021-08-17,EXXO34,TRANSFORMER,32.15605545043945,33.56447884814162,33.55299666586804,32.58436548279698,32.8280286180682,1.4084233977021654,0.6719731676287495,True,False,2021
2021-08-18,EXXO34,TRANSFORMER,32.22188949584961,33.36740352833263,33.54102747214644,32.019245816209015,32.232631284797655,1.145514032483021,0.010741788948045894,True,True,2021
2021-08-19,EXXO34,TRANSFORMER,31.42741203308105,33.59772652918383,33.40394401117405,32.48594994803165,32.157118038189616,2.1703144961027796,0.7297060051085644,True,True,2021
2021-08-20,EXXO34,TRANSFORMER,31.260629653930664,33.505571789423556,33.234381364597695,31.657512137665538,31.49747641378304,2.2449421354928916,0.23684675985237647,True,True,2021
2021-08-23,EXXO34,TRANSFORMER,32.450130462646484,33.22869868145207,33.516123130285486,31.186968707286784,31.705326653148433,0.7785682188055887,0.7448038094980518,True,True,2021
2021-08-24,EXXO34,TRANSFORMER,32.01998519897461,33.26859693059848,33.51370958091832,32.297150367455565,32.38270968915674,1.2486117316238676,0.3627244901821314,True,True,2021
2021-08-25,EXXO34,TRANSFORMER,31.78295516967773,33.08589849831651,33.14369935402946,31.97785524921906,31.800570598964352,1.3029433286387793,0.01761542928662152,True,False,2021
2021-08-26,EXXO34,TRANSFORMER,31.695167541503903,32.81632992238033,32.56733070908557,31.548920731178853,31.202994605581925,1.1211623808764308,0.4921729359219782,True,True,2021
2021-08-27,EXXO34,TRANSFORMER,31.90585899353028,32.570897388020114,32.882371975797575,31.50866580536284,31.986901647851024,0.6650383944898337,0.08104265432074342,True,True,2021
2021-08-30,EXXO34,TRANSFORMER,31.61177444458008,32.521692729084776,32.414747184135074,31.778444401117696,31.49753508634782,0.9099182845046947,0.11423935823226117,True,False,2021
2021-08-31,EXXO34,TRANSFORMER,31.12017250061035,32.113174231027585,31.849470838481437,31.249739612609325,30.99744596786515,0.9930017304172338,0.12272653274520096,True,True,2021
2021-09-01,EXXO34,TRANSFORMER,30.711963653564453,32.03983482038598,31.787532126029525,31.12554458630077,31.0702034630861,1.3278711668215237,0.35823980952164547,True,True,2021
2021-09-02,EXXO34,TRANSFORMER,31.22551727294922,31.96545448490727,32.14113516636014,30.809428626501074,31.197901801729625,0.7399372119580505,0.027615471219593957,True,True,2021
2021-09-03,EXXO34,TRANSFORMER,31.335243225097656,31.92024842200044,31.60411421620378,31.132698294796786,30.722357766825635,0.5850051969027845,0.6128854582720216,False,True,2021
2021-09-06,EXXO34,TRANSFORMER,31.207958221435547,31.162006265941386,31.28421181091214,30.44783060833865,30.754252283986133,0.04595195549416076,0.45370593744941345,False,True,2021
2021-09-07,EXXO34,TRANSFORMER,31.207958221435547,31.870246623598774,32.00820891154031,31.72073876546453,31.84817419302167,0.6622884021632274,0.6402159715861231,True,False,2021
2021-09-08,EXXO34,TRANSFORMER,31.61177444458008,32.00009135560197,32.00009135560197,31.442446436082484,31.343317061447898,0.38831691102188515,0.2684573831321835,True,False,2021
2021-09-09,EXXO34,TRANSFORMER,31.18161392211914,31.69866170853669,32.03475082079769,31.269839922086845,31.572032740779076,0.5170477864175496,0.3904188186599349,True,True,2021
2021-09-10,EXXO34,TRANSFORMER,31.13334083557129,31.81764444790889,31.50252641922439,31.359759163855347,30.78743748421681,0.684303612337601,0.3459033513544796,True,True,2021
2021-09-13,EXXO34,TRANSFORMER,31.778568267822266,31.869632645627945,32.14547977005317,31.268512393490543,31.710840413029274,0.09106437780567944,0.06772785479299159,True,True,2021
2021-09-14,EXXO34,TRANSFORMER,31.54593849182129,31.96746281200933,32.00546396389992,31.695574257815082,31.605576417477707,0.4215243201880412,0.05963792565641768,True,False,2021
2021-09-15,EXXO34,TRANSFORMER,32.51597595214844,31.813144092572287,32.067243943113745,31.475691721083887,31.645954009804576,0.7028318595761505,0.8700219423438611,False,True,2021
2021-09-16,EXXO34,TRANSFORMER,32.37112808227539,32.089351627785476,32.11006869984876,32.46354535815972,32.31203431272368,0.28177645448991484,0.05909376955170842,True,False,2021
2021-09-17,EXXO34,TRANSFORMER,32.037532806396484,32.24011675623589,31.975370951179695,32.46921902195202,32.13298785214819,0.20258394983940775,0.09545504575170582,True,True,2021
2021-09-20,EXXO34,TRANSFORMER,31.51959609985352,32.364633036563674,32.612599081827874,32.10736697692708,32.51614822388655,0.8450369367101551,0.996552124033034,False,True,2021
2021-09-21,EXXO34,TRANSFORMER,31.291353225708008,32.347998877085075,32.66774053564875,31.656485265554565,31.81851143818937,1.0566456513770675,0.5271582124813605,True,True,2021
2021-09-22,EXXO34,TRANSFORMER,32.041927337646484,32.257157224665775,32.59728420417599,31.335411489909486,31.387854765298382,0.2152298870192908,0.6540725723481025,False,True,2021
2021-09-23,EXXO34,TRANSFORMER,33.345550537109375,32.343588812626535,32.60168961432627,31.995620535842633,31.94536048701129,1.0019617244828396,1.400190050098086,False,True,2021
2021-09-24,EXXO34,TRANSFORMER,33.95127487182617,32.58389153524308,32.71575791489137,33.07544706400089,32.93323486599263,1.3673833365830887,1.0180400058335408,True,True,2021
2021-09-27,EXXO34,TRANSFORMER,35.09687805175781,32.766012105905446,33.07558729517471,33.91618159689208,34.084412537226406,2.3308659458523664,1.0124655145314065,True,True,2021
2021-09-28,EXXO34,TRANSFORMER,35.5753288269043,32.97067701895048,32.644139497808254,34.906114327765685,34.32734855156711,2.6046518079538146,1.2479802753371843,True,True,2021
2021-09-29,EXXO34,TRANSFORMER,35.860618591308594,33.56852129973947,33.9294073838195,35.820392876391494,36.39526074368725,2.292097291569121,0.5346421523786589,True,True,2021
2021-09-30,EXXO34,TRANSFORMER,35.1627197265625,32.489778773298525,32.293866631643375,34.572276423982544,34.12189368874624,2.672940953263975,1.0408260378162595,True,True,2021
2021-10-01,EXXO34,TRANSFORMER,36.04497528076172,33.99904110504127,34.33349621815066,36.34236017446291,36.79350319488413,2.045934175720447,0.7485279141224126,True,True,2021
2021-10-04,EXXO34,TRANSFORMER,36.7121467590332,34.73242231276049,34.99076510854816,36.59914545736467,36.591051002670284,1.9797244462727122,0.12109575636291936,True,True,2021
2021-10-05,EXXO34,TRANSFORMER,37.20375061035156,35.17538678079876,35.480019051585636,36.90897042446445,36.95638355590521,2.028363829552802,0.2473670544463502,True,True,2021
2021-10-06,EXXO34,TRANSFORMER,36.523399353027344,34.885990328039924,34.562913815294216,36.695801454999646,36.09623622385135,1.63740902498742,0.4271631291759945,True,True,2021
2021-10-07,EXXO34,TRANSFORMER,36.808712005615234,35.39816275411357,35.483635043981856,36.80285240666059,37.12874859266597,1.4105492515016635,0.3200365870507369,True,False,2021
2021-10-08,EXXO34,TRANSFORMER,37.572452545166016,36.16369138403232,36.49131875680994,37.456310275201695,37.74596666540418,1.4087611611336968,0.17351412023816692,True,True,2021
2021-10-11,EXXO34,TRANSFORMER,37.55051040649414,35.75301106438036,36.06264578185718,36.973118893353515,37.005463332288855,1.797499342113781,0.5450470742052858,True,True,2021
2021-10-12,EXXO34,TRANSFORMER,37.55051040649414,37.32497654132888,37.42657703533433,38.776912286157796,38.616790692223084,0.22553386516526075,1.0662802857289435,False,False,2021
2021-10-13,EXXO34,TRANSFORMER,37.067684173583984,37.86365707933217,37.86365707933217,38.1658067523704,38.047440819986676,0.7959729057481866,0.9797566464026914,False,False,2021
2021-10-14,EXXO34,TRANSFORMER,37.642677307128906,38.079025331036746,38.408804219559926,37.4915801285623,37.782422433751165,0.4363480239078399,0.1397451266222589,True,True,2021
2021-10-15,EXXO34,TRANSFORMER,37.647064208984375,38.44620479550758,38.55085733013231,37.86540879878543,37.73295979821068,0.7991405865232082,0.08589558922630403,True,False,2021
2021-10-18,EXXO34,TRANSFORMER,38.037715911865234,38.68294360818001,38.54345955368804,37.90095039476296,37.60923698171248,0.6452276963147767,0.42847893015275673,True,True,2021
2021-10-19,EXXO34,TRANSFORMER,39.10431289672852,39.17084197662123,39.525769852578726,38.61460732918134,39.059599191581604,0.06652907989271029,0.044713705146918414,True,True,2021
2021-10-20,EXXO34,TRANSFORMER,38.757568359375,39.520966784095634,39.57420450567558,39.23566053005085,39.05877507676047,0.7633984247206342,0.3012067173854689,True,False,2021
2021-10-21,EXXO34,TRANSFORMER,38.89362716674805,40.002805344749135,39.60662249146706,39.44191857932961,38.947931833702576,1.1091781780010876,0.05430466695452907,True,True,2021
2021-10-22,EXXO34,TRANSFORMER,39.1701545715332,40.311318956133306,40.29752872527535,39.206977984672896,39.52174177095605,1.1411643846001027,0.3515871994228448,True,False,2021
2021-10-25,EXXO34,TRANSFORMER,39.271114349365234,39.93432100360795,40.29446774043249,38.93673874209511,39.32972918711454,0.663206654242714,0.058614837749303206,True,True,2021
2021-10-26,EXXO34,TRANSFORMER,40.29381942749024,39.246669545888324,39.595904202645606,38.633637574820426,38.70356583286101,1.0471498816019178,1.5902535946292318,False,True,2021
2021-10-27,EXXO34,TRANSFORMER,39.32378005981445,39.39658465021526,39.00640573196747,40.13990357930962,39.45170567556877,0.072804590400807,0.1279256157543145,False,True,2021
2021-10-28,EXXO34,TRANSFORMER,39.74076843261719,39.67871010755064,39.31145056606427,39.77720520700316,39.65318468899223,0.06205832506654474,0.08758374362495402,False,True,2021
2021-10-29,EXXO34,TRANSFORMER,40.162139892578125,39.887431660760086,39.887431660760086,40.0983539062114,40.348296777519444,0.27470823181803894,0.18615688494131888,True,True,2021
2021-11-01,EXXO34,TRANSFORMER,41.0180549621582,40.828257450699,41.15569552210688,41.072216792633554,41.43676015326827,0.18979751145920432,0.4187051911100639,False,True,2021
2021-11-02,EXXO34,TRANSFORMER,41.0180549621582,41.59811101367697,41.63579163495373,41.60029426874884,41.40486867897732,0.5800560515187669,0.3868137168191197,True,False,2021
2021-11-03,EXXO34,TRANSFORMER,39.05603790283203,41.66666242804186,41.660956250156126,41.26843545494419,41.17149835663639,2.610624525209829,2.11546045380436,True,True,2021
2021-11-04,EXXO34,TRANSFORMER,39.78026580810547,41.60212508814172,41.28248441301348,39.56081530014521,39.15009624700504,1.82185928003625,0.6301695611004305,True,True,2021
2021-11-05,EXXO34,TRANSFORMER,39.27549743652344,41.899994694871936,42.23125156732814,40.21676954554676,40.80277154599412,2.624497258348498,1.5272741094706817,True,True,2021
2021-11-08,EXXO34,TRANSFORMER,40.11824417114258,42.06499740492322,42.37097920026783,39.89549383580597,39.927655345707514,1.9467532337806404,0.19058882543506428,True,True,2021
2021-11-09,EXXO34,TRANSFORMER,39.83293914794922,42.215530356830044,41.82479042903429,40.47220588722511,39.816350359367725,2.382591208880825,0.01658878858149393,True,True,2021
2021-11-10,EXXO34,TRANSFORMER,39.37446212768555,41.87811334550818,41.65904088773576,39.85586192074131,39.89583558493967,2.503651217822636,0.5213734572541213,True,True,2021
2021-11-11,EXXO34,TRANSFORMER,38.5956916809082,42.48117643904922,42.087761483297434,40.32667686014066,40.13839538769053,3.8854847581410183,1.5427037067823264,True,True,2021
2021-11-12,EXXO34,TRANSFORMER,38.77814483642578,42.07681777073137,42.16055093638261,38.797189960976894,39.18891494015253,3.2986729343055856,0.4107701037267475,True,True,2021
2021-11-15,EXXO34,TRANSFORMER,38.77814483642578,41.63383782425686,41.851416912004964,38.44428191937983,38.66471754615685,2.855692987831077,0.11342729026893039,True,False,2021
2021-11-16,EXXO34,TRANSFORMER,39.86397171020508,41.50286703601725,41.50286703601725,38.72183089948152,38.5681473403629,1.6388953258121717,1.2958243698421796,True,False,2021
2021-11-17,EXXO34,TRANSFORMER,39.37001037597656,41.76230368556506,41.4876090575809,40.20404456729062,39.91738863706924,2.3922933095884957,0.5473782610926747,True,True,2021
2021-11-18,EXXO34,TRANSFORMER,39.36556243896485,41.753999504522625,41.342960469533146,39.74178605501015,39.53161525090844,2.388437065557774,0.16605281194358668,True,True,2021
2021-11-19,EXXO34,TRANSFORMER,37.97267532348633,41.411195997389456,41.051098791660486,39.31518985246552,39.30213550936154,3.4385206739031275,1.329460185875213,True,True,2021
2021-11-22,EXXO34,TRANSFORMER,38.34648513793945,41.40335874917358,41.487590286199676,38.31656696269113,38.74060447966558,3.056873611234124,0.3941193417261246,True,False,2021
2021-11-23,EXXO34,TRANSFORMER,39.298805236816406,41.28007300452683,41.668763121691875,38.526020855905315,38.885904760031515,1.9812677677104205,0.41290047678489117,True,True,2021
2021-11-24,EXXO34,TRANSFORMER,39.59251403808594,41.136025517404306,40.95045528599949,39.252616755711806,38.76787675147894,1.5435114793183686,0.8246372866070004,True,True,2021
2021-11-25,EXXO34,TRANSFORMER,39.205352783203125,40.969676183400196,41.32407403419682,39.52399450907843,39.9758688084678,1.7643234001970711,0.7705160252646763,True,True,2021
2021-11-26,EXXO34,TRANSFORMER,37.883670806884766,41.098085290442185,40.72345844196323,39.56564631369142,38.926935000560285,3.2144144835574195,1.043264193675519,True,True,2021
2021-11-29,EXXO34,TRANSFORMER,38.68024444580078,40.66343274266447,40.975205360733874,37.975634619102635,38.5201718665727,1.9831882968636876,0.16007257922807838,True,True,2021
2021-11-30,EXXO34,TRANSFORMER,37.58997344970703,40.54070164198296,40.13993129516259,38.63431913514427,38.040925323533315,2.950728192275932,0.4509518738262841,True,True,2021
2021-12-01,EXXO34,TRANSFORMER,38.03498077392578,40.8289127044998,40.44917804221825,38.27860294142188,38.15290818147602,2.7939319305740185,0.11792740755024056,True,True,2021
2021-12-02,EXXO34,TRANSFORMER,38.62239074707031,37.39996569529967,37.76745272158144,34.8726020481969,35.57920943695192,1.2224250517706423,3.043181310118392,False,True,2021
2021-12-03,EXXO34,TRANSFORMER,38.45328521728516,41.4884256550059,41.59879407815037,41.80756030555636,41.836467242005,3.0351404377207345,3.3831820247198365,False,False,2021
2021-12-06,EXXO34,TRANSFORMER,39.08074951171875,41.359774052462825,41.7190929082899,39.288570482034956,39.365324239121,2.279024540744075,0.2845747274022514,True,True,2021
2021-12-07,EXXO34,TRANSFORMER,39.049598693847656,41.28310935776912,41.399909479258234,38.98599029879994,38.80979093327445,2.2335106639214644,0.23980776057320696,True,True,2021
2021-12-08,EXXO34,TRANSFORMER,38.528934478759766,40.32244279231068,39.94213744201696,38.342812667065715,37.8164183324149,1.793508313550916,0.7125161463448677,True,True,2021
2021-12-09,EXXO34,TRANSFORMER,39.16085433959961,40.66148503943768,40.72724158488751,38.80134942811435,39.135718040910334,1.5006306998380694,0.025136298689275804,True,False,2021
2021-12-10,EXXO34,TRANSFORMER,39.60141754150391,40.445769812787404,40.445769812787404,38.87074869094208,38.90860320771208,0.8443522712834906,0.69281433379183,True,False,2021
2021-12-13,EXXO34,TRANSFORMER,39.33885192871094,40.68988796993696,40.68988796993696,39.63334481999698,39.64862312574855,1.351036041226024,0.30977119703761247,True,False,2021
2021-12-14,EXXO34,TRANSFORMER,38.88493728637695,40.44726606162388,40.06578342756772,39.353800208069124,38.95915962024006,1.5623287752469253,0.07422233386310495,True,True,2021
2021-12-15,EXXO34,TRANSFORMER,38.537845611572266,39.86309697925239,39.927562395253425,38.35168497811244,38.686300903138125,1.3252513676801243,0.14845529156585968,True,False,2021
2021-12-16,EXXO34,TRANSFORMER,39.02734756469727,40.57950608163512,40.57950608163512,39.18374721764387,39.219610374956126,1.552158516937844,0.19226281025885328,True,False,2021
2021-12-17,EXXO34,TRANSFORMER,38.057228088378906,40.47387865299814,40.128163122792486,39.14956272050072,38.789243116471695,2.416650564619232,0.7320150280927891,True,True,2021
2021-12-20,EXXO34,TRANSFORMER,37.794681549072266,40.157612924797405,39.88478858882195,38.21113867897993,38.15444514303751,2.3629313757251396,0.3597635939652477,True,True,2021
2021-12-21,EXXO34,TRANSFORMER,38.66244888305664,40.28225045287573,40.66746849599826,38.1891948940902,38.83262532044258,1.6198015698190886,0.17017643738594046,True,True,2021
2021-12-22,EXXO34,TRANSFORMER,38.58234024047852,40.15659392774498,40.02454148949394,38.38251758880483,38.06282051146513,1.5742536872664559,0.5195197290133962,True,False,2021
2021-12-23,EXXO34,TRANSFORMER,38.77369689941406,39.794215358247726,40.054759606566584,38.394757140914734,38.68815601476347,1.0205184588336635,0.08554088465059095,True,True,2021
2021-12-27,EXXO34,TRANSFORMER,38.91164779663086,39.528311302091225,39.83681605140199,38.48013185439169,38.63752632655751,0.616663505460366,0.27412147007334653,True,True,2021
2021-12-28,EXXO34,TRANSFORMER,38.787052154541016,39.39597583172318,39.11331819017861,38.67588523114039,38.12337133885148,0.6089236771821618,0.6636808156895384,False,True,2021
2021-12-29,EXXO34,TRANSFORMER,39.00064849853516,39.345000181708116,39.345000181708116,38.60753214792502,38.76828424849276,0.3443516831729525,0.23236425004240147,True,False,2021
2021-12-30,EXXO34,TRANSFORMER,37.43421173095703,39.19096910321119,39.10646759836177,38.74865778535897,38.69956373099358,1.7567573722541567,1.2653520000365504,True,True,2021
2021-12-31,EXXO34,TRANSFORMER,37.43421173095703,38.69967063827605,38.38028648467752,37.43251302706145,37.12728950953091,1.2654589073190152,0.30692222142612025,True,True,2021
2022-01-03,EXXO34,TRANSFORMER,40.19772720336914,38.651644920234276,38.33783082203801,37.236663470612655,37.18636172903281,1.546082283134865,3.01136547433633,False,False,2022
2022-01-04,EXXO34,TRANSFORMER,41.59060287475586,39.151589381678804,39.455067918285316,39.8662865623299,40.52763779665767,2.4390134930770557,1.0629650780981876,True,True,2022
2022-01-05,EXXO34,TRANSFORMER,42.5473747253418,36.505650026520755,36.38508239613786,38.39878503980212,38.15905788108886,6.041724698821042,4.388316844252934,True,True,2022
2022-01-06,EXXO34,TRANSFORMER,43.51749420166016,39.13002920986702,39.476109135148775,43.90915828150059,44.48911938282855,4.387464991793145,0.9716251811683847,True,True,2022
2022-01-07,EXXO34,TRANSFORMER,43.232688903808594,40.18485755231811,40.50831698012745,44.169263794057585,44.18762561327336,3.047831351490487,0.9549367094647678,True,True,2022
2022-01-10,EXXO34,TRANSFORMER,43.23714447021485,40.78760333791624,40.97700675934173,43.40767076744489,43.30209715060671,2.449541132298613,0.06495268039186186,True,False,2022
2022-01-11,EXXO34,TRANSFORMER,44.398624420166016,41.44517116493492,41.809074169745095,43.60437686836902,43.782086679645076,2.9534532552310964,0.6165377405209398,True,True,2022
2022-01-12,EXXO34,TRANSFORMER,43.82899856567383,42.092659950222384,42.41569970606685,44.521359104206084,44.55507894635293,1.7363386154514444,0.7260803806791003,True,True,2022
2022-01-13,EXXO34,TRANSFORMER,43.44184875488281,42.10152393470881,42.47133044534197,43.73307406112108,43.799113740580154,1.3403248201740041,0.35726498569734133,True,True,2022
2022-01-14,EXXO34,TRANSFORMER,44.41197204589844,42.06894182642489,42.418664801167104,43.25529326366845,43.28611658721612,2.3430302194735475,1.1258554586823166,True,True,2022
2022-01-17,EXXO34,TRANSFORMER,44.65227508544922,42.81126957029048,42.91940955270399,44.48773013738209,44.31434851766494,1.8410055151587414,0.33792656778427954,True,False,2022
2022-01-18,EXXO34,TRANSFORMER,45.5289421081543,43.702873932988126,44.06483248429582,45.34206492955344,45.571961258969715,1.8260681751661707,0.04301915081541807,True,True,2022
2022-01-19,EXXO34,TRANSFORMER,44.56326675415039,43.303483842703116,43.06014190164486,44.83893988175835,44.30774477893612,1.2597829114472745,0.2555219752142719,True,True,2022
2022-01-20,EXXO34,TRANSFORMER,44.69232177734375,44.2766169986827,44.2766169986827,45.243997701557085,45.370385003958745,0.41570477866105193,0.6780632266149951,False,False,2022
2022-01-21,EXXO34,TRANSFORMER,43.815650939941406,44.89171457639986,44.61930464026208,45.297284877307156,45.02525361494042,1.076063636458457,1.2096026749990116,False,True,2022
2022-01-24,EXXO34,TRANSFORMER,44.6300163269043,45.11690002628927,45.104017552107685,44.183768773786404,44.354328676131544,0.48688369938497544,0.2756876507727526,True,False,2022
2022-01-25,EXXO34,TRANSFORMER,45.63129425048828,45.54474206212166,46.05672181362202,45.07486441258147,45.63164801839439,0.0865521883666247,0.00035376790610541775,True,True,2022
2022-01-26,EXXO34,TRANSFORMER,44.861427307128906,45.79165149727305,46.19910724378926,45.792961135545404,45.836141626904926,0.9302241901441448,0.9747143197760195,False,True,2022
2022-01-27,EXXO34,TRANSFORMER,44.90592193603516,45.89363117443628,45.78046611440833,45.0495814912979,44.55452206855297,0.9877092384011164,0.35139986748219343,True,False,2022
2022-01-28,EXXO34,TRANSFORMER,44.825828552246094,41.94912067175639,41.619784971403504,41.06519407816042,40.76199358658245,2.876707880489704,4.063834965663645,False,True,2022
2022-01-31,EXXO34,TRANSFORMER,44.79022979736328,45.73911768467656,45.73911768467656,47.4523732770348,47.767250573678474,0.9488878873132762,2.977020776315193,False,False,2022
2022-02-01,EXXO34,TRANSFORMER,47.61603546142578,46.14131195166027,46.51540127593798,45.904542518748855,46.2517982855392,1.4747235097655107,1.3642371758865792,True,True,2022
2022-02-02,EXXO34,TRANSFORMER,47.1710319519043,45.88921466062931,45.72111925125194,46.635853390981104,46.1941119925654,1.2818172912749901,0.9769199593389004,True,True,2022
2022-02-03,EXXO34,TRANSFORMER,46.699317932128906,47.109070220655724,47.15174967860252,48.08946339808803,48.163444382602606,0.40975228852681767,1.4641264504736995,False,False,2022
2022-02-04,EXXO34,TRANSFORMER,48.84426498413086,47.36619542372512,47.70891213257277,47.342013922131805,47.6871155572476,1.4780695604057428,1.157149426883258,True,True,2022
2022-02-07,EXXO34,TRANSFORMER,48.39925765991211,46.8914614653055,46.82427899070322,47.655060804020415,47.34149342211126,1.5077961946066125,1.0577642378008463,True,False,2022
2022-02-08,EXXO34,TRANSFORMER,46.83727264404297,47.9385209226341,47.83932156033481,49.21028248538605,49.0828972243862,1.1012482785911288,2.2456245803432324,False,True,2022
2022-02-09,EXXO34,TRANSFORMER,46.36726760864258,47.58144113780946,47.99931382219578,47.19973027287472,47.684717370840055,1.2141735291668851,1.3174497621974766,False,True,2022
2022-02-10,EXXO34,TRANSFORMER,46.106422424316406,47.86194135933971,47.83640958474852,46.72354105601215,46.452328972730484,1.7555189350233036,0.345906548414078,True,False,2022
2022-02-11,EXXO34,TRANSFORMER,47.44661712646485,47.51109164510143,47.918628542661544,46.14121534351003,46.48596439537609,0.0644745186365796,0.9606527310887643,False,True,2022
2022-02-14,EXXO34,TRANSFORMER,46.39874649047852,44.274555786923486,44.180905884241696,43.874206649237664,43.52390534856945,2.124190703555037,2.874841141909073,False,True,2022
2022-02-15,EXXO34,TRANSFORMER,45.06304550170898,48.029268414566275,47.5810329700501,49.352700491056986,48.88374728264102,2.9662229128572974,3.8207017809320405,False,True,2022
2022-02-16,EXXO34,TRANSFORMER,44.97310256958008,48.18826033187793,48.265739126360856,46.69923917124649,47.004964806138396,3.2151577622978493,2.031862236558318,True,True,2022
2022-02-17,EXXO34,TRANSFORMER,45.30590057373047,48.67402525585749,48.23383909226942,46.05043838282818,45.69715457835477,3.368124682127018,0.39125400462430093,True,True,2022
2022-02-18,EXXO34,TRANSFORMER,44.63130569458008,48.35990329107591,48.43765805919782,45.425000391113464,45.74869529734224,3.728597596495831,1.1173896027621595,True,True,2022
2022-02-21,EXXO34,TRANSFORMER,43.92972946166992,48.15598263284005,48.555151461762215,45.06850079326873,45.53347431685388,4.2262531711701286,1.6037448551839546,True,True,2022
2022-02-22,EXXO34,TRANSFORMER,43.21015930175781,48.2495085040772,48.557005673379635,44.65415765343339,44.69415646957737,5.039349202319386,1.4839971678195596,True,True,2022
2022-02-23,EXXO34,TRANSFORMER,42.94931411743164,47.944689079475495,47.91731743368697,43.762392392581525,43.44862487854885,4.995374962043854,0.49931076111720785,True,False,2022
2022-02-24,EXXO34,TRANSFORMER,43.29560470581055,47.40514948826092,47.41385347563282,43.01386938295463,42.96736099975529,4.109544782450371,0.3282437060552539,True,True,2022
2022-02-25,EXXO34,TRANSFORMER,44.81570053100586,47.472429091114805,47.94823004446178,43.700782585101145,44.18738195456909,2.656728560108945,0.6283185764367687,True,True,2022
2022-02-28,EXXO34,TRANSFORMER,44.81570053100586,47.19284209732268,47.35805013667624,44.40783711726095,44.255966136823105,2.3771415663168227,0.5597343941827546,True,True,2022
2022-03-01,EXXO34,TRANSFORMER,44.81570053100586,47.39160585655145,47.60298554339464,45.16071695547014,45.14670580651421,2.575905325545591,0.33100527550835324,True,True,2022
2022-03-02,EXXO34,TRANSFORMER,46.15140914916992,47.51774221320562,47.89101877213026,45.328580361185494,45.53170155023815,1.3663330640357003,0.6197075989317753,True,True,2022
2022-03-03,EXXO34,TRANSFORMER,45.53976058959961,48.27222052951913,48.09327284412382,46.70242012925389,46.22754668587088,2.732459939919522,0.6877860962712674,True,True,2022
2022-03-04,EXXO34,TRANSFORMER,47.8918571472168,47.828492458626386,48.41996584129332,45.80234403285372,46.42892849358211,0.06336468859041133,1.462928653634684,False,True,2022
2022-03-07,EXXO34,TRANSFORMER,49.67729187011719,47.568919082891796,48.12309702787957,47.012826925614306,47.23277039479453,2.1083727872253917,2.4445214753226594,False,True,2022
2022-03-08,EXXO34,TRANSFORMER,49.77622985839844,47.621968843362936,48.00316074895717,48.83345477785162,48.753840672397466,2.1542610150355017,1.0223891860009715,True,True,2022
2022-03-09,EXXO34,TRANSFORMER,46.20536422729492,46.57112232863443,46.20835498572313,48.31604817422089,47.599683707014314,0.3657581013395088,1.3943194797193925,False,True,2022
2022-03-10,EXXO34,TRANSFORMER,48.09423828125,46.12938065705907,46.773229612302586,46.321275963502515,47.0969742074804,1.9648576241909268,0.9972640737695997,True,True,2022
2022-03-11,EXXO34,TRANSFORMER,48.41804122924805,48.49007178037044,47.96130883011295,49.61058545527241,48.763227329767844,0.07203055112239554,0.3451861005197969,False,True,2022
2022-03-14,EXXO34,TRANSFORMER,46.82149887084961,48.50481499088846,48.06723455750329,48.83500167981069,48.590222244615674,1.6833161200388531,1.7687233737660648,False,True,2022
2022-03-15,EXXO34,TRANSFORMER,45.06755065917969,48.055114823346685,47.597219790651,47.00617161128411,46.90110711072067,2.987564164166997,1.8335564515409857,True,True,2022
2022-03-16,EXXO34,TRANSFORMER,43.96120834350586,47.56135270731011,47.003272099753296,45.347665436087624,45.1565456197573,3.6001443638042474,1.1953372762514434,True,True,2022
2022-03-17,EXXO34,TRANSFORMER,44.55935287475586,47.39483826998611,46.866273947396685,44.52512533342433,44.437158417909856,2.8354853952302506,0.12219445684600316,True,True,2022
2022-03-18,EXXO34,TRANSFORMER,44.18157577514648,48.08557380612643,48.456311257162426,45.56953493991918,46.38569616251598,3.903998030979956,2.2041203873694997,True,True,2022
2022-03-21,EXXO34,TRANSFORMER,45.66120147705078,46.50500618823787,46.9544819835043,43.44785519840722,43.75215512595623,0.8438047111870901,1.9090463510945526,False,True,2022
2022-03-22,EXXO34,TRANSFORMER,45.17998123168945,48.70459258769091,48.70459258769091,47.33746839628828,46.978616580651796,3.524611356001458,1.7986353489623426,True,False,2022
2022-03-23,EXXO34,TRANSFORMER,45.260929107666016,48.79702464943381,49.381421283950914,46.339422773003726,46.83230509485398,3.536095541767793,1.5713759871879631,True,True,2022
2022-03-24,EXXO34,TRANSFORMER,45.10353088378906,48.51079224701624,47.8456414583149,45.53234586420983,44.484176808156185,3.407261363227178,0.6193540756328773,True,True,2022
2022-03-25,EXXO34,TRANSFORMER,45.42733001708984,48.2692744671549,47.91735069922683,45.39266823005851,45.3344438191201,2.841944450065064,0.09288619796974018,True,True,2022
2022-03-28,EXXO34,TRANSFORMER,44.26702880859375,48.129014037432285,47.49007140613041,45.63414617021668,45.34454314179656,3.8619852288385346,1.0775143332028065,True,True,2022
2022-03-29,EXXO34,TRANSFORMER,43.97469329833984,47.382342012462175,47.56981084919437,44.33993990471823,45.01288099832998,3.407648714122338,1.0381876999901465,True,True,2022
2022-03-30,EXXO34,TRANSFORMER,44.829200744628906,46.134362133788784,46.63205391131544,43.17132467048904,43.68255459634345,1.3051613891598777,1.1466461482854555,True,True,2022
2022-03-31,EXXO34,TRANSFORMER,44.132110595703125,46.183119207942866,45.78307070677828,44.5876551212707,43.81231793335615,2.051008612239741,0.3197926623469769,True,True,2022
2022-04-01,EXXO34,TRANSFORMER,43.40354919433594,46.15971323260953,46.65233063292951,44.56854643947028,45.21076668931207,2.756164038273596,1.807217494976129,True,True,2022
2022-04-04,EXXO34,TRANSFORMER,42.98078918457031,45.74844860198954,46.04712491401357,43.94485802663473,43.98675538074528,2.7676594174192246,1.0059661961749669,True,True,2022
2022-04-05,EXXO34,TRANSFORMER,43.23263549804688,45.78002203217852,45.27899513133683,43.346376893791785,42.54155074232979,2.5473865341316397,0.6910847557170925,True,False,2022
2022-04-06,EXXO34,TRANSFORMER,44.29851150512695,45.80351313891117,46.2923291645721,43.59626446145861,44.31990937439896,1.505001633784218,0.021397869272007597,True,True,2022
2022-04-07,EXXO34,TRANSFORMER,45.35087203979492,46.00145654101925,46.49668285646956,44.48788161781692,44.77753028294028,0.6505845012243299,0.5733417568546386,True,True,2022
2022-04-08,EXXO34,TRANSFORMER,45.75113677978516,46.284755779769455,45.94723273108509,45.45106650168328,44.676508906699105,0.5336189999842915,1.0746278730860581,False,True,2022
2022-04-11,EXXO34,TRANSFORMER,44.20405960083008,46.345931719266275,45.99354136995313,45.80314002885701,45.54442560050585,2.141872118436197,1.3403659996757753,True,True,2022
2022-04-12,EXXO34,TRANSFORMER,44.81119918823242,46.34806774346731,46.63149677368386,45.053399021648154,45.6282533647151,1.5368685552348893,0.817054176482678,True,True,2022
2022-04-13,EXXO34,TRANSFORMER,45.64770126342773,46.29076141303034,46.68024620623228,44.846538886267595,45.12859823434412,0.6430601496026114,0.5191030290836096,True,True,2022
2022-04-14,EXXO34,TRANSFORMER,46.30430603027344,46.328794510609896,46.81005422929164,45.556306314324345,45.72626180631863,0.02448848033645845,0.5780442239548051,False,True,2022
2022-04-18,EXXO34,TRANSFORMER,46.05245971679688,46.33311815379943,46.64964238950142,46.03139193323051,45.952247980654036,0.28065843700255044,0.10021173614284606,True,False,2022
2022-04-19,EXXO34,TRANSFORMER,46.07944488525391,46.4346799131842,46.51091379317498,46.17896719511977,45.96081017383296,0.3552350279302843,0.1186347114209525,True,True,2022
2022-04-20,EXXO34,TRANSFORMER,45.76462936401367,45.906950368820276,46.39984527854674,45.5702149011924,45.94778922276057,0.14232100480660392,0.18315985874689744,False,True,2022
2022-04-21,EXXO34,TRANSFORMER,45.76462936401367,46.30476939782699,46.5004288842799,45.98585619664889,45.85671494484728,0.5401400338133158,0.0920855808336114,True,False,2022
2022-04-22,EXXO34,TRANSFORMER,45.87256240844727,46.355278115015494,46.355278115015494,45.83189156429371,45.607780585010154,0.4827157065682215,0.26478182343711865,True,False,2022
2022-04-25,EXXO34,TRANSFORMER,45.03156661987305,46.25721964169958,45.7027393919217,45.758315766551945,45.15048026986376,1.2256530218265311,0.11891364999071641,True,True,2022
2022-04-26,EXXO34,TRANSFORMER,46.0974235534668,45.48835669864093,45.97675724122652,44.57332517922586,45.402733102507725,0.6090668548258691,0.6946904509590723,False,True,2022
2022-04-27,EXXO34,TRANSFORMER,47.22624969482422,46.58329353899734,47.02449206603435,46.63426681550698,46.85445809552738,0.6429561558268801,0.37179159929684147,True,True,2022
2022-04-28,EXXO34,TRANSFORMER,48.48100662231445,46.08793456428873,46.441225711866956,46.55098549763619,46.52758671811097,2.393072058025723,1.9534199042034857,True,True,2022
2022-04-29,EXXO34,TRANSFORMER,47.09133529663086,47.295296446530585,47.24800874712157,48.703351650350676,48.281637604667786,0.20396114989972602,1.1903023080369266,False,True,2022
2022-05-02,EXXO34,TRANSFORMER,49.10164260864258,47.42066920033028,47.396320210790506,47.68520424371743,47.66891558493629,1.6809734083122976,1.4327270237062848,True,True,2022
2022-05-03,EXXO34,TRANSFORMER,49.40745162963867,47.80912893489091,47.34758270641773,48.78498192012146,48.30911734224047,1.5983226947477647,1.0983342873982025,True,True,2022
2022-05-04,EXXO34,TRANSFORMER,50.48230743408203,48.339703931783504,48.8434854138412,49.61630380675195,50.409042563250615,2.1426035022985275,0.07326487083141586,True,True,2022
2022-05-05,EXXO34,TRANSFORMER,50.66670227050781,48.83969353866706,48.56682981105747,50.283136858961974,49.77053123321352,1.827008731840749,0.8961710372942946,True,True,2022
2022-05-06,EXXO34,TRANSFORMER,52.06535339355469,48.98223187825624,49.4756814154737,50.490385015184344,51.05163035215509,3.083121515298444,1.0137230413996008,True,True,2022
2022-05-09,EXXO34,TRANSFORMER,48.719364166259766,49.669949119329885,49.23764822888349,51.93128627538175,51.22833013150973,0.9505849530701198,2.5089659652499634,False,True,2022
2022-05-10,EXXO34,TRANSFORMER,48.90824508666992,49.497245887249505,48.86102603464222,49.417716488286494,49.0635923142108,0.5890008005795835,0.15534722754087937,True,True,2022
2022-05-11,EXXO34,TRANSFORMER,50.32490158081055,49.48154817316339,50.01827162038402,48.88391969169259,49.878678369347845,0.8433534076471574,0.4462232114627014,True,True,2022
2022-05-12,EXXO34,TRANSFORMER,50.31215286254883,50.03455916338498,50.479923441192526,50.37374906070145,50.60857602803949,0.2775936991638446,0.2964231654906584,False,True,2022
2022-05-13,EXXO34,TRANSFORMER,50.69829559326172,50.09678505680671,50.527494113458815,50.38545110517309,50.439197284634865,0.6015105364550095,0.2590983086268537,True,True,2022
2022-05-16,EXXO34,TRANSFORMER,50.69829559326172,50.253122422303306,50.67887163768802,50.56698874612953,50.61603973950487,0.44517317095841236,0.0822558537568483,True,True,2022
2022-05-17,EXXO34,TRANSFORMER,51.41606903076172,50.85368316865231,50.368007091956855,51.17127494730073,50.33017903167253,0.5623858621094087,1.08588999908919,False,True,2022
2022-05-18,EXXO34,TRANSFORMER,51.02992630004883,51.084427956891034,50.785745187342826,51.46196646132695,51.354077216793335,0.05450165684220565,0.32415091674450736,False,True,2022
2022-05-19,EXXO34,TRANSFORMER,50.76189041137695,51.41572582641959,51.81589382035521,51.425792383483866,52.115353021351446,0.6538354150426358,1.3534626099744926,False,True,2022
2022-05-20,EXXO34,TRANSFORMER,50.76189041137695,51.37109117578393,51.878356798506104,50.910800547001735,51.251450001165225,0.6092007644069781,0.4895595897882714,True,True,2022
2022-05-23,EXXO34,TRANSFORMER,51.04810333251953,51.383992452389464,51.82540399576579,50.83141296717599,50.869567747986395,0.33588911986993253,0.17853558453313667,True,True,2022
2022-05-24,EXXO34,TRANSFORMER,51.46603393554688,51.597269825332035,52.05065420836622,51.221065416536355,51.282340382546735,0.13123588978515244,0.1836935530001469,False,True,2022
2022-05-25,EXXO34,TRANSFORMER,52.57903671264648,51.56381834487934,52.01690879029089,51.367867705572806,51.438472210887504,1.0152183677671403,1.1405645017589734,False,True,2022
2022-05-26,EXXO34,TRANSFORMER,52.28829574584961,51.75420311062385,52.205868955146165,52.27067695753447,52.318401175324595,0.5340926352257611,0.030105429474986067,True,True,2022
2022-05-27,EXXO34,TRANSFORMER,52.65626907348633,51.963636671900304,52.25898220912947,52.43775745195866,52.36571912505239,0.6926324015860246,0.29054994843394155,True,True,2022
2022-05-30,EXXO34,TRANSFORMER,52.542701721191406,51.87294851397371,51.87294851397371,52.610307040078396,52.23248798409219,0.6697532072176955,0.3102137370992182,True,True,2022
2022-05-31,EXXO34,TRANSFORMER,51.57051849365234,51.953954910032564,52.56424853708903,52.4517848242462,52.99064925857124,0.38343641638022774,1.4201307649189019,False,True,2022
2022-06-01,EXXO34,TRANSFORMER,53.40130233764648,52.30495940863324,52.496666265050735,52.1627489382882,52.00300659069686,1.0963429290132396,1.3982957469496142,False,True,2022
2022-06-02,EXXO34,TRANSFORMER,52.91975021362305,52.290796639474195,52.81288858574335,52.84506570186954,53.08180575301528,0.6289535741488521,0.1620555393922345,True,True,2022
2022-06-03,EXXO34,TRANSFORMER,53.61935806274414,52.209377485115624,51.66929317636211,52.777877472427576,51.88840153329199,1.4099805776285166,1.7309565294521505,False,True,2022
2022-06-06,EXXO34,TRANSFORMER,53.83286666870117,52.737721007450375,52.802038194986565,53.56452574393351,53.81366198428851,1.0951456612507968,0.019204684412663653,True,True,2022
2022-06-07,EXXO34,TRANSFORMER,57.04013442993164,52.821534159947305,53.23102780968635,53.742911809526234,54.232571507279495,4.218600269984336,2.8075629226521457,True,True,2022
2022-06-08,EXXO34,TRANSFORMER,58.28486251831055,50.45417956983488,50.942453056956545,53.272583265790786,53.47319407877604,7.830682948475669,4.8116684395345075,True,True,2022
2022-06-09,EXXO34,TRANSFORMER,57.27180862426758,52.834352884892894,52.40940541121825,58.979187820955495,58.113995035279146,4.437455739374684,0.8421864110115678,True,True,2022
2022-06-10,EXXO34,TRANSFORMER,57.01286697387695,54.16123409229658,54.460187742720606,58.281357360546735,58.853511927645755,2.8516328815803718,1.8406449537688019,True,False,2022
2022-06-13,EXXO34,TRANSFORMER,55.6500129699707,54.67004382809722,53.959401588758844,57.29839822383653,56.55755534204555,0.9799691418734824,0.9075423720748503,True,True,2022
2022-06-14,EXXO34,TRANSFORMER,56.04524993896485,54.46980961742571,54.46980961742571,55.33981647145453,55.78957848297286,1.5754403215391406,0.2556714559919939,True,False,2022
2022-06-15,EXXO34,TRANSFORMER,54.205379486083984,54.233531288231404,53.78308696521568,55.32626045764961,54.98047347359183,0.028151802147419858,0.7750939875078444,False,True,2022
2022-06-16,EXXO34,TRANSFORMER,54.205379486083984,54.619184266353955,55.18512500350652,54.61317319224587,55.515195318239144,0.41380478026997025,1.3098158321551594,False,False,2022
2022-06-17,EXXO34,TRANSFORMER,50.6074447631836,54.81757912285235,54.298014160944824,54.51805305500613,53.726709930223045,4.21013435966875,3.119265167039444,True,True,2022
2022-06-20,EXXO34,TRANSFORMER,50.59380722045898,53.51065993871873,53.934538785495654,50.4596040101265,51.200316620264154,2.9168527182597543,0.6065093998051765,True,False,2022
2022-06-21,EXXO34,TRANSFORMER,53.58755111694336,54.54593514659041,55.05872753079484,52.04610670295816,52.32451350446044,0.9583840296470498,1.2630376124829183,False,True,2022
2022-06-22,EXXO34,TRANSFORMER,51.62957763671875,52.67171063636812,52.23952400435408,51.58259050102121,50.72214245361012,1.0421329996493682,0.9074351831086318,True,True,2022
2022-06-23,EXXO34,TRANSFORMER,50.66649627685547,54.36053185757561,53.729486304282915,53.54052442328759,53.07892861943512,3.69403558072014,2.412432342579649,True,True,2022
2022-06-24,EXXO34,TRANSFORMER,51.73860549926758,54.307742650781165,54.811054748248644,51.8325226438875,52.79934448610503,2.569137151513587,1.0607389868374497,True,True,2022
2022-06-27,EXXO34,TRANSFORMER,52.83797836303711,51.064313728997945,51.47718762946502,48.829449052288304,49.01575121380191,1.7736646340391644,3.8222271492351965,False,True,2022
2022-06-28,EXXO34,TRANSFORMER,54.55063629150391,52.425665413906756,52.877368571881156,52.96335287299275,53.03016141937005,2.124970877597157,1.5204748721338603,True,True,2022
2022-06-29,EXXO34,TRANSFORMER,51.652286529541016,54.599851699490955,53.98412787193744,56.158725436138646,55.20209644907778,2.9475651699499394,3.549809919536763,False,True,2022
2022-06-30,EXXO34,TRANSFORMER,50.60289001464844,52.415981072299644,51.8781304752087,51.16819821079653,50.92298944865532,1.8130910576512065,0.32009943400688456,True,True,2022
2022-07-01,EXXO34,TRANSFORMER,52.81071853637695,53.80922607507972,54.157845433263546,52.16052164611342,52.900717983872674,0.9985075387027678,0.08999944749572109,True,True,2022
2022-07-04,EXXO34,TRANSFORMER,53.94189453125,52.896847071209436,53.513366519652386,51.93244119166857,52.44781158414207,1.0450474600405641,1.4940829471079269,False,True,2022
2022-07-05,EXXO34,TRANSFORMER,51.78857803344727,54.11996600154299,53.57504232198665,54.479211112312775,53.494217171519836,2.3313879680957186,1.7056391380725628,True,True,2022
2022-07-06,EXXO34,TRANSFORMER,51.16620635986328,53.538998375733684,53.05889793080344,52.41726326352347,52.114262321054085,2.3727920158704023,0.9480559611908035,True,True,2022
2022-07-07,EXXO34,TRANSFORMER,52.16109848022461,53.03647804452498,53.45757425197784,51.20472730846424,51.976812689660875,0.8753795643003741,0.1842857905637345,True,True,2022
2022-07-08,EXXO34,TRANSFORMER,51.33429718017578,52.51796074946287,53.02448964863782,51.494564204729194,51.84911686752241,1.1836635692870914,0.5148196873466304,True,True,2022
2022-07-11,EXXO34,TRANSFORMER,52.02480697631836,53.20386443375713,53.016751436115094,52.08692209510822,51.521934320410146,1.1790574574387733,0.5028726559082131,True,False,2022
2022-07-12,EXXO34,TRANSFORMER,52.07477951049805,50.06781974312406,49.59115313998926,49.13428184648677,48.62857731233941,2.006959767373985,3.4462021981586375,False,True,2022
2022-07-13,EXXO34,TRANSFORMER,51.99300384521485,52.94403308408522,52.32013668010427,53.7383242777661,53.41911816358249,0.9510292388703689,1.4261143183676381,False,True,2022
2022-07-14,EXXO34,TRANSFORMER,51.18891906738281,53.51573686580525,53.0085310475649,53.38181415649717,53.31584962379407,2.3268177984224394,2.12693055641126,True,True,2022
2022-07-15,EXXO34,TRANSFORMER,51.57506561279297,50.13616219859972,49.972829767014574,48.60336828478329,48.80872428548221,1.4389034141932484,2.766341327310762,False,True,2022
2022-07-18,EXXO34,TRANSFORMER,52.75167083740234,52.74824634409316,53.15571819656013,52.884092566795836,53.490171023596595,0.0034244933091756025,0.7385001861942584,False,True,2022
2022-07-19,EXXO34,TRANSFORMER,54.27352142333984,51.50493063420657,51.79119021505133,51.81109037633265,51.9296277548377,2.7685907891332633,2.343893668502133,True,True,2022
2022-07-20,EXXO34,TRANSFORMER,55.282039642333984,52.950270893889694,52.76404976092576,54.16529292834592,53.76710229133795,2.33176874844429,1.5149373509960355,True,False,2022
2022-07-21,EXXO34,TRANSFORMER,54.8686408996582,53.71921122912954,54.203549687422296,55.55242182292587,56.09809402112878,1.1494296705286615,1.229453121470577,False,True,2022
2022-07-22,EXXO34,TRANSFORMER,54.4461555480957,53.802204024505784,53.77603516989375,54.695078466662494,54.51328680893389,0.6439515235899194,0.06713126083818821,True,False,2022
2022-07-25,EXXO34,TRANSFORMER,54.70963668823242,53.91763704250042,54.41811054215624,54.481353410412424,54.88484153571965,0.7919996457320053,0.17520484748722964,True,True,2022
2022-07-26,EXXO34,TRANSFORMER,54.31440734863281,53.661613388143394,53.420823231900215,53.97335400742233,53.49931701252371,0.6527939604894186,0.8150903361091011,False,False,2022
2022-07-27,EXXO34,TRANSFORMER,54.37346267700195,54.274703928628185,54.83370027543796,54.76554746245973,55.334835550862756,0.09875874837376841,0.9613728738608032,False,True,2022
2022-07-28,EXXO34,TRANSFORMER,54.75506591796875,54.14862948571897,54.68942348602912,54.29058807134661,54.58169927688222,0.6064364322497795,0.1733666410865311,True,True,2022
2022-07-29,EXXO34,TRANSFORMER,56.98561096191406,53.98888170477096,54.71311441121976,54.297111235155214,54.59725675845651,2.9967292571431017,2.3883542034575527,True,True,2022
2022-08-01,EXXO34,TRANSFORMER,55.45467758178711,54.32873141032178,53.68851761878999,56.00738699219581,54.847006554936705,1.1259461714653298,0.6076710268504044,True,True,2022
2022-08-02,EXXO34,TRANSFORMER,56.322357177734375,54.92553863588273,55.04256612025641,55.95538232597233,56.277919873826676,1.3968185418516441,0.04443730390769929,True,False,2022
2022-08-03,EXXO34,TRANSFORMER,54.67329788208008,55.46564834949879,54.8284718131076,56.432767907654515,55.90410340810371,0.7923504674187143,1.2308055260236301,False,True,2022
2022-08-04,EXXO34,TRANSFORMER,51.44331741333008,54.89642627705581,54.35965270111692,54.772330012710036,54.56581332226624,3.4531088637257312,3.122495908936159,True,True,2022
2022-08-05,EXXO34,TRANSFORMER,52.05206298828125,54.569511384722375,55.05446680569309,52.54255729359703,53.43371618868204,2.517448396441125,1.381653200400791,True,True,2022
2022-08-08,EXXO34,TRANSFORMER,51.49329376220703,53.781674458573605,54.26887872524046,51.65531723205797,51.96104857608358,2.2883806963665734,0.46775481387654594,True,True,2022
2022-08-09,EXXO34,TRANSFORMER,52.628997802734375,53.84425893576821,54.346767462085765,52.04123026167682,52.13817801759355,1.2152611330338345,0.4908197851408218,True,True,2022
2022-08-10,EXXO34,TRANSFORMER,52.628997802734375,53.953283881159734,53.583571396593086,52.54448310629556,51.78563362215294,1.3242860784253594,0.8433641805814318,True,False,2022
2022-08-11,EXXO34,TRANSFORMER,54.9575424194336,54.248880737502134,54.56315374983828,53.24354802983875,53.62406219189496,0.7086616819314671,1.3334802275386437,False,True,2022
2022-08-12,EXXO34,TRANSFORMER,54.39788055419922,54.86130312548926,55.339208109662536,54.91870378819967,55.29291681944129,0.46342257129003883,0.8950362652420694,False,True,2022
2022-08-15,EXXO34,TRANSFORMER,53.65012741088867,54.51578831227482,53.97422303689213,54.37153520439186,53.502109430533565,0.8656609013861498,0.14801798035510672,True,True,2022
2022-08-16,EXXO34,TRANSFORMER,53.89784240722656,54.628061149537245,54.08538054459751,54.024641859187774,53.655505611229735,0.730218742310683,0.24233679599682745,True,True,2022
2022-08-17,EXXO34,TRANSFORMER,54.48044967651367,54.86905782204519,55.347030358535385,54.25098713465629,55.12421068932176,0.3886081455315207,0.6437610128080848,False,True,2022
2022-08-18,EXXO34,TRANSFORMER,55.861270904541016,55.06884315806576,55.46943999464247,54.6611478861293,54.91206672280101,0.7924277464752549,0.9492041817400079,False,True,2022
2022-08-19,EXXO34,TRANSFORMER,55.948429107666016,55.40040158127101,54.85004846949335,55.69591895330584,54.819697554343286,0.5480275263950034,1.12873155332273,False,True,2022
2022-08-22,EXXO34,TRANSFORMER,55.5263900756836,55.087605602527276,55.33572284390709,55.50281126683891,55.95954776288785,0.43878447315632485,0.4331576872042504,True,True,2022
2022-08-23,EXXO34,TRANSFORMER,57.12741088867188,55.03296156312348,55.78683282291875,55.3398000627373,56.08261978183079,2.0944493255484034,1.044791106841089,True,True,2022
2022-08-24,EXXO34,TRANSFORMER,57.89350891113281,55.36349067031881,55.877384851310026,56.53086342070312,56.58529434187108,2.5300182408140017,1.308214569261736,True,True,2022
2022-08-25,EXXO34,TRANSFORMER,58.301788330078125,55.560182898830874,55.31087348980619,57.09203903402478,56.43929222017089,2.741605431247251,1.8624961099072337,True,False,2022
2022-08-26,EXXO34,TRANSFORMER,56.89802932739258,56.01591449702727,55.4642422709975,58.23596391760136,57.772584761098095,0.8821148303653104,0.8745554337055168,True,True,2022
2022-08-29,EXXO34,TRANSFORMER,58.031131744384766,55.989714663952725,56.41210049631095,57.007355268642876,57.80391685214124,2.0414170804320406,0.22721489224352354,True,True,2022
2022-08-30,EXXO34,TRANSFORMER,56.33835983276367,55.409064346086325,54.78948015127932,56.66226621760661,55.93739937690352,0.9292954866773471,0.40096045586015094,True,True,2022
2022-08-31,EXXO34,TRANSFORMER,57.0127182006836,55.54507594506123,55.80722846859574,56.44111617822063,56.95885565472882,1.4676422556223727,0.053862545954778795,True,True,2022
2022-09-01,EXXO34,TRANSFORMER,56.04935073852539,56.19078213044179,55.284573457318835,57.14744654031961,56.23703080431369,0.14143139191639875,0.18768006578829954,False,True,2022
2022-09-02,EXXO34,TRANSFORMER,57.48064041137695,56.402498761063555,56.8602064490829,56.59951177423031,57.49945308553529,1.0781416503133983,0.018812674158340315,True,True,2022
2022-09-05,EXXO34,TRANSFORMER,58.71924209594727,55.253284204294346,55.7391079242382,55.77938755926097,56.2035913483649,3.465957891652927,2.51565074758237,True,True,2022
2022-09-06,EXXO34,TRANSFORMER,57.29713821411133,57.472969353204235,56.822174369074766,59.52640600596973,58.5287293188338,0.1758311390929066,1.2315911047224688,False,True,2022
2022-09-07,EXXO34,TRANSFORMER,57.29713821411133,57.335309300769836,56.34499194668795,57.967501327036786,57.22907234358623,0.0381710866585081,0.06806587052509627,False,True,2022
2022-09-08,EXXO34,TRANSFORMER,56.37047576904297,57.602265890590616,57.69037129601215,57.2825277079943,58.06721168794645,1.2317901215476468,1.696735918903478,False,False,2022
2022-09-09,EXXO34,TRANSFORMER,56.85674285888672,57.84445182294962,58.07391609039638,57.135227855646974,57.49048957043735,0.9877089640629038,0.6337467115506286,True,True,2022
2022-09-12,EXXO34,TRANSFORMER,56.976016998291016,57.64837357240839,58.26861220975966,56.60000085726248,57.07769762765275,0.6723565741173729,0.10168062936173783,True,False,2022
2022-09-13,EXXO34,TRANSFORMER,56.44845962524414,58.03102631363987,57.48069735947538,57.42656188673448,56.46405033528771,1.5825666883957297,0.015590710043568379,True,True,2022
2022-09-14,EXXO34,TRANSFORMER,57.69166946411133,55.10424492148462,55.58875818866833,54.09806828521108,54.72169761315282,2.5874245426267066,2.9699718509585082,False,True,2022
2022-09-15,EXXO34,TRANSFORMER,56.81086349487305,58.192646985372846,57.55598806094204,59.21401330549283,58.44513208776832,1.3817834904997994,1.6342685928952747,False,True,2022
2022-09-16,EXXO34,TRANSFORMER,57.343017578125,58.08648039120686,57.975742986377554,57.610035436941615,57.755348366424165,0.7434628130818624,0.41233078829916536,True,False,2022
2022-09-19,EXXO34,TRANSFORMER,55.09516906738281,58.011409975445815,57.3759670681931,57.29792501853873,56.843284515339796,2.9162409080630027,1.7481154479569838,True,True,2022
2022-09-20,EXXO34,TRANSFORMER,54.37493896484375,57.46570738686859,57.46570738686859,55.45864590013599,55.8230454334863,3.090768422024837,1.4481064686425498,True,False,2022
2022-09-21,EXXO34,TRANSFORMER,53.96206665039063,57.22580968333364,57.22580968333364,54.68536786556621,54.806735234441746,3.2637430329430046,0.8446685840511137,True,False,2022
2022-09-22,EXXO34,TRANSFORMER,53.347354888916016,57.21701793154966,57.74561620131784,54.81125095722867,55.29359783259168,3.869663042633647,1.9462429436756636,True,True,2022
2022-09-23,EXXO34,TRANSFORMER,51.4619140625,56.46422676478625,55.91585740342038,53.69358592059672,52.800477084010225,5.002312702286247,1.3385630215102253,True,True,2022
2022-09-26,EXXO34,TRANSFORMER,52.34270095825195,55.78336905070603,55.02787913165294,52.252886859280295,51.631589740174405,3.440668092454075,0.7111112180775478,True,True,2022
2022-09-27,EXXO34,TRANSFORMER,52.83355712890625,56.14675113881947,56.318310238646546,53.21957090358302,53.88534045815912,3.313194009913218,1.0517833292528707,True,True,2022
2022-09-28,EXXO34,TRANSFORMER,54.42999267578125,55.679493265103474,56.141399685195466,53.144147216739114,53.63051235122421,1.2495005893222242,0.7994803245570381,True,True,2022
2022-09-29,EXXO34,TRANSFORMER,54.69147491455078,55.2278557132924,54.67819696146631,53.854860590949585,52.992302699198355,0.536380798741618,1.6991722153524265,False,True,2022
2022-09-30,EXXO34,TRANSFORMER,54.085933685302734,55.7812897807712,55.98392233514349,54.91333755344877,55.32750908712606,1.695356095468469,1.2415754018233258,True,False,2022
2022-10-03,EXXO34,TRANSFORMER,54.59054565429688,55.71976299671962,56.16969485970558,54.663596802298,55.09612144229043,1.1292173424227414,0.5055757879935499,True,True,2022
2022-10-04,EXXO34,TRANSFORMER,56.22826766967773,54.61728299843588,55.04206700785545,53.6382400962447,53.75669663950061,1.6109846712418445,2.4715710301771168,False,True,2022
2022-10-05,EXXO34,TRANSFORMER,58.810997009277344,55.984526808073156,56.50563264600777,56.590437197261146,56.77581551732244,2.826470201204188,2.0351814919549014,True,True,2022
2022-10-06,EXXO34,TRANSFORMER,60.70103073120117,56.218292471117934,56.799935197583764,58.03299854238398,58.25948095182593,4.482738260083238,2.4415497793752436,True,True,2022
2022-10-07,EXXO34,TRANSFORMER,60.26520919799805,56.712575694507905,57.06038784805996,59.68216300004924,59.62190421535207,3.552633503490142,0.6433049826459794,True,True,2022
2022-10-10,EXXO34,TRANSFORMER,58.79723358154297,57.11232178882642,56.47760462144092,59.89897902275126,58.99625970299655,1.684911792716548,0.1990261214535778,True,True,2022
2022-10-11,EXXO34,TRANSFORMER,58.9715576171875,56.812545754699386,56.17389972677791,58.386329650310806,58.06579232185015,2.1590118624881143,0.9057652953373534,True,True,2022
2022-10-12,EXXO34,TRANSFORMER,58.9715576171875,57.04586254309322,56.50732998278523,58.53139872505898,58.493391521636575,1.9256950740942784,0.47816609555092526,True,True,2022
2022-10-13,EXXO34,TRANSFORMER,61.57262802124024,57.3217914664541,57.900616557850405,58.771113700544554,59.80432976290012,4.25083655478614,1.768298258340124,True,True,2022
2022-10-14,EXXO34,TRANSFORMER,60.56339645385742,58.05075616036635,57.45866843976972,60.762009600966614,59.98711472631926,2.5126402934910743,0.5762817275381593,True,True,2022
2022-10-17,EXXO34,TRANSFORMER,61.15977096557617,58.66057559132588,58.73380691321311,60.4957255071387,60.85238175307527,2.4991953742502915,0.307389212500901,True,False,2022
2022-10-18,EXXO34,TRANSFORMER,60.49000930786133,59.25099022271996,59.80215389693824,61.104104774699984,61.76727405455683,1.239019085141365,1.2772647466955007,False,True,2022
2022-10-19,EXXO34,TRANSFORMER,62.76078796386719,59.962198570526255,60.4639440976648,61.1108491886843,61.31740659586195,2.798589393340933,1.443381368005241,True,True,2022
2022-10-20,EXXO34,TRANSFORMER,62.84334945678711,60.502746839835766,61.12257684429237,62.29327210905389,62.54492436159501,2.340602616951344,0.29842509519210125,True,True,2022
2022-10-21,EXXO34,TRANSFORMER,62.352481842041016,61.417955817798486,62.02216400728703,63.24751882833843,63.43708302253196,0.9345260242425297,1.0846011804909423,False,True,2022
2022-10-24,EXXO34,TRANSFORMER,64.43061065673828,61.59090154537995,62.08656885294206,62.55521432551733,62.61469602046465,2.8397091113583315,1.8159146362736323,True,True,2022
2022-10-25,EXXO34,TRANSFORMER,64.34346008300781,62.380993163740925,62.380993163740925,64.14468542444779,63.57918819820451,1.9624669192668875,0.7642718848032999,True,True,2022
2022-10-26,EXXO34,TRANSFORMER,66.40321350097656,62.65383155933267,63.27920761901765,64.29337654342143,64.84738055786153,3.7493819416438896,1.5558329431150355,True,True,2022
2022-10-27,EXXO34,TRANSFORMER,64.99028015136719,62.97434869802049,62.347592481336825,65.43627501413933,64.48152706764468,2.0159314533466954,0.5087530837225103,True,True,2022
2022-10-28,EXXO34,TRANSFORMER,66.92617797851562,63.03302229032528,63.43171281138859,64.85998255694649,65.51523414456216,3.8931556881903475,1.4109438339534677,True,True,2022
2022-10-31,EXXO34,TRANSFORMER,65.79309844970703,63.66792194747137,64.32017809129425,66.24050089466844,66.81607543019093,2.125176502235661,1.0229769804839037,True,True,2022
2022-11-01,EXXO34,TRANSFORMER,65.73343658447266,64.04257233716709,64.04257233716709,66.14418452732664,65.54769568553277,1.6908642473055693,0.18574089893988344,True,True,2022
2022-11-02,EXXO34,TRANSFORMER,65.73343658447266,63.88945964588703,63.88945964588703,64.88939771289519,64.77906167835216,1.8439769385856266,0.954374906120492,True,False,2022
2022-11-03,EXXO34,TRANSFORMER,65.33891296386719,64.17282337812156,64.17282337812156,65.17578008580705,65.19145116089786,1.166089585745624,0.14746180296933176,True,False,2022
2022-11-04,EXXO34,TRANSFORMER,64.71961975097656,64.53007084600546,65.19115941122296,65.54320582981786,66.21870382480803,0.18954890497110455,1.4990840738314688,False,True,2022
2022-11-07,EXXO34,TRANSFORMER,67.18306732177734,64.65982141752153,65.08491816874644,65.00216167529918,65.0656186719769,2.523245904255816,2.117448649800437,True,True,2022
2022-11-08,EXXO34,TRANSFORMER,67.25186920166016,65.0480360768417,65.61998178680254,66.50899053807896,66.70819380900129,2.203833124818459,0.5436753926588693,True,True,2022
2022-11-09,EXXO34,TRANSFORMER,64.5269546508789,65.6551699991137,64.94888510547328,67.38789544215432,66.2965158827435,1.1282153482347894,1.7695612318646,False,True,2022
2022-11-10,EXXO34,TRANSFORMER,67.71063232421875,65.46882252548829,65.92415399059432,65.27685929121961,65.98541812848103,2.2418097987304577,1.7252141957377205,True,True,2022
2022-11-11,EXXO34,TRANSFORMER,70.23932647705078,66.07756104565044,66.74449861600004,67.09676792377259,67.64815785062925,4.16176543140034,2.591168626421535,True,True,2022
2022-11-14,EXXO34,TRANSFORMER,70.11905670166016,67.3867994154806,67.45574124712948,70.09798606132188,69.73971840920927,2.7322572861795607,0.3793382924508819,True,True,2022
2022-11-15,EXXO34,TRANSFORMER,70.11905670166016,67.58585726499791,67.05251994261253,69.57901590100425,68.89264177136094,2.533199436662244,1.2264149302992138,True,False,2022
2022-11-16,EXXO34,TRANSFORMER,70.7666015625,68.11858892400653,68.43165925260293,69.7024284717474,70.31660544111227,2.6480126384934692,0.44999612138772704,True,False,2022
2022-11-17,EXXO34,TRANSFORMER,70.2670669555664,67.82040716881215,67.21632544100883,69.80125039765116,69.1497297129178,2.446659786754253,1.1173372426486026,True,True,2022
2022-11-18,EXXO34,TRANSFORMER,69.5547866821289,68.54056205276481,67.91889725361837,70.44806138442982,70.11306902111333,1.0142246293640937,0.5582823389844265,True,True,2022
2022-11-21,EXXO34,TRANSFORMER,67.7231674194336,68.70531452809689,68.09253633559376,69.80193476689618,69.67207126890555,0.9821471086632982,1.9489038494719608,False,True,2022
2022-11-22,EXXO34,TRANSFORMER,70.66485595703125,69.26982857618373,69.9523082877687,68.98601417575192,70.12807432974257,1.395027380847523,0.5367816272886756,True,True,2022
2022-11-23,EXXO34,TRANSFORMER,70.19306945800781,69.46840659417762,69.87599565353466,70.01505503176483,70.16711313357487,0.72466286383019,0.025956324432939937,True,True,2022
2022-11-24,EXXO34,TRANSFORMER,70.70184326171875,69.5734174651044,70.08958520406992,70.28413420781207,70.43484377970083,1.1284257966143514,0.2669994820179227,True,True,2022
2022-11-25,EXXO34,TRANSFORMER,76.77018737792969,70.19978850388259,70.15327953592406,70.98238891436577,70.57501582548126,6.5703988740471,6.1951715524484285,True,True,2022
2022-11-28,EXXO34,TRANSFORMER,68.01919555664062,71.5570151855336,72.04186366349691,75.31778414473021,75.79009002356662,3.5378196288929757,7.770894466925995,False,True,2022
2022-11-29,EXXO34,TRANSFORMER,67.62141418457031,69.96951580794916,69.96951580794916,69.75592996354891,69.29959051275245,2.3481016233788523,1.6781763281821327,True,True,2022
2022-11-30,EXXO34,TRANSFORMER,66.74262237548828,69.62026037264354,70.39861991461078,67.61932144880636,68.22082968837334,2.8776379971552615,1.4782073128850612,True,True,2022
2022-12-01,EXXO34,TRANSFORMER,66.4188461303711,69.73449123209025,69.73449123209025,67.76208797504894,67.14349339232358,3.3156451017191557,0.7246472619524837,True,True,2022
2022-12-02,EXXO34,TRANSFORMER,65.85456848144531,69.75429847099792,69.75429847099792,67.08672984790788,66.86817116920363,3.899729989552611,1.013602687758322,True,False,2022
2022-12-05,EXXO34,TRANSFORMER,64.98502349853516,69.56264447348178,68.67846924556106,66.81176670342316,65.85473471184548,4.577620974946626,0.8697112133103246,True,True,2022
2022-12-06,EXXO34,TRANSFORMER,63.34767150878906,69.35385584704864,68.55354874474381,66.14740605763087,65.7569902158896,6.0061843382595725,2.409318707100539,True,True,2022
2022-12-07,EXXO34,TRANSFORMER,62.26535415649414,68.44442032580321,67.7975926805395,64.3134846050389,64.23002718485824,6.179066169309067,1.9646730283641034,True,True,2022
2022-12-08,EXXO34,TRANSFORMER,62.50587844848633,67.75581049490643,67.17790954057443,63.143622906164666,63.03339099543705,5.249932046420099,0.5275125469507245,True,True,2022
2022-12-09,EXXO34,TRANSFORMER,62.54286956787109,68.30893241392107,68.30893241392107,63.7834512855561,64.21023451160457,5.766062846049984,1.6673649437334817,True,False,2022
2022-12-12,EXXO34,TRANSFORMER,64.68899536132812,67.76221340803079,68.35802397501533,63.516408464064725,64.19381971600043,3.0732180467026637,0.4951756453276914,True,True,2022
2022-12-13,EXXO34,TRANSFORMER,65.89156341552734,67.84387247815107,67.89442619325347,64.91424485439867,64.59813141856637,1.9523090626237263,1.293431996960976,True,True,2022
2022-12-14,EXXO34,TRANSFORMER,64.98502349853516,68.00676754113442,68.69079144412332,66.30398935029227,66.79239684811903,3.0217440425992663,1.8073733495838695,True,True,2022
2022-12-15,EXXO34,TRANSFORMER,64.47624206542969,67.63333478842287,68.31360263979737,65.62373989278575,65.8935997950031,3.157092722993184,1.4173577295734106,True,True,2022
2022-12-16,EXXO34,TRANSFORMER,64.59648895263672,67.18794794511314,66.57890830569491,64.85768446745884,63.68195426993209,2.5914589924764186,0.9145346827046268,True,True,2022
2022-12-19,EXXO34,TRANSFORMER,64.17095947265625,66.63673503323469,66.263577345853,64.22489738770103,63.972826804294904,2.465775560578436,0.19813266836134602,True,False,2022
2022-12-20,EXXO34,TRANSFORMER,64.24496459960938,66.62418718092329,67.17651256334626,64.74862383291976,65.61208788771927,2.379222581313911,1.3671232881098945,True,True,2022
2022-12-21,EXXO34,TRANSFORMER,64.81849670410156,66.2966118753103,66.79815615703114,64.49500345670769,64.76728096661317,1.4781151712087421,0.051215737488391255,True,True,2022
2022-12-22,EXXO34,TRANSFORMER,63.245906829833984,65.99021107047281,65.44994154802734,64.68111397167162,63.715584463971524,2.744304240638826,0.4696776341375397,True,True,2022
2022-12-23,EXXO34,TRANSFORMER,64.52249145507812,65.33222016619692,65.95314790687667,63.562203095715084,64.327025052198,0.8097287111187939,0.19546640288012895,True,True,2022
2022-12-26,EXXO34,TRANSFORMER,63.995208740234375,65.17245174733392,65.17245174733392,63.786389742353116,63.55116300824889,1.1772430070995483,0.4440457319854829,True,False,2022
2022-12-27,EXXO34,TRANSFORMER,67.26988983154297,64.74568546282018,65.40750720230628,63.95140191070068,64.45277194037214,2.524204368722792,2.817117891170824,False,True,2022
2022-12-28,EXXO34,TRANSFORMER,65.63253784179688,65.48557019349931,65.47899990416498,66.56724462866573,66.18366080419477,0.14696764829756148,0.5511229623978977,False,True,2022
2022-12-29,EXXO34,TRANSFORMER,66.5206069946289,65.51864761174289,65.51864761174289,65.84856328639384,65.7178043399448,1.0019593828860138,0.8028026546841005,True,False,2022
2022-12-30,EXXO34,TRANSFORMER,66.5206069946289,65.91102855015083,66.57810555052048,66.45955355932774,67.11630978017746,0.6095784444780747,0.5957027855485535,True,True,2022
2023-01-02,EXXO34,TRANSFORMER,67.5103988647461,65.85043047227362,66.08143805038547,66.09541860371196,65.96535789292648,1.6599683924724786,1.545040971819617,True,False,2023
2023-01-03,EXXO34,TRANSFORMER,67.0201187133789,66.28501336708825,65.76180282563602,67.30450384358633,66.50919944540335,0.735105346290652,0.5109192679755523,True,True,2023
2023-01-04,EXXO34,TRANSFORMER,66.65011596679688,65.61429402874484,65.5033322031375,66.37098176072917,66.49721369263908,1.0358219380520381,0.15290227415779611,True,True,2023
2023-01-05,EXXO34,TRANSFORMER,68.1116943359375,66.40930521009057,67.25975087241235,67.12663476235187,68.16335439967894,1.7023891258469348,0.05166006374143706,True,True,2023
2023-01-06,EXXO34,TRANSFORMER,66.78885650634766,66.67656620915739,66.1502650056671,67.81510740576688,66.87200229777991,0.1122902971902704,0.08314579143225842,True,True,2023
2023-01-09,EXXO34,TRANSFORMER,65.85456848144531,67.15140335715193,67.82682385832129,67.59554843787964,68.36685639215206,1.2968348757066224,2.512287910706746,False,True,2023
2023-01-10,EXXO34,TRANSFORMER,66.11357879638672,67.02791123335533,66.58381268075051,66.07951642359653,65.3860889061823,0.914332436968607,0.7274898902044242,True,False,2023
2023-01-11,EXXO34,TRANSFORMER,66.40959930419922,66.99218184303606,67.58264938876367,66.2174204940594,66.86520863390395,0.5825825388368457,0.45560932970472834,True,True,2023
2023-01-12,EXXO34,TRANSFORMER,66.47434997558594,67.10869835156745,67.10869835156745,66.31340666644827,66.07871442760363,0.6343483759815172,0.3956355479823088,True,False,2023
2023-01-13,EXXO34,TRANSFORMER,66.58535766601562,67.11200041796519,67.11200041796519,66.36202615400133,66.2055481408349,0.5266427519495664,0.3798095251807183,True,False,2023
2023-01-16,EXXO34,TRANSFORMER,66.66863250732422,67.34726748932519,66.79923094467584,66.9142513423022,66.34571704087222,0.6786349820009718,0.3229154664520024,True,True,2023
2023-01-17,EXXO34,TRANSFORMER,66.47434997558594,67.18800469937935,67.74500422102525,66.71443724129665,67.55133784230014,0.713654723793411,1.0769878667142052,False,True,2023
2023-01-18,EXXO34,TRANSFORMER,65.86383056640625,67.52493929943842,67.21646486522732,66.71549981476574,66.22502048058949,1.6611087330321652,0.3611899141832424,True,False,2023
2023-01-19,EXXO34,TRANSFORMER,66.57611846923828,67.4515715116637,68.00403676129088,66.40012012074786,66.9653949494334,0.8754530424254199,0.3892764801951216,True,True,2023
2023-01-20,EXXO34,TRANSFORMER,67.76943969726562,67.56613773722893,67.66308170535996,66.456137401782,66.30510018997778,0.20330196003669698,1.4643395072878462,False,False,2023
2023-01-23,EXXO34,TRANSFORMER,67.64916229248047,67.60493701740234,67.60493701740234,67.23384478100908,67.03956336173356,0.044225275078133564,0.6095989307469125,False,False,2023
2023-01-24,EXXO34,TRANSFORMER,67.42715454101562,67.8220891588835,67.30054146805045,67.88751271663452,67.34091305063193,0.3949346178678752,0.08624149038369922,True,True,2023
2023-01-25,EXXO34,TRANSFORMER,66.19683074951172,67.49888393176877,67.86460636519105,67.25956134873175,67.86863127171033,1.3020531822570547,1.671800522198609,False,True,2023
2023-01-26,EXXO34,TRANSFORMER,68.56497192382812,67.66368284240957,68.25509140711684,66.8764292794639,67.37428839751283,0.9012890814185539,1.190683526315297,False,True,2023
2023-01-27,EXXO34,TRANSFORMER,68.2412109375,67.50445616881495,67.50445616881495,67.58332557438933,67.03746319135517,0.7367547686850457,1.2037477461448276,False,True,2023
2023-01-30,EXXO34,TRANSFORMER,67.06639099121094,67.68353651662596,67.09932676827928,68.26562137985945,67.54663640425521,0.617145525415026,0.4802454130442726,True,True,2023
2023-01-31,EXXO34,TRANSFORMER,68.05619049072266,67.2160929016751,67.49034344011969,66.78044519535001,67.36481652469989,0.8400975890475593,0.6913739660227662,True,False,2023
2023-02-01,EXXO34,TRANSFORMER,66.55760192871094,67.26864735218658,66.78289406838154,67.57263715510601,67.0648918759475,0.7110454234756389,0.5072899472365577,True,True,2023
2023-02-02,EXXO34,TRANSFORMER,64.57798767089844,67.58163165190456,67.10973713983375,67.39678379169983,67.1119408966643,3.003643981006121,2.533953225765856,True,True,2023
2023-02-03,EXXO34,TRANSFORMER,66.23383331298828,67.40373798420524,67.28355780295983,65.67947120491556,65.88941719940411,1.1699046712169547,0.3444161135841739,True,True,2023
2023-02-06,EXXO34,TRANSFORMER,66.43733978271484,67.9579279153204,68.53915405911145,66.65638489363572,67.37320650172182,1.5205881326055533,0.9358667190069809,True,True,2023
2023-02-07,EXXO34,TRANSFORMER,68.26895904541016,68.40732883309488,68.9635363314445,67.3459642085259,67.59762522801435,0.13836978768472363,0.671333817395805,False,True,2023
2023-02-08,EXXO34,TRANSFORMER,68.31520080566406,68.22913075614952,68.98982674479551,67.78684330346613,68.11514316775815,0.08607004951454655,0.20005763790591402,False,True,2023
2023-02-09,EXXO34,TRANSFORMER,69.7212905883789,68.63216859790828,69.12101312526005,68.64199434438346,68.59088424089695,1.0891219904706304,1.1304063474819515,False,True,2023
2023-02-10,EXXO34,TRANSFORMER,71.74716186523438,68.97969560783383,69.45554148819117,69.56567498554729,69.60720449075676,2.7674662574005424,2.1399573744776177,True,True,2023
2023-02-13,EXXO34,TRANSFORMER,71.37051391601562,69.68005873131506,69.81673465963955,71.08443232802564,70.88206577509658,1.6904551847005678,0.4884481409190471,True,False,2023
2023-02-14,EXXO34,TRANSFORMER,70.63407135009766,69.71175856873333,69.25243343534491,71.13793200703628,70.47502708218805,0.9223127813643259,0.15904426790960713,True,True,2023
2023-02-15,EXXO34,TRANSFORMER,70.30780029296875,69.34335630779958,69.54749577857797,69.91115770917311,70.34838852443528,0.9644439851691686,0.04058823146652912,True,False,2023
2023-02-16,EXXO34,TRANSFORMER,70.28915405273438,69.43448818089837,69.38495508411087,69.85557345734561,69.8172521583506,0.854665871836005,0.4719018943837767,True,False,2023
2023-02-17,EXXO34,TRANSFORMER,67.2035140991211,69.95616307695332,69.47174619221168,70.62190054841201,70.11433549634198,2.752648977832223,2.910821397220886,False,True,2023
2023-02-21,EXXO34,TRANSFORMER,67.2035140991211,69.34194261062305,68.57438967653758,67.78312404174088,67.26600107215049,2.1384285115019566,0.062486973029393766,True,False,2023
2023-02-22,EXXO34,TRANSFORMER,66.18740844726562,69.5169418107456,68.95854973568656,67.80771932769905,67.72829933810597,3.3295333634799817,1.5408908908403447,True,True,2023
2023-02-23,EXXO34,TRANSFORMER,65.90773010253906,69.01127677724094,69.5844042835424,66.80567827884826,67.7978407778784,3.1035466747018745,1.8901106753393435,True,True,2023
2023-02-24,EXXO34,TRANSFORMER,66.90519714355469,68.92265757029168,68.32644225483999,66.55907608933806,65.72193936621467,2.0174604267369887,1.1832577773400175,True,True,2023
2023-02-27,EXXO34,TRANSFORMER,66.25265502929688,69.01019844618293,69.20116188906348,66.9624188790952,67.33754510997834,2.757543416886051,1.0848900806814612,True,False,2023
2023-02-28,EXXO34,TRANSFORMER,66.70943450927734,68.80750316414935,69.38998794664815,66.89102136282376,67.44685465476894,2.0980686548720087,0.7374201454915976,True,True,2023
2023-03-01,EXXO34,TRANSFORMER,66.9424819946289,68.88104637420145,68.5589805831736,66.8624232811798,66.16891871920501,1.93856437957254,0.7735632754238964,True,False,2023
2023-03-02,EXXO34,TRANSFORMER,67.2687759399414,69.08799822620085,68.49035263172635,67.59851344181756,67.00307235911094,1.8192222862594463,0.2657035808304613,True,True,2023
2023-03-03,EXXO34,TRANSFORMER,68.06117248535156,68.99303801987219,69.55812872299383,67.60128054979599,68.51591433136225,0.9318655345206253,0.4547418460106911,True,True,2023
2023-03-06,EXXO34,TRANSFORMER,68.14505004882812,69.08917458735505,69.18830381042007,67.88747251929685,67.81740753371676,0.9441245385269212,0.3276425151113642,True,False,2023
2023-03-07,EXXO34,TRANSFORMER,67.25945281982422,68.90500183402128,68.2294958333418,68.20879825352299,67.3334251825426,1.6455490141970586,0.07397236271837926,True,True,2023
2023-03-08,EXXO34,TRANSFORMER,65.88909149169922,68.66341440119686,68.02137287130918,67.59518878632854,67.26297208523575,2.7743229094976414,1.3738805935365264,True,True,2023
2023-03-09,EXXO34,TRANSFORMER,65.69332885742188,67.03996893518581,66.44201633313028,65.22147733374278,65.07838234208602,1.3466400777639365,0.6149465153358591,True,True,2023
2023-03-10,EXXO34,TRANSFORMER,65.12467956542969,67.90560564135251,67.90094304094478,66.27761573297963,66.7322475920029,2.780926075922821,1.6075680265732188,True,False,2023
2023-03-13,EXXO34,TRANSFORMER,65.12467956542969,67.65311622993681,67.15581582545585,65.87795021986523,65.47451262135176,2.528436664507126,0.34983305592207614,True,True,2023
2023-03-14,EXXO34,TRANSFORMER,65.16195678710938,67.24226693735591,66.77650501155642,65.28100670594573,65.03052659494423,2.0803101502465324,0.13143019216514062,True,True,2023
2023-03-15,EXXO34,TRANSFORMER,62.169551849365234,67.3416384980128,66.85764409594996,65.69335393495106,65.53236629428095,5.172086648647564,3.3628144449157134,True,True,2023
2023-03-16,EXXO34,TRANSFORMER,61.526309967041016,67.18825751383793,67.18364416868152,63.66749983461652,64.02209912568503,5.66194754679691,2.4957891586440155,True,False,2023
2023-03-17,EXXO34,TRANSFORMER,61.20936965942383,66.54888458861865,66.0625847696387,62.391679833937246,61.96197169636987,5.33951492919482,0.752602036946044,True,True,2023
2023-03-20,EXXO34,TRANSFORMER,62.10429000854492,64.47470447957716,64.0113151600005,60.36824513308227,60.112192816830884,2.370414471032234,1.9920971917140378,True,True,2023
2023-03-21,EXXO34,TRANSFORMER,65.30180358886719,66.50846523211885,67.04282070212142,64.08042556311362,64.9210661719785,1.206661643251664,0.38073741688869234,True,True,2023
2023-03-22,EXXO34,TRANSFORMER,63.88482666015625,66.82612917905988,66.337531841111,65.67301965625947,64.96903502999369,2.941302518903626,1.084208369837441,True,True,2023
2023-03-23,EXXO34,TRANSFORMER,63.717018127441406,66.87168737639115,66.37053729118752,65.04240430611682,64.65832194917196,3.1546692489497445,0.9413038217305569,True,True,2023
2023-03-24,EXXO34,TRANSFORMER,63.04582214355469,66.7090141709939,66.7090141709939,64.06045456782306,64.43420532943392,3.6631920274392087,1.3883831858792348,True,False,2023
2023-03-27,EXXO34,TRANSFORMER,64.22041320800781,66.31804950950186,67.05379433477837,63.669416369497725,64.47460219556204,2.097636301494049,0.2541889875542296,True,True,2023
2023-03-28,EXXO34,TRANSFORMER,65.18992614746094,65.93527810025921,65.93527810025921,63.69777783221111,63.290613611339396,0.7453519527982735,1.899312536121542,False,False,2023
2023-03-29,EXXO34,TRANSFORMER,64.93824005126953,65.85185964788639,65.85185964788639,64.66646994302128,64.5030708601053,0.9136195966168543,0.4351691911642348,True,False,2023
2023-03-30,EXXO34,TRANSFORMER,64.77044677734375,65.58358481124588,65.58358481124588,64.60711065776299,64.61797063754757,0.8131380339021348,0.15247613979617824,True,False,2023
2023-03-31,EXXO34,TRANSFORMER,64.41617584228516,64.39848350005565,63.945543424153115,63.754324755385696,63.28229239982889,0.017692342229508995,1.1338834424562663,False,True,2023
2023-04-03,EXXO34,TRANSFORMER,68.5738754272461,65.4651696145358,66.2840860785229,65.28310188490207,66.32586826493275,3.1087058127102978,2.2480071623133426,True,True,2023
2023-04-04,EXXO34,TRANSFORMER,68.22895812988281,63.04949134648399,63.54248916521145,64.63848330797367,64.76138191207646,5.179466783398823,3.4675762178063536,True,True,2023
2023-04-05,EXXO34,TRANSFORMER,68.86286926269531,66.24847909808454,66.26633725332916,69.32495323051413,68.96437501602836,2.614390164610768,0.10150575333304346,True,False,2023
2023-04-06,EXXO34,TRANSFORMER,68.13573455810547,65.58387374205569,66.31626826564232,68.0264483959669,68.6668431618226,2.551860816049782,0.5311086037171293,True,True,2023
2023-04-10,EXXO34,TRANSFORMER,67.38996124267578,66.14034674251616,66.14034674251616,67.92200276966845,67.48537999472975,1.2496145001596233,0.09541875205397332,True,True,2023
2023-04-11,EXXO34,TRANSFORMER,67.62301635742188,66.22476097428705,66.89086114510813,67.4009575697963,67.92185774264595,1.3982553831348241,0.29884138522407966,True,True,2023
2023-04-12,EXXO34,TRANSFORMER,66.61621856689453,66.83816624297538,67.27975987500726,67.83667035915167,67.91499246657004,0.22194767608084476,1.2987738996755098,False,True,2023
2023-04-13,EXXO34,TRANSFORMER,66.27129364013672,66.72059204130096,66.8091462699705,66.54350648084146,66.28648316452771,0.449298401164242,0.015189524390990528,True,False,2023
2023-04-14,EXXO34,TRANSFORMER,66.22468566894531,66.15878156007727,66.06129132110964,65.5422921561566,65.32397201932051,0.06590410886803966,0.9007136496248052,False,False,2023
2023-04-17,EXXO34,TRANSFORMER,65.79586791992188,67.08268941920653,67.08268941920653,66.70099382607314,66.75480014834179,1.286821499284656,0.9589322284199113,True,False,2023
2023-04-18,EXXO34,TRANSFORMER,67.52978515625,66.90935157124034,67.29681786172185,66.22096826051164,66.61206734839595,0.6204335850096641,0.9177178078540464,False,True,2023
2023-04-19,EXXO34,TRANSFORMER,68.78829956054688,67.90375338848253,67.60980319732762,67.9782743998811,67.45184628567708,0.884546172064347,1.3364532748697968,False,True,2023
2023-04-20,EXXO34,TRANSFORMER,67.75353240966797,67.56667432301856,67.04865260220402,68.1585957662106,67.71072649754856,0.1868580866494085,0.04280591211940532,True,True,2023
2023-04-21,EXXO34,TRANSFORMER,67.75353240966797,68.92393196154205,69.00979952838206,68.87147509904882,69.3223089858724,1.170399551874084,1.568776576204428,False,False,2023
2023-04-24,EXXO34,TRANSFORMER,69.5060806274414,69.12363474590268,69.12363474590268,68.20596054944056,68.28706348176915,0.3824458815387288,1.2190171456722538,False,False,2023
2023-04-25,EXXO34,TRANSFORMER,68.59251403808594,68.8034890896846,68.23773540867296,68.76773166926839,68.16193431979393,0.21097505159866614,0.4305797182920088,False,True,2023
2023-04-26,EXXO34,TRANSFORMER,67.87470245361328,68.52379890631755,67.97951494871144,68.47751760451456,68.22681809243586,0.6490964527042706,0.3521156388225819,True,True,2023
2023-04-27,EXXO34,TRANSFORMER,67.55775451660156,69.1789701554585,69.1789701554585,68.64210338476029,68.9705685264456,1.6212156388569383,1.4128140098440412,True,True,2023
2023-04-28,EXXO34,TRANSFORMER,68.78829956054688,69.04279087342434,69.61655938524267,68.0327042438531,68.70333776642781,0.2544913128774624,0.08496179411906724,True,True,2023
2023-05-01,EXXO34,TRANSFORMER,68.78829956054688,69.12360894850895,68.62963935633009,68.34926891478426,67.55354807604937,0.3353093879620701,1.234751484497508,False,False,2023
2023-05-02,EXXO34,TRANSFORMER,64.5000991821289,68.94060739685062,68.371339091774,68.69775943432988,68.25993950723499,4.440508214721717,3.759840325106083,True,True,2023
2023-05-03,EXXO34,TRANSFORMER,62.71955108642578,68.10669632549593,67.5314403864088,65.67323320499148,65.49114664058035,5.387145239070151,2.7715955541545725,True,True,2023
2023-05-04,EXXO34,TRANSFORMER,61.638179779052734,67.53873058612771,67.05047180656184,63.756113849203985,63.65134486576107,5.900550807074978,2.0131650867083337,True,True,2023
2023-05-05,EXXO34,TRANSFORMER,62.5517578125,67.20217262801714,68.04318570136594,62.923640427558155,64.09712965737988,4.650414815517138,1.545371844879881,True,True,2023
2023-05-08,EXXO34,TRANSFORMER,63.64243698120117,67.0096312001566,67.81882158134975,63.3029620340836,63.67966787423013,3.367194218955433,0.03723089302895488,True,True,2023
2023-05-09,EXXO34,TRANSFORMER,63.55855178833008,67.38848140555194,67.34015416026189,64.32175003952997,63.63127028873565,3.8299296172218646,0.07271850040557126,True,False,2023
2023-05-10,EXXO34,TRANSFORMER,62.1229362487793,67.20630537049306,66.72044979763056,64.44250886362786,63.76887507506663,5.083369121713758,1.6459388262873347,True,True,2023
2023-05-11,EXXO34,TRANSFORMER,60.98562240600586,66.5455257679547,67.15997943358356,62.9963591152417,63.83019182143603,5.559903361948841,2.844569415430172,True,True,2023
2023-05-12,EXXO34,TRANSFORMER,60.510196685791016,65.89412609777742,66.50256501019017,61.81602065634516,62.11687090313786,5.383929411986401,1.6066742173468427,True,True,2023
2023-05-15,EXXO34,TRANSFORMER,60.176788330078125,65.38293784227466,64.89784502081584,61.29296535823657,60.25965957186244,5.206149512196532,0.08287124178431782,True,True,2023
2023-05-16,EXXO34,TRANSFORMER,59.7066535949707,65.28112068869194,65.93772956130097,61.310018664216685,62.03289884616014,5.574467093721239,2.326245251189434,True,True,2023
2023-05-17,EXXO34,TRANSFORMER,60.96660614013672,63.8196880147986,64.3104318314094,59.65509698641798,59.80429875217058,2.853081874661882,1.1623073879661376,True,True,2023
2023-05-18,EXXO34,TRANSFORMER,61.56838607788086,64.18373051619159,63.78253157421821,61.15877777018241,60.31254709518511,2.6153444383107285,1.2558389826957495,True,False,2023
2023-05-19,EXXO34,TRANSFORMER,62.31117630004883,64.12905551991531,64.4174174454819,61.77599105925589,62.18405606458471,1.8178792198664837,0.127120235464119,True,False,2023
2023-05-22,EXXO34,TRANSFORMER,61.39913558959961,64.2368112335352,63.76022181997959,62.68989265462771,62.09392522778599,2.8376756439355972,0.6947896381863785,True,True,2023
2023-05-23,EXXO34,TRANSFORMER,62.170143127441406,63.38640530862807,64.0239568042115,61.42768312012215,62.23973219394972,1.2162621811866643,0.06958906650831409,True,True,2023
2023-05-24,EXXO34,TRANSFORMER,62.80952453613281,63.37856806041219,64.08813726629589,62.12095367178206,62.52672863555122,0.5690435242793797,0.2827959005815899,True,True,2023
2023-05-25,EXXO34,TRANSFORMER,62.42401123046875,63.51180643956087,63.39165804826881,62.886911781356176,62.18135101545881,1.0877952090921212,0.24266021500994128,True,True,2023
2023-05-26,EXXO34,TRANSFORMER,61.44614028930664,63.274274357031175,63.22324857477554,62.21327644940486,62.11828240009461,1.828134067724534,0.6721421107879664,True,False,2023
2023-05-29,EXXO34,TRANSFORMER,61.70002365112305,63.08224887704529,62.97964816542786,61.51402909128049,61.49449408651743,1.382225225922241,0.20552956460561944,True,False,2023
2023-05-30,EXXO34,TRANSFORMER,61.5025634765625,63.531309269222504,63.06381652823056,62.37935937080795,61.94290161241295,2.028745792660004,0.4403381358504532,True,True,2023
2023-05-31,EXXO34,TRANSFORMER,60.75034713745117,63.11378877062242,63.92207830152024,61.371941107659715,62.489085291188466,2.3634416331712487,1.7387381537372946,True,False,2023
2023-06-01,EXXO34,TRANSFORMER,60.60930633544922,62.495466518688715,63.13137310432752,60.76048692952067,61.012087602779275,1.8861601832394967,0.4027812673300559,True,True,2023
2023-06-02,EXXO34,TRANSFORMER,61.474342346191406,63.231584829882934,63.83764259505025,61.69479454896633,61.73967001763877,1.7572424836915275,0.26532767144736624,True,True,2023
2023-06-05,EXXO34,TRANSFORMER,60.92899703979492,62.52644918856123,62.95242594766242,60.83524529085305,60.81258251320871,1.5974521487663083,0.11641452658621176,True,False,2023
2023-06-06,EXXO34,TRANSFORMER,61.07943344116211,63.120506411950316,63.00150821455404,61.85955905746177,61.344137986743476,2.041072970788207,0.2647045455813668,True,True,2023
2023-06-07,EXXO34,TRANSFORMER,62.67789077758789,63.2586308174719,63.9776767913118,61.78390174038038,62.446514975538875,0.5807400398840059,0.23137580204901553,True,True,2023
2023-06-08,EXXO34,TRANSFORMER,62.67789077758789,63.77137981529546,63.928615317712904,62.695941871530245,62.49906708388037,1.0934890377075703,0.17882369370752116,True,False,2023
2023-06-09,EXXO34,TRANSFORMER,61.540164947509766,64.02800712866582,64.02800712866582,62.95212418429463,62.754029492556164,2.4878421811560543,1.2138645450463983,True,False,2023
2023-06-12,EXXO34,TRANSFORMER,60.92899703979492,63.41242971942523,62.992116698929074,61.794364846507264,61.31223503641534,2.4834326796303117,0.3832379966204158,True,True,2023
2023-06-13,EXXO34,TRANSFORMER,60.740943908691406,62.50412928350403,62.99799061687887,60.61418005277415,61.29159764016458,1.7631853748126218,0.5506537314731759,True,True,2023
2023-06-14,EXXO34,TRANSFORMER,59.35876083374024,63.25808391272477,62.7986176430165,61.76634280672587,61.074517719892825,3.89932307898453,1.7157568861525831,True,True,2023
2023-06-15,EXXO34,TRANSFORMER,59.753665924072266,62.16229317863582,61.69835190502044,59.6275248105122,59.27811602968619,2.408627254563555,0.4755498943860772,True,True,2023
2023-06-16,EXXO34,TRANSFORMER,59.51860427856445,62.85515442001969,62.85515442001969,60.38355399726783,60.73902924804575,3.336550141455234,1.2204249694813,True,False,2023
2023-06-19,EXXO34,TRANSFORMER,59.23652267456055,62.336580370691365,62.96357254435042,59.97761543626652,60.658698897941946,3.1000576961308184,1.422176223381399,True,True,2023
2023-06-20,EXXO34,TRANSFORMER,58.23984909057617,62.507446828338004,62.09329895840298,59.75751690980404,59.0013911923259,4.267597737761832,0.7615421017497255,True,False,2023
2023-06-21,EXXO34,TRANSFORMER,58.44670486450195,61.27179810386866,61.77364763051322,58.23946546146365,58.783363472096674,2.8250932393667085,0.3366586075947211,True,True,2023
2023-06-22,EXXO34,TRANSFORMER,57.873146057128906,61.605497710753696,60.94925380696217,59.15563833093549,58.24064506196848,3.7323516536247894,0.36749900483957276,True,True,2023
2023-06-23,EXXO34,TRANSFORMER,57.73210525512695,61.10625622828837,61.10625622828837,58.35229953497898,58.46438960132833,3.37415097316142,0.7322843462013751,True,True,2023
2023-06-26,EXXO34,TRANSFORMER,58.57834243774414,61.00049207346461,60.5829979466577,58.34131569965327,58.00674143193584,2.422149635720473,0.5716010058082972,True,True,2023
2023-06-27,EXXO34,TRANSFORMER,59.23652267456055,60.65116440545654,60.2670522936979,58.59140430104786,58.38692592146587,1.414641730895994,0.84959675309468,True,True,2023
2023-06-28,EXXO34,TRANSFORMER,60.05455780029297,59.38306771915069,59.6748250052252,58.07454108401375,58.623939147617044,0.6714900811422808,1.4306186526759248,False,True,2023
2023-06-29,EXXO34,TRANSFORMER,60.63751220703125,61.3436025695832,61.483807757146955,61.058877457383744,61.13841520274004,0.7060903625519472,0.5009029957087918,True,False,2023
2023-06-30,EXXO34,TRANSFORMER,60.72214126586914,61.150973430583974,61.766040563310995,60.84286817012479,61.31516227457304,0.42883216471483365,0.5930210087039001,False,True,2023
2023-07-03,EXXO34,TRANSFORMER,60.97600936889648,61.60235042871835,61.19419934420664,60.84208786313173,60.09404111241263,0.6263410598218755,0.8819682564838445,False,False,2023
2023-07-04,EXXO34,TRANSFORMER,60.38364791870117,60.84809139025157,60.84809139025157,60.03129388863419,60.163314101623584,0.4644434715503962,0.22033381707758792,True,False,2023
2023-07-05,EXXO34,TRANSFORMER,60.75034713745117,61.34353033688075,61.90155335841612,60.90800094317356,61.52192484039043,0.5931831994295749,0.7715777029392612,False,True,2023
2023-07-06,EXXO34,TRANSFORMER,59.43397903442383,61.044275410107105,60.62261209194273,60.58051263549418,59.83220588587178,1.6102963756832764,0.39822685144795145,True,True,2023
2023-07-07,EXXO34,TRANSFORMER,59.06727600097656,60.03141555764944,60.49277779890259,58.96425197076336,59.521308585003375,0.9641395566728761,0.45403258402681246,True,True,2023
2023-07-10,EXXO34,TRANSFORMER,59.913516998291016,60.0266198221546,60.30513880910187,58.79962692527593,58.92514604677137,0.11310282386358494,0.9883709515196486,False,False,2023
2023-07-11,EXXO34,TRANSFORMER,60.50587844848633,60.31978914374679,61.018967297147746,60.02483920743237,60.44834521407154,0.18608930473953933,0.05753323441479097,True,True,2023
2023-07-12,EXXO34,TRANSFORMER,60.19559097290039,60.420847853953774,60.915727632797,60.44345593902503,60.472298167443995,0.22525688105338304,0.2767071945436044,False,True,2023
2023-07-13,EXXO34,TRANSFORMER,58.86981964111328,61.04855777746667,60.622504517644025,60.9121012578029,60.057659539888135,2.178738136353388,1.187839898774854,True,True,2023
2023-07-14,EXXO34,TRANSFORMER,56.763633728027344,60.02963553748191,59.66194571561313,58.7274054538773,58.482315877409725,3.266001809454565,1.7186821493823814,True,True,2023
2023-07-17,EXXO34,TRANSFORMER,57.290184020996094,60.03824670750976,60.03950754500535,57.436472270255564,57.73655955090731,2.748062686513663,0.4463755299112151,True,False,2023
2023-07-18,EXXO34,TRANSFORMER,56.98930358886719,60.421743023516285,61.029475429902746,58.213234793618014,58.842431663971134,3.4324394346490976,1.853128075103946,True,True,2023
2023-07-19,EXXO34,TRANSFORMER,57.167945861816406,60.34000656121481,60.834224205670765,57.83388988465373,57.93950117087661,3.1720606993984006,0.7715553090602043,True,True,2023
2023-07-20,EXXO34,TRANSFORMER,58.28685760498047,60.37541090437304,61.107535312184616,57.89257387276663,58.1687543189227,2.088553299392572,0.11810328605776732,True,True,2023
2023-07-21,EXXO34,TRANSFORMER,58.19283676147461,60.340132968444095,60.94704452669423,58.513514945611945,58.55572005643397,2.147296206969486,0.3628832949593601,True,True,2023
2023-07-24,EXXO34,TRANSFORMER,58.49371719360352,60.33806143772739,60.83059395107227,58.683919006853195,58.64907932646552,1.8443442441238673,0.1553621328619954,True,True,2023
2023-07-25,EXXO34,TRANSFORMER,59.06727600097656,60.32691180415628,60.09936324913088,58.83087403981135,58.16405493410736,1.2596358031797195,0.9032210668692002,True,True,2023
2023-07-26,EXXO34,TRANSFORMER,58.27745819091797,60.174119000558505,60.174119000558505,58.744871236259485,58.77283727721571,1.8966608096405366,0.4953790862977385,True,False,2023
2023-07-27,EXXO34,TRANSFORMER,58.74758529663086,60.00598448690812,60.5139606699575,58.62957083698344,59.147614436347844,1.2583991902772595,0.4000291397169846,True,True,2023
2023-07-28,EXXO34,TRANSFORMER,57.89194488525391,59.85302915972983,59.573175496110665,58.415665091509645,57.84957815337504,1.9610842744759154,0.04236673187887163,True,False,2023
2023-07-31,EXXO34,TRANSFORMER,59.39636993408203,59.32617156727406,60.09548620960704,57.930822215856864,58.728931572623935,0.07019836680797198,0.6674383614580961,False,True,2023
2023-08-01,EXXO34,TRANSFORMER,59.86649703979492,59.603454853805886,59.12307612100187,58.90875536141197,58.04437087700355,0.26304218598903617,1.8221261627913705,False,False,2023
2023-08-02,EXXO34,TRANSFORMER,59.36817169189453,59.01929867013126,58.50913526725817,59.119410579663516,58.712397969636456,0.34887302176326784,0.6557737222580755,False,True,2023
2023-08-03,EXXO34,TRANSFORMER,61.63419342041016,59.59774331083355,60.14029335853194,59.77181618918309,60.68291764557328,2.036450109576613,0.9512757748368799,True,True,2023
2023-08-04,EXXO34,TRANSFORMER,61.44614028930664,60.15762414700606,60.66688402428018,61.28657048113635,61.57483117975969,1.2885161423005798,0.1286908904530506,True,True,2023
2023-08-07,EXXO34,TRANSFORMER,62.02911376953125,60.303095650262605,60.021137619362186,61.0428812774665,60.41628627463063,1.7260181192686446,1.6128274949006212,True,False,2023
2023-08-08,EXXO34,TRANSFORMER,61.75643157958984,60.65087805438611,60.90510727776022,61.498169701436275,61.84836899594088,1.1055535252037245,0.09193741635104402,True,False,2023
2023-08-09,EXXO34,TRANSFORMER,63.18562316894531,60.90620517911236,61.50075219085443,61.77762140029223,62.286635605945996,2.2794179898329503,0.8989875629993165,True,True,2023
2023-08-10,EXXO34,TRANSFORMER,63.035186767578125,61.31139710324777,61.10995504294359,62.4511713886304,61.89650725775056,1.7237896643303543,1.1386795098275684,True,False,2023
2023-08-11,EXXO34,TRANSFORMER,64.57721710205078,61.59447706415125,62.071879370730954,62.93514056777947,63.42175149354943,2.982740037899532,1.155465608501352,True,True,2023
2023-08-14,EXXO34,TRANSFORMER,65.1131591796875,62.30933316343129,62.21706260497428,63.9794647860549,63.69441076647975,2.8038260162562096,1.4187484132077515,True,False,2023
2023-08-15,EXXO34,TRANSFORMER,63.67969512939453,62.95942232600697,62.55184476394941,65.05395713590343,64.6270193409893,0.7202728033875587,0.9473242115947755,False,True,2023
2023-08-16,EXXO34,TRANSFORMER,62.53546524047852,63.12731692389565,63.76226246341688,64.0113555047066,64.9179881714957,0.5918516834171257,2.3825229310171707,False,True,2023
2023-08-17,EXXO34,TRANSFORMER,64.0579605102539,62.84691989194033,63.37493711305646,62.58742325937692,62.83553862897451,1.2110406183135751,1.222421881279395,False,True,2023
2023-08-18,EXXO34,TRANSFORMER,64.41730499267578,63.76310917086488,63.357469775339936,63.99206578365719,63.17889592053826,0.6541958218109016,1.2384090721375216,False,False,2023
2023-08-21,EXXO34,TRANSFORMER,64.1619873046875,64.12385476533888,64.12385476533888,64.37528528971009,64.53269426468866,0.038132539348623595,0.3707069600011579,False,False,2023
2023-08-22,EXXO34,TRANSFORMER,63.00828552246094,63.99783965643525,63.99783965643525,63.79867010755361,63.91404875832486,0.989554133974309,0.9057632358639225,True,False,2023
2023-08-23,EXXO34,TRANSFORMER,61.33450698852539,64.41064955093981,64.06600950689123,63.79585273712354,63.43428247079677,3.076142562414418,2.099775482271376,True,True,2023
2023-08-24,EXXO34,TRANSFORMER,61.35341262817383,64.26808799369627,64.22668954410547,61.98657766440662,62.15879724834944,2.9146753655224416,0.8053846201756087,True,False,2023
2023-08-25,EXXO34,TRANSFORMER,62.1761360168457,63.75005053015758,63.75005053015758,61.175744469439636,61.25885355332328,1.5739145133118768,0.9172824635224259,True,False,2023
2023-08-28,EXXO34,TRANSFORMER,62.88535690307617,64.26508517706583,64.26508517706583,62.47990640081503,62.4778538870119,1.379728273989656,0.4075030160642754,True,False,2023
2023-08-29,EXXO34,TRANSFORMER,62.87590026855469,64.33436665767334,64.33436665767334,62.912630790895975,62.91850614887894,1.4584663891186551,0.04260588032425261,True,False,2023
2023-08-30,EXXO34,TRANSFORMER,64.99415588378906,64.42682451680997,64.98589778791118,63.29973084334782,63.830874653642965,0.56733136697909,1.1632812301460973,False,True,2023
2023-08-31,EXXO34,TRANSFORMER,64.84284973144531,64.71135429124121,64.28018053770577,64.70966345392735,63.931099150556584,0.1314954402041053,0.9117505808887287,False,True,2023
2023-09-01,EXXO34,TRANSFORMER,66.02489471435547,65.08133019319263,65.54972958771313,65.19777944878338,65.79049830995575,0.9435645211628412,0.23439640439971754,True,True,2023
2023-09-04,EXXO34,TRANSFORMER,67.11238861083984,65.12306005729403,65.13770729169404,65.3333120541237,65.18719951096959,1.9893285535458176,1.925189099870252,True,False,2023
2023-09-05,EXXO34,TRANSFORMER,66.63957214355469,65.6513055495326,66.21955408392843,66.88311994169973,67.34352293929892,0.9882665940220932,0.7039507957442339,True,True,2023
2023-09-06,EXXO34,TRANSFORMER,67.26368713378906,65.86631650733398,66.07912475644854,66.44246146426558,66.37330003300754,1.3973706264550856,0.890387100781524,True,False,2023
2023-09-07,EXXO34,TRANSFORMER,67.26368713378906,65.78346043814452,65.78346043814452,66.40999866591994,66.20683956271556,1.4802266956445465,1.0568475710735044,True,False,2023
2023-09-08,EXXO34,TRANSFORMER,67.9445571899414,65.80773578564663,65.80773578564663,66.5616517514065,66.55335310610872,2.1368214042947784,1.3912040838326902,True,False,2023
2023-09-11,EXXO34,TRANSFORMER,66.45044708251953,66.18956301027868,65.72861130318574,67.61763728269568,67.15744346995666,0.26088407224085586,0.7069963874371297,False,True,2023
2023-09-12,EXXO34,TRANSFORMER,68.76726531982422,65.83357445520892,66.43133958565119,66.32126000358892,67.1929728997501,2.9336908646153006,1.5742924200741157,True,True,2023
2023-09-13,EXXO34,TRANSFORMER,67.60413360595703,66.3571738368363,66.46884653495569,67.7373096256116,67.61996436419709,1.2469597691207355,0.015830758240056753,True,False,2023
2023-09-14,EXXO34,TRANSFORMER,68.1147689819336,66.70358639935262,67.23898330123602,67.90195408248034,68.27675511303104,1.4111825825809774,0.16198613109744997,True,True,2023
2023-09-15,EXXO34,TRANSFORMER,67.28260803222656,67.01884602919779,67.83954147667073,67.71717187442881,68.24815322865912,0.2637620030287735,0.9655451964325579,False,False,2023
2023-09-18,EXXO34,TRANSFORMER,67.41499328613281,67.1174643059577,66.31678840607854,67.4742614778326,66.10637901035194,0.297528980175116,1.3086142757808688,False,True,2023
2023-09-19,EXXO34,TRANSFORMER,67.49065399169922,67.30366989391757,67.30366989391757,67.1904431563046,67.5126505929812,0.1869840977816466,0.021996601281983885,True,False,2023
2023-09-20,EXXO34,TRANSFORMER,67.13130187988281,67.67099382379331,67.67099382379331,67.50126947317243,67.68755955795133,0.5396919439104977,0.5562576780685191,False,False,2023
2023-09-21,EXXO34,TRANSFORMER,66.93272399902344,67.87252306363018,67.36075929376642,67.53261422678857,67.00151504977615,0.9397990646067456,0.06879105075270786,True,True,2023
2023-09-22,EXXO34,TRANSFORMER,66.8759765625,67.8399564337825,67.8454917404175,66.8747067868256,67.19132678802819,0.9639798712825041,0.31535022552819214,True,False,2023
2023-09-25,EXXO34,TRANSFORMER,68.05804443359375,68.21466357774443,68.45680131957884,67.16368692220837,67.52003594293521,0.15661914415068168,0.538008490658541,False,False,2023
2023-09-26,EXXO34,TRANSFORMER,68.82400512695312,68.20353974156706,67.7493908576779,67.89652347225577,67.27674345914743,0.6204653853860691,1.5472616678056994,False,True,2023
2023-09-27,EXXO34,TRANSFORMER,71.42453002929688,68.1627024672888,68.66599026527767,68.44017762260427,69.13017222859001,3.2618275620080794,2.2943578007068623,True,True,2023
2023-09-28,EXXO34,TRANSFORMER,71.03680419921875,68.61660761000894,68.16961231676417,70.54041006091568,69.87441946261808,2.4201965892098087,1.1623847366006714,True,True,2023
2023-09-29,EXXO34,TRANSFORMER,69.73181915283203,69.13384019486318,68.90347775073462,70.76501614535249,70.75562381874994,0.5979789579688486,1.0238046659179076,False,False,2023
2023-10-02,EXXO34,TRANSFORMER,69.02259063720703,69.41153365995535,68.9593599089701,70.14643950162055,69.92473684842301,0.3889430227483217,0.9021462112159782,False,True,2023
2023-10-03,EXXO34,TRANSFORMER,70.45996856689453,69.34710724884826,69.94817030722835,69.1951229940394,70.0896560823917,1.1128613180462708,0.3703124845028327,True,True,2023
2023-10-04,EXXO34,TRANSFORMER,67.63249206542969,69.62398551629849,69.16759513893415,70.14839028017263,69.41503939605431,1.991493450868802,1.7825473306246238,True,True,2023
2023-10-05,EXXO34,TRANSFORMER,66.45989227294922,69.68676089420671,69.028155169943,68.71236923038657,68.20095560027322,3.226868621257495,1.7410633273239995,True,True,2023
2023-10-06,EXXO34,TRANSFORMER,65.41968536376953,69.75710006795725,70.33975936244144,67.52661519561647,68.52536779207969,4.337414704187722,3.1056824283101605,True,True,2023
2023-10-09,EXXO34,TRANSFORMER,66.97055053710938,69.32666539405477,69.83270307511337,66.23200145561484,66.46941114251837,2.3561148569453962,0.5011393945910072,True,True,2023
2023-10-10,EXXO34,TRANSFORMER,66.28968048095703,68.77908475521383,69.13176841982089,66.35911219833122,66.2995390576384,2.489404274256799,0.009858576681367026,True,False,2023
2023-10-11,EXXO34,TRANSFORMER,63.67024230957031,69.02632181726563,68.31291819540783,67.15055937687521,66.10073454454803,5.356079507695313,2.43049223497772,True,True,2023
2023-10-12,EXXO34,TRANSFORMER,63.67024230957031,67.26406573505972,67.26406573505972,63.43732575339233,63.780423791699214,3.593823425489404,0.11018148212890111,True,False,2023
2023-10-13,EXXO34,TRANSFORMER,65.95870971679688,67.29229840276037,67.92658585500808,64.2323846689039,64.92307588001069,1.3335886859634911,1.0356338367861895,True,True,2023
2023-10-16,EXXO34,TRANSFORMER,65.30620574951172,68.70229107355146,68.59554871440177,66.96530564247055,66.49902407541148,3.3960853240397455,1.1928183258997649,True,False,2023
2023-10-17,EXXO34,TRANSFORMER,66.13838958740234,68.6462952507161,69.23364666499546,66.43306863380003,66.91434069572064,2.5079056633137498,0.7759511083182957,True,True,2023
2023-10-18,EXXO34,TRANSFORMER,67.2353286743164,67.59918935807877,68.27911376877262,65.51547198920025,65.83287381910986,0.36386068376236835,1.4024548552065426,False,True,2023
2023-10-19,EXXO34,TRANSFORMER,67.44336700439453,68.59071218618044,68.13625917632955,67.5795446993808,66.64356457317243,1.1473451817859086,0.7998024312221048,True,False,2023
2023-10-20,EXXO34,TRANSFORMER,65.93033599853516,68.58279754578336,68.12828551878387,67.82403569967806,67.47074056123333,2.6524615472482083,1.5404045626981713,True,True,2023
2023-10-23,EXXO34,TRANSFORMER,64.70098114013672,68.08928308472662,67.52777033502082,66.35276817084686,66.09249512601049,3.388301944589898,1.3915139858737717,True,True,2023
2023-10-24,EXXO34,TRANSFORMER,63.944480895996094,67.33464740431134,66.87202514374715,64.89621937020033,64.78493776599309,3.3901665083152466,0.8404568699969985,True,True,2023
2023-10-25,EXXO34,TRANSFORMER,64.20927429199219,67.36815821876962,67.68106354182798,64.79032299012827,65.41923894222349,3.1588839267774347,1.2099646502312993,True,True,2023
2023-10-26,EXXO34,TRANSFORMER,63.26361083984375,67.15282737328596,66.56912570506091,64.7005357181736,63.97626152732262,3.889216533442209,0.7126506874788703,True,True,2023
2023-10-27,EXXO34,TRANSFORMER,62.2612419128418,66.36742572110552,66.8166159167078,63.53225599262105,64.19147241244502,4.106183808263722,1.9302304996032262,True,True,2023
2023-10-30,EXXO34,TRANSFORMER,62.81916809082031,66.0327612916949,65.59642177107685,62.94368632848193,62.303982888506255,3.213593200874584,0.5151852023140577,True,True,2023
2023-10-31,EXXO34,TRANSFORMER,62.98938751220703,65.64544954115536,65.72175677521346,63.01795921698008,63.18019810658359,2.6560620289483268,0.19081059437655767,True,True,2023
2023-11-01,EXXO34,TRANSFORMER,62.2612419128418,65.94130437143508,65.42243113288204,63.789668417673774,63.26485766261156,3.6800624585932837,1.0036157497697644,True,True,2023
2023-11-02,EXXO34,TRANSFORMER,62.2612419128418,65.93511815641807,66.37358287524019,63.310749787878734,63.97981400354141,3.6738762435762737,1.7185720906996096,True,True,2023
2023-11-03,EXXO34,TRANSFORMER,62.27068710327149,65.79732911701501,65.29517369297493,62.96534494117353,62.253408297760224,3.526642013743519,0.017278805511267592,True,True,2023
2023-11-06,EXXO34,TRANSFORMER,61.14538192749024,65.57620675663844,65.57620675663844,62.55942837746923,62.755526515673544,4.4308248291482,1.610144588183303,True,False,2023
2023-11-07,EXXO34,TRANSFORMER,59.85930252075195,65.25894524903964,64.79822502892323,62.03150717887856,61.61121550368189,5.399642728287688,1.7519129829299374,True,True,2023
2023-11-08,EXXO34,TRANSFORMER,59.82146835327149,64.65097807095009,64.0912870743286,60.698334628597834,60.33689826763078,4.829509717678597,0.515429914359288,True,True,2023
2023-11-09,EXXO34,TRANSFORMER,60.105167388916016,64.52245545537568,65.0745224726281,60.687075012901765,61.582243858918964,4.417288066459662,1.4770764700029488,True,True,2023
2023-11-10,EXXO34,TRANSFORMER,60.09570693969727,64.37202053356503,64.96640495722575,60.878353382979725,61.203427859964485,4.276313593867762,1.1077209202672123,True,True,2023
2023-11-13,EXXO34,TRANSFORMER,61.01061248779297,63.86642257328407,64.41287644215458,60.52387079104796,60.55235866815261,2.8558100854911004,0.4582538196403618,True,True,2023
2023-11-14,EXXO34,TRANSFORMER,61.581687927246094,63.429368288149874,63.38402144763035,60.64303684619262,60.162680931949886,1.8476803609037802,1.4190069952962077,True,False,2023
2023-11-15,EXXO34,TRANSFORMER,61.581687927246094,63.46695509081786,63.46695509081786,61.52406411350151,61.45302503729972,1.8852671635717684,0.12866288994637642,True,False,2023
2023-11-16,EXXO34,TRANSFORMER,59.13555908203125,63.4394653880567,62.88994896050527,61.95382640677758,61.37798541214181,4.303906306025453,2.242426330110561,True,True,2023
2023-11-17,EXXO34,TRANSFORMER,61.220001220703125,61.13377688792201,61.671465155101544,58.27719751589702,59.08087746258702,0.0862243327811143,2.1391237581161064,False,True,2023
2023-11-20,EXXO34,TRANSFORMER,60.43952560424805,62.58785730460164,63.2536145291475,61.74655521254107,62.17517063630002,2.1483317003535944,1.7356450320519698,True,True,2023
2023-11-21,EXXO34,TRANSFORMER,60.91542816162109,62.61588359315243,62.562964114293955,61.0582104908914,60.54876165656543,1.7004554315313456,0.36666650505565457,True,False,2023
2023-11-22,EXXO34,TRANSFORMER,61.08674621582031,62.49554391086991,62.77444227225281,60.75989907627654,60.95943527722226,1.4087976950496,0.12731093859805043,True,False,2023
2023-11-23,EXXO34,TRANSFORMER,60.61084747314453,62.32895982058284,62.32895982058284,60.84408218408604,60.7229769454585,1.718112347438307,0.11212947231396697,True,False,2023
2023-11-24,EXXO34,TRANSFORMER,61.29615020751953,62.60781932787171,62.60781932787171,61.00714169215464,60.97727925188267,1.3116691203521782,0.31887095563686074,True,False,2023
2023-11-27,EXXO34,TRANSFORMER,60.91542816162109,62.366634334389516,62.064590231167536,61.20214617851523,60.851617783325935,1.4512061727684298,0.06381037829515179,True,True,2023
2023-11-28,EXXO34,TRANSFORMER,60.16350173950195,61.96796657112901,62.479743114975896,60.82920998081552,61.477189730424904,1.8044648316270582,1.3136879909229506,True,True,2023
2023-11-29,EXXO34,TRANSFORMER,59.44013595581055,61.78054850566372,61.955301300579364,60.125211635777255,60.0977827219133,2.34041254985317,0.6576467661027507,True,False,2023
2023-11-30,EXXO34,TRANSFORMER,60.10639572143555,60.9234713747374,61.47818083417986,59.18294765884589,59.49042014026063,0.8170756533018562,0.615975581174915,True,True,2023
2023-12-01,EXXO34,TRANSFORMER,59.706642150878906,61.893943529553496,61.44390976564593,60.9076881584921,60.07574106562447,2.18730137867459,0.3690989147455639,True,True,2023
2023-12-04,EXXO34,TRANSFORMER,60.18253707885742,61.5823677675333,61.13382452473029,60.12715564648056,59.78646534358506,1.399830688675877,0.39607173527236483,True,True,2023
2023-12-05,EXXO34,TRANSFORMER,58.9927864074707,62.48905844608561,61.853640619963436,61.203524871954805,60.876480549996586,3.4962720386149044,1.8836941425258829,True,True,2023
2023-12-06,EXXO34,TRANSFORMER,58.48833084106445,61.58708353110757,61.10143931932592,59.274296806371844,59.19347121714382,3.0987526900431135,0.7051403760793704,True,True,2023
2023-12-07,EXXO34,TRANSFORMER,57.39375305175781,61.62878759781523,62.18281571394461,59.11667490732266,60.014922871382524,4.23503454605742,2.6211698196247113,True,True,2023
2023-12-08,EXXO34,TRANSFORMER,58.374114990234375,61.35977753545336,62.045784282369716,58.29316233580943,58.704312463931565,2.985662545218986,0.33019747369719,True,True,2023
2023-12-11,EXXO34,TRANSFORMER,58.51688003540039,61.32715931081822,61.32715931081822,58.4688914677642,57.97783662800761,2.8102792754178267,0.5390434073927821,True,False,2023
2023-12-12,EXXO34,TRANSFORMER,57.77447891235352,61.21805181376675,60.78267145458058,58.9749252908308,58.357971882957195,3.4435729014132264,0.5834929706036718,True,True,2023
2023-12-13,EXXO34,TRANSFORMER,57.68881988525391,60.92660833781525,61.481346359371024,58.352207468838714,59.100938343488636,3.2377884525613396,1.4121184582347226,True,True,2023
2023-12-14,EXXO34,TRANSFORMER,59.2402572631836,60.51106649931444,60.99571557812088,57.93327085703537,58.13912101339162,1.2708092361308374,1.1011362497919777,True,True,2023
2023-12-15,EXXO34,TRANSFORMER,58.945194244384766,60.54874359286049,60.306123544700284,59.09643163584849,58.40770317282139,1.603549348475724,0.5374910715633732,True,True,2023
2023-12-18,EXXO34,TRANSFORMER,59.84941101074219,61.1068031330355,61.06735202172886,59.597342695340465,59.633029192720784,1.2573921222933109,0.21638181802140366,True,False,2023
2023-12-19,EXXO34,TRANSFORMER,59.50675964355469,60.858944353794755,60.858944353794755,59.47941255098392,59.58421607794229,1.352184710240067,0.07745643438759942,True,False,2023
2023-12-20,EXXO34,TRANSFORMER,59.3354377746582,61.011755215568144,60.716272846080656,59.90033006300527,59.561045935379006,1.6763174409099406,0.22560816072080314,True,True,2023
2023-12-21,EXXO34,TRANSFORMER,58.85953140258789,61.090932576411376,61.144267301373795,59.524057753961166,59.77872751677205,2.2314011738234854,0.9191961141841603,True,False,2023
2023-12-22,EXXO34,TRANSFORMER,58.87856674194336,60.531410324011745,60.60606021606414,58.58969189718874,58.72190598448864,1.6528435820683853,0.1566607574547163,True,False,2023
2023-12-26,EXXO34,TRANSFORMER,58.65013122558594,60.34273076599294,60.74911696240175,58.88139660586527,59.180822958502546,1.6925995404070022,0.5306917329166083,True,True,2023
2023-12-27,EXXO34,TRANSFORMER,58.25989532470703,59.8847289971481,59.80210144659562,58.25113159455991,57.95159866495896,1.6248336724410706,0.3082966597480734,True,False,2023
2023-12-28,EXXO34,TRANSFORMER,57.879173278808594,59.168015485519334,59.189021167761126,57.564657268927334,57.58141887007544,1.28884220671074,0.2977544087331552,True,False,2023
2023-12-29,EXXO34,TRANSFORMER,57.879173278808594,59.60118984263619,59.52155934230867,58.201565557653666,58.15850699474426,1.7220165638275944,0.2793337159356639,True,False,2023
2024-01-02,EXXO34,TRANSFORMER,59.868446350097656,59.74646786543974,59.64977808402264,58.16823205044682,58.143647179181016,0.12197848465791594,1.72479917091664,False,False,2024
2024-01-03,EXXO34,TRANSFORMER,60.46808242797852,59.609847447972754,60.23569190718533,59.260949642324974,59.93350651163136,0.8582349800057685,0.5345759163471655,True,True,2024
2024-01-04,EXXO34,TRANSFORMER,59.48772048950195,60.516354965029564,60.43392732906569,60.679861810838226,60.309339138973286,1.0286344755276104,0.8216186494713327,True,False,2024
2024-01-05,EXXO34,TRANSFORMER,59.38302612304688,60.88500230120377,60.971336002340415,60.136171672726235,60.18313066934706,1.5019761781568874,0.8001045463001759,True,False,2024
2024-01-08,EXXO34,TRANSFORMER,58.44073867797852,60.55355738653094,60.07398394577686,59.41979753356727,58.871035776147835,2.1128187085524175,0.43029709816931216,True,True,2024
2024-01-09,EXXO34,TRANSFORMER,58.02194213867188,60.05435717989559,60.58334227958954,58.494067774925135,59.240930409488556,2.0324150412237074,1.2189882708166735,True,True,2024
2024-01-10,EXXO34,TRANSFORMER,57.23194885253906,60.447661664999146,60.077411375271666,58.812395663515,58.19737192409742,3.215712812460083,0.9654230715583552,True,True,2024
2024-01-11,EXXO34,TRANSFORMER,57.2509880065918,59.94758692671627,60.49341093819548,57.65070254857561,58.25198553531483,2.6965989201244724,1.0009975287230333,True,True,2024
2024-01-12,EXXO34,TRANSFORMER,58.15519714355469,60.20883455330409,60.10974429618053,57.71611640462948,57.39814104665413,2.053637409749399,0.7570560969005555,True,False,2024
2024-01-15,EXXO34,TRANSFORMER,58.364593505859375,60.034382257928655,60.577044288030194,58.26804605065834,58.71969596617897,1.6697887520692802,0.3551024603195927,True,True,2024
2024-01-16,EXXO34,TRANSFORMER,57.15580749511719,60.19593585643793,59.6411011478528,58.77026703283978,57.889690586227694,3.0401283613207397,0.7338830911105063,True,True,2024
2024-01-17,EXXO34,TRANSFORMER,56.82267761230469,59.48505771527141,59.49055838587682,57.10323144601612,57.33659925956395,2.662380102966722,0.5139216472592594,True,False,2024
2024-01-18,EXXO34,TRANSFORMER,56.860748291015625,60.11493719959719,60.35677198624061,57.67847369226418,58.04471730615384,3.2541889085815683,1.1839690151382172,True,False,2024
2024-01-19,EXXO34,TRANSFORMER,56.68942260742188,59.73377812746281,59.93818666315856,57.032504097755755,57.11084351877571,3.0443555200409307,0.4214209113538274,True,False,2024
2024-01-22,EXXO34,TRANSFORMER,57.28905487060547,59.537617325261635,60.06218633017422,57.098732669196856,57.41181671688739,2.2485624546561667,0.122761846281918,True,True,2024
2024-01-23,EXXO34,TRANSFORMER,57.5841178894043,59.01656672613501,58.8943466778073,56.80549009476651,56.358475307434134,1.432448836730714,1.2256425819701633,True,False,2024
2024-01-24,EXXO34,TRANSFORMER,58.278926849365234,59.46378518439974,59.612371875444616,57.86670172432995,58.0046035842607,1.1848583350345052,0.27432326510453464,True,False,2024
2024-01-25,EXXO34,TRANSFORMER,59.58290100097656,59.56736945945312,60.05915740360112,58.53061488696038,58.93276652411565,0.015531541523444048,0.650134476860913,False,True,2024
2024-01-26,EXXO34,TRANSFORMER,60.04928970336914,59.681463592713044,59.77330742695048,59.347652600861316,59.0949786601114,0.3678261106560967,0.9543110432577393,False,True,2024
2024-01-29,EXXO34,TRANSFORMER,60.50614929199219,59.710790069907944,59.22585752598465,59.82254886785086,59.171652997386225,0.7953592220842438,1.3344962946059624,False,True,2024
2024-01-30,EXXO34,TRANSFORMER,61.59120941162109,59.81483611830913,59.76711327091816,59.98783358969868,60.241978495159984,1.7763732933119556,1.349230916461103,True,False,2024
2024-01-31,EXXO34,TRANSFORMER,60.78217697143555,60.02798192454367,60.15013506619433,60.83645934189814,61.129431709399775,0.7541950468918799,0.3472547379642279,True,False,2024
2024-02-01,EXXO34,TRANSFORMER,59.56386947631836,60.2469295646286,60.95912524119526,60.92117623856987,61.56370679134471,0.683060088310242,1.9998373150263475,False,True,2024
2024-02-02,EXXO34,TRANSFORMER,60.582298278808594,60.662422388081325,60.662422388081325,60.07124974061685,59.664419408021544,0.08012410927273095,0.9178788707870496,False,False,2024
2024-02-05,EXXO34,TRANSFORMER,60.20157623291016,60.85477291522824,60.85477291522824,60.32996155647736,60.22250131440494,0.6531966823180753,0.02092508149477368,True,False,2024
2024-02-06,EXXO34,TRANSFORMER,60.13494491577149,60.91683370533008,61.529545819953704,60.44267948763363,61.033696657995335,0.781888789558586,0.898751742223844,False,True,2024
2024-02-07,EXXO34,TRANSFORMER,60.43001174926758,60.7973092206895,60.394491998276344,59.88109923237761,59.1506964255236,0.3672974714219208,1.2793153237439796,False,False,2024
2024-02-08,EXXO34,TRANSFORMER,61.86723327636719,60.325397497144195,60.834182319711715,59.87964822675418,60.481131217871905,1.5418357792229926,1.3861020584952826,True,True,2024
2024-02-09,EXXO34,TRANSFORMER,60.49170684814453,61.23457762419167,60.721349324445406,61.94241996503361,61.208534816397986,0.7428707760471411,0.7168279682534546,True,True,2024
2024-02-12,EXXO34,TRANSFORMER,60.49170684814453,61.399588073461075,61.29222870714624,60.934414054762954,61.0480105944445,0.9078812253165438,0.5563037462999674,True,False,2024
2024-02-13,EXXO34,TRANSFORMER,60.49170684814453,61.60947050938847,61.62185384535152,60.618148947736756,60.81057051420415,1.1177636612439414,0.31886366605962024,True,False,2024
2024-02-14,EXXO34,TRANSFORMER,59.89780426025391,61.818310730609085,61.762431773703796,60.6742579436748,60.6491278038127,1.9205064703551713,0.7513235435587902,True,False,2024
2024-02-15,EXXO34,TRANSFORMER,61.63160705566406,61.64618536014831,62.28451980689547,60.259788344809266,60.898404290618124,0.014578304484246019,0.7332027650459381,False,True,2024
2024-02-16,EXXO34,TRANSFORMER,61.8136100769043,62.03434842468101,61.710213141472074,61.317609478957415,60.66109450310365,0.22073834777671664,1.152515573800649,False,False,2024
2024-02-19,EXXO34,TRANSFORMER,61.11434173583984,62.4477052239327,62.59521973031407,61.97854976907615,62.207427393645744,1.3333634880928642,1.0930856578059078,True,False,2024
2024-02-20,EXXO34,TRANSFORMER,60.58749771118164,62.45587267878835,62.508567795133494,61.32161890145456,61.366290063680815,1.8683749676067123,0.778792352499174,True,False,2024
2024-02-21,EXXO34,TRANSFORMER,61.449615478515625,61.907982471222624,62.45943205063271,60.49582065895384,60.945081836613994,0.4583669927069991,0.5045336419016309,False,True,2024
2024-02-22,EXXO34,TRANSFORMER,62.12972259521485,62.27773651558795,62.1497894769462,61.3130684372232,60.8766436857298,0.1480139203730957,1.2530789094850476,False,False,2024
2024-02-23,EXXO34,TRANSFORMER,62.12972259521485,61.97080944391831,61.423228408677744,61.70762345607406,61.10942640354122,0.15891315129653805,1.02029619167363,False,True,2024
2024-02-26,EXXO34,TRANSFORMER,62.48414611816406,62.59166499991653,62.64315996869298,62.30814638393924,62.718408688199496,0.10751888175246904,0.23426257003543327,False,False,2024
2024-02-27,EXXO34,TRANSFORMER,61.53582382202149,62.8510474749375,62.98471388409993,62.47708677040541,62.70954034422144,1.3152236529160106,1.1737165221999462,True,False,2024
2024-02-28,EXXO34,TRANSFORMER,62.244667053222656,62.671714312667916,62.42569471360044,61.80857854255361,61.43732771288524,0.4270472594452599,0.8073393403374141,False,True,2024
2024-02-29,EXXO34,TRANSFORMER,62.31173324584961,62.54416167909784,62.50378259596023,61.704240943993646,61.79406799688069,0.2324284332482307,0.5176652489689175,False,False,2024
2024-03-01,EXXO34,TRANSFORMER,62.8481559753418,62.86247572036092,62.86247572036092,62.30125761217343,62.39108718876712,0.014319745019122365,0.4570687865746734,False,False,2024
2024-03-04,EXXO34,TRANSFORMER,61.8136100769043,63.174113396126074,63.174113396126074,62.77608589008551,62.80425002368769,1.3605033192217775,0.9906399467833964,True,False,2024
2024-03-05,EXXO34,TRANSFORMER,62.445838928222656,63.10066305669142,63.10066305669142,61.98754114941135,62.00000911229172,0.6548241284687606,0.44582981593093507,True,False,2024
2024-03-06,EXXO34,TRANSFORMER,63.11636734008789,63.21977478303228,63.88034747928646,62.501696757848,63.142175706635236,0.10340744294438764,0.025808366547344974,True,True,2024
2024-03-07,EXXO34,TRANSFORMER,63.47079849243164,63.73042903248478,63.54753376778671,63.20093025472736,62.66088848675051,0.2596305400531378,0.8099100056811324,False,False,2024
2024-03-08,EXXO34,TRANSFORMER,64.53406524658203,63.922526745173116,64.59044237739982,63.66690738344527,64.29512517086881,0.6115385014089156,0.23894007571321652,True,True,2024
2024-03-11,EXXO34,TRANSFORMER,64.80227661132812,64.09876937967357,63.66976982051696,64.30009838984861,63.51838132534892,0.7035072316545552,1.2838952859792059,False,True,2024
2024-03-12,EXXO34,TRANSFORMER,64.76395416259766,64.35327614727913,65.09758391060355,64.77329749293962,65.62155943724589,0.4106780153185241,0.8576052746482361,False,True,2024
2024-03-13,EXXO34,TRANSFORMER,65.43449401855469,64.0016989465376,64.67044183565827,64.27781151029596,64.59691829977073,1.4327950720170861,0.8375757187839525,True,True,2024
2024-03-14,EXXO34,TRANSFORMER,66.46903228759766,64.87671558506537,64.69053067701111,65.41667160663036,64.73398289071005,1.5923167025322869,1.7350493968876037,False,False,2024
2024-03-15,EXXO34,TRANSFORMER,66.63186645507812,65.2327350970076,65.01135090800335,66.05903224128055,65.83882642581439,1.3991313580705196,0.7930400292637358,True,False,2024
2024-03-18,EXXO34,TRANSFORMER,67.6376724243164,64.52793998128317,64.36105856538138,65.2815849529176,65.3047966780881,3.109732443033238,2.3328757462283107,True,False,2024
2024-03-19,EXXO34,TRANSFORMER,68.03999328613281,65.78621044031638,66.36934535457038,67.70661653752099,68.42221968147742,2.2537828458164313,0.38222639534460257,True,True,2024
2024-03-20,EXXO34,TRANSFORMER,67.43653106689453,66.18423326873358,65.74941582781548,67.96852651768774,67.23442115174926,1.2522977981609529,0.20210991514527166,True,True,2024
2024-03-21,EXXO34,TRANSFORMER,67.61851501464844,66.88249648436499,66.43486602617112,67.93810759955572,67.61841731144163,0.7360185302834452,9.770320680502209e-05,True,True,2024
2024-03-22,EXXO34,TRANSFORMER,68.14535522460938,66.81022766556327,66.43649919871712,67.14597040149867,67.13212859139549,1.3351275590461,1.0132266332138897,True,False,2024
2024-03-25,EXXO34,TRANSFORMER,68.39441680908203,67.25000099599686,67.86231363771317,68.05022114520301,68.9552098709559,1.1444158130851747,0.5607930618738663,True,True,2024
2024-03-26,EXXO34,TRANSFORMER,67.93463134765625,67.4417994589179,67.33080536147621,68.02719256415205,67.66027518195462,0.49283188873835115,0.2743561657016329,True,False,2024
2024-03-27,EXXO34,TRANSFORMER,68.96916961669922,67.57293793021677,67.72366254732272,67.75645921782677,67.86678647584638,1.3962316864824516,1.1023831408528366,True,False,2024
2024-03-28,EXXO34,TRANSFORMER,69.88875579833984,67.85298411761732,68.56196843180214,68.64537251717901,69.28834789840734,2.035771680722519,0.600407899932506,True,True,2024
2024-04-01,EXXO34,TRANSFORMER,70.88497924804688,68.51269570805516,68.31607616842652,69.62281627622583,69.01855598924243,2.372283539991713,1.8664232588044456,True,False,2024
2024-04-02,EXXO34,TRANSFORMER,72.05362701416016,68.52747761466378,69.24350959691574,70.17291272576954,70.86873384751505,3.5261493994963757,1.1848931666451108,True,True,2024
2024-04-03,EXXO34,TRANSFORMER,71.90992736816406,69.79694672231619,69.59664160528351,71.9528393885299,71.41464026355807,2.1129806458478697,0.49528710460599257,True,False,2024
2024-04-04,EXXO34,TRANSFORMER,72.48466491699219,70.13079079460613,69.89278378445697,71.71745954365122,71.47621518466008,2.3538741223860598,1.0084497323321102,True,False,2024
2024-04-05,EXXO34,TRANSFORMER,73.83531951904297,70.56559038752812,70.38309446961672,72.01427448101659,72.03506721753484,3.2697291315148505,1.8002523015081238,True,False,2024
2024-04-08,EXXO34,TRANSFORMER,73.04985809326172,70.98321923518188,70.98321923518188,73.00610198243147,73.19490553080468,2.066638858079841,0.14504743754295646,True,False,2024
2024-04-09,EXXO34,TRANSFORMER,72.52298736572266,71.4081177883894,71.4081177883894,72.93954532375649,73.00050516338601,1.114869577333252,0.4775177976633529,True,False,2024
2024-04-10,EXXO34,TRANSFORMER,74.49626922607422,71.42332793173398,72.06893677577142,72.37950305594501,73.02083064835334,3.0729412943402394,1.4754385777208796,True,True,2024
2024-04-11,EXXO34,TRANSFORMER,74.14186096191406,72.20593830591258,72.06785849599603,73.87852031044442,73.40359326300377,1.9359226560014804,0.7382676989102919,True,False,2024
2024-04-12,EXXO34,TRANSFORMER,73.32763671875,72.54837291031538,73.30641854503479,74.17497785532679,74.88322364010833,0.7792638084346208,1.5555869213583264,False,True,2024
2024-04-15,EXXO34,TRANSFORMER,73.95985412597656,71.94367168227234,71.73720583737784,72.49223114430295,71.89133678975871,2.016182443704224,2.0685173362178517,False,False,2024
2024-04-16,EXXO34,TRANSFORMER,74.86029052734375,73.46791585042513,73.21858344171665,74.4749742343765,74.21156077348624,1.392374676918621,0.6487297538575092,True,False,2024
2024-04-17,EXXO34,TRANSFORMER,74.41006469726562,73.97785293233187,73.21678330716156,75.09035904010653,74.51152360382318,0.43221176493375424,0.10145890655755352,True,True,2024
2024-04-18,EXXO34,TRANSFORMER,73.76826477050781,74.52611462236734,74.13691354068504,74.77463745201594,74.88072669530844,0.7578498518595325,1.112461924800627,False,False,2024
2024-04-19,EXXO34,TRANSFORMER,74.4292221069336,74.9716923663907,75.16365286693144,74.36005522419931,74.93084791523421,0.5424702594571045,0.5016258083006164,True,False,2024
2024-04-22,EXXO34,TRANSFORMER,74.89860534667969,75.44015239865462,76.09733054955397,74.9008712640297,75.50834442433631,0.5415470519749306,0.6097390776566272,False,True,2024
2024-04-23,EXXO34,TRANSFORMER,74.18016052246094,75.55087481255373,76.3932019354656,75.06921572133001,75.47356718450587,1.370714290092792,1.29340666204493,True,True,2024
2024-04-24,EXXO34,TRANSFORMER,74.75489807128906,75.35565561522378,74.92087540891463,74.2024377224315,73.15182557708542,0.6007575439347193,1.6030724942036443,False,False,2024
2024-04-25,EXXO34,TRANSFORMER,74.71658325195312,75.35916922025012,76.11045287879298,74.66806774938861,75.48665863657892,0.6425859682969985,0.7700753846257982,False,True,2024
2024-04-26,EXXO34,TRANSFORMER,72.40803527832031,75.44808767696668,76.03435360748085,74.87613364051558,75.09188209690853,3.040052398646367,2.683846818588222,True,True,2024
2024-04-29,EXXO34,TRANSFORMER,73.41384887695312,73.95099784545653,73.86331564677349,71.85168894535666,71.26772131326595,0.5371489685034021,2.1461275636871733,False,False,2024
2024-04-30,EXXO34,TRANSFORMER,73.27015686035156,74.50188571017395,73.9150032339511,73.49865249897007,72.81883856257154,1.2317288498223888,0.45131829778001986,True,True,2024
2024-05-01,EXXO34,TRANSFORMER,73.27015686035156,75.20140267914076,74.46047291902981,74.32386171886915,73.91230968819517,1.9312458187891934,0.6421528278436028,True,True,2024
2024-05-02,EXXO34,TRANSFORMER,71.34477233886719,75.5510605537886,75.3304146786975,73.9552560955107,74.26742790928773,4.206288214921415,2.9226555704205452,True,False,2024
2024-05-03,EXXO34,TRANSFORMER,70.27191925048828,74.22835078495143,74.3463867284477,71.22483663064837,71.61132257492561,3.9564315344631495,1.3394033244373276,True,False,2024
2024-05-06,EXXO34,TRANSFORMER,71.25856018066406,74.16901161988835,74.09508878434737,70.8264956888863,70.71815497573196,2.910451439224289,0.5404052049320995,True,False,2024
2024-05-07,EXXO34,TRANSFORMER,70.7891845703125,74.37531853704445,74.37531853704445,71.66659787142822,71.6721445496745,3.58613396673195,0.8829599793619991,True,False,2024
2024-05-08,EXXO34,TRANSFORMER,70.94244384765625,74.11921233102748,74.11921233102748,71.24594566029855,71.24959277982774,3.1767684833712337,0.3071489321714864,True,False,2024
2024-05-09,EXXO34,TRANSFORMER,72.94447326660156,73.99673146506518,74.63248755230893,71.40436869426716,72.0145083294168,1.052258198463619,0.9299649371847636,True,True,2024
2024-05-10,EXXO34,TRANSFORMER,73.05941772460938,74.12616730837772,74.31072465180587,72.61377638898878,72.43553171330488,1.0667495837683418,0.6238860113044922,True,False,2024
2024-05-13,EXXO34,TRANSFORMER,72.57088470458984,74.33777816968518,74.33777816968518,73.25284583474954,73.01483330371006,1.766893465095336,0.443948599120219,True,False,2024
2024-05-14,EXXO34,TRANSFORMER,72.38286590576172,74.31636633288736,74.31636633288736,72.83919281746991,72.79587276275922,1.9335004271256366,0.41300685699749806,True,False,2024
2024-05-15,EXXO34,TRANSFORMER,73.2115249633789,74.19866830372303,74.97395759489929,72.67629708301153,73.43153519231197,0.9871433403441188,0.220010228933063,True,True,2024
2024-05-16,EXXO34,TRANSFORMER,72.73938751220703,74.3697824163495,73.78394057295704,73.33521249696638,72.2952015908917,1.630394904142463,0.44418592131533785,True,True,2024
2024-05-17,EXXO34,TRANSFORMER,73.30789184570312,74.14521094443091,74.02029212843459,72.75860309370958,72.79434969872166,0.8373190987277894,0.5135421469814645,True,False,2024
2024-05-20,EXXO34,TRANSFORMER,72.84537506103516,74.01945896894335,74.03379425481077,72.94108938951625,73.1408093660761,1.174083907908198,0.29543430504094204,True,False,2024
2024-05-21,EXXO34,TRANSFORMER,72.75865936279297,73.9095311147712,73.42395998111023,72.99828874359928,72.51632823353953,1.1508717519782294,0.24233112925344358,True,True,2024
2024-05-22,EXXO34,TRANSFORMER,71.6794662475586,73.96132712190695,73.3787028514973,72.99136845664991,72.65774919750814,2.2818608743483537,0.9782829499495449,True,True,2024
2024-05-23,EXXO34,TRANSFORMER,70.60027313232422,73.68794182156807,73.5637934062044,71.90691921397341,72.198708319218,3.0876686892438556,1.5984351868937807,True,False,2024
2024-05-24,EXXO34,TRANSFORMER,70.67736053466797,73.41110998942656,72.83282000921764,71.13447443975826,70.71997351866699,2.7337494547585948,0.042612983999021026,True,True,2024
2024-05-27,EXXO34,TRANSFORMER,71.11096954345703,73.20348740519012,73.08015519186198,70.77150039234755,70.9853990206058,2.0925178617330857,0.12557052285123405,True,False,2024
2024-05-28,EXXO34,TRANSFORMER,71.56383514404297,73.3194363710594,73.88032170773431,71.50543655991778,72.23559152200087,1.7556012270164274,0.6717563779579052,True,True,2024
2024-05-29,EXXO34,TRANSFORMER,71.30367279052734,73.090221368269,73.40631986368236,71.40791410048124,71.42497452089071,1.7865485777416552,0.12130173036337055,True,False,2024
2024-05-30,EXXO34,TRANSFORMER,71.30367279052734,72.9566476230018,72.10298783810292,71.51012626865804,70.34260575102127,1.652974832474456,0.9610670395060765,True,True,2024
2024-05-31,EXXO34,TRANSFORMER,73.89566802978516,72.93592199687725,73.0265323440976,71.3729712797529,71.86881290341665,0.9597460329079013,2.0268551263685026,False,False,2024
2024-06-03,EXXO34,TRANSFORMER,71.9974365234375,73.64518006171738,73.02675474228384,73.75027186549053,73.24527526590019,1.647743538279883,1.2478387424626902,True,True,2024
2024-06-04,EXXO34,TRANSFORMER,71.61202239990234,73.66429593047303,73.8781736087526,72.66211408097926,73.20271011570846,2.0522735305706874,1.5906877158061121,True,False,2024
2024-06-05,EXXO34,TRANSFORMER,72.0263442993164,73.7999644241113,73.66195104649654,72.0459664693299,71.91313317580959,1.7736201247948884,0.11321112350681517,True,False,2024
2024-06-06,EXXO34,TRANSFORMER,72.19979095458984,73.89111693512507,73.89111693512507,72.20435807440418,72.23209646759823,1.6913259805352254,0.03230551300838158,True,False,2024
2024-06-07,EXXO34,TRANSFORMER,72.49848937988281,73.6448601740351,73.6448601740351,72.23339409556169,72.1905732400929,1.1463707941522898,0.30791613978990995,True,True,2024
2024-06-10,EXXO34,TRANSFORMER,73.10553741455078,73.55635963509701,74.3249375520155,72.48060013490377,73.23477624814124,0.4508222205462289,0.1292388335904633,True,True,2024
2024-06-11,EXXO34,TRANSFORMER,72.4792251586914,73.72327393202386,74.49359590810015,73.14268629039566,73.47478848749044,1.2440487733324517,0.9955633287990366,True,True,2024
2024-06-12,EXXO34,TRANSFORMER,72.4503173828125,73.54518420413217,73.0498729369711,72.66023502762134,71.52553524261805,1.0948668213196697,0.924782140194452,True,True,2024
2024-06-13,EXXO34,TRANSFORMER,71.47711944580078,73.48031923733163,72.90148406696542,72.52164939016352,72.04029013830221,2.0031997915308466,0.5631706925014299,True,True,2024
2024-06-14,EXXO34,TRANSFORMER,70.2533950805664,73.6323123217237,73.05227983833802,72.20009580904527,72.02505644185841,3.3789172411572963,1.7716613612920042,True,True,2024
2024-06-17,EXXO34,TRANSFORMER,71.01459503173828,73.28554375517388,73.88393226977296,70.90523491407154,71.92809631254913,2.2709487234355947,0.9135012808108485,True,True,2024
2024-06-18,EXXO34,TRANSFORMER,71.83363342285156,73.44115363416722,74.2085277831362,71.39072114513498,71.92527259369777,1.6075202113156593,0.09163917084620721,True,True,2024
2024-06-19,EXXO34,TRANSFORMER,72.4503173828125,73.60324381846613,73.3920152897212,71.96674473743346,71.19919346089326,1.152926435653626,1.2511239219192447,False,False,2024
2024-06-20,EXXO34,TRANSFORMER,73.56805419921875,73.85302450353993,73.6023851288316,72.60424826255225,72.30785699678,0.28497030432117754,1.2601972024387464,False,False,2024
2024-06-21,EXXO34,TRANSFORMER,72.84537506103516,74.31886352060064,74.12666093089878,73.64838313707311,73.64021530632145,1.4734884595654876,0.794840245286295,True,False,2024
2024-06-24,EXXO34,TRANSFORMER,74.43525695800781,74.23544506822782,74.84821318305544,73.25903314110913,74.01380851964211,0.1998118897799941,0.4214484383657009,False,True,2024
2024-06-25,EXXO34,TRANSFORMER,75.25428009033203,74.22031231706444,74.09204868419927,73.7560349874671,73.32630170468158,1.033967773267591,1.927978385650448,False,False,2024
2024-06-26,EXXO34,TRANSFORMER,76.32383728027344,74.57888061150743,75.18845399339838,75.086960604606,75.62601224704724,1.744956668766008,0.697825033226195,True,True,2024
2024-06-27,EXXO34,TRANSFORMER,75.94805145263672,74.84021336949456,74.72246922739465,75.74814535209617,75.32410563786719,1.1078380831421555,0.6239458147695274,True,False,2024
2024-06-28,EXXO34,TRANSFORMER,77.54757690429688,75.06659581845315,75.62082953087823,75.93542357647611,76.42622391332183,2.480981085843723,1.1213529909750406,True,True,2024
2024-07-01,EXXO34,TRANSFORMER,78.24132537841797,75.80477276166721,76.59684396571633,77.30996872045806,77.81130571458492,2.4365526167507596,0.43001966383305046,True,True,2024
2024-07-02,EXXO34,TRANSFORMER,77.77882385253906,76.19358076104322,75.97491841507845,77.78895012462675,77.02424261363238,1.5852430914958404,0.754581238906681,True,False,2024
2024-07-03,EXXO34,TRANSFORMER,76.56473541259766,76.58460733628021,76.32469762744861,77.69809321953218,77.40545777103787,0.01987192368255819,0.8407223584402175,False,False,2024
2024-07-04,EXXO34,TRANSFORMER,75.52408599853516,76.54550880633951,76.34754769222012,76.58651483025852,76.58732158335107,1.0214228078043561,1.0632355848159136,False,False,2024
2024-07-05,EXXO34,TRANSFORMER,74.64724731445312,76.43574605548724,76.43574605548724,75.58771044705057,75.75603424771816,1.7884987410341182,1.108786933265037,True,False,2024
2024-07-08,EXXO34,TRANSFORMER,73.79930114746094,76.37537499467487,76.62382535624923,75.08197834046487,75.35601348770066,2.5760738472139337,1.5567123402397272,True,True,2024
2024-07-09,EXXO34,TRANSFORMER,72.55631256103516,76.17053852896152,75.97549826690732,74.0909743426115,73.75184102494121,3.614225967926359,1.195528463906058,True,False,2024
2024-07-10,EXXO34,TRANSFORMER,72.93209838867188,76.27978533193914,76.12676524888118,73.46360043678654,73.36200576298684,3.347686943267263,0.42990737431496484,True,False,2024
2024-07-11,EXXO34,TRANSFORMER,74.04019165039062,76.29337023947858,76.23407130207681,73.41773713586173,73.4723613981395,2.253178589087952,0.5678302522511274,True,False,2024
2024-07-12,EXXO34,TRANSFORMER,74.13655853271484,76.47865228074284,76.47865228074284,74.27137912087306,74.32593265302867,2.3420937480279918,0.18937412031382905,True,False,2024
2024-07-15,EXXO34,TRANSFORMER,75.88059997558594,76.96632105237984,77.52777184142145,75.11675923493681,75.67098618708101,1.0857210767939023,0.20961378850492451,True,True,2024
2024-07-16,EXXO34,TRANSFORMER,75.79388427734375,77.33327349978583,76.72408699915775,76.16919430930608,75.22200915990365,1.5393892224420824,0.5718751174401007,True,True,2024
2024-07-17,EXXO34,TRANSFORMER,77.69210052490234,77.48964698163365,78.24439404640096,76.31746201393365,77.2897262557151,0.20245354326868892,0.4023742691872485,False,True,2024
2024-07-18,EXXO34,TRANSFORMER,80.06246185302734,78.2722057610248,78.84550532503731,77.9929295290166,78.24569131857015,1.7902560920025508,1.8167705344571914,False,True,2024
2024-07-19,EXXO34,TRANSFORMER,78.57857513427734,79.0984446874835,78.20074294013803,80.04773875122781,78.67309114072103,0.5198695532061492,0.09451600644368341,True,True,2024
2024-07-22,EXXO34,TRANSFORMER,77.23922729492188,78.93095768841579,78.36909251017101,78.89187820454255,78.7164444911866,1.6917303934939127,1.477217196264732,True,True,2024
2024-07-23,EXXO34,TRANSFORMER,76.56473541259766,78.86426110666025,78.35847041885219,77.71493102782748,77.6764460647797,2.299525694062595,1.1117106521820403,True,True,2024
2024-07-24,EXXO34,TRANSFORMER,78.41476440429688,78.45560459254659,79.15215218005693,76.74217518487546,77.81666483720497,0.04084018824971736,0.5980995670919071,False,True,2024
2024-07-25,EXXO34,TRANSFORMER,79.9950180053711,78.78161141662065,79.56307122258303,78.21599066124567,78.69063654895257,1.2134065887504448,1.3043814564185254,False,True,2024
2024-07-26,EXXO34,TRANSFORMER,79.95647430419922,79.59186111844406,80.24240829151974,80.15886397921052,80.22294006319252,0.3646131857551609,0.2664657589933057,True,True,2024
2024-07-29,EXXO34,TRANSFORMER,79.03144836425781,79.49499706445795,78.94101157203917,79.83457544249082,78.75922312464583,0.4635487002001355,0.2722252396119842,True,True,2024
2024-07-30,EXXO34,TRANSFORMER,80.25518035888672,79.7831591119267,78.90003130267512,79.30434356717664,78.60576374889719,0.47202124696002556,1.6494166099895295,False,False,2024
2024-07-31,EXXO34,TRANSFORMER,81.42108917236328,80.09094265706824,80.98154965982772,80.16790242849751,81.65478820478899,1.3301465152950414,0.23369903242570444,True,True,2024
2024-08-01,EXXO34,TRANSFORMER,80.97785186767578,81.27816967350202,80.69815519996115,81.8259938642426,80.92325001232494,0.30031780582623924,0.054601855350838946,True,False,2024
2024-08-02,EXXO34,TRANSFORMER,80.26481628417969,81.2183042416068,80.72083089279005,81.21053206990445,80.85999267469371,0.9534879574271145,0.5951763905140268,True,True,2024
2024-08-05,EXXO34,TRANSFORMER,79.15672302246094,81.90957636353676,81.3714465005456,81.22421222146595,81.06723977599528,2.75285334107582,1.9105167535343384,True,True,2024
2024-08-06,EXXO34,TRANSFORMER,77.88481903076172,81.9817265143273,81.43304009064228,80.16192812976622,79.99662224915366,4.096907483565587,2.111803218391941,True,True,2024
2024-08-07,EXXO34,TRANSFORMER,78.72311401367188,81.52819801355565,82.15187944176398,78.60857842798957,79.61988864282854,2.8050839998837773,0.896774629156667,True,True,2024
2024-08-08,EXXO34,TRANSFORMER,78.71348571777344,81.88288122050255,82.68174139079426,79.42534909223016,79.93072780128261,3.1693955027291167,1.217242083509177,True,True,2024
2024-08-09,EXXO34,TRANSFORMER,79.22416687011719,81.87061198004346,82.6265711081422,79.45503349687907,79.6093460947078,2.646445109926276,0.3851792245906154,True,True,2024
2024-08-12,EXXO34,TRANSFORMER,78.5689468383789,81.56324119320163,82.12712894866242,79.3728190715398,79.32931444276169,2.9942943548227277,0.760367604382779,True,True,2024
2024-08-13,EXXO34,TRANSFORMER,77.8173599243164,81.77851528441909,80.94390329440797,79.4894500256487,78.16297115389534,3.96115536010268,0.3456112295789353,True,True,2024
2024-08-14,EXXO34,TRANSFORMER,78.65926361083984,81.6606005571474,81.72005564608251,78.5839284266662,78.9849883800946,3.0013369463075605,0.32572476925476224,True,False,2024
2024-08-15,EXXO34,TRANSFORMER,79.09540557861328,81.68832243645215,81.4803674869678,78.96631614915785,78.8639737086867,2.5929168578388726,0.23143186992658116,True,False,2024
2024-08-16,EXXO34,TRANSFORMER,78.49449920654297,81.6022365335674,81.71142066559909,79.2934610552453,79.49236417615751,3.107737327024438,0.9978649696145396,True,False,2024
2024-08-19,EXXO34,TRANSFORMER,77.8645248413086,81.46908586555742,80.57536039333809,79.11938019204452,78.17822180219761,3.6045610242488237,0.31369696088901833,True,True,2024
2024-08-20,EXXO34,TRANSFORMER,76.43013763427734,81.68977224997991,81.69386064609722,78.78459300873782,79.25479587664985,5.259634615702566,2.8246582423725073,True,False,2024
2024-08-21,EXXO34,TRANSFORMER,75.91646575927734,81.10042563068635,80.567611729422,77.33640546329299,76.9328107622563,5.183959871409002,1.0163450029789516,True,True,2024
2024-08-22,EXXO34,TRANSFORMER,77.90330505371094,80.99214365023431,81.6116295269499,76.9483433347395,77.83535916491532,3.088838596523374,0.06794588879562014,True,True,2024
2024-08-23,EXXO34,TRANSFORMER,77.45747375488281,80.68051629342665,81.27938158845127,77.83529517244826,78.15227205623158,3.2230425385438366,0.6947983013487686,True,True,2024
2024-08-26,EXXO34,TRANSFORMER,78.7852554321289,80.54232997416011,81.23565006487918,78.02494242103154,78.2265190686793,1.757074542031205,0.5587363634496114,True,True,2024
2024-08-27,EXXO34,TRANSFORMER,78.43636322021484,80.40521682647284,79.5756201420277,78.69316503906829,77.33047339414179,1.9688536062579942,1.105889826073053,True,True,2024
2024-08-28,EXXO34,TRANSFORMER,78.65926361083984,80.32164358973762,80.19913569833791,78.5813998721144,78.78914802929388,1.662379978897775,0.12988441845403997,True,False,2024
2024-08-29,EXXO34,TRANSFORMER,80.83023834228516,80.07055755654096,80.79688764224348,78.64905486939195,79.58431469912391,0.7596807857441945,1.2459236431612482,False,True,2024
2024-08-30,EXXO34,TRANSFORMER,81.08222961425781,80.25642777838232,80.29400410100848,80.07984677981338,79.73167654756352,0.8258018358754953,1.3505530666942889,False,False,2024
2024-09-02,EXXO34,TRANSFORMER,80.45226287841797,80.58354389038686,80.42343963109707,80.89809421184634,80.58476300432352,0.13128101196889475,0.13250012590555116,False,False,2024
2024-09-03,EXXO34,TRANSFORMER,78.70771789550781,81.28111573586625,80.37474787588646,81.24968937516398,80.42087324557723,2.5733978403584388,1.7131553500694139,True,True,2024
2024-09-04,EXXO34,TRANSFORMER,77.82576751708984,78.80351340389939,78.80351340389939,77.028548375369,77.56191837239591,0.9777458868095437,0.2638491446939355,True,False,2024
2024-09-05,EXXO34,TRANSFORMER,76.43013763427734,81.48737621771363,81.48737621771363,80.15547053017586,80.32082469382793,5.057238583436288,3.8906870595505865,True,False,2024
2024-09-06,EXXO34,TRANSFORMER,76.16845703125,78.34924709766699,77.89097221914643,75.18404464802317,74.68969499429933,2.1807900664169892,1.4787620369506698,True,True,2024
2024-09-09,EXXO34,TRANSFORMER,77.79667663574219,80.87366653977926,81.48230319191735,78.60242232871617,79.4531352773089,3.0769899040370774,1.656458641566715,True,True,2024
2024-09-10,EXXO34,TRANSFORMER,75.76139068603516,80.552344522407,79.96032640012307,78.29583324389507,77.40728408435928,4.790953836371841,1.6458933983241195,True,True,2024
2024-09-11,EXXO34,TRANSFORMER,74.91820526123047,80.49810292234542,81.07751969531891,77.1029321676185,77.85595385935653,5.5798976611149556,2.9377485981260634,True,True,2024
2024-09-12,EXXO34,TRANSFORMER,75.75170135498047,80.60208705700165,81.24000094560414,76.42584121673697,76.7894723399792,4.850385702021185,1.0377709849987298,True,True,2024
2024-09-13,EXXO34,TRANSFORMER,74.78251647949219,80.6486307147735,80.54059830387935,76.73244876883948,76.0891131279353,5.866114235281316,1.3065966484431186,True,True,2024
2024-09-16,EXXO34,TRANSFORMER,75.44156646728516,80.53280557639414,80.6040054533838,75.97117460391644,75.94636625204402,5.091239109108983,0.504799784758859,True,False,2024
2024-09-17,EXXO34,TRANSFORMER,75.83892822265625,80.49534260121607,80.60276409426451,76.17986386120378,76.23747241873441,4.656414378559816,0.3985441960781628,True,False,2024
2024-09-18,EXXO34,TRANSFORMER,75.6741714477539,80.41779047617797,79.88946135408692,76.68394367880641,76.04354727227407,4.743619028424064,0.36937582452016215,True,True,2024
2024-09-19,EXXO34,TRANSFORMER,76.57550811767578,80.34840064651678,79.89894125030756,76.45320508578027,76.26692442902588,3.7728925288409982,0.3085836886499038,True,False,2024
2024-09-20,EXXO34,TRANSFORMER,76.7305908203125,80.60437786556508,80.60437786556508,77.24672901550022,77.59340813069826,3.873787045252584,0.8628173103857648,True,False,2024
2024-09-23,EXXO34,TRANSFORMER,79.16324615478516,80.0998995121721,80.88502100215497,77.0576359280174,77.89587651673979,0.9366533573869447,1.2673696380453663,False,True,2024
2024-09-24,EXXO34,TRANSFORMER,77.30240631103516,80.43019902256322,81.27060052052704,79.05351912931295,79.43631380636589,3.127792711528059,2.1339074953307318,True,True,2024
2024-09-25,EXXO34,TRANSFORMER,76.05216217041016,79.95799320872936,79.16750206020491,77.87307599769589,76.41234263374403,3.9058310383192065,0.3601804633338759,True,True,2024
2024-09-26,EXXO34,TRANSFORMER,74.23977661132812,79.20478154444811,78.59938221922414,76.26629943531464,75.92791161915825,4.965004933119985,1.6881350078301267,True,True,2024
2024-09-27,EXXO34,TRANSFORMER,76.0909194946289,78.11889700955237,78.81483131464367,74.41890701714826,75.56848237051713,2.027977514923464,0.5224371241117751,True,True,2024
2024-09-30,EXXO34,TRANSFORMER,77.12796020507812,78.49423876940011,78.41747817746355,76.10292109682234,75.73070869420093,1.3662785643219877,1.3972515108771972,False,False,2024
2024-10-01,EXXO34,TRANSFORMER,79.39584350585938,79.05902111038176,79.70417024884713,77.77362361975459,78.32441930487066,0.3368223954776113,1.0714242009887158,False,True,2024
2024-10-02,EXXO34,TRANSFORMER,80.26811981201172,79.71368157112681,80.03960613683584,79.35929015868868,79.33036543134345,0.554438240884906,0.9377543806682667,False,False,2024
2024-10-03,EXXO34,TRANSFORMER,80.95623779296875,80.23881847742064,79.68926808152106,80.48838793041922,79.61869080957435,0.7174193155481134,1.3375469833944038,False,True,2024
2024-10-04,EXXO34,TRANSFORMER,82.2937240600586,81.07691388603871,81.0996568495506,81.29215812242292,81.5898819294826,1.2168101740198836,0.7038421305759925,True,False,2024
2024-10-07,EXXO34,TRANSFORMER,83.08845520019531,81.45456709236487,82.36079356527924,82.15648522176888,83.14194252821292,1.633888107830444,0.053487328017610025,True,True,2024
2024-10-08,EXXO34,TRANSFORMER,82.28402709960938,82.12254932723329,81.41028118895454,83.15294023021796,81.91614748991744,0.16147777237608807,0.3678796096919399,False,True,2024
2024-10-09,EXXO34,TRANSFORMER,82.77831268310547,82.24478253821576,82.38098118767601,82.34033873827177,82.73016712884703,0.5335301448897098,0.048145554258439915,True,False,2024
2024-10-10,EXXO34,TRANSFORMER,83.20475006103516,82.72752916712864,83.38252169219349,82.93438923561574,83.63831233497135,0.47722089390651945,0.4335622739361895,True,True,2024
2024-10-11,EXXO34,TRANSFORMER,84.4162368774414,83.1946838512697,83.03569496897175,83.27527491663295,82.70788290633897,1.221553026171705,1.70835397110244,False,False,2024
2024-10-14,EXXO34,TRANSFORMER,83.92195129394531,83.529822952725,82.70767572346017,84.19048802085858,83.35756543127142,0.3921283412203138,0.5643858626738876,False,True,2024
2024-10-15,EXXO34,TRANSFORMER,82.83646392822266,83.88161685157388,83.13146661306686,84.20021558368948,83.95866194639689,1.0451529233512247,1.122198018174231,False,True,2024
2024-10-16,EXXO34,TRANSFORMER,83.18537902832031,83.81310929277834,83.57313971065655,82.99679766849033,83.32895518819687,0.6277302644580232,0.14357615987655947,True,False,2024
2024-10-17,EXXO34,TRANSFORMER,82.51663208007812,84.44114684319163,84.44114684319163,83.60504048183884,83.87448453751813,1.9245147631135069,1.3578524574400035,True,False,2024
2024-10-18,EXXO34,TRANSFORMER,82.97215270996094,84.98903705075736,84.98903705075736,83.47941561660868,83.49901326925941,2.016884340796423,0.5268605592984699,True,False,2024
2024-10-21,EXXO34,TRANSFORMER,83.03999328613281,85.38904627849195,85.38904627849195,83.59068446870864,83.57119696609399,2.349052992359134,0.5312036799611803,True,False,2024
2024-10-22,EXXO34,TRANSFORMER,83.65058135986328,85.91195944944604,86.68243763498532,84.07111614306211,84.81954179582699,2.261378089582763,1.1689604359637116,True,True,2024
2024-10-23,EXXO34,TRANSFORMER,82.9527587890625,85.8536676585685,85.71324325487981,83.83416458299824,83.21738801641477,2.9009088695059972,0.26462922735227323,True,False,2024
2024-10-24,EXXO34,TRANSFORMER,82.33248901367188,85.66655916182799,85.48884027981913,83.29421507179717,83.03303083393467,3.3340701481561155,0.7005418202627993,True,False,2024
2024-10-25,EXXO34,TRANSFORMER,83.10784149169922,85.39852940042795,86.03093311950924,82.8296057698746,83.56065712565473,2.290687908728728,0.4528156339555096,True,True,2024
2024-10-28,EXXO34,TRANSFORMER,82.35186767578125,85.20015776158391,84.395153214276,83.15429893973902,81.9927733235315,2.8482900858026596,0.3590943522497554,True,True,2024
2024-10-29,EXXO34,TRANSFORMER,82.65231323242188,85.03261400825,84.90767970270113,82.67986660229455,82.88807116283249,2.3803007758281183,0.23575793041061388,True,False,2024
2024-10-30,EXXO34,TRANSFORMER,81.57652282714844,84.91115471907949,85.55521150486172,82.89876152425819,83.74071413560696,3.3346318919310534,2.164191308458527,True,True,2024
2024-10-31,EXXO34,TRANSFORMER,82.15802764892578,84.45076927105379,83.94827253771808,81.79727498534032,80.89971203095182,2.2927416221280055,1.2583156179739632,True,False,2024
2024-11-01,EXXO34,TRANSFORMER,82.0417251586914,84.60853581216315,84.00230406630739,82.558093654959,82.12080947572491,2.566810653471748,0.07908431703350516,True,True,2024
2024-11-04,EXXO34,TRANSFORMER,83.18537902832031,84.34758485560326,84.98736692629022,82.3258187903112,83.39048123441017,1.1622058272829463,0.20510220608986174,True,True,2024
2024-11-05,EXXO34,TRANSFORMER,82.93338012695312,84.56102733186572,84.05787454393324,83.12676725027612,82.34420747979767,1.6276472049125914,0.5891726471554506,True,False,2024
2024-11-06,EXXO34,TRANSFORMER,83.50521087646484,84.78383942153175,84.75050321721501,83.33178312534176,83.46180562537144,1.2786285450669084,0.04340525109340376,True,False,2024
2024-11-07,EXXO34,TRANSFORMER,83.6312026977539,85.03176785373557,84.4702539473157,83.87369464852088,83.4108447589369,1.400565155981667,0.22035793881700272,True,True,2024
2024-11-08,EXXO34,TRANSFORMER,84.17394256591797,84.98322747768884,84.10706392625275,83.81702965464933,83.26445090565032,0.8092849117708738,0.9094916602676477,False,True,2024
2024-11-11,EXXO34,TRANSFORMER,84.0770263671875,85.08092736723188,84.31832045548708,84.23433287238129,84.0796863826798,1.0039010000443795,0.0026600154922959973,True,True,2024
2024-11-12,EXXO34,TRANSFORMER,84.27085876464844,85.24565404517023,85.27349603965686,84.21647437985123,84.83417652873305,0.9747952805217892,0.5633177640846156,True,False,2024
2024-11-13,EXXO34,TRANSFORMER,86.63286590576172,85.59275797783857,86.42747289939126,84.72142465050275,85.66742908654014,1.0401079279231453,0.9654368192215799,True,True,2024
2024-11-14,EXXO34,TRANSFORMER,85.258056640625,85.69513751460465,85.70435866824356,85.82050139063743,85.34031732382542,0.437080873979653,0.0822606832004169,True,False,2024
2024-11-15,EXXO34,TRANSFORMER,85.258056640625,86.08049898217803,85.22058408862358,85.8837761335814,84.8653226918893,0.8224423415530282,0.392733948735696,True,True,2024
2024-11-18,EXXO34,TRANSFORMER,84.44876861572266,86.31699916895843,86.902722977295,85.63557636529899,86.71606518874952,1.868230553235776,2.2672965730268686,False,True,2024
2024-11-19,EXXO34,TRANSFORMER,83.23971557617188,86.33276137652888,85.93149108275756,84.80741515152569,84.19301415626583,3.093045800357004,0.9532985800939571,True,False,2024
2024-11-20,EXXO34,TRANSFORMER,83.23971557617188,86.09259795983849,85.93405788918653,83.67566835124556,83.6208040408298,2.8528823836666106,0.3810884646579211,True,False,2024
2024-11-21,EXXO34,TRANSFORMER,86.46711730957031,86.16593479074072,86.79004814139651,83.83653505999096,84.6019114282547,0.3011825188295916,1.8652058813156174,False,True,2024
2024-11-22,EXXO34,TRANSFORMER,86.61337280273438,86.68573163653194,87.5700010090334,86.21392860605731,86.77315555435716,0.07235883379756558,0.1597827516227852,False,True,2024
2024-11-25,EXXO34,TRANSFORMER,85.42381286621094,87.10484641406468,86.42860062950625,86.98174142026433,85.67254030202466,1.681033547853744,0.24872743581371992,True,True,2024
2024-11-26,EXXO34,TRANSFORMER,83.80523681640625,87.08008091608166,87.61563459080939,85.80487437117709,86.55644051167216,3.2748440996754056,2.7512036952659145,True,False,2024
2024-11-27,EXXO34,TRANSFORMER,85.20930480957031,86.41254239638545,86.41597724792881,83.93735904405969,83.70220482931845,1.2032375868151348,1.5070999802518656,False,False,2024
2024-11-28,EXXO34,TRANSFORMER,86.203857421875,86.35121167252623,86.1795200729019,84.77859205373568,84.50831855045632,0.1473542506512331,1.6955388714186768,False,False,2024
2024-11-29,EXXO34,TRANSFORMER,86.52562713623047,86.61365371844384,86.61365371844384,86.0196537913686,86.11707977769993,0.08802658221337367,0.4085473585305408,False,False,2024
2024-12-02,EXXO34,TRANSFORMER,87.34466552734375,87.157627881641,87.157627881641,86.79194253653223,86.81846678561578,0.18703764570274473,0.526198741727967,False,False,2024
2024-12-03,EXXO34,TRANSFORMER,87.40316009521484,87.10230279104267,87.92828722427446,87.04999132703048,87.87879160451357,0.30085730417216894,0.4756315092987222,False,True,2024
2024-12-04,EXXO34,TRANSFORMER,83.87348937988281,87.49480497720116,86.95888719311894,87.55642173776346,86.54136747333952,3.6213155973183433,2.6678780934567072,True,True,2024
2024-12-05,EXXO34,TRANSFORMER,84.09774780273438,86.72702294493989,87.55174641341769,84.5627992468335,85.51271784845247,2.6292751422055147,1.4149700457180927,True,True,2024
2024-12-06,EXXO34,TRANSFORMER,84.0685043334961,86.6410092747576,85.93568871054364,84.34602429905382,83.23076194960264,2.5725049412614993,0.8377423838934561,True,True,2024
2024-12-09,EXXO34,TRANSFORMER,83.6979751586914,86.67362749939274,87.55777339923554,84.58439281791877,85.7175518510675,2.9756523407013304,2.0195766923760914,True,True,2024
2024-12-10,EXXO34,TRANSFORMER,83.49322509765625,86.59563681866119,86.8110267607494,84.15538612590694,83.94149231387203,3.102411721004941,0.4482672162157826,True,False,2024
2024-12-11,EXXO34,TRANSFORMER,81.77715301513672,86.47084966569923,87.35292705640711,84.01307776867627,84.5866706946791,4.693696650562515,2.809517679542381,True,True,2024
2024-12-12,EXXO34,TRANSFORMER,82.16716003417969,86.12432359465049,85.55850366841257,82.73016933282645,81.55607068760766,3.9571635604708035,0.6110893465720295,True,True,2024
2024-12-13,EXXO34,TRANSFORMER,81.89414978027344,85.77117791237004,85.29138414514564,82.37918115355363,82.04090818371459,3.877028132096598,0.14675840344115443,True,False,2024
2024-12-16,EXXO34,TRANSFORMER,82.21591186523438,85.7092228915825,85.7092228915825,82.49276478934904,82.83272627718218,3.493311026348124,0.6168144119478001,True,False,2024
2024-12-17,EXXO34,TRANSFORMER,80.38282775878906,85.23145515965996,84.50931440932742,82.3805751320282,81.71704415165964,4.848627400870896,1.334216392870573,True,True,2024
2024-12-18,EXXO34,TRANSFORMER,82.2744140625,84.85803788538465,85.52820288962123,81.29323766278608,82.34553001429336,2.583623822884647,0.0711159517933595,True,True,2024
2024-12-19,EXXO34,TRANSFORMER,78.93975830078125,85.04044609698713,84.28636625943345,82.53655519941124,81.50426846588073,6.100687796205875,2.5645101650994775,True,True,2024
2024-12-20,EXXO34,TRANSFORMER,78.54973602294922,84.67763671101454,84.7524838309617,80.40415841983084,80.73958819874001,6.127900688065324,2.18985217579079,True,False,2024
2024-12-23,EXXO34,TRANSFORMER,80.42183685302734,83.9503101516043,83.8347942000548,79.15282835072686,79.08082362962884,3.528473298576955,1.3410132233985053,True,True,2024
2024-12-24,EXXO34,TRANSFORMER,80.42183685302734,83.73512377152554,83.2667194489874,80.29798932638951,79.86650031072536,3.313286918498193,0.5553365423019869,True,False,2024
2024-12-26,EXXO34,TRANSFORMER,80.30482482910156,83.0155261112775,83.0155261112775,80.185558572053,80.4486139938436,2.7107012821759326,0.14378916474203152,True,False,2024
2024-12-27,EXXO34,TRANSFORMER,80.548583984375,82.66361870389619,82.66361870389619,80.2217606480758,80.27948528290925,2.1150347195211907,0.2690987014657509,True,False,2024
2024-12-30,EXXO34,TRANSFORMER,80.13906860351562,82.40536099524195,82.40536099524195,80.41679467126045,80.39550935264474,2.2662923917263242,0.2564407491291121,True,False,2024
2024-12-31,EXXO34,TRANSFORMER,80.13906860351562,82.42445622608261,82.42445622608261,80.45824027774336,80.43097232240908,2.2853876225669865,0.291903718893451,True,False,2024
2025-01-02,EXXO34,TRANSFORMER,80.48033142089844,82.0911693774973,82.0911693774973,80.08547261444177,80.05894938766174,1.610837956598857,0.42138203323669643,True,False,2025
2025-01-03,EXXO34,TRANSFORMER,80.45108795166016,82.16524401386027,82.16524401386027,80.54295530830865,80.52594603437866,1.714156062200118,0.07485808271850658,True,False,2025
2025-01-06,EXXO34,TRANSFORMER,80.3243179321289,82.09564264557048,82.09564264557048,80.53780876934037,80.51536378738406,1.7713247134415724,0.1910458552551546,True,False,2025
2025-01-07,EXXO34,TRANSFORMER,80.9581069946289,82.08187715627491,82.08187715627491,80.73456485078373,80.62230241930617,1.1237701616460072,0.3358045753227401,True,True,2025
2025-01-08,EXXO34,TRANSFORMER,79.07626342773438,82.23967465425676,81.3776566202293,81.11142310426942,80.24765743845948,3.163411226522385,1.171394010725109,True,True,2025
2025-01-09,EXXO34,TRANSFORMER,77.11641693115234,82.05426362602384,81.49181142446487,79.8794530012003,79.78712595437992,4.937846694871496,2.670709023227573,True,True,2025
2025-01-10,EXXO34,TRANSFORMER,79.71979522705078,81.48485323260661,82.07624471642649,77.91812325628047,78.94695292714428,1.7650580055558294,0.7728422999065003,True,True,2025
2025-01-13,EXXO34,TRANSFORMER,80.87035369873047,82.27329897724746,81.98733873999174,80.0719235656188,79.54192741885687,1.4029452785169951,1.3284262798735966,True,False,2025
2025-01-14,EXXO34,TRANSFORMER,80.50957489013672,82.41559740107493,82.25820782761,81.00688141778987,80.8930637222439,1.9060225109382145,0.3834888321071759,True,False,2025
2025-01-15,EXXO34,TRANSFORMER,81.53338623046875,82.67959245009524,83.351433322546,81.17357845070345,81.97073457258335,1.1462062196264924,0.4373483421146034,True,True,2025
2025-01-16,EXXO34,TRANSFORMER,81.83563995361328,83.26684432101774,82.97931568460447,82.109871217913,81.43918149086684,1.4312043674044617,0.3964584627464376,True,True,2025
2025-01-17,EXXO34,TRANSFORMER,83.09346008300781,83.73300838523949,83.67834520861886,82.42511055568811,82.39548090920802,0.6395483022316739,0.6979791737997942,False,False,2025
2025-01-20,EXXO34,TRANSFORMER,82.78144073486328,84.03687588601247,84.18336972014617,83.12540156349785,83.34597813291343,1.255435151149186,0.5645373980501489,True,False,2025
2025-01-21,EXXO34,TRANSFORMER,82.23541259765625,84.49559998188181,84.58340932293629,83.38133404478623,83.37033787397482,2.26018738422556,1.1349252763185689,True,False,2025
2025-01-22,EXXO34,TRANSFORMER,79.2127685546875,84.7553952152025,84.16021872713316,83.07673542866003,82.38201170969151,5.542626660514998,3.169243155004011,True,True,2025
2025-01-23,EXXO34,TRANSFORMER,79.16401672363281,84.27154961731662,83.85440343393672,80.55493270473217,80.3886196399598,5.1075328936838105,1.2246029163269867,True,True,2025
2025-01-24,EXXO34,TRANSFORMER,78.4132308959961,84.24228505386668,84.24371477930997,80.01395157593781,80.32074837403295,5.829054157870587,1.9075174780368513,True,False,2025
2025-01-27,EXXO34,TRANSFORMER,79.03726196289062,83.85399816184406,83.33684061470879,79.43837891421464,78.95559453464351,4.816736198953436,0.08166742824711548,True,True,2025
2025-01-28,EXXO34,TRANSFORMER,77.22367095947266,83.54911424375803,82.86489077525569,79.55940819348808,79.15287440059292,6.32544328428537,1.929203441120265,True,True,2025
2025-01-29,EXXO34,TRANSFORMER,77.7112045288086,83.19120636259458,82.7794079041289,78.53021453141724,78.53583275354404,5.480001833785991,0.8246282247354486,True,True,2025
2025-01-30,EXXO34,TRANSFORMER,78.14022064208984,82.77146212865478,82.70051885491232,78.31139864731061,78.5545931940814,4.631241486564932,0.414372551991562,True,True,2025
2025-01-31,EXXO34,TRANSFORMER,75.84886169433594,82.74703715626902,82.19443857242013,78.90335820095862,78.44294158600424,6.898175461933079,2.5940798916683008,True,True,2025
2025-02-03,EXXO34,TRANSFORMER,76.26812744140625,82.21413523446176,82.21413523446176,77.07858421460483,77.34944338664974,5.946007793055514,1.0813159452434888,True,False,2025
2025-02-04,EXXO34,TRANSFORMER,77.01891326904297,81.9951514780256,81.9951514780256,76.97862140455453,77.03958228672965,4.976238208982636,0.02066901768668572,True,False,2025
2025-02-05,EXXO34,TRANSFORMER,77.93546295166016,82.40984458227263,81.76142105780214,78.25239410423664,77.58234669399452,4.47438163061247,0.3531162576656328,True,True,2025
2025-02-06,EXXO34,TRANSFORMER,76.20963287353516,82.01706894374058,81.38307523441065,78.33342527361327,78.06370137884456,5.807436070205426,1.8540685053093995,True,True,2025
2025-02-07,EXXO34,TRANSFORMER,76.87265014648438,81.33185920933772,80.70741403350931,76.963223216399,76.79053601344008,4.459209062853347,0.08211413304429982,True,True,2025
2025-02-10,EXXO34,TRANSFORMER,78.0232162475586,81.05659069925639,81.05659069925639,77.09688630903177,77.56174984386854,3.033374451697796,0.46146640369005354,True,False,2025
2025-02-11,EXXO34,TRANSFORMER,78.39154052734375,80.88391326456974,80.88391326456974,78.0039876500634,78.10467723515357,2.492372737225992,0.28686329219017637,True,False,2025
2025-02-12,EXXO34,TRANSFORMER,76.49774169921875,81.0072660824402,80.31424112944744,78.8279571997081,78.1278165266919,4.509524383221446,1.6300748274731518,True,True,2025
2025-02-13,EXXO34,TRANSFORMER,76.34074401855469,80.04982677093767,80.04982677093767,76.69259823835075,77.04980958023287,3.709082752382983,0.7090655616781874,True,False,2025
2025-02-14,EXXO34,TRANSFORMER,75.50668334960938,80.20377529777465,80.20377529777465,77.05090377442373,77.12807899655377,4.69709194816528,1.6213956469443929,True,True,2025
2025-02-17,EXXO34,TRANSFORMER,75.55574035644531,79.06687899651263,79.06687899651263,75.3618951817302,75.31733538964471,3.5111386400673155,0.23840496680060141,True,False,2025
2025-02-18,EXXO34,TRANSFORMER,76.48792266845703,79.91051052582566,79.91051052582566,76.70223188151061,76.68473215411524,3.422587857368626,0.196809485658207,True,False,2025
2025-02-19,EXXO34,TRANSFORMER,77.20423889160156,79.30388481221019,79.30388481221019,76.37226773389624,76.34518983203256,2.099645920608623,0.8590490595690028,True,False,2025
2025-02-20,EXXO34,TRANSFORMER,78.3719253540039,80.06323109672098,80.06323109672098,77.9171518185401,77.90937011027744,1.691305742717077,0.46255524372647017,True,False,2025
2025-02-21,EXXO34,TRANSFORMER,77.66542053222656,80.33642033686749,79.71601962056883,78.79025415269673,78.16724663911451,2.6709998046409282,0.5018261068879468,True,True,2025
2025-02-24,EXXO34,TRANSFORMER,78.63685607910156,80.29976739985261,79.66818984797057,78.2651669954156,77.97947797449226,1.66291132075105,0.6573781046093075,True,True,2025
2025-02-25,EXXO34,TRANSFORMER,77.62616729736328,80.15934702628886,79.51280673655859,78.522182186128,78.36444265088053,2.5331797289255746,0.7382753535172526,True,True,2025
2025-02-26,EXXO34,TRANSFORMER,77.85186004638672,80.06708006786585,80.21808227436392,78.00413504220731,78.6214717011709,2.2152200214791264,0.7696116547841854,True,False,2025
2025-02-27,EXXO34,TRANSFORMER,78.93122863769531,79.76086500426322,80.20882971696663,77.82830930388634,78.29727948648237,0.829636366567911,0.6339491512129456,True,True,2025
2025-02-28,EXXO34,TRANSFORMER,80.10871887207031,79.90844157484833,80.09792486243806,78.72698078728706,78.62444577427875,0.20027729722198728,1.484273097791558,False,False,2025
2025-03-03,EXXO34,TRANSFORMER,80.10871887207031,80.48614841008987,79.79009054809488,80.26987506393675,79.39511420640697,0.37742953801955537,0.7136046656633397,False,True,2025
2025-03-04,EXXO34,TRANSFORMER,80.10871887207031,80.95836970235996,80.83305889889161,80.49448985794633,80.7329468225988,0.8496508302896473,0.6242279505284927,True,False,2025
2025-03-05,EXXO34,TRANSFORMER,74.08387756347656,81.21802047027575,80.78919203026057,80.50107700548551,80.24026908957524,7.134142906799184,6.156391526098673,True,True,2025
2025-03-06,EXXO34,TRANSFORMER,75.75199127197266,80.34951509392602,80.96845330122771,75.89533541649033,76.71328634859715,4.597523821953359,0.961295076624495,True,True,2025
2025-03-07,EXXO34,TRANSFORMER,77.37104797363281,79.92762451682768,80.53825316731418,75.7755267269883,76.09934828965082,2.556576543194865,1.2716996839819927,True,True,2025
2025-03-10,EXXO34,TRANSFORMER,80.14796447753906,80.65511102007906,80.53052504880048,78.14475936616637,77.55217187700347,0.5071465425399992,2.5957926005355887,False,True,2025
2025-03-11,EXXO34,TRANSFORMER,77.84204864501953,80.99242742156537,80.35540192711804,80.0571585515543,79.40763344381939,3.1503787765458355,1.5655847987998612,True,True,2025
2025-03-12,EXXO34,TRANSFORMER,77.67523956298828,80.80385363286086,81.46058499190939,78.7257404802823,79.73906069495987,3.128614069872583,2.0638211319715936,True,True,2025
2025-03-13,EXXO34,TRANSFORMER,76.84117126464844,80.71213357918498,80.74597629925258,78.02761070257553,77.77102966362811,3.8709623145365413,0.9298583989796754,True,False,2025
2025-03-14,EXXO34,TRANSFORMER,78.3719253540039,80.71358339271274,81.32188121817848,77.73335827994157,78.18254469000988,2.341658038708829,0.18938066399402942,True,True,2025
2025-03-17,EXXO34,TRANSFORMER,79.20597839355469,80.5765527966854,80.72005231468917,78.21199003358969,77.98884486891296,1.3705744031307177,1.2171335246417243,True,False,2025
2025-03-18,EXXO34,TRANSFORMER,79.25503540039062,81.05938713673697,80.89793317293707,79.53370021704067,79.17776310680894,1.804351736346348,0.07727229358168586,True,False,2025
2025-03-19,EXXO34,TRANSFORMER,79.9124755859375,81.27999096949952,80.90942174292265,79.68597353511039,79.36681727923909,1.3675153835620222,0.5456583066984138,True,False,2025
2025-03-20,EXXO34,TRANSFORMER,80.63858795166016,81.49308260120722,81.16956854417094,80.0705174253619,79.98636750444663,0.854494649547064,0.6522204472135229,True,False,2025
2025-03-21,EXXO34,TRANSFORMER,80.54045867919922,81.88195767380694,81.88195767380694,80.83577691605078,81.0867017673145,1.3414989946077185,0.5462430881152756,True,False,2025
2025-03-24,EXXO34,TRANSFORMER,81.64927673339844,81.7404176933552,81.7404176933552,80.50939720851557,80.54904595964487,0.09114095995676053,1.100230773753566,False,False,2025
2025-03-25,EXXO34,TRANSFORMER,81.5217056274414,81.8696935928266,81.8696935928266,81.26922212141795,81.2751066146536,0.3479879653851867,0.2465990127878115,True,False,2025
2025-03-26,EXXO34,TRANSFORMER,82.88563537597656,81.95404075137378,82.6422535516619,81.5578572389509,82.23322366347406,0.9315946246027806,0.6524117125024986,True,True,2025
2025-03-27,EXXO34,TRANSFORMER,83.28794860839844,82.23296217240761,82.05657712890127,82.40905845011534,81.83471813223113,1.054986435990827,1.453230476167306,False,False,2025
2025-03-28,EXXO34,TRANSFORMER,83.10151672363281,82.45717764029268,82.64110225431945,82.9379458937317,83.10186148383222,0.6443390833401281,0.00034476019941109826,True,False,2025
2025-03-31,EXXO34,TRANSFORMER,83.71968841552734,82.5058934386168,82.5716251893301,82.77486918088346,82.75195833938662,1.213794976910549,0.9677300761407253,True,False,2025
2025-04-01,EXXO34,TRANSFORMER,82.7090072631836,83.34085188415702,83.15692725218858,83.8648377081437,83.61130311000058,0.6318446209734248,0.9022958468169833,False,False,2025
2025-04-02,EXXO34,TRANSFORMER,82.7482681274414,83.29249208986641,83.29249208986641,82.85613998334867,82.9235240043078,0.5442239624250078,0.17525587686638744,True,False,2025
2025-04-03,EXXO34,TRANSFORMER,77.25331115722656,83.731899097309,83.045564449025,83.123967257054,82.46866757135179,6.478587940082434,5.215356414125225,True,True,2025
2025-04-04,EXXO34,TRANSFORMER,74.42731475830078,83.36132985530173,82.77177636537378,79.32853161070484,79.06760644712966,8.934015097000952,4.640291688828881,True,True,2025
2025-04-07,EXXO34,TRANSFORMER,74.72168731689453,83.59098857326433,82.88815462635723,77.08657430204512,76.79444261775744,8.869301256369795,2.0727553008629087,True,True,2025
2025-04-08,EXXO34,TRANSFORMER,72.60220336914062,83.59417713112964,83.03051463352722,76.66877558512651,76.60130478575891,10.991973761989016,3.999101416618288,True,True,2025
2025-04-09,EXXO34,TRANSFORMER,75.64405059814453,83.5711194206117,84.32721942755778,75.31449547665119,76.47947847212104,7.927068822467163,0.8354278739765135,True,True,2025
2025-04-10,EXXO34,TRANSFORMER,71.43453216552734,84.26526021272468,83.63623858462434,77.50953275564953,76.49452681036394,12.83072804719734,5.059994644836593,True,True,2025
2025-04-11,EXXO34,TRANSFORMER,74.054443359375,83.40262632318843,84.20858669405897,74.05616211363925,75.05145062737296,9.348182963813429,0.997007267997958,True,True,2025
2025-04-14,EXXO34,TRANSFORMER,73.9465103149414,83.25947658536779,83.31809105766732,75.11434326654846,74.75315809248883,9.312966270426386,0.8066477775474254,True,False,2025
2025-04-15,EXXO34,TRANSFORMER,74.42731475830078,83.2103738261377,82.4372088625469,75.75942849223347,74.77976342630915,8.783059067836916,0.35244866800836405,True,True,2025
2025-04-16,EXXO34,TRANSFORMER,74.57450103759766,82.95291067721041,83.00150464841497,75.72411440242571,76.23050224804878,8.378409639612755,1.656001210451123,True,False,2025
2025-04-17,EXXO34,TRANSFORMER,76.16412353515625,82.85606210166054,83.74602366730547,76.04790827989649,77.01096215288132,6.691938566504291,0.8468386177250693,True,True,2025
2025-04-21,EXXO34,TRANSFORMER,76.16412353515625,82.81047810693553,82.15436039938571,77.1494715621117,75.88456398143654,6.646354571779284,0.2795595537197073,True,True,2025
2025-04-22,EXXO34,TRANSFORMER,75.77162170410156,82.53560687671768,82.93586792943144,77.0519757213675,77.69551276474452,6.763985172616117,1.9238910606429585,True,False,2025
2025-04-23,EXXO34,TRANSFORMER,74.85906982421875,81.98675700610511,81.32769752348294,76.52488660708518,75.69305499903318,7.127687181886358,0.8339851748144298,True,True,2025
2025-04-24,EXXO34,TRANSFORMER,75.42819213867188,81.60249450750473,82.04493701986874,75.92639472462572,76.65489973542337,6.174302368832855,1.2267075967514955,True,True,2025
2025-04-25,EXXO34,TRANSFORMER,75.87957000732422,80.81660786432212,80.73356032476973,75.52168234145427,75.24929959775267,4.937037856997904,0.6302704095715512,True,False,2025
2025-04-28,EXXO34,TRANSFORMER,74.94737243652344,80.40930829311878,79.66550769584643,76.13654862019608,75.37314693244066,5.461935856595346,0.42577449591722427,True,True,2025
2025-04-29,EXXO34,TRANSFORMER,74.77074432373047,79.6349169685833,79.04832424153902,75.25030289821443,75.1224940139254,4.864172644852829,0.35174969019493574,True,True,2025
2025-04-30,EXXO34,TRANSFORMER,73.21057891845703,79.16060608742089,78.42406379032505,75.04963653320199,74.79645095302045,5.950027168963857,1.5858720345634225,True,True,2025
2025-05-01,EXXO34,TRANSFORMER,73.21057891845703,78.74396785968645,78.72745529455557,73.9673795008742,74.47636210987561,5.533388941229418,1.2657831914185778,True,False,2025
2025-05-02,EXXO34,TRANSFORMER,74.4175033569336,78.62751842437876,78.76399174975639,73.91559250642125,74.16911190279079,4.21001506744517,0.24839145414280495,True,False,2025
2025-05-05,EXXO34,TRANSFORMER,71.9251480102539,78.65713899186221,77.9457600103449,74.92251632672465,74.13475141595593,6.7319909816083054,2.209603405702026,True,True,2025
2025-05-06,EXXO34,TRANSFORMER,73.22038269042969,78.36771803157933,78.92138284132061,73.308273994152,74.23863101151515,5.147335341149642,1.0182483210854656,True,True,2025
2025-05-07,EXXO34,TRANSFORMER,73.50495147705078,78.99794320098113,78.22592663399011,74.46479833699725,73.46745524957738,5.492991723930345,0.037496227473397425,True,True,2025
2025-05-08,EXXO34,TRANSFORMER,73.71101379394531,79.08483914202907,79.64393824623491,74.61859923604362,75.55444687625189,5.373825348083756,1.843433082306575,True,True,2025
2025-05-09,EXXO34,TRANSFORMER,74.19182586669922,79.0909944001736,78.90144866808377,74.53691033168758,74.10491513840306,4.899168533474381,0.08691072829616076,True,False,2025
2025-05-12,EXXO34,TRANSFORMER,75.92861938476562,79.0986562261121,79.85800644774211,74.94676725702244,75.72715871220973,3.170036841346473,0.20146067255589628,True,True,2025
2025-05-13,EXXO34,TRANSFORMER,76.04637908935547,79.6658428841896,80.31592818748204,76.66166481967662,76.87693357714625,3.6194637948341324,0.8305544877907778,True,True,2025
2025-05-14,EXXO34,TRANSFORMER,75.29574584960938,79.81329562728479,79.72530645826635,76.74947434988735,76.10725634600645,4.517549777675413,0.8115104963970765,True,False,2025
2025-05-15,EXXO34,TRANSFORMER,75.80916595458984,77.8590037461355,77.07725239493932,74.25096749613803,73.3917981124438,2.049837791545656,2.4173678421460494,False,True,2025
2025-05-16,EXXO34,TRANSFORMER,75.51296997070312,79.52445768810026,80.28343337197393,77.18557510779645,78.47402818757294,4.011487717397131,2.961058216869816,True,False,2025
2025-05-19,EXXO34,TRANSFORMER,74.49598693847656,79.5822490095394,79.58550433818318,76.47838608845618,76.09725582901213,5.0862620710628335,1.6012688905355645,True,False,2025
2025-05-20,EXXO34,TRANSFORMER,73.62711334228516,79.45833380848558,79.29575366296403,75.34307653060615,75.02151630302247,5.831220466200421,1.3944029607373096,True,False,2025
2025-05-21,EXXO34,TRANSFORMER,72.31393432617188,79.10441420439315,79.10441420439315,74.32765244724048,74.4032970031458,6.7904798782212765,2.08936267697392,True,False,2025
2025-05-22,EXXO34,TRANSFORMER,71.85974884033203,78.92965234029293,78.24090209579063,73.52069362899003,72.82778456921493,7.069903499960901,0.9680357288828958,True,True,2025
2025-05-23,EXXO34,TRANSFORMER,70.99087524414062,78.21196884665983,78.08101526467733,72.33939679921983,72.62242097125268,7.221093602519204,1.631545727112055,True,False,2025
2025-05-26,EXXO34,TRANSFORMER,73.06431579589844,77.79151776413175,78.34816639745118,71.8761204324251,72.60850270073448,4.727201968233317,0.4558130951639612,True,True,2025
2025-05-27,EXXO34,TRANSFORMER,71.72151947021484,78.15887265087997,78.41484622764239,73.65656150461032,73.59241410692901,6.437353180665127,1.8708946367141692,True,False,2025
2025-05-28,EXXO34,TRANSFORMER,71.4549331665039,77.603681780888,77.603681780888,72.4840934511,72.18675432555418,6.14874861438409,0.7318211590502699,True,False,2025
2025-05-29,EXXO34,TRANSFORMER,71.75113677978516,77.39732326894443,77.64404301764334,72.31121317556381,72.45482759260693,5.646186489159277,0.703690812821776,True,True,2025
2025-05-30,EXXO34,TRANSFORMER,71.94861602783203,76.92880132293556,76.25884815698684,72.14150527367603,71.29988789789368,4.980185295103524,0.6487281299383483,True,True,2025
2025-06-02,EXXO34,TRANSFORMER,72.0374755859375,77.68973672690026,78.38785202447009,73.41563494158751,74.48217090198347,5.652261140962764,2.4446953160459657,True,True,2025
2025-06-03,EXXO34,TRANSFORMER,71.9584732055664,77.50778770890622,78.20426802355307,72.93464819379537,73.26772315761099,5.549314503339815,1.3092499520445813,True,True,2025
2025-06-04,EXXO34,TRANSFORMER,71.12910461425781,76.8330207594862,76.09756789056891,72.21523700526652,70.88059423890402,5.703916145228391,0.2485103753537885,True,True,2025
2025-06-05,EXXO34,TRANSFORMER,70.33921813964844,76.77463609799122,76.77463609799122,71.93868982652118,72.26327687015251,6.435417958342782,1.924058730504072,True,False,2025
2025-06-06,EXXO34,TRANSFORMER,71.72151947021484,75.93289809737814,76.5658304447679,70.71464152116779,71.44510009978187,4.211378627163299,0.2764193704329756,True,True,2025
2025-06-09,EXXO34,TRANSFORMER,72.27442932128906,75.7668505928807,75.95536830060352,71.6899972139257,71.48230419980551,3.4924212715916383,0.7921251214835507,True,False,2025
2025-06-10,EXXO34,TRANSFORMER,73.44938659667969,75.69941620566442,76.33993293013367,72.58902938414482,72.98741937488109,2.2500296089847325,0.46196722179860217,True,True,2025
2025-06-11,EXXO34,TRANSFORMER,74.24913787841797,75.80024273932781,76.3677853232497,73.58202052081019,73.71377504175528,1.5511048609098452,0.535362836662685,True,True,2025
2025-06-12,EXXO34,TRANSFORMER,74.84156799316406,75.99316080913684,76.59059974080988,74.46548513553941,74.57659842560032,1.1515928159727764,0.2649695675637389,True,True,2025
2025-06-13,EXXO34,TRANSFORMER,76.23373413085938,76.4552953204576,77.1762461953158,75.26775653205029,75.51313295827062,0.22156118959821924,0.7206011725887578,False,True,2025
2025-06-16,EXXO34,TRANSFORMER,75.7992935180664,77.93432181687638,77.98918739296049,77.28935984907953,76.79362307775108,2.1350282988099707,0.9943295596846724,True,False,2025
2025-06-17,EXXO34,TRANSFORMER,77.12235260009766,78.28480520812366,79.08337787136243,76.72305879313298,77.34046948051669,1.1624526080260011,0.2181168804190321,True,True,2025
2025-06-18,EXXO34,TRANSFORMER,76.984130859375,78.96462844671521,79.16103772751732,77.56153091498099,77.24569596944792,1.98049758734021,0.2615651100729224,True,False,2025
2025-06-20,EXXO34,TRANSFORMER,78.59351348876953,78.27153502878775,78.85691502409344,76.63836509626803,76.94970895335238,0.32197845998177854,1.6438045354171464,False,True,2025
2025-06-23,EXXO34,TRANSFORMER,75.90789794921875,79.60930531608585,78.88953654015951,79.25929111567943,78.15454238713815,3.7014073668671017,2.2466444379194,True,True,2025
2025-06-24,EXXO34,TRANSFORMER,73.67648315429688,79.5626945850903,78.73098916820871,77.11633473303695,76.59979374235778,5.8862114307934235,2.9233105880609003,True,True,2025
2025-06-25,EXXO34,TRANSFORMER,74.32814025878906,79.56982498471791,79.57993550485541,74.98141322893942,75.59155422980105,5.241684725928849,1.2634139710119854,True,False,2025
2025-06-26,EXXO34,TRANSFORMER,74.38737487792969,79.70715483051254,79.03568483832936,75.21383230295224,74.65592138130721,5.319779952582849,0.2685465033775216,True,True,2025
2025-06-27,EXXO34,TRANSFORMER,73.68635559082031,79.45548061673878,79.5649628583546,74.93011161993668,75.43709862438627,5.76912502591847,1.7507430335659535,True,False,2025
2025-06-30,EXXO34,TRANSFORMER,72.18557739257812,79.42135582430967,78.6951378371037,74.68390096557468,73.9741241266799,7.235778431731546,1.7885467341017716,True,True,2025
2025-07-01,EXXO34,TRANSFORMER,73.52837371826172,79.5327025351371,79.61818186527334,73.70330237979282,74.18834931936941,6.004328816875386,0.6599756011076892,True,False,2025
2025-07-02,EXXO34,TRANSFORMER,74.05168151855469,79.56564580693328,80.24237698587754,74.3283070363556,75.05943814245016,5.513964288378588,1.0077566238954745,True,True,2025
2025-07-03,EXXO34,TRANSFORMER,75.07852172851562,80.1734994764904,79.89448878720228,75.37189025625338,74.62071190289842,5.094977747974781,0.45780982561720407,True,False,2025
2025-07-04,EXXO34,TRANSFORMER,76.67804718017578,79.55915518267022,80.29169292733077,75.19499752327697,75.9713508457388,2.881108002494443,0.7066963344369839,True,True,2025
2025-07-07,EXXO34,TRANSFORMER,74.75270080566406,79.62529454072114,78.94625704710066,76.71872815767273,75.62659386388103,4.87259373505708,0.8738930582169644,True,True,2025
2025-07-08,EXXO34,TRANSFORMER,76.76690673828125,79.48278457826507,80.20665229671688,75.73032644903583,76.72523193286676,2.7158778399838184,0.04167480541448754,True,True,2025
2025-07-09,EXXO34,TRANSFORMER,76.77677917480469,78.91089763504954,79.03138800119468,76.06163800709423,75.83616670665104,2.1341184602448493,0.9406124681536454,True,False,2025
2025-07-10,EXXO34,TRANSFORMER,78.42566680908203,78.85765181438603,78.41530850022829,76.85288943973868,76.20218136632207,0.43198500530399997,2.2234854427599657,False,True,2025
2025-07-11,EXXO34,TRANSFORMER,78.85022735595703,79.61734894345159,80.3621800992483,78.75948379750996,79.77807227893432,0.7671215874945574,0.927844922977286,False,True,2025
2025-07-14,EXXO34,TRANSFORMER,78.34667205810547,79.5621064045132,79.3863994475514,78.71194539322097,78.12881354606228,1.2154343464077328,0.2178585120431933,True,False,2025
2025-07-15,EXXO34,TRANSFORMER,77.65552520751953,79.37155137597006,79.37155137597006,78.18410086499745,78.1605863025172,1.7160261684505258,0.5050610949976715,True,False,2025
2025-07-16,EXXO34,TRANSFORMER,76.97425079345703,79.36721225434428,79.36721225434428,77.78771318767518,77.80444170440427,2.39296146088725,0.8301909109472376,True,False,2025
2025-07-17,EXXO34,TRANSFORMER,76.27322387695312,79.61784425341125,80.40108523834387,77.61260828570049,78.38208327954159,3.344620376458124,2.1088594025884646,True,True,2025
2025-07-18,EXXO34,TRANSFORMER,74.20965576171875,77.69455568004946,77.09513077696757,74.97848815597088,73.8606551185297,3.4848999183307114,0.34900064318904356,True,True,2025
2025-07-21,EXXO34,TRANSFORMER,74.60459899902344,79.31125770733888,79.31125770733888,76.25167738408052,76.48343763093699,4.7066587083154445,1.8788386319135526,True,False,2025
2025-07-22,EXXO34,TRANSFORMER,74.52560424804688,78.93159746378035,78.93159746378035,75.08250536063143,75.14696216640266,4.405993215733474,0.621357918355784,True,False,2025
2025-07-23,EXXO34,TRANSFORMER,74.73295593261719,79.67848360711844,79.67848360711844,75.97590432916812,75.92818792357389,4.94552767450125,1.1952319909566995,True,True,2025
2025-07-24,EXXO34,TRANSFORMER,75.24637603759766,79.6319296303891,79.6319296303891,75.46488655734592,75.43436053432576,4.385553592791439,0.1879844967281059,True,False,2025
2025-07-25,EXXO34,TRANSFORMER,76.84589385986328,79.81454422114143,80.09919460081265,76.01650610733675,76.27977636047552,2.9686503612781507,0.566117499387758,True,True,2025
2025-07-28,EXXO34,TRANSFORMER,77.44818115234375,80.10652428288256,80.8310307375591,77.27432151886413,77.81686312624376,2.6583431305388103,0.36868197390001,True,True,2025
2025-07-29,EXXO34,TRANSFORMER,77.3395767211914,80.3863795695695,81.32032895013475,78.0093071471265,78.4195551734738,3.0468028483780927,1.0799784522823899,True,True,2025
2025-07-30,EXXO34,TRANSFORMER,76.79652404785156,80.30229038495963,80.44779426434054,77.629278762357,77.0372731898688,3.5057663371080707,0.2407491420172363,True,False,2025
2025-07-31,EXXO34,TRANSFORMER,77.01374053955078,79.82592087177738,79.82592087177738,76.79848039664898,76.52572700539632,2.8121803322266032,0.4880135341544616,True,False,2025
2025-08-01,EXXO34,TRANSFORMER,74.86131286621094,80.26632365861803,79.69701717524967,77.68348419917216,77.08255682371255,5.405010792407097,2.2212439575016134,True,True,2025
2025-08-04,EXXO34,TRANSFORMER,72.72862243652344,79.61601263845625,78.91957339692698,75.52574946072937,75.15358438511173,6.887390201932817,2.4249619485882903,True,True,2025
2025-08-05,EXXO34,TRANSFORMER,72.62001037597656,79.22885567227911,79.47765025743085,73.6636853801248,74.41035397901244,6.6088452963025475,1.790343603035879,True,False,2025
2025-08-06,EXXO34,TRANSFORMER,71.92886352539062,79.0139530635314,78.62283210866721,73.50942964352676,73.0204519786121,7.085089538140778,1.0915884532214761,True,True,2025
2025-08-07,EXXO34,TRANSFORMER,70.76378631591797,78.7649720976633,78.76630886440195,72.84760965900774,73.02073105227046,8.001185781745335,2.2569447363524944,True,False,2025
2025-08-08,EXXO34,TRANSFORMER,71.75113677978516,77.97235233471656,78.68382564958286,71.53474378765978,72.2364942011321,6.221215554931405,0.48535742134694715,True,True,2025
2025-08-11,EXXO34,TRANSFORMER,71.0797348022461,77.81627810263603,77.49797586920106,72.1910907846477,71.38816422215466,6.73654330038994,0.3084294199085633,True,False,2025
2025-08-12,EXXO34,TRANSFORMER,70.56631469726562,77.36093346534562,77.63571039670515,71.7151151546875,72.03532486835235,6.794618768079999,1.4690101710867225,True,False,2025
2025-08-13,EXXO34,TRANSFORMER,71.31670379638672,77.23799340577489,77.23799340577489,71.45794869865477,71.29635120447142,5.921289609388168,0.020352591915298035,True,False,2025
2025-08-14,EXXO34,TRANSFORMER,71.93929290771484,77.32059666050577,77.32059666050577,72.08079640990998,72.00739860651603,5.381303752790927,0.06810569880119033,True,False,2025
2025-08-15,EXXO34,TRANSFORMER,71.16415405273438,77.17199335365012,77.17199335365012,72.42800511464657,72.4023156541131,6.007839300915748,1.2381616013787209,True,False,2025
2025-08-18,EXXO34,TRANSFORMER,71.79022979736328,76.84204984729251,76.15819660961597,71.88476281445965,71.1689210318013,5.051820049929233,0.6213087655619773,True,True,2025
2025-08-19,EXXO34,TRANSFORMER,73.15170288085938,76.77562671791054,76.09236461063949,72.31241283445594,72.05455752960009,3.6239238370511657,1.097145351259286,True,True,2025
2025-08-20,EXXO34,TRANSFORMER,73.84733581542969,76.86186740515768,77.03427988367353,73.37636441519876,74.09640006597284,3.0145315897279943,0.24906425054315662,True,False,2025
2025-08-21,EXXO34,TRANSFORMER,74.01628875732422,77.0785706719879,77.0785706719879,74.22919979428407,74.22265424545564,3.0622819146636857,0.20636548813142497,True,False,2025
2025-08-22,EXXO34,TRANSFORMER,75.0299301147461,76.68348358697745,76.83478388772134,74.07717340726504,74.15460231564317,1.6535534722313514,0.8753277991029194,True,True,2025
2025-08-25,EXXO34,TRANSFORMER,74.84111022949219,76.52515982216346,76.3685350719972,74.63808318350505,74.38291275597518,1.684049592671272,0.4581974735170036,True,False,2025
2025-08-26,EXXO34,TRANSFORMER,75.10943603515625,76.38028165896276,77.05726834146876,74.86067368000674,75.58911966260762,1.2708456238065082,0.47968362745136517,True,True,2025
2025-08-27,EXXO34,TRANSFORMER,75.67588806152344,76.37522021031248,76.53061579924011,74.96946615517251,74.70945671046977,0.6993321487890398,0.9664313510536715,False,False,2025
2025-08-28,EXXO34,TRANSFORMER,76.05352020263672,76.2197289993303,76.03712046246523,75.24623972379734,74.8482985508491,0.16620879669358146,1.2052216517876246,False,False,2025
2025-08-29,EXXO34,TRANSFORMER,76.49078369140625,76.30203816377264,76.30203816377264,75.76698823527053,75.85899376173789,0.18874552763361407,0.6317899296683578,False,False,2025
2025-09-01,EXXO34,TRANSFORMER,77.10691833496094,76.26565867913132,76.26565867913132,76.04966817591736,76.08215875701153,0.8412596558296173,1.0247595779494105,False,False,2025
2025-09-02,EXXO34,TRANSFORMER,77.86219024658203,76.55319642967174,76.55319642967174,76.81488003005896,76.8216728367108,1.308993816910288,1.040517409871228,True,False,2025
2025-09-03,EXXO34,TRANSFORMER,75.61625671386719,76.96951992920265,76.14030232836,77.72345627147597,76.90617775333584,1.3532632153354598,1.289921039468652,True,True,2025
2025-09-04,EXXO34,TRANSFORMER,75.78520202636719,77.65338303965268,77.76383894557021,76.71775482090277,77.34174810972102,1.8681810132854935,1.5565460833538367,True,False,2025
2025-09-05,EXXO34,TRANSFORMER,73.39020538330078,77.86811022612301,77.2232863742485,76.23160793781615,75.64446202531889,4.477904842822227,2.254256642018106,True,True,2025
2025-09-08,EXXO34,TRANSFORMER,73.5889663696289,77.2325759530911,77.26509423334889,73.75879820014207,74.15799506450077,3.6436095834621938,0.5690286948718608,True,False,2025
2025-09-09,EXXO34,TRANSFORMER,74.54298400878906,77.1913671963431,77.5056330798436,73.81392697828808,74.19941612863072,2.648383187554032,0.3435678801583464,True,False,2025
2025-09-10,EXXO34,TRANSFORMER,75.33799743652344,77.84501123977509,77.84501123977509,75.2410526926813,75.02577477026028,2.5070138032516525,0.3122226662631533,True,False,2025
2025-09-11,EXXO34,TRANSFORMER,75.01006317138672,78.0456788466613,78.0456788466613,75.70032355438877,75.63800594081238,3.0356156752745846,0.6279427694256583,True,False,2025
2025-09-12,EXXO34,TRANSFORMER,74.47341918945312,78.03244994315537,78.03244994315537,75.37353412642568,75.35549781954022,3.5590307537022454,0.8820786300870935,True,False,2025
2025-09-15,EXXO34,TRANSFORMER,73.88709259033203,78.32140655035107,78.32140655035107,75.23837669647759,75.21808895455192,4.43431396001904,1.3309963642198852,True,False,2025
2025-09-16,EXXO34,TRANSFORMER,75.66594696044922,77.79072836388355,78.35730802130519,74.14944341593942,74.69191637323894,2.1247814034343264,0.9740305872102795,True,True,2025
2025-09-17,EXXO34,TRANSFORMER,75.91439056396484,77.84636818268541,77.57564341949644,75.43968982129991,74.80507815455252,1.9319776187205662,1.1093124094123255,True,False,2025
2025-09-18,EXXO34,TRANSFORMER,75.38768768310547,78.36349757796472,78.36349757796472,76.46466625557069,76.53880177499653,2.9758098948592533,1.1511140918910598,True,False,2025
2025-09-19,EXXO34,TRANSFORMER,74.62248229980469,78.0739166738407,77.40242183706101,75.6365891300578,74.99081331656541,3.451434374036012,0.36833101676072033,True,True,2025
2025-09-22,EXXO34,TRANSFORMER,74.00634765625,78.3555003859077,78.5239357418791,75.34475634926733,75.92808574117373,4.349152729657703,1.9217380849237315,True,False,2025
2025-09-23,EXXO34,TRANSFORMER,74.69205474853516,78.14850725807833,78.45244570731684,74.48685085752648,74.76408263272361,3.456452509543169,0.07202788418845785,True,False,2025
2025-09-24,EXXO34,TRANSFORMER,75.77526092529297,78.07643965894772,78.79849138418147,74.92533051814249,75.41560223491012,2.3011787336547513,0.3596586903828438,True,True,2025
2025-09-25,EXXO34,TRANSFORMER,76.88829040527344,78.02227545106734,77.87492992952437,75.662974588166,74.99374023555744,1.1339850457939065,1.8945501697159983,False,False,2025
2025-09-26,EXXO34,TRANSFORMER,77.70318603515625,78.09248047837048,78.09248047837048,76.66846361378123,76.64813198528468,0.3892944432142258,1.055054049871572,False,False,2025
2025-09-29,EXXO34,TRANSFORMER,75.08955383300781,78.1116273039986,77.47537352098,77.4497018271957,76.84285286402422,3.02207347099079,1.753299031016411,True,True,2025
2025-09-30,EXXO34,TRANSFORMER,74.16534423828125,77.6138098376673,77.22961962521269,75.46318459774065,75.4409566481462,3.4484655993860542,1.275612409864948,True,True,2025
2025-10-01,EXXO34,TRANSFORMER,74.29454040527344,78.2902175013287,78.54797226029537,75.40407285162944,75.98437330113956,3.9956770960552603,1.6898328958661182,True,True,2025
2025-10-02,EXXO34,TRANSFORMER,73.68833923339844,78.26320763009096,78.26528911490776,74.83236795623614,74.70652580232435,4.574868396692523,1.0181865689259126,True,False,2025
2025-10-03,EXXO34,TRANSFORMER,74.79142761230469,78.22049230554899,77.8018517664586,74.32948165127117,73.8444591738725,3.4290646932442996,0.9469684384321937,True,False,2025
2025-10-06,EXXO34,TRANSFORMER,75.14918518066406,78.14896129220801,78.14896129220801,74.89223740068812,75.1575510319915,2.9997761115439516,0.008365851327440055,True,False,2025
2025-10-07,EXXO34,TRANSFORMER,75.6063232421875,78.38692677095241,78.38692677095241,75.59481458799956,75.65228180428855,2.780603528764914,0.04595856210104898,True,False,2025
2025-10-08,EXXO34,TRANSFORMER,75.656005859375,78.30777004802417,78.30777004802417,75.72723378361476,75.71734192911208,2.6517641886491674,0.061336069737080834,True,False,2025
2025-10-09,EXXO34,TRANSFORMER,75.2684326171875,78.58936923852741,78.58936923852741,76.12722020747053,76.11708631905195,3.3209366213399107,0.8486537018644498,True,False,2025
2025-10-10,EXXO34,TRANSFORMER,75.73551177978516,78.73677038683513,78.05957450590678,75.95364707072443,75.26032290461825,3.0012586070499765,0.4751888751669071,True,True,2025
2025-10-13,EXXO34,TRANSFORMER,75.81501770019531,79.02408627978946,79.19395884824088,76.24720277280016,76.84723155617431,3.2090685795941454,1.0322138559789948,True,False,2025
2025-10-14,EXXO34,TRANSFORMER,76.08332824707031,79.51069219880469,78.78197025079302,76.74027988010346,75.99550539015752,3.427363951734378,0.08782285691279412,True,True,2025
2025-10-15,EXXO34,TRANSFORMER,75.61625671386719,78.93331557020292,78.25442925178344,75.98942679944662,75.74247230565065,3.317058856335734,0.1262155917834633,True,True,2025
2025-10-16,EXXO34,TRANSFORMER,74.70198822021484,79.35178541289235,79.52236241332193,76.35399569040104,77.06913213459823,4.649797192677511,2.367143914383391,True,False,2025
2025-10-17,EXXO34,TRANSFORMER,75.1988754272461,79.412496999302,80.12609291697531,75.68087257235607,76.36096702687398,4.213621572055899,1.1620915996278853,True,True,2025
2025-10-20,EXXO34,TRANSFORMER,74.95043182373047,78.64481815661566,77.96841313453561,74.95680361665138,73.77891291927787,3.6943863328851876,1.171518904452597,True,True,2025
2025-10-21,EXXO34,TRANSFORMER,75.28831481933594,79.48341403467214,79.65427398797236,76.11091188738304,76.5927329473404,4.1950992153361994,1.304418128004457,True,False,2025
2025-10-22,EXXO34,TRANSFORMER,77.24604797363281,79.72321112837153,80.34826881904809,76.20327322919015,76.81090186719025,2.4771631547387187,0.43514610644255924,True,True,2025
2025-10-23,EXXO34,TRANSFORMER,77.4448013305664,79.97640222889675,81.00519994510417,77.50985919455566,78.08987012110003,2.531600898330339,0.6450687905336281,True,True,2025
2025-10-24,EXXO34,TRANSFORMER,77.11685943603516,80.63736241319123,81.53037973928956,78.29494147968785,78.40940007775097,3.5205029771560703,1.2925406417158172,True,False,2025
2025-10-27,EXXO34,TRANSFORMER,77.06716918945312,80.43869668405864,80.43869668405864,77.45783600131438,76.69265378159318,3.371527494605516,0.3745154078599455,True,False,2025
2025-10-28,EXXO34,TRANSFORMER,76.44108581542969,80.42288804117948,80.42288804117948,77.37003151876223,77.21132470838063,3.9818022257497887,0.7702388929509425,True,False,2025
2025-10-29,EXXO34,TRANSFORMER,78.25969696044922,80.33216376690166,80.90715070279407,77.00242123145986,77.55923640742404,2.0724668064524394,0.7004605530251808,True,True,2025
2025-10-30,EXXO34,TRANSFORMER,76.65972137451172,79.72269518049688,78.77838613789766,77.50876042021807,76.19478527468365,3.062973805985166,0.4649360998280656,True,True,2025
2025-10-31,EXXO34,TRANSFORMER,76.68952941894531,79.48474518018872,79.31999985739847,76.86806299351254,77.20329565797135,2.795215761243412,0.5137662390260402,True,False,2025
2025-11-03,EXXO34,TRANSFORMER,76.51065063476562,80.2385140681746,80.33902054728556,77.6282293117056,77.9770410923355,3.72786343340897,1.4663904575698723,True,False,2025
2025-11-04,EXXO34,TRANSFORMER,76.29202270507812,78.87749516964493,78.87749516964493,75.71469391302095,75.6561114679115,2.5854724645668057,0.6359112371666242,True,False,2025
2025-11-05,EXXO34,TRANSFORMER,75.76531982421875,79.75624727078514,80.38796663215231,77.28461706653178,77.88208536263498,3.9909274465663884,2.1167655384162316,True,True,2025
2025-11-06,EXXO34,TRANSFORMER,75.78520202636719,79.86718122331285,79.6883700021362,76.5686902665801,75.95503257167233,4.081979196945667,0.16983054530514607,True,False,2025
2025-11-07,EXXO34,TRANSFORMER,77.60380554199219,79.9069401665331,80.61880524995286,76.40735129488388,77.11906977746739,2.3031346245409168,0.4847357645247996,True,True,2025
2025-11-10,EXXO34,TRANSFORMER,77.53424072265625,80.22664726705773,80.01705743004999,77.75602198963006,77.11106515694706,2.6924065444014786,0.4231755657091867,True,False,2025
2025-11-11,EXXO34,TRANSFORMER,78.2000732421875,79.5802729291795,79.71862082211872,77.27995847235421,77.4098302935031,1.3801996869920004,0.7902429486843943,True,True,2025
2025-11-12,EXXO34,TRANSFORMER,77.45474243164062,80.76035922702818,79.81483791913587,79.19916505866617,78.20311426478311,3.30561679538755,0.7483718331424853,True,True,2025
2025-11-13,EXXO34,TRANSFORMER,78.4000015258789,80.71974896981476,80.65898382589445,78.06349471741532,78.56528825333825,2.319747443935853,0.16528672745934614,True,False,2025
2025-11-14,EXXO34,TRANSFORMER,78.62999725341797,80.51106353295654,81.2216383542928,78.24768483898715,79.15088322767721,1.8810662795385724,0.5208859742592438,True,True,2025
2025-11-17,EXXO34,TRANSFORMER,78.18000030517578,80.6544041714908,80.56566047426512,78.75086446979043,78.20210752087466,2.474403866315015,0.022107215698881078,True,False,2025
2025-11-18,EXXO34,TRANSFORMER,79.0199966430664,80.51848286339396,80.76553580472486,78.31110495379285,78.48119203301229,1.4984862203275497,0.5388046100541146,True,False,2025
2025-11-19,EXXO34,TRANSFORMER,78.58000183105469,80.86491090434652,79.91278234092232,79.26127127840265,78.16862258241142,2.2849090732918285,0.41137924864327147,True,True,2025
2025-11-20,EXXO34,TRANSFORMER,78.58000183105469,81.02261037223218,81.0502545834672,79.00023179537918,79.58523514167378,2.442608541177492,1.00523331061909,True,False,2025
2025-11-21,EXXO34,TRANSFORMER,78.94999694824219,81.2695843008679,80.87245448061226,79.01573754443797,78.74062842486993,2.3195873526257174,0.20936852337226242,True,False,2025
2025-11-24,EXXO34,TRANSFORMER,77.83999633789062,81.07846172966265,81.07846172966265,78.87566812643458,79.11502306579663,3.2384653917720243,1.2750267279060097,True,False,2025
2025-11-25,EXXO34,TRANSFORMER,78.30999755859375,81.26003926518695,80.56114136012808,78.57507749733715,77.92723222645719,2.950041706593197,0.3827653321365574,True,True,2025
2025-11-26,EXXO34,TRANSFORMER,76.93000030517578,81.3163549757046,81.49115507434696,78.57558890072049,79.18892971329133,4.386354670528817,2.2589294081155487,True,False,2025
2025-11-27,EXXO34,TRANSFORMER,76.20999908447266,80.86440011595062,81.17890132950136,77.25719541252671,77.54097822522199,4.65440103147796,1.330979140749335,True,False,2025
2025-11-28,EXXO34,TRANSFORMER,77.08999633789062,80.88533728070377,81.14413398746292,76.86237212709449,76.86600438655489,3.795340942813141,0.22399195133573357,True,False,2025
2025-12-01,EXXO34,TRANSFORMER,77.86000061035156,79.86419388511865,79.75990306259781,76.34266112149164,76.00588619114498,2.00419327476709,1.8541144192065815,True,False,2025
2025-12-02,EXXO34,TRANSFORMER,76.68000030517578,81.29688826239419,81.29688826239419,79.0644404106394,79.08852580626318,4.61688795721841,2.4085255010873965,True,False,2025
2025-12-03,EXXO34,TRANSFORMER,78.41999816894531,81.09523003558866,81.78087809673653,77.58383051944695,78.25907543986297,2.675231866643344,0.16092272908234406,True,True,2025
2025-12-04,EXXO34,TRANSFORMER,77.56999969482422,81.3002986778456,81.40765595867587,78.49790487172811,78.15791585139083,3.7302989830213846,0.5879161565666067,True,False,2025
2025-12-05,EXXO34,TRANSFORMER,79.37999725341797,81.29880758848788,81.92570996838568,78.23799700903618,78.66966896589756,1.9188103350699066,0.7103282875204115,True,True,2025
2025-12-08,EXXO34,TRANSFORMER,78.3499984741211,81.14664940077591,80.56131788196215,79.06214513644252,78.06142584567863,2.79665092665482,0.28857262844246634,True,True,2025
2025-12-09,EXXO34,TRANSFORMER,80.0999984741211,81.22252469522141,81.94610989567116,78.88222392079233,79.87281363588255,1.1225262211003155,0.22718483823854285,True,True,2025
2025-12-10,EXXO34,TRANSFORMER,81.47000122070312,81.77986706785066,81.56621948823525,80.2747195494823,79.68598189601602,0.3098658471475346,1.784019324687108,False,False,2025
2025-12-11,EXXO34,TRANSFORMER,80.47000122070312,81.96432875199423,82.15794559433253,81.2536292642616,81.46510734058639,1.4943275312911055,0.9951061198832605,True,False,2025
2025-12-12,EXXO34,TRANSFORMER,81.37000274658203,82.4271081981583,82.49665339655515,81.09874394555929,81.05939142885983,1.0571054515762626,0.3106113177222056,True,False,2025
2025-12-15,EXXO34,TRANSFORMER,79.44999694824219,82.58354359375107,81.93255989197684,81.4247319403033,80.7010629976584,3.1335466455088863,1.2510660494162096,True,True,2025
2025-12-16,EXXO34,TRANSFORMER,78.18000030517578,82.35892052704503,81.79906078170868,79.95105785526499,79.78308943651808,4.178920221869248,1.6030891313423012,True,True,2025
2025-12-17,EXXO34,TRANSFORMER,81.0,82.24930224159766,82.81996922742107,78.82848181618301,79.85068097988389,1.2493022415976611,1.1493190201161099,True,True,2025
2025-12-18,EXXO34,TRANSFORMER,81.0999984741211,81.34280246375897,80.98600791592445,79.51871766660581,78.89306566738551,0.24280398963787775,2.20693280673558,False,False,2025
2025-12-19,EXXO34,TRANSFORMER,81.0999984741211,83.0059655971603,82.83319408091533,82.30855583905002,82.27266921132593,1.9059671230392041,1.1726707372048395,True,False,2025
2025-12-22,EXXO34,TRANSFORMER,82.55000305175781,83.29617079821264,84.01230093099748,81.81185672995173,82.683807961476,0.7461677464548302,0.1338049097181937,True,True,2025
2025-12-23,EXXO34,TRANSFORMER,82.98999786376953,83.66753975942561,84.19233265853202,82.6613284714432,82.74750226900092,0.677541895656077,0.24249559476861293,True,True,2025
2025-12-24,EXXO34,TRANSFORMER,82.98999786376953,83.97110285095255,84.07707580147446,83.08297836191822,82.72785080356535,0.9811049871830164,0.2621470602041853,True,False,2025
2025-12-26,EXXO34,TRANSFORMER,83.38999938964844,83.92212391921237,83.24780081404242,82.95106242373711,82.12137305599485,0.5321245295639301,1.268626333653586,False,True,2025
2025-12-29,EXXO34,TRANSFORMER,83.79000091552734,84.06030507900016,84.76614677457883,83.32174419072075,84.4474212265147,0.27030416347281516,0.6574203109873622,False,True,2025
2025-12-30,EXXO34,TRANSFORMER,82.9000015258789,84.34077950313667,84.32352685538925,83.74709045218827,83.38423933491744,1.440777977257767,0.4842378090385324,True,False,2025
2025-12-31,EXXO34,TRANSFORMER,82.9000015258789,84.70183466633546,84.96833148912768,83.41284769381501,83.56009856768969,1.8018331404565515,0.6600970418107863,True,False,2025
2026-01-02,EXXO34,TRANSFORMER,82.25,84.89894223288661,84.11447886947644,83.18109294958141,82.2167301941716,2.6489422328866112,0.03326980582839667,True,False,2026
2026-01-05,EXXO34,TRANSFORMER,84.33999633789062,84.4624967662445,83.75484213208787,82.2472699788403,81.98743169013842,0.12250042835387376,2.352564647752203,False,True,2026
2026-01-06,EXXO34,TRANSFORMER,81.72000122070312,84.71473852268036,84.66653090620284,83.98773377799147,84.51669052923967,2.9947373019772385,2.7966893085365427,True,True,2026
2026-01-07,EXXO34,TRANSFORMER,80.1500015258789,84.82686431479851,84.52526505737278,82.70077038240763,82.50884800950871,4.676862788919607,2.3588464836298044,True,True,2026
2026-01-08,EXXO34,TRANSFORMER,82.55000305175781,84.87087466850585,84.11736946715286,81.1803265565821,80.60202553861241,2.320871616748036,1.9479775131454033,True,True,2026
2026-01-09,EXXO34,TRANSFORMER,83.30000305175781,85.41335774234528,86.01817569904863,82.90692959843275,84.04237886104521,2.113354690587471,0.7423758092873953,True,True,2026
2026-01-12,EXXO34,TRANSFORMER,83.47000122070312,85.68989548419825,85.67544280549797,83.6264949864608,83.35194912382929,2.219894263495121,0.11805209687383922,True,False,2026
2026-01-13,EXXO34,TRANSFORMER,84.76000213623047,85.8961198496944,86.46858831426633,83.89964162926728,84.37004264526378,1.136117713463932,0.3899594909666888,True,True,2026
2026-01-14,EXXO34,TRANSFORMER,88.26000213623047,85.87880463902127,86.65396604706008,84.54494234581165,84.957336604032,2.3811974972092003,3.302665532198475,False,True,2026
2026-01-15,EXXO34,TRANSFORMER,87.66999816894531,86.82365998186116,86.02141229135262,87.84492323040143,86.53995642071634,0.8463381870841573,1.130041748228976,False,True,2026
2026-01-16,EXXO34,TRANSFORMER,86.83000183105469,88.01400848293655,88.01400848293655,88.6193659118899,88.99487672744793,1.1840066518818588,2.1648748963932434,False,False,2026
2026-01-19,EXXO34,TRANSFORMER,87.33000183105469,88.26321646586949,88.26321646586949,87.33690842708599,87.46215700647078,0.9332146348148029,0.1321551754160879,True,False,2026
2026-01-20,EXXO34,TRANSFORMER,88.19000244140625,88.57801690210623,88.57801690210623,87.44913743931858,87.44629169389229,0.3880144606999778,0.7437107475139584,False,False,2026
2026-01-21,EXXO34,TRANSFORMER,89.30000305175781,88.82863342273696,88.25670927440775,88.23934167165183,87.64130550248287,0.471369629020856,1.6586975492749474,False,True,2026
2026-01-22,EXXO34,TRANSFORMER,87.69839477539062,71.15956505925726,71.1797078576883,71.16505527060193,71.54320679454052,16.538829716133364,16.1551879808501,True,True,2026
2026-01-23,EXXO34,TRANSFORMER,88.43485260009766,85.93571884907351,85.96089119208943,96.2199555542173,96.44763431552023,2.4991337510241465,8.012781715422577,False,True,2026
2026-01-26,EXXO34,TRANSFORMER,88.3751449584961,86.3091670802213,86.29523228910877,90.34637796429756,90.26139958798842,2.0659778782747935,1.8862546294923277,True,False,2026
2026-01-27,EXXO34,TRANSFORMER,87.95714569091797,86.5962146802808,87.20109302024053,88.07676542136038,88.68916244060497,1.3609310106371737,0.7320167496870056,True,True,2026
2026-01-28,EXXO34,TRANSFORMER,88.57418060302734,87.00424173798739,87.44166072863487,87.95872080587333,88.03401574071565,1.5699388650399584,0.5401648623116984,True,True,2026
2026-01-29,EXXO34,TRANSFORMER,91.0522689819336,87.12953967934526,87.51455808492089,88.06886804973793,88.07829870798956,3.922729302588337,2.9739702739440332,True,True,2026
2026-01-30,EXXO34,TRANSFORMER,92.32614135742188,87.57817183478652,87.63757818309763,89.84003027457088,89.59851191904636,4.747969522635358,2.7276294383755157,True,False,2026
2026-02-02,EXXO34,TRANSFORMER,90.33570861816406,88.29141817669766,87.65085988429702,91.62897830135718,90.88538781022007,2.0442904414664014,0.5496791920560042,True,True,2026
2026-02-03,EXXO34,TRANSFORMER,93.85877227783205,88.67198648851557,88.89269473695241,90.34137537153299,90.97230612077784,5.186785789316474,2.886466157054201,True,True,2026
2026-02-04,EXXO34,TRANSFORMER,96.07810974121094,89.23431807709265,89.70628383769925,92.46770791531074,92.95640336497537,6.843791664118285,3.121706376235565,True,True,2026
2026-02-05,EXXO34,TRANSFORMER,95.39141082763672,89.83669753969978,88.99904150297861,94.69512911232107,93.55066648397593,5.554713287936934,1.8407443436607878,True,True,2026
2026-02-06,EXXO34,TRANSFORMER,96.28710174560548,90.56671734701568,90.78767658291162,95.06626327919135,95.68213203284041,5.7203843985898,0.6049697127650688,True,True,2026
2026-02-09,EXXO34,TRANSFORMER,97.65055084228516,91.02610185616457,91.2404765503442,95.18990552409512,95.44771294186845,6.6244489861205835,2.2028379004167107,True,False,2026
2026-02-10,EXXO34,TRANSFORMER,98.0486297607422,91.39521612516533,91.68717452688239,96.1423993375675,96.27952351490701,6.653413635576868,1.7691062458351894,True,False,2026
2026-02-11,EXXO34,TRANSFORMER,100.75,91.71518119962728,92.55860081181812,96.81694103505077,97.44857862554805,9.034818800372719,3.301421374451948,True,True,2026
2026-02-12,EXXO34,TRANSFORMER,97.87999725341795,96.26780721541068,96.00787046055626,102.82798402582492,102.02375904240522,1.6121900380072702,4.143761788987263,False,True,2026
2026-02-13,EXXO34,TRANSFORMER,97.3000030517578,96.61954435999336,96.31963997399768,99.11134267997737,98.73636392274776,0.6804586917644428,1.436360870989958,False,False,2026
2026-02-17,EXXO34,TRANSFORMER,97.3000030517578,96.78020020920074,96.78020020920074,97.17847085769041,97.39958579433441,0.5198028425570556,0.09958274257661515,True,False,2026
2026-02-18,EXXO34,TRANSFORMER,98.25,97.4904282560452,98.29013304106878,97.71066237280995,98.56575220965664,0.759571743954794,0.31575220965663675,True,True,2026
2026-02-19,EXXO34,TRANSFORMER,98.38999938964844,97.87362790202381,98.38517053598329,98.19699203255861,98.23066771485722,0.5163714876246246,0.15933167479121835,True,True,2026
2026-02-20,EXXO34,TRANSFORMER,95.6500015258789,98.56933717567573,97.73412756469435,98.81671408693754,97.51231825084747,2.919335649796821,1.862316724968565,True,True,2026
2026-02-23,EXXO34,TRANSFORMER,97.91000366210938,98.20829749091318,98.9907636229408,96.35784609832825,97.50426581031324,0.29829382880380706,0.40573785179613253,False,True,2026
2026-02-24,EXXO34,TRANSFORMER,95.87000274658205,98.22725857530644,98.74064948208401,97.22945378462931,97.45774867009197,2.3572558287243908,1.587745923509928,True,True,2026
2026-02-25,EXXO34,TRANSFORMER,95.8000030517578,98.29368686416716,98.0710734027859,96.73348427251439,95.99048290455596,2.4936838124093583,0.1904798527981626,True,True,2026
2026-02-26,EXXO34,TRANSFORMER,95.47000122070312,97.87285913969059,97.1352141202383,95.69178623410633,94.98326886014038,2.402857918987465,0.4867323605627405,True,True,2026
2026-02-27,EXXO34,TRANSFORMER,98.4499969482422,97.59798790947274,98.10808989378188,95.44272452844099,96.4351188175611,0.8520090387694665,2.0148781306810974,False,True,2026
2026-03-02,EXXO34,TRANSFORMER,99.7699966430664,98.32985481017987,99.15854353618558,98.11362971669982,98.81368061789352,1.440141832886539,0.9563160251728817,True,True,2026
2026-03-03,EXXO34,TRANSFORMER,99.87000274658205,96.78735640622209,97.58873700223019,97.5760252920413,97.78972686559216,3.0826463403599575,2.0802758809898876,True,True,2026
2026-03-04,EXXO34,TRANSFORMER,97.9499969482422,98.71058306583892,99.59535369221426,100.5949940436907,100.86126638143939,0.7605861175967163,2.911269433197191,False,True,2026
2026-03-05,EXXO34,TRANSFORMER,98.68000030517578,99.3384967887623,99.94755347464474,99.268369951321,99.14785645709121,0.6584964835865179,0.4678561519154272,True,True,2026
2026-03-06,EXXO34,TRANSFORMER,98.63999938964844,100.21358565999252,101.35303199463776,99.44178604209566,100.04375033944154,1.5735862703440802,1.4037509497931069,True,True,2026
2026-03-09,EXXO34,TRANSFORMER,97.04000091552734,100.47058445583262,101.4402494124928,99.1753924141275,99.32461427187822,3.4305835403052782,2.2846133563508744,True,True,2026
2026-03-10,EXXO34,TRANSFORMER,95.33000183105467,99.38996258925827,99.99933481836815,96.81369908242408,96.59131146654073,4.0599607582036015,1.2613096354860573,True,True,2026
2026-03-11,EXXO34,TRANSFORMER,97.16999816894533,100.09823519365783,100.59577839214967,96.78171041835276,96.70715431249644,2.9282370247125016,0.4628438564488846,True,True,2026
2026-03-12,EXXO34,TRANSFORMER,100.47000122070312,100.8816194896484,101.46401396248129,98.11248444025017,98.28006374679182,0.41161826894527564,2.1899374739113,False,True,2026
2026-03-13,EXXO34,TRANSFORMER,104.16999816894533,100.59080031062523,99.80723911153716,99.53628669137457,98.3317979981685,3.5791978583201,5.83820017077683,False,True,2026
2026-03-16,EXXO34,TRANSFORMER,102.47000122070312,99.76506701308368,98.5744498749823,101.57472438672356,100.81111638001263,2.704934207619445,1.6588848406904901,True,True,2026
2026-03-17,EXXO34,TRANSFORMER,103.6999969482422,100.65103722499019,100.35157782146503,102.70716975202328,103.26234029227255,3.048959723252011,0.4376566559696471,True,True,2026
2026-03-18,EXXO34,TRANSFORMER,103.62000274658205,101.10406525632344,100.8837936337022,103.2047409045711,103.38057808886948,2.515937490258608,0.23942465771256138,True,True,2026
2026-03-19,EXXO34,TRANSFORMER,102.9000015258789,101.23888759544728,101.68048910492097,102.96401693874006,103.57990510069956,1.6611139304316254,0.6799035748206563,True,False,2026
2026-03-20,EXXO34,TRANSFORMER,106.29000091552734,100.91129165191931,101.34646970750441,102.14686288172479,102.33030489740128,5.37870926360803,3.959696018126067,True,True,2026
2026-03-23,EXXO34,TRANSFORMER,105.12000274658205,100.67919250050964,100.06251851898446,103.98461896467438,103.08203587784026,4.440810246072402,2.0379668687417904,True,True,2026
2026-03-24,EXXO34,TRANSFORMER,108.9000015258789,100.80425826532392,100.50434299484884,104.26215400465985,104.25053857960904,8.095743260554983,4.649462946269864,True,True,2026
2026-03-25,EXXO34,TRANSFORMER,106.37000274658205,101.70776554548966,100.96790812652061,107.22191323457052,106.83734543024903,4.662237201092381,0.4673426836669847,True,True,2026
2026-03-26,EXXO34,TRANSFORMER,106.37000274658205,101.30250396839118,101.38989231677063,105.30127160588043,105.84346751826362,5.067498778190867,0.5265352283184228,True,False,2026
