Date,Ativo,Modelo,Real,Pred_Base,Pred_SeqOnly,Pred_ResidualOnly,Pred_Hibrido,ErroAbs_Base,ErroAbs_Hibrido,Hybrid_Better,Event_Day,Year
2020-12-29,PRIO3,LSTM,13.542248725891112,13.084549756663204,13.281213608411736,13.084549756663204,13.281213608411736,0.4576989692279074,0.26103511747937524,True,True,2020
2020-12-30,PRIO3,LSTM,14.015488624572754,13.320976012677871,13.559112234200906,13.320976012677871,13.559112234200906,0.6945126118948828,0.4563763903718474,True,True,2020
2020-12-31,PRIO3,LSTM,14.015488624572754,13.666135217221079,13.666135217221079,13.666135217221079,13.666135217221079,0.34935340735167486,0.34935340735167486,False,False,2020
2021-01-04,PRIO3,LSTM,14.936010360717772,14.026096538540362,14.026096538540362,14.026096538540362,14.026096538540362,0.9099138221774101,0.9099138221774101,False,True,2021
2021-01-05,PRIO3,LSTM,14.734333992004396,14.400014329819415,14.683440939888492,14.400014329819415,14.683440939888492,0.3343196621849813,0.05089305211590478,True,True,2021
2021-01-06,PRIO3,LSTM,14.566603660583496,14.676157691602556,14.94148144452934,14.676157691602556,14.94148144452934,0.10955403101906036,0.37487778394584303,False,True,2021
2021-01-07,PRIO3,LSTM,14.782257080078123,14.996460198279822,15.318496469029943,14.996460198279822,15.318496469029943,0.21420311820169857,0.5362393889518202,False,True,2021
2021-01-08,PRIO3,LSTM,14.866122245788574,15.284385175330131,15.519221555446805,15.284385175330131,15.519221555446805,0.41826292954155697,0.6530993096582307,False,True,2021
2021-01-11,PRIO3,LSTM,15.545031547546388,15.555250850014177,15.870116114784778,15.555250850014177,15.870116114784778,0.010219302467788793,0.32508456723838997,False,True,2021
2021-01-12,PRIO3,LSTM,15.27546501159668,15.589280103384981,15.767377707109041,15.589280103384981,15.767377707109041,0.31381509178830136,0.4919126955123616,False,True,2021
2021-01-13,PRIO3,LSTM,15.870509147644045,15.653160370259359,16.022065703266836,15.653160370259359,16.022065703266836,0.21734877738468583,0.15155655562279158,True,True,2021
2021-01-14,PRIO3,LSTM,15.574984550476074,15.683527919730226,15.969168706121863,15.683527919730226,15.969168706121863,0.10854336925415176,0.3941841556457888,False,True,2021
2021-01-15,PRIO3,LSTM,14.83217716217041,15.82352788810431,15.887489176510599,15.82352788810431,15.887489176510599,0.9913507259339003,1.0553120143401884,False,True,2021
2021-01-18,PRIO3,LSTM,14.544638633728027,15.97446531411862,15.927158741909505,15.97446531411862,15.927158741909505,1.4298266803905921,1.3825201081814775,True,True,2021
2021-01-19,PRIO3,LSTM,14.676426887512209,16.093096691595353,16.402329841328193,16.093096691595353,16.402329841328193,1.4166698040831438,1.725902953815984,False,True,2021
2021-01-20,PRIO3,LSTM,14.139289855957031,16.09740853302249,15.864444293438098,16.09740853302249,15.864444293438098,1.9581186770654604,1.7251544374810663,True,True,2021
2021-01-21,PRIO3,LSTM,14.83217716217041,16.122850695049056,16.46066447716,16.122850695049056,16.46066447716,1.290673532878646,1.6284873149895915,False,True,2021
2021-01-22,PRIO3,LSTM,14.376907348632812,16.04403768821742,16.0455614762941,14.668738792256125,14.544414387067683,1.667130339584606,0.16750703843487003,True,True,2021
2021-01-25,PRIO3,LSTM,14.376907348632812,16.02857905167402,16.00984038569032,15.551846546829326,15.62058341433012,1.651671703041206,1.2436760656973078,True,False,2021
2021-01-26,PRIO3,LSTM,14.097356796264648,16.029644460291895,16.029644460291895,15.452234926786723,15.629158325269897,1.9322876640272462,1.5318015290052482,True,False,2021
2021-01-27,PRIO3,LSTM,13.658062934875488,16.017378645740724,16.017378645740724,14.666462626906783,14.66101493277656,2.3593157108652356,1.0029519979010715,True,True,2021
2021-01-28,PRIO3,LSTM,14.332978248596191,15.941412968969319,16.309430693918483,13.561960460224583,14.005496573744036,1.6084347203731273,0.3274816748521552,True,True,2021
2021-01-29,PRIO3,LSTM,14.07539176940918,15.871095149224148,15.871095149224148,14.301470324799638,13.91616447490511,1.7957033798149684,0.15922729450407047,True,True,2021
2021-02-01,PRIO3,LSTM,14.67043685913086,15.677549037182944,16.042628870739446,13.83642931457605,14.142412112053814,1.0071121780520844,0.5280247470770458,True,True,2021
2021-02-02,PRIO3,LSTM,15.541038513183594,15.52583553076967,15.872932311155536,14.186017449961014,14.311902148283902,0.015202982413923039,1.2291363648996914,False,True,2021
2021-02-03,PRIO3,LSTM,15.351343154907228,15.452585284429292,15.736680859118032,14.959598398482202,15.101592772673788,0.10124212952206335,0.24975038223344015,False,True,2021
2021-02-04,PRIO3,LSTM,15.151663780212402,15.54504862643613,15.83362982140551,15.109469751571819,15.158711491670283,0.3933848462237268,0.0070477114578810784,True,True,2021
2021-02-05,PRIO3,LSTM,15.674822807312012,15.703935770747721,16.05328843896254,15.098994066699305,15.183048029646574,0.02911296343570946,0.4917747776654373,False,True,2021
2021-02-08,PRIO3,LSTM,16.191993713378906,15.757264918250657,16.069706206980417,15.43232911275972,15.470891850799248,0.43472879512824925,0.7211018625796584,False,True,2021
2021-02-09,PRIO3,LSTM,15.523067474365234,15.864758010264625,15.60984763951114,15.89365244426222,15.380907314560767,0.34169053589939047,0.14216015980446706,True,True,2021
2021-02-10,PRIO3,LSTM,15.860525131225586,15.95226447910922,16.299879624238432,15.478616314128235,15.918908346498835,0.09173934788363347,0.05838321527324908,True,True,2021
2021-02-11,PRIO3,LSTM,15.441198348999023,16.077789526884207,15.84256317956685,15.74090739366919,15.204711175974627,0.6365911778851832,0.23648717302439692,True,True,2021
2021-02-12,PRIO3,LSTM,15.892474174499512,16.224218538475586,16.415500790674326,15.536276248317405,15.840899333780564,0.33174436397607465,0.05157484071894736,True,True,2021
2021-02-16,PRIO3,LSTM,15.892474174499512,16.356602366969486,16.569186104856406,15.835242227703299,15.878045659001538,0.4641281924699747,0.014428515497973748,True,True,2021
2021-02-17,PRIO3,LSTM,17.394062042236328,16.514948297318643,16.628955375927745,16.08848177997995,15.938977572501434,0.8791137449176851,1.455084469734894,False,True,2021
2021-02-18,PRIO3,LSTM,17.653644561767578,16.636939285996153,16.649050756636992,16.819851595814264,16.73532551013496,1.0167052757714252,0.9183190516326185,True,False,2021
2021-02-19,PRIO3,LSTM,17.74949073791504,16.827394691887097,16.54689533549405,17.293332954260624,16.945166472326548,0.9220960460279422,0.804324265588491,True,True,2021
2021-02-22,PRIO3,LSTM,18.408432006835938,17.1559643269371,17.513715241172505,17.640612338963948,18.20299261983653,1.2524676798988388,0.20543938699940867,True,True,2021
2021-02-23,PRIO3,LSTM,17.72153663635254,17.35977733592293,17.532257666590933,18.15245826125737,17.94461219303215,0.3617593004296076,0.22307555667961054,True,True,2021
2021-02-24,PRIO3,LSTM,17.443981170654297,17.44483642842167,17.77104443163024,17.50727127763369,17.58707714434379,0.0008552577673732742,0.14309597368949412,False,True,2021
2021-02-25,PRIO3,LSTM,16.755088806152344,17.534905153934336,17.261698754129025,17.94143632759261,17.241867581239756,0.7798163477819919,0.4867787750874122,True,True,2021
2021-02-26,PRIO3,LSTM,16.6951847076416,17.537119365774362,17.278664244378835,16.70570376739689,16.651739153574656,0.8419346581327609,0.04344555406694539,True,True,2021
2021-03-01,PRIO3,LSTM,17.61770248413086,17.546946313633175,17.521855515699595,16.791318145784537,16.88775360677325,0.07075617049768468,0.7299488773576108,False,True,2021
2021-03-02,PRIO3,LSTM,17.106525421142578,17.525067994491327,17.295263041011136,17.494629632303024,17.28375363714048,0.41854257334874845,0.1772282159979035,True,True,2021
2021-03-03,PRIO3,LSTM,17.89525604248047,17.480211908975765,17.77757330150853,16.981789859866062,17.3846660652153,0.41504413350470415,0.5105899772651696,False,True,2021
2021-03-04,PRIO3,LSTM,18.56817626953125,17.390181476903837,17.705701402966167,17.618925222915905,17.64530886899944,1.1779947926274126,0.9228674005318105,True,True,2021
2021-03-05,PRIO3,LSTM,19.97990798950196,17.372230362851045,17.622732901086362,18.08588849328699,18.164381517830268,2.607677626650915,1.8155264716716921,True,True,2021
2021-03-08,PRIO3,LSTM,18.969532012939453,17.468146071281783,17.23191857491721,19.474493979904192,19.13682646588522,1.50138594165767,0.16729445294576806,True,True,2021
2021-03-09,PRIO3,LSTM,19.714336395263672,17.66872285904255,17.911935781203027,18.398514928745676,18.904687039770636,2.045613536221122,0.8096493554930362,True,True,2021
2021-03-10,PRIO3,LSTM,18.84972381591797,17.898275867927357,17.949062311388452,19.397346461738692,19.17100087539885,0.9514479479906122,0.3212770594808809,True,True,2021
2021-03-11,PRIO3,LSTM,18.54022026062012,18.08344167320431,18.340065867308443,18.486294700706132,18.635966562346958,0.4567785874158119,0.0957463017268374,True,True,2021
2021-03-12,PRIO3,LSTM,18.672008514404297,18.21171533905896,18.34590358736401,18.042849856971205,17.91704362730812,0.4602931753453383,0.7549648870961754,False,False,2021
2021-03-15,PRIO3,LSTM,18.130878448486328,18.347955742517886,18.107912131122763,18.610983487701468,18.263593216203276,0.21707729403155795,0.1327147677169478,True,True,2021
2021-03-16,PRIO3,LSTM,18.17081451416016,18.493669092250133,18.13966998184169,18.17826655228086,17.985966067224922,0.32285457808997364,0.18484844693523783,True,True,2021
2021-03-17,PRIO3,LSTM,19.26905059814453,18.588390045329835,18.958907887421898,18.315392370476822,18.89771319153818,0.6806605528146967,0.37133740660635084,True,True,2021
2021-03-18,PRIO3,LSTM,17.611711502075195,18.62593293462972,18.40455231475847,19.21075261207941,18.573983372657633,1.0142214325545247,0.9622718705824376,True,True,2021
2021-03-19,PRIO3,LSTM,18.755874633789062,18.569080790578855,18.935079922023487,17.560478243255883,18.015647951598776,0.1867938432102072,0.7402266821902863,False,True,2021
2021-03-22,PRIO3,LSTM,18.08095932006836,18.3941265694988,18.042032865979923,18.671541890992067,17.995073960416324,0.31316724943043894,0.08588535965203548,True,True,2021
2021-03-23,PRIO3,LSTM,17.378087997436523,18.341519040612443,17.921858744154868,18.04401590040283,17.914602769977357,0.9634310431759197,0.5365147725408335,True,True,2021
2021-03-24,PRIO3,LSTM,17.573772430419922,18.257579818513964,18.621170015730986,17.514182397949565,18.02987629416555,0.6838073880940421,0.4561038637456285,True,True,2021
2021-03-25,PRIO3,LSTM,17.85332489013672,18.13826256296534,18.031072854919888,17.71090292817146,17.37724740878554,0.28493767282862237,0.47607748135117944,False,True,2021
2021-03-26,PRIO3,LSTM,18.47233009338379,18.017573551272935,18.51229568930132,17.79709533580614,18.43357661289678,0.4547565421108537,0.038753480487009995,True,True,2021
2021-03-29,PRIO3,LSTM,18.84972381591797,17.895590221283573,18.31436886964036,18.18968118179213,18.20988041146547,0.9541335946343956,0.639843404452499,True,True,2021
2021-03-30,PRIO3,LSTM,18.42440795898437,17.93586130549473,17.676384528254516,18.548815290862414,18.030785693289978,0.4885466534896423,0.3936222656943933,True,True,2021
2021-03-31,PRIO3,LSTM,18.426403045654297,18.020873594899232,17.663582315578633,18.25390136842951,18.11848362326501,0.40552945075506486,0.30791942238928627,True,True,2021
2021-04-01,PRIO3,LSTM,18.166820526123047,18.108325601961443,18.33496274773011,18.323649510123605,18.771516995089534,0.058494924161603734,0.6046964689664875,False,True,2021
2021-04-05,PRIO3,LSTM,18.09493637084961,18.290311349726412,17.995101731381382,18.256191544423526,17.62186638026897,0.19537497887680288,0.47306999058064036,False,True,2021
2021-04-06,PRIO3,LSTM,18.66801643371582,18.463309201467414,18.78673077209767,18.27274399868332,18.822865306921948,0.20470723224840626,0.15484887320612728,True,True,2021
2021-04-07,PRIO3,LSTM,18.8896598815918,18.57912643653255,18.594225773278495,18.406888579891014,18.254685837419377,0.3105334450592494,0.6349740441724236,False,False,2021
2021-04-08,PRIO3,LSTM,18.919612884521484,18.70996916677807,18.339015517697526,18.885888661333816,18.535826941173383,0.20964371774341473,0.38378594334810145,False,True,2021
2021-04-09,PRIO3,LSTM,18.86769676208496,18.83258816788369,18.83258816788369,18.6677783092,19.17625391327998,0.035108594201272325,0.3085571511950178,False,False,2021
2021-04-12,PRIO3,LSTM,19.350919723510746,18.93993744675355,19.319504355310503,18.913119852109084,19.17153168315557,0.41098227675719556,0.17938804035517464,True,True,2021
2021-04-13,PRIO3,LSTM,20.067768096923828,19.010764143777866,19.273103024443767,19.274226800614798,19.216784241741625,1.057003953145962,0.8509838551822035,True,True,2021
2021-04-14,PRIO3,LSTM,20.32735061645508,19.067033376564158,19.270428617323127,19.780618366786392,19.8365235027791,1.2603172398909237,0.4908271136759801,True,True,2021
2021-04-15,PRIO3,LSTM,19.488698959350582,19.255837909676604,18.886987166149964,20.083918787242215,19.572557186269595,0.23286104967397847,0.08385822691901268,True,True,2021
2021-04-16,PRIO3,LSTM,19.596525192260746,19.420513320297133,19.420513320297133,19.26265081791365,19.62833514454376,0.17601187196361323,0.031809952283015974,True,False,2021
2021-04-19,PRIO3,LSTM,19.1692123413086,19.54244814526156,19.415334474291036,19.63196518540102,19.419583525885994,0.37323580395295863,0.2503711845773928,True,True,2021
2021-04-20,PRIO3,LSTM,18.562185287475582,19.590220489030685,19.22515047062286,19.29133759201416,18.954914565260726,1.0280352015551024,0.39272927778514344,True,True,2021
2021-04-21,PRIO3,LSTM,18.562185287475582,19.57024067358411,19.63736797913566,18.81096623025424,19.04420409266404,1.008055386108527,0.4820188051884564,True,True,2021
2021-04-22,PRIO3,LSTM,18.16482353210449,19.511159851282272,19.526965300831886,18.662352088620217,18.600648503986477,1.3463363191777837,0.43582497188198843,True,False,2021
2021-04-23,PRIO3,LSTM,18.34054183959961,19.43137078719448,19.356296713295492,18.32244586082012,18.263881091014085,1.090828947594872,0.07666074858552463,True,False,2021
2021-04-26,PRIO3,LSTM,18.03103828430176,19.348182116534478,19.348182116534478,18.444980452706954,18.594248672254572,1.3171438322327162,0.563210387952811,True,False,2021
2021-04-27,PRIO3,LSTM,17.987110137939453,19.289582089655244,18.948614299063113,18.388779411834882,17.967688480887183,1.3024719517157912,0.019421657052269836,True,True,2021
2021-04-28,PRIO3,LSTM,18.42440795898437,19.245727590356328,19.625078267654786,18.37727100529221,19.00081554158472,0.8213196313719564,0.5764075826003499,True,True,2021
2021-04-29,PRIO3,LSTM,18.49030113220215,19.20559521349718,19.492843328519086,18.67495900098636,18.554334521983126,0.7152940812950312,0.0640333897809775,True,True,2021
2021-04-30,PRIO3,LSTM,18.28662872314453,19.1834956433644,19.136703833492845,18.656688705494616,18.36783674026105,0.8968669202198676,0.08120801711651993,True,True,2021
2021-05-03,PRIO3,LSTM,18.342538833618164,19.16892456368078,19.440518578051922,18.48994432558771,18.772308976534493,0.826385730062615,0.429770142916329,True,True,2021
2021-05-04,PRIO3,LSTM,19.021448135375977,19.170193353017243,19.468645181644625,18.59421442256741,18.60834748659219,0.1487452176412667,0.41310064878378583,False,True,2021
2021-05-05,PRIO3,LSTM,19.36888885498047,19.12682560589838,19.465916606002065,19.05811935165892,19.20786411001656,0.24206324908208998,0.1610247449639104,True,True,2021
2021-05-06,PRIO3,LSTM,19.1692123413086,19.218377564015643,19.206586788690096,19.104336440115127,18.993988119067776,0.04916522270704249,0.1752242222408249,False,False,2021
2021-05-07,PRIO3,LSTM,19.1791934967041,19.357565711446075,19.66164553290178,19.254096242240475,19.570535417644805,0.17837221474197307,0.39134192094070386,False,True,2021
2021-05-10,PRIO3,LSTM,18.45036506652832,19.505654956434796,19.157524686731005,19.341674812900823,18.68760802764118,1.0552898899064758,0.2372429611128588,True,True,2021
2021-05-11,PRIO3,LSTM,18.1408634185791,19.62934106808899,19.2646615933061,18.817746072377417,18.685530253540954,1.488477649509889,0.544666834961852,True,True,2021
2021-05-12,PRIO3,LSTM,17.78143882751465,19.710206603344204,19.732859702107937,18.655064215967066,18.81935819843106,1.9287677758295558,1.0379193709164127,True,True,2021
2021-05-13,PRIO3,LSTM,17.302209854125977,19.72758331578592,19.361078668616077,18.371838738748146,17.815415814953457,2.4253734616599445,0.5132059608274808,True,True,2021
2021-05-14,PRIO3,LSTM,18.290620803833008,19.65157934557378,19.93305789126304,17.90396827751556,18.42819682732366,1.3609585417407715,0.13757602349065223,True,True,2021
2021-05-17,PRIO3,LSTM,18.779834747314453,19.587021710281007,19.877544106026576,18.777516318937252,18.761317246629126,0.8071869629665542,0.018517500685327093,True,True,2021
2021-05-18,PRIO3,LSTM,18.60012435913086,19.591302916955556,19.591302916955556,19.09395558141423,18.831021641100282,0.9911785578246963,0.2308972819694226,True,True,2021
2021-05-19,PRIO3,LSTM,18.2307186126709,19.700040971276195,19.37133206657291,18.959132781164097,18.632688805589307,1.4693223586052966,0.40197019291840874,True,True,2021
2021-05-20,PRIO3,LSTM,17.701568603515625,19.790894286841322,19.4787195699791,18.713592801800374,18.585687404456657,2.089325683325697,0.8841188009410317,True,True,2021
2021-05-21,PRIO3,LSTM,17.991104125976562,19.813489969773002,20.076903912523864,18.28205049626665,18.634188123065492,1.8223858437964395,0.6430839970889295,True,True,2021
2021-05-24,PRIO3,LSTM,19.1692123413086,19.801813874209202,20.100501966688217,18.54386285895376,18.490573950690912,0.6326015329006012,0.6786383906176887,False,True,2021
2021-05-25,PRIO3,LSTM,18.7998046875,19.784496729341967,19.537740063912317,19.441645200530974,19.01161269186601,0.9846920418419671,0.21180800436600933,True,True,2021
2021-05-26,PRIO3,LSTM,18.81977272033692,19.849864483647693,19.849864483647693,18.860529167798997,19.174352448552316,1.0300917633107716,0.35457972821539485,True,False,2021
2021-05-27,PRIO3,LSTM,19.299001693725582,19.924317994992606,20.229378919984914,19.131175822329876,19.33551638206221,0.6253163012670235,0.03651468833662719,True,True,2021
2021-05-28,PRIO3,LSTM,19.62847328186035,19.952847459308032,20.376203515940933,19.49084042432143,19.645213313768927,0.32437417744768027,0.01674003190857576,True,True,2021
2021-05-31,PRIO3,LSTM,19.698360443115234,20.07658292695251,20.064265629209356,19.611262116770718,19.35544921236856,0.37822248383727697,0.34291123074667595,True,False,2021
2021-06-01,PRIO3,LSTM,19.62847328186035,20.254137698141378,20.57925848608746,19.879267285720307,20.239799969013095,0.6256644162810261,0.6113266871527436,True,True,2021
2021-06-02,PRIO3,LSTM,20.24748039245605,20.42111922485971,20.852425046239414,19.894379425435904,19.998580376113797,0.17363883240365752,0.24890001634225456,False,True,2021
2021-06-03,PRIO3,LSTM,20.24748039245605,20.55202237364506,20.55202237364506,20.187496505097624,19.947301969654468,0.30454198118900777,0.3001784228015829,True,False,2021
2021-06-04,PRIO3,LSTM,20.46712684631348,20.653038768382146,20.653038768382146,20.140833025319253,20.233740786594417,0.1859119220686658,0.2333860597190629,False,False,2021
2021-06-07,PRIO3,LSTM,19.66840934753418,20.773154229428826,20.521960588274492,20.568969202297534,20.288990900530084,1.1047448818946464,0.6205815529959047,True,True,2021
2021-06-08,PRIO3,LSTM,19.289018630981445,20.840376237231638,20.509210793551752,19.926759805732654,19.700819000719616,1.5513576062501926,0.41180036973817025,True,True,2021
2021-06-09,PRIO3,LSTM,18.969532012939453,20.851110314153274,20.851110314153274,19.49817634545812,19.73480917075384,1.8815783012138212,0.7652771578143884,True,False,2021
2021-06-10,PRIO3,LSTM,19.488698959350582,20.82066787973163,21.12308895305209,19.46498452854564,19.62873434182127,1.3319689203810476,0.14003538247068903,True,True,2021
2021-06-11,PRIO3,LSTM,19.65842628479004,20.81027418894989,20.81027418894989,19.714577935100742,19.490606954516824,1.151847904159851,0.16781933027321472,True,False,2021
2021-06-14,PRIO3,LSTM,19.348920822143555,20.835034727731312,20.835034727731312,19.806591828591152,19.874885713176486,1.4861139055877572,0.5259648910329311,True,False,2021
2021-06-15,PRIO3,LSTM,20.04780006408692,20.840772787084617,21.21706584970411,19.73706373522869,20.041695281267753,0.7929727229976962,0.006104782819168264,True,True,2021
2021-06-16,PRIO3,LSTM,20.017847061157227,20.829656626720947,20.84418282979746,20.081248634922925,19.820075983421304,0.8118095655637205,0.19777107773592206,True,False,2021
2021-06-17,PRIO3,LSTM,19.10930633544922,20.88808986439163,20.55857926571202,20.255289724610353,19.934896027205347,1.7787835289424123,0.8255896917561287,True,True,2021
2021-06-18,PRIO3,LSTM,18.969532012939453,20.893873875873822,20.934984613206144,19.552868412631454,19.774030302429516,1.9243418629343694,0.8044982894900627,True,True,2021
2021-06-21,PRIO3,LSTM,19.388858795166016,20.80935940119892,21.177365664872625,19.4303188231739,19.645366666094677,1.4205006060329026,0.2565078709286617,True,True,2021
2021-06-22,PRIO3,LSTM,19.299001693725582,20.767706349259782,20.767706349259782,19.531692931753284,19.27700237904999,1.4687046555342,0.02199931467559324,True,False,2021
2021-06-23,PRIO3,LSTM,19.4587459564209,20.76586911506969,20.76586911506969,19.440863518365344,19.51067715720708,1.3071231586487926,0.051931200786182075,True,False,2021
2021-06-24,PRIO3,LSTM,19.41880989074707,20.782792262979996,20.782792262979996,19.57917751749187,19.620629845929535,1.3639823722329254,0.2018199551824651,True,False,2021
2021-06-25,PRIO3,LSTM,19.04940223693848,20.809763609740045,20.563123814373444,19.793870425836438,19.490229435058342,1.7603613728015652,0.4408271981198624,True,True,2021
2021-06-28,PRIO3,LSTM,18.73990058898925,20.788747318497485,20.510011234806488,19.417193755721417,19.238561378032262,2.0488467295082344,0.4986607890430115,True,True,2021
2021-06-29,PRIO3,LSTM,18.94956398010254,20.73531520418723,20.81101137643268,18.96720393533719,19.249693667773368,1.7857512240846916,0.3001296876708288,True,False,2021
2021-06-30,PRIO3,LSTM,19.4587459564209,20.618054731888932,21.01401097197862,19.319073169718916,19.5707920291998,1.159308775468034,0.11204607277890233,True,True,2021
2021-07-01,PRIO3,LSTM,20.507062911987305,20.50883503118034,20.92948208744886,19.662979541737474,19.752654824470707,0.0017721191930348823,0.7544080875165982,False,True,2021
2021-07-02,PRIO3,LSTM,21.225908279418945,20.461257558476305,20.827733344674,20.453339522571373,20.56006639815125,0.7646507209426403,0.6658418812676956,True,True,2021
2021-07-05,PRIO3,LSTM,21.455537796020508,20.53662075178009,20.54952780936628,20.719883337674112,20.59570113041255,0.9189170442404162,0.8598366656079577,True,False,2021
2021-07-06,PRIO3,LSTM,20.2075424194336,20.751450358183675,20.781583514791063,21.228028662217376,21.330820031247633,0.543907938750074,1.1232776118140322,False,True,2021
2021-07-07,PRIO3,LSTM,19.80818557739257,20.96376876584017,20.677164150419532,20.25705152344323,19.82365652963271,1.1555831884476007,0.015470952240139724,True,True,2021
2021-07-08,PRIO3,LSTM,19.54860115051269,21.067623130018646,20.769782036264296,20.084599746217854,19.934539663745277,1.519021979505954,0.38593851323258477,True,True,2021
2021-07-09,PRIO3,LSTM,19.54860115051269,21.09526503747429,21.24069026937946,19.979518696231366,20.239070527380775,1.5466638869615998,0.6904693768680836,True,True,2021
2021-07-12,PRIO3,LSTM,19.40882682800293,21.071810730504723,21.037992702929913,19.700604772888404,19.479575654923952,1.662983902501793,0.07074882692102236,True,False,2021
2021-07-13,PRIO3,LSTM,19.538618087768555,21.033581963132946,21.29000235024403,19.859594261347084,20.1074475082578,1.494963875364391,0.5688294204892443,True,True,2021
2021-07-14,PRIO3,LSTM,19.3189697265625,20.956688734130324,20.610175220983475,19.943203629428854,19.313553041404276,1.6377190075678243,0.0054166851582238,True,True,2021
2021-07-15,PRIO3,LSTM,18.919612884521484,20.93121508638582,20.549531968338417,19.759662349802284,19.67162207443314,2.011602201864335,0.7520091899116572,True,True,2021
2021-07-16,PRIO3,LSTM,18.81977272033692,20.832631601583643,20.51298223501703,19.367757214515404,19.23123745787295,2.0128588812467214,0.4114647375360292,True,True,2021
2021-07-19,PRIO3,LSTM,18.17081451416016,20.713190956059307,20.46440233506113,19.215410510689154,19.07679653032113,2.5423764418991475,0.9059820161609693,True,True,2021
2021-07-20,PRIO3,LSTM,18.769851684570312,20.502463002641477,20.806303434765333,18.62282374722144,19.0067202201266,1.7326113180711644,0.23686853555628673,True,True,2021
2021-07-21,PRIO3,LSTM,18.969532012939453,20.32799978856822,20.56651375740032,19.17314039850163,19.06050340894302,1.3584677756287675,0.0909713960035674,True,True,2021
2021-07-22,PRIO3,LSTM,19.02943420410156,20.24180125346618,20.383530920806756,19.28482473981702,19.249905517619073,1.2123670493646195,0.22047131351751403,True,True,2021
2021-07-23,PRIO3,LSTM,18.919612884521484,20.232864415363196,20.195739925459726,19.06790220368934,18.981742225448823,1.3132515308417112,0.06212934092733846,True,False,2021
2021-07-26,PRIO3,LSTM,18.719932556152344,20.249406330796816,20.57583577497612,19.157673592472257,19.47422990175691,1.5294737746444724,0.7542973456045665,True,True,2021
2021-07-27,PRIO3,LSTM,17.92121696472168,20.271091480804273,19.934269438280793,19.089995927048108,18.4132905912016,2.3498745160825933,0.4920736264799217,True,True,2021
2021-07-28,PRIO3,LSTM,17.971134185791016,20.156423899926637,20.532857000996522,18.329076414993416,18.983279103105062,2.185289714135621,1.0121449173140462,True,True,2021
2021-07-29,PRIO3,LSTM,18.35052490234375,19.954614063374095,20.176113945692805,18.383187991292665,18.154031286739535,1.6040891610303447,0.19649361560421497,True,True,2021
2021-07-30,PRIO3,LSTM,17.82137680053711,19.82928643956025,19.59404270988363,18.709364211392042,18.330494623062172,2.00790963902314,0.509117822525063,True,True,2021
2021-08-02,PRIO3,LSTM,17.561792373657227,19.73334179830762,19.45464546145946,18.2825838587719,18.229198322161057,2.1715494246503937,0.6674059485038306,True,True,2021
2021-08-03,PRIO3,LSTM,17.871295928955078,19.656487713711087,19.665339011130968,17.781545111765578,17.97664976523883,1.7851917847560088,0.10535383628375072,True,False,2021
2021-08-04,PRIO3,LSTM,17.27225685119629,19.5951033282075,19.257861554433795,18.27599587018403,17.85698856999242,2.322846477011211,0.5847317187961316,True,True,2021
2021-08-05,PRIO3,LSTM,17.242305755615234,19.508125308845095,19.998499521022502,17.994632240083188,18.803836470982418,2.2658195532298606,1.5615307153671836,True,True,2021
2021-08-06,PRIO3,LSTM,17.441984176635742,19.38687636195256,19.615044151620516,17.441652238807425,17.183581904646534,1.9448921853168173,0.2584022719892083,True,False,2021
2021-08-09,PRIO3,LSTM,17.551809310913086,19.301190958956415,19.166721373213726,17.931676957848502,17.629373689035692,1.7493816480433289,0.07756437812260586,True,True,2021
2021-08-10,PRIO3,LSTM,18.689979553222656,19.210994588641288,19.513842610846822,17.820997921967102,18.23132691860369,0.5210150354186318,0.4586526346189679,True,True,2021
2021-08-11,PRIO3,LSTM,18.270652770996094,19.12833606939417,18.823456298748788,18.76432908230609,18.185052163036808,0.8576832983980758,0.08560060795928592,True,True,2021
2021-08-12,PRIO3,LSTM,17.72153663635254,19.157514820271448,18.88780725717266,18.339918661696437,18.352499240878178,1.435978183918909,0.6309626045256387,True,True,2021
2021-08-13,PRIO3,LSTM,17.392065048217773,19.20532715941201,19.20532715941201,17.754592861492014,17.93446147149172,1.8132621111942377,0.5423964232739458,True,False,2021
2021-08-16,PRIO3,LSTM,16.74310874938965,19.23081612453281,18.896208817914747,17.754732750383972,17.32860614200257,2.487707375143163,0.5854973926129219,True,True,2021
2021-08-17,PRIO3,LSTM,16.7231388092041,19.17142129601692,18.99320766954629,16.95289797272533,17.0706342505758,2.4482824868128183,0.34749544137169863,True,False,2021
2021-08-18,PRIO3,LSTM,17.252290725708008,19.0379558905635,19.31130352399477,17.166630298336365,17.50801246186608,1.7856651648554909,0.2557217361580726,True,True,2021
2021-08-19,PRIO3,LSTM,18.070974349975582,18.85810946968778,19.287674874722644,17.52839396752221,17.690299808254956,0.7871351197121967,0.38067454172062654,True,True,2021
2021-08-20,PRIO3,LSTM,18.001087188720703,18.752014513743436,18.44804619682427,18.123624507444852,17.51129280842335,0.7509273250227331,0.48979438029735434,True,True,2021
2021-08-23,PRIO3,LSTM,18.65004539489746,18.764149279630747,19.09968235220381,18.063507442321033,18.7354030363377,0.11410388473328581,0.08535764144023972,True,True,2021
2021-08-24,PRIO3,LSTM,19.04940223693848,18.865190352362976,19.222346571443214,18.688088762940364,18.698470638539106,0.18421188457550386,0.3509315983993737,False,True,2021
2021-08-25,PRIO3,LSTM,18.8896598815918,19.086391987305422,19.04216432339152,18.804523558507007,18.568172188136923,0.19673210571362176,0.32148769345487693,False,False,2021
2021-08-26,PRIO3,LSTM,18.03103828430176,19.34212239227897,19.042010992353056,18.923436259372956,18.69920058221283,1.3110841079772086,0.6681622979110671,True,True,2021
2021-08-27,PRIO3,LSTM,19.36888885498047,19.51323705770099,19.958021931962918,18.26811512920306,18.87868467874906,0.14434820272052207,0.49020417623140844,False,True,2021
2021-08-30,PRIO3,LSTM,19.26905059814453,19.577062011827636,19.83887301899067,19.188547794809825,19.103992035568414,0.30801141368310425,0.1650585625761174,True,False,2021
2021-08-31,PRIO3,LSTM,19.139259338378903,19.68174181239536,19.8018583505543,19.202047782380355,19.14106304886002,0.542482474016456,0.0018037104811163829,True,True,2021
2021-09-01,PRIO3,LSTM,18.60012435913086,19.83494450817068,19.61320305186945,19.250900795846263,18.935915847114845,1.2348201490398196,0.33579148798398606,True,True,2021
2021-09-02,PRIO3,LSTM,18.73990058898925,19.93949496200524,20.115793152924613,18.833563960411457,19.150517806213767,1.1995943730159908,0.41061721722451594,True,True,2021
2021-09-03,PRIO3,LSTM,18.120893478393555,19.98268485736601,19.676665735958064,19.003545101494726,18.46387142981002,1.8617913789724554,0.34297795141646503,True,True,2021
2021-09-06,PRIO3,LSTM,18.50028610229492,19.8481931877008,20.136962033955676,18.32331405956536,18.838729674269686,1.3479070854058826,0.3384435719747678,True,True,2021
2021-09-07,PRIO3,LSTM,18.50028610229492,19.79021436552688,19.87639097898725,18.503960345243268,18.34082695790658,1.2899282632319604,0.15945914438833952,True,False,2021
2021-09-08,PRIO3,LSTM,18.2307186126709,19.78178555373769,19.626061728211685,18.461669306497754,18.337568781047587,1.551066941066793,0.10685016837668826,True,False,2021
2021-09-09,PRIO3,LSTM,19.74828147888184,19.74956119787369,20.125503337571445,18.488816681058555,18.963162200371205,0.0012797189918494212,0.7851192785106349,False,True,2021
2021-09-10,PRIO3,LSTM,19.069372177124023,19.687058643900542,19.358890407491554,19.708563447087393,19.102167079871492,0.6176864667765187,0.03279490274746877,True,True,2021
2021-09-13,PRIO3,LSTM,19.488698959350582,19.74031035355665,20.285319379108962,19.03463214389459,19.88173050373874,0.25161139420606915,0.39303154438815824,False,True,2021
2021-09-14,PRIO3,LSTM,19.598520278930664,19.85349555279504,19.96088668363902,19.277101240705317,18.918357283368927,0.2549752738643747,0.6801629955617372,False,False,2021
2021-09-15,PRIO3,LSTM,21.05618095397949,19.968731578526302,20.22056167535645,19.591528200699802,19.83860605518285,1.0874493754531862,1.217574898796638,False,True,2021
2021-09-16,PRIO3,LSTM,20.85650062561035,20.08280178172842,20.120842123867426,20.565136000242838,20.54118376693347,0.773698843881931,0.31531685867688,True,False,2021
2021-09-17,PRIO3,LSTM,20.03781509399414,20.2981394144458,20.406599538937098,20.50145084533207,20.58540788465989,0.26032432045165876,0.5475927906657496,False,True,2021
2021-09-20,PRIO3,LSTM,18.89964485168457,20.44936361578297,20.586659525109646,19.881214880081497,19.849180747252696,1.549718764098401,0.9495358955681255,True,True,2021
2021-09-21,PRIO3,LSTM,19.229114532470703,20.33540148518027,20.75298147212788,18.942115128365806,19.167081989803442,1.1062869527095671,0.06203254266726077,True,True,2021
2021-09-22,PRIO3,LSTM,20.666805267333984,20.182382597920494,20.44927202796389,19.332531787900344,19.260772055314874,0.4844226694134903,1.4060332120191106,False,True,2021
2021-09-23,PRIO3,LSTM,21.13605117797852,20.150485863716142,20.603379481922072,20.433361304912648,20.78186173072724,0.9855653142623773,0.35418944725127943,True,True,2021
2021-09-24,PRIO3,LSTM,21.954736709594727,20.226718743607364,20.515992125635634,20.67055270541463,20.62750137513752,1.7280179659873625,1.3272353344572068,True,True,2021
2021-09-27,PRIO3,LSTM,23.072940826416016,20.352355267843166,20.78983790181962,21.352570648484047,21.64247112895694,2.72058555857285,1.430469697459074,True,True,2021
2021-09-28,PRIO3,LSTM,21.894832611083984,20.66121143960106,20.336389378019593,22.401792812731916,21.759504202537755,1.2336211714829233,0.13532840854622918,True,True,2021
2021-09-29,PRIO3,LSTM,22.81335830688477,20.993948251968746,21.49445349373762,21.335475381514414,22.112203911471433,1.8194100549160233,0.7011543954133366,True,True,2021
2021-09-30,PRIO3,LSTM,24.979877471923828,21.319206780842904,21.720257686270433,22.422315851428166,22.296292840010825,3.6606706910809237,2.6835846319130034,True,True,2021
2021-10-01,PRIO3,LSTM,26.3077449798584,21.624126386892897,22.248910248927228,24.182918512401407,24.643083538740246,4.683618592965502,1.6646614411181524,True,True,2021
2021-10-04,PRIO3,LSTM,26.01820945739746,22.073836896236017,22.611364904976472,25.48814518958146,25.526749596623247,3.944372561161444,0.49145986077421355,True,True,2021
2021-10-05,PRIO3,LSTM,26.15798568725586,22.710067947692878,23.263089049536994,25.485335912077076,25.54751099512804,3.447917739562982,0.6104746921278199,True,True,2021
2021-10-06,PRIO3,LSTM,26.207904815673828,23.36395823208757,23.042134868545258,25.669401369069206,24.83238363423484,2.843946583586259,1.3755211814389874,True,True,2021
2021-10-07,PRIO3,LSTM,26.65718460083008,23.856479957210823,23.856479957210823,25.524787310099327,25.964873250757474,2.800704643619259,0.6923113500726075,True,False,2021
2021-10-08,PRIO3,LSTM,26.97667121887207,24.323910118031606,24.88221363573008,26.31627101796327,26.849377338415515,2.652761100840465,0.12729388045655554,True,True,2021
2021-10-11,PRIO3,LSTM,27.745437622070312,24.79563935579928,25.634735086080482,26.757758894563302,27.066816108948586,2.9497982662710314,0.6786215131217261,True,True,2021
2021-10-12,PRIO3,LSTM,27.745437622070312,25.279041285269358,25.14955615229694,27.268324351473957,26.480865040073525,2.4663963368009547,1.264572581996788,True,False,2021
2021-10-13,PRIO3,LSTM,26.906784057617188,25.717223767019533,25.717223767019533,27.282562142970406,27.512642633274588,1.1895602905976546,0.6058585756574004,True,False,2021
2021-10-14,PRIO3,LSTM,28.1048583984375,25.976615024927668,26.612113730137832,26.745305695212107,27.327916282126562,2.1282433735098323,0.7769421163109378,True,True,2021
2021-10-15,PRIO3,LSTM,27.69551658630371,26.20976251144978,26.208534884034403,27.615095835521274,27.10631325045059,1.4857540748539293,0.5892033358531208,True,False,2021
2021-10-18,PRIO3,LSTM,27.11644554138184,26.44305636401205,25.952321189079814,27.43124958534173,26.946028223417628,0.6733891773697884,0.1704173179642119,True,True,2021
2021-10-19,PRIO3,LSTM,26.72707176208496,26.635280926865107,27.246637035492235,27.034024857247093,28.025174365293537,0.09179083521985376,1.2981026032085765,False,True,2021
2021-10-20,PRIO3,LSTM,26.81692695617676,26.730405237520586,26.799880618815724,26.42400901836213,25.971336528648923,0.08652171865617575,0.8455904275278385,False,False,2021
2021-10-21,PRIO3,LSTM,26.24784278869629,26.79617464747139,26.473076384063766,26.828243183189315,26.46694333033676,0.5483318587751,0.2191005416404721,True,True,2021
2021-10-22,PRIO3,LSTM,26.437536239624023,26.702197438107362,26.48527792514421,25.890632690553407,26.02790754429338,0.26466119848333847,0.4096286953306425,False,False,2021
2021-10-25,PRIO3,LSTM,27.37602996826172,26.43032592237992,27.072743535899612,26.21344588832465,26.979904727021207,0.9457040458817971,0.3961252412405116,True,True,2021
2021-10-26,PRIO3,LSTM,27.10646247863769,26.389178343858532,27.01588936596659,27.10143034043914,27.147595687691002,0.7172841347791596,0.04113320905331008,True,True,2021
2021-10-27,PRIO3,LSTM,25.3093490600586,26.443706501539253,25.97646829167774,26.949040441154487,25.96235605385289,1.1343574414806525,0.6530069937942891,True,True,2021
2021-10-28,PRIO3,LSTM,23.472299575805664,26.36770338229246,25.8776920037921,25.385948991417223,25.239305620410285,2.8954038064867973,1.7670060446046207,True,True,2021
2021-10-29,PRIO3,LSTM,23.43236351013184,25.940311141177006,25.940311141177006,23.48493334221605,23.696460474463176,2.507947631045166,0.2640969643313369,True,True,2021
2021-11-01,PRIO3,LSTM,23.36247444152832,25.467142070037568,26.114302682070285,23.53884793271836,24.09039733194515,2.1046676285092474,0.7279228904168313,True,True,2021
2021-11-02,PRIO3,LSTM,23.36247444152832,25.069676578341813,24.909415410087167,23.214149339082056,22.530316539997976,1.7072021368134926,0.8321579015303442,True,False,2021
2021-11-03,PRIO3,LSTM,23.76183319091797,24.765375624101083,24.771844830437978,23.418759767238637,23.605517696272926,1.0035424331831138,0.15631549464504246,True,True,2021
2021-11-04,PRIO3,LSTM,23.35249137878418,24.479126197824414,24.258773059337848,23.672249871524546,23.407148842027947,1.126634819040234,0.05465746324376752,True,True,2021
2021-11-05,PRIO3,LSTM,27.52578926086425,24.296514139562035,24.43260085157334,23.326776754368083,23.61017419679897,3.2292751213022157,3.915615064065282,False,True,2021
2021-11-08,PRIO3,LSTM,27.715484619140625,24.18539338226212,24.683381999433845,26.990159076240733,27.43441945780593,3.530091236878505,0.28106516133469484,True,True,2021
2021-11-09,PRIO3,LSTM,26.457504272460938,24.461094242063396,24.415320137756538,27.013897451481306,26.559732850429338,1.9964100303975414,0.10222857796840046,True,True,2021
2021-11-10,PRIO3,LSTM,25.66876983642578,24.847236788815493,24.567003745155475,26.09909053328212,25.859278960152825,0.8215330476102878,0.19050912372704332,True,True,2021
2021-11-11,PRIO3,LSTM,25.628835678100582,25.15553217440791,24.595865251250476,25.480536866096255,25.07179528621554,0.47330350369267293,0.5570403918850424,False,True,2021
2021-11-12,PRIO3,LSTM,24.32093620300293,25.384431641904115,25.864916088872054,25.610452674804495,26.511856800543953,1.0634954389011853,2.190920597541023,False,True,2021
2021-11-15,PRIO3,LSTM,24.32093620300293,25.4005931758264,25.21561581902119,24.145045639018967,23.43965742597236,1.0796569728234715,0.8812787770305697,True,False,2021
2021-11-16,PRIO3,LSTM,23.472299575805664,25.31140349752002,25.04679206075444,24.24133434484412,24.266747488661256,1.8391039217143543,0.7944479128555919,True,False,2021
2021-11-17,PRIO3,LSTM,23.02301979064941,25.142660472527723,24.755914502340893,23.687930062389352,23.43622622006649,2.1196406818783124,0.4132064294170803,True,True,2021
2021-11-18,PRIO3,LSTM,22.004657745361328,24.893182109978724,24.439285082062856,23.310972782492183,23.093820390302955,2.888524364617396,1.0891626449416272,True,True,2021
2021-11-19,PRIO3,LSTM,21.425586700439453,24.56574255691318,24.180702227519895,22.350457944769715,22.228735222677287,3.1401558564737257,0.8031485222378336,True,True,2021
2021-11-22,PRIO3,LSTM,21.49547576904297,24.11050502762349,24.11050502762349,21.5207542119781,21.832859548080275,2.6150292585805204,0.33738377903730665,True,False,2021
2021-11-23,PRIO3,LSTM,22.63364601135254,23.671757504881086,24.11416977855616,21.817225451579475,22.155758090451148,1.0381114935285467,0.47788792090139154,True,True,2021
2021-11-24,PRIO3,LSTM,21.86488151550293,23.340360962939243,23.139414129975666,22.75871623388475,22.15741557094556,1.4754794474363138,0.2925340554426299,True,True,2021
2021-11-25,PRIO3,LSTM,22.044591903686523,23.119341434581642,23.753038450160755,21.933878336213613,22.770645211105233,1.0747495308951187,0.7260533074187094,True,True,2021
2021-11-26,PRIO3,LSTM,20.1176872253418,22.953047487865902,22.385577048523924,22.16589884008304,20.98592420600243,2.8353602625241017,0.8682369806606296,True,True,2021
2021-11-29,PRIO3,LSTM,20.806581497192383,22.49640246188774,22.99632839339462,20.083522912260463,21.075474460449666,1.6898209646953575,0.26889296325728296,True,True,2021
2021-11-30,PRIO3,LSTM,20.257463455200195,22.100489130989914,21.590964658303427,20.9743459659759,19.911026509925872,1.8430256757897183,0.34643694527432345,True,True,2021
2021-12-01,PRIO3,LSTM,20.27742958068848,21.806974162557154,21.300756559704926,20.348176799049533,20.292162187115313,1.5295445818686737,0.014732606426832717,True,True,2021
2021-12-02,PRIO3,LSTM,20.926387786865234,21.60753426450364,22.186202808552565,20.468475582839094,21.382192112692938,0.6811464776384071,0.45580432582770314,True,True,2021
2021-12-03,PRIO3,LSTM,21.175987243652344,21.481686700861104,21.481686700861104,20.799800571318094,20.295699205731076,0.30569945720876035,0.8802880379212681,False,False,2021
2021-12-06,PRIO3,LSTM,21.575345993041992,21.470534799952745,21.731290051377066,21.180733323506324,21.500402724049884,0.10481119308924747,0.0749432689921079,True,True,2021
2021-12-07,PRIO3,LSTM,21.894832611083984,21.544905767658733,21.572070641218154,21.45799859112199,21.180145969886507,0.3499268434252514,0.7146866411974777,False,True,2021
2021-12-08,PRIO3,LSTM,20.93637084960937,21.647921080002362,21.2448212613143,21.820424073328578,21.421332410021055,0.7115502303929908,0.4849615604116835,True,True,2021
2021-12-09,PRIO3,LSTM,20.70674133300781,21.696594596076864,21.696594596076864,20.741216560046908,21.137983934874676,0.9898532630690546,0.4312426018668667,True,False,2021
2021-12-10,PRIO3,LSTM,20.666805267333984,21.730736176873833,21.730736176873833,20.69737640861026,20.68821156170507,1.0639309095398488,0.021406294371086432,True,False,2021
2021-12-13,PRIO3,LSTM,20.357301712036133,21.738354869650067,21.738354869650067,20.680837177735825,20.728535651670132,1.381053157613934,0.3712339396339992,True,False,2021
2021-12-14,PRIO3,LSTM,19.66840934753418,21.701234910129003,21.253676775792044,20.58887293949341,20.099510381606848,2.032825562594823,0.4311010340726682,True,True,2021
2021-12-15,PRIO3,LSTM,19.868087768554688,21.618635107491016,21.500078821758084,19.78264346633401,20.085927696208646,1.7505473389363289,0.21783992765395865,True,False,2021
2021-12-16,PRIO3,LSTM,19.98789596557617,21.45880934839866,21.43811607740935,19.951833381341036,20.015729143799163,1.4709133828224914,0.027833178222994803,True,False,2021
2021-12-17,PRIO3,LSTM,20.267446517944336,21.3008072080508,20.918838894243077,20.20783580282135,19.7926915253674,1.0333606901064627,0.474754992576937,True,True,2021
2021-12-20,PRIO3,LSTM,19.079355239868164,21.1621670823056,20.7766757534154,20.39560495276744,20.313005450364933,2.0828118424374367,1.2336502104967693,True,True,2021
2021-12-21,PRIO3,LSTM,19.598520278930664,20.96344199514587,21.360521643710037,19.23357483900032,19.835201448788503,1.364921716215207,0.23668116985783882,True,True,2021
2021-12-22,PRIO3,LSTM,19.83813667297364,20.808219107630265,20.662286650128564,19.641756131794164,19.157832111989073,0.970082434656625,0.6803045609845668,True,False,2021
2021-12-23,PRIO3,LSTM,19.66840934753418,20.737145630654524,20.96343245701766,19.997505234309152,20.376210380559197,1.0687362831203444,0.7078010330250173,True,True,2021
2021-12-27,PRIO3,LSTM,20.62686920166016,20.702222863666492,21.132060083252874,19.827983800735932,20.010980804571922,0.0753536620063322,0.6158883970882378,False,True,2021
2021-12-28,PRIO3,LSTM,20.017847061157227,20.71282248806287,20.43033942323468,20.67195101036723,20.037937839575,0.6949754269056427,0.020090778417774402,True,True,2021
2021-12-29,PRIO3,LSTM,20.017847061157227,20.76606738999618,20.701327929356736,19.879864292981406,20.1724766207348,0.7482203288389542,0.15462955957757174,True,False,2021
2021-12-30,PRIO3,LSTM,20.63685417175293,20.80244871159367,21.06517285769188,20.116877777233487,20.349062631516748,0.16559453984073969,0.2877915402361815,False,True,2021
2021-12-31,PRIO3,LSTM,20.63685417175293,20.87480629528217,20.59622981428091,20.703361008592584,20.17610284788916,0.2379521235292401,0.46075132386376794,False,True,2021
2022-01-03,PRIO3,LSTM,20.257463455200195,20.950232460021837,20.671710577380384,20.46864499428234,20.513985414385274,0.6927690048216419,0.25652195918507914,True,False,2022
2022-01-04,PRIO3,LSTM,20.6867733001709,21.038475864859308,21.61139944317872,20.380150720623003,21.12045566072179,0.3517025646884093,0.43368236055089326,False,True,2022
2022-01-05,PRIO3,LSTM,18.460350036621094,21.113799062791657,20.825647599524594,20.791356082439957,19.97134572560434,2.6534490261705628,1.5109956889832468,True,True,2022
2022-01-06,PRIO3,LSTM,18.929594039916992,20.971793369088232,21.319754266364075,18.700911667301103,19.310367787890925,2.0421993291712397,0.38077374797393304,True,True,2022
2022-01-07,PRIO3,LSTM,19.78821563720703,20.76077013069404,21.07993431027962,19.286883670359057,19.247454664743376,0.9725544934870101,0.5407609724636551,True,True,2022
2022-01-10,PRIO3,LSTM,20.107702255249023,20.578189558149603,20.53050504803686,19.719326638744683,19.519402383913512,0.4704873029005796,0.5882998713355114,False,False,2022
2022-01-11,PRIO3,LSTM,21.166004180908203,20.498843847009027,20.857081467712298,20.101522392747533,20.541691628870332,0.6671603338991758,0.6243125520378712,True,True,2022
2022-01-12,PRIO3,LSTM,21.32574844360352,20.556534191929387,20.966305868180633,21.02032707810551,21.143988191267074,0.769214251674132,0.18176025233644566,True,True,2022
2022-01-13,PRIO3,LSTM,21.98468971252441,20.71011812018139,21.18107790320494,21.116619352265516,21.28706262368702,1.274571592343019,0.6976270888373897,True,True,2022
2022-01-14,PRIO3,LSTM,22.86327743530273,20.91048812336217,21.3658769996143,21.722600175159133,21.84785357211703,1.9527893119405597,1.015423863185699,True,True,2022
2022-01-17,PRIO3,LSTM,22.78340530395508,21.200142262003155,21.200142262003155,22.34582531475525,22.10045592264961,1.583263041951927,0.6829493813054732,True,False,2022
2022-01-18,PRIO3,LSTM,23.881641387939453,21.579080536104343,22.023630576494007,22.505348696157558,23.005865926068555,2.3025608518351106,0.8757754618708979,True,True,2022
2022-01-19,PRIO3,LSTM,23.951528549194336,21.939417558625536,21.746242510403,23.864775804983207,23.285075059823274,2.0121109905688,0.6664534893710616,True,True,2022
2022-01-20,PRIO3,LSTM,24.16119384765625,22.371363315327457,22.371363315327457,23.480524067695384,23.759637874391913,1.7898305323287929,0.4015559732643368,True,False,2022
2022-01-21,PRIO3,LSTM,23.56215476989746,22.748102694964913,22.39756511339572,23.86503530118915,23.471329431758974,0.8140520749325475,0.0908253381384867,True,True,2022
2022-01-24,PRIO3,LSTM,23.13284492492676,22.98097787257511,22.992866037404493,23.151145943556397,23.476654980492313,0.1518670523516512,0.34381005556555166,False,False,2022
2022-01-25,PRIO3,LSTM,23.841705322265625,23.137090869846546,23.612681354846103,23.04068449993551,23.401786340435635,0.7046144524190794,0.43991898182999023,True,True,2022
2022-01-26,PRIO3,LSTM,23.55217170715332,23.24932809368532,23.630652366486814,23.705200128518378,23.681322014918766,0.30284361346799926,0.12915030776544612,True,True,2022
2022-01-27,PRIO3,LSTM,23.771818161010746,23.387919714405584,23.527399401859203,23.289753478569953,23.181734962932126,0.38389844660516204,0.5900831980786201,False,False,2022
2022-01-28,PRIO3,LSTM,23.80177116394043,23.476352033550697,22.92523871758579,23.637601666633216,23.014381765811425,0.3254191303897329,0.7873893981290045,False,True,2022
2022-01-31,PRIO3,LSTM,23.881641387939453,23.557692407471066,23.334807479403626,23.528750991802067,23.84479994037234,0.32394898046838705,0.03684144756711305,True,False,2022
2022-02-01,PRIO3,LSTM,23.70193099975586,23.65532706590828,23.798911430925997,23.775957979798953,24.00367372300448,0.046603933847578105,0.30174272324861917,False,True,2022
2022-02-02,PRIO3,LSTM,22.993070602416992,23.750854734139537,23.432670415475,23.642639190301274,23.132252588546226,0.7577841317225449,0.13918198612923405,True,True,2022
2022-02-03,PRIO3,LSTM,22.703533172607425,23.80597346177298,23.83325356790636,22.927819300579216,23.240544804746857,1.1024402891655534,0.537011632139432,True,False,2022
2022-02-04,PRIO3,LSTM,24.3708553314209,23.77955268959421,24.244346017187578,22.855612864326353,23.20355794313456,0.5913026418266867,1.1672973882863396,False,True,2022
2022-02-07,PRIO3,LSTM,24.13124084472656,23.71525374776776,23.63353118991355,24.114956318360598,23.73303521204249,0.41598709695879776,0.3982056326840677,True,False,2022
2022-02-08,PRIO3,LSTM,23.831722259521484,23.791224530331263,23.70917241245523,23.948811669797713,23.99672012037076,0.04049772919022132,0.16499786084927592,False,True,2022
2022-02-09,PRIO3,LSTM,24.460712432861328,23.878715681799562,24.321974937897817,23.753389755344564,24.22084119690695,0.5819967510617658,0.23987123595437865,True,True,2022
2022-02-10,PRIO3,LSTM,24.710309982299805,24.01551006370117,24.15873254259745,24.253100908354963,24.042487541311992,0.6947999185986333,0.6678224409878126,True,False,2022
2022-02-11,PRIO3,LSTM,25.75862693786621,24.133169638748498,24.516193389708032,24.5261733109757,24.850570326653067,1.6254572991177128,0.9080566112131443,True,True,2022
2022-02-14,PRIO3,LSTM,26.457504272460938,24.311899593085357,24.741856376747418,25.452788245742145,25.6066919745259,2.1456046793755803,0.8508122979350361,True,True,2022
2022-02-15,PRIO3,LSTM,25.70870780944824,24.58906241135749,24.06876507701093,26.059893269866624,25.24119145510381,1.11964539809075,0.4675163543444292,True,True,2022
2022-02-16,PRIO3,LSTM,25.19952392578125,24.814639710128304,24.485067222881153,25.380547026591593,25.51385090468787,0.3848842156529457,0.314326978906621,True,True,2022
2022-02-17,PRIO3,LSTM,24.850086212158203,24.993912580358298,24.779695729534982,25.0689411801081,24.99936942996814,0.1438263682000951,0.1492832178099377,False,True,2022
2022-02-18,PRIO3,LSTM,24.340904235839844,25.060812923258908,24.74934441028249,24.793548833382047,24.569484587794374,0.7199086874190641,0.22858035195453041,True,True,2022
2022-02-21,PRIO3,LSTM,25.229476928710938,25.092565844319154,25.7914793374858,24.415700757335262,25.301728283118354,0.1369110843917838,0.07225135440741681,True,True,2022
2022-02-22,PRIO3,LSTM,24.50064849853516,25.14494276159573,25.062626486738694,25.18533780737957,24.43126800626304,0.6442942630605693,0.06938049227212062,True,True,2022
2022-02-23,PRIO3,LSTM,24.850086212158203,25.17372240972398,24.894180298666083,24.420249808946792,24.30897787012328,0.3236361975657758,0.5411083420349243,False,False,2022
2022-02-24,PRIO3,LSTM,24.82013511657715,25.159558942442885,24.902372409414717,24.824554981240972,24.779802951518555,0.3394238258657367,0.040332165058593716,True,True,2022
2022-02-25,PRIO3,LSTM,25.778594970703125,25.085399014143633,25.474285137385966,24.74372891483106,25.29117749143783,0.6931959565594923,0.48741747926529655,True,True,2022
2022-02-28,PRIO3,LSTM,25.778594970703125,24.466788902183865,24.692688272436833,24.872275557719426,24.70348641896968,1.3118060685192603,1.0751085517334467,True,True,2022
2022-03-01,PRIO3,LSTM,25.778594970703125,23.695666227347417,23.947964244141755,24.501406389753907,24.61027202738456,2.0829287433557084,1.1683229433185645,True,True,2022
2022-03-02,PRIO3,LSTM,28.1048583984375,22.926424185933897,23.226589146429912,24.364196005916398,24.50688852605111,5.178434212503603,3.5979698723863898,True,True,2022
2022-03-03,PRIO3,LSTM,28.41436004638672,23.01731749687046,22.875106799396427,27.02675431146731,26.820079018305186,5.397042549516257,1.5942810280815323,True,True,2022
2022-03-04,PRIO3,LSTM,28.1547794342041,23.507042949854466,23.97606463214225,27.374157305017423,28.074472066415943,4.647736484349636,0.0803073677881585,True,True,2022
2022-03-07,PRIO3,LSTM,27.50581932067871,24.17743345238064,24.463848287960875,27.36582034584688,27.112303630099053,3.3283858682980707,0.3935156905796582,True,True,2022
2022-03-08,PRIO3,LSTM,27.89519500732422,24.78561158011793,25.46606833099257,26.900222961697978,27.30106230107541,3.1095834272062888,0.5941327062488071,True,True,2022
2022-03-09,PRIO3,LSTM,26.09808158874512,25.25361103675769,24.854997597618976,27.39468306577752,26.367538733689027,0.8444705519874312,0.2694571449439067,True,True,2022
2022-03-10,PRIO3,LSTM,25.778594970703125,25.43770037086722,26.084168354728376,25.56104948462528,26.600334746667787,0.34089459983590586,0.8217397759646623,False,True,2022
2022-03-11,PRIO3,LSTM,24.87005424499512,25.521084763557667,25.051201968575707,25.593878035703966,24.35524645464077,0.6510305185625462,0.5148077903543502,True,True,2022
2022-03-14,PRIO3,LSTM,23.52221870422364,25.468995472569304,24.823868691643302,24.74352449566556,24.635210705495158,1.9467767683456643,1.1129920012715182,True,True,2022
2022-03-15,PRIO3,LSTM,23.67197799682617,25.250438637933854,24.539600337475914,23.54981893995407,23.24043119251168,1.5784606411076858,0.43154680431448966,True,True,2022
2022-03-16,PRIO3,LSTM,23.122859954833984,24.90513647121189,24.50410895112067,23.805861816435065,23.92162536639454,1.7822765163779053,0.7987654115605558,True,True,2022
2022-03-17,PRIO3,LSTM,25.009828567504883,24.55866933292613,24.533512306993117,23.19529283571585,23.339227373645524,0.4511592345787534,1.6706011938593583,False,True,2022
2022-03-18,PRIO3,LSTM,25.86845016479492,24.313487494427974,24.72540017307272,25.03495649859302,25.469987051281834,1.554962670366944,0.3984631135130847,True,True,2022
2022-03-21,PRIO3,LSTM,26.128034591674805,24.321442318517356,24.656487172601306,25.55471829635588,25.53045501421179,1.8065922731574489,0.5975795774630157,True,True,2022
2022-03-22,PRIO3,LSTM,26.51740837097168,24.553163587113303,24.661505052151306,25.631613874940236,25.57508415593551,1.9642447838583763,0.9423242150361695,True,False,2022
2022-03-23,PRIO3,LSTM,27.296157836914062,24.89494360825269,25.402979250335783,26.211431351714094,26.715708634535876,2.401214228661374,0.5804492023781869,True,True,2022
2022-03-24,PRIO3,LSTM,26.068130493164062,25.23245774009382,24.589632730884837,26.924503058612412,25.834539070539925,0.8356727530702415,0.23359142262413712,True,True,2022
2022-03-25,PRIO3,LSTM,25.18954086303711,25.54159643234783,25.002506985761194,25.680662367887294,25.838099060005835,0.35205556931072124,0.6485581969687253,False,True,2022
2022-03-28,PRIO3,LSTM,24.9898624420166,25.6038598650577,25.142197612907218,25.01240139400599,24.826486692225636,0.6139974230410985,0.16337574979096559,True,True,2022
2022-03-29,PRIO3,LSTM,25.19952392578125,25.527635494819975,25.6961575582868,24.973225553639946,25.409015853734235,0.3281115690387253,0.20949192795298544,True,True,2022
2022-03-30,PRIO3,LSTM,25.03978157043457,25.34310195679788,26.015643895727038,25.11571850689267,25.489404472414613,0.3033203863633105,0.4496229019800424,False,True,2022
2022-03-31,PRIO3,LSTM,23.771818161010746,25.263027819317927,24.788910064050068,24.990353158189055,23.8908389952152,1.4912096583071808,0.11902083420445564,True,True,2022
2022-04-01,PRIO3,LSTM,24.450727462768555,25.057855818668557,25.136503475006354,23.686390820637094,24.321106691854467,0.6071283559000022,0.1296207709140873,True,True,2022
2022-04-04,PRIO3,LSTM,24.32093620300293,24.864434798533765,25.134987422470733,24.627547491202805,24.67829903489398,0.5434985955308349,0.35736283189104867,True,True,2022
2022-04-05,PRIO3,LSTM,24.01143264770508,24.782342171244224,24.330302921280225,24.237531939101153,23.557258668959058,0.7709095235391423,0.4541739787460237,True,False,2022
2022-04-06,PRIO3,LSTM,23.51223373413086,24.75166827424745,24.385223099108945,24.099862914025305,24.220837035973343,1.2394345401165907,0.7086033018424835,True,True,2022
2022-04-07,PRIO3,LSTM,23.52221870422364,24.46479934519617,25.134032846646928,23.440813130731758,24.28372843176914,0.9425806409725297,0.7615097275455014,True,True,2022
2022-04-08,PRIO3,LSTM,23.542186737060547,24.242731427527687,24.16634478804607,23.597429683483618,22.719617678054355,0.7005446904671402,0.8225690590061916,False,True,2022
2022-04-11,PRIO3,LSTM,23.31255531311035,24.087780848923998,24.374074587501823,23.59325742673566,24.117221365549835,0.7752255358136466,0.8046660524394831,False,True,2022
2022-04-12,PRIO3,LSTM,23.7119140625,23.99521964590194,24.23978006899278,23.38827739020475,23.29076492174888,0.28330558340194045,0.421149140751119,False,True,2022
2022-04-13,PRIO3,LSTM,24.300968170166016,23.99561959961632,24.54668511855256,23.839884612056675,24.239856210262115,0.3053485705496968,0.061111959903900726,True,True,2022
2022-04-14,PRIO3,LSTM,24.860069274902344,24.052869144485513,24.494369320791723,24.31890151065795,24.311605549410473,0.807200130416831,0.548463725491871,True,True,2022
2022-04-18,PRIO3,LSTM,24.800167083740234,24.17138649260538,24.17138649260538,24.629879078905233,24.41664611181499,0.6287805911348556,0.38352097192524326,True,False,2022
2022-04-19,PRIO3,LSTM,24.620454788208008,24.360258251980454,24.594839266307893,24.671909257473107,25.013383269680997,0.26019653622755357,0.392928481472989,False,True,2022
2022-04-20,PRIO3,LSTM,25.65878868103028,24.54534491747988,24.934496119704736,24.563698641665624,24.69361914479845,1.1134437635504,0.96516953623183,True,True,2022
2022-04-21,PRIO3,LSTM,25.65878868103028,24.664851087336146,24.61726116586641,25.410196254512257,25.130648638409202,0.9939375936941346,0.5281400426210787,True,False,2022
2022-04-22,PRIO3,LSTM,24.44074249267578,24.738862947664543,24.581451942339523,25.178339600735228,25.20424146571064,0.29812045498876216,0.76349897303486,False,False,2022
2022-04-25,PRIO3,LSTM,24.66039085388184,24.77357382428049,24.278643609120643,24.21436409351176,23.761354165599755,0.11318297039865044,0.8990366882820844,False,True,2022
2022-04-26,PRIO3,LSTM,25.26941299438477,24.725473858851714,25.15649737449995,24.62811705073155,25.481473566915785,0.543939135533055,0.21206057253101562,True,True,2022
2022-04-27,PRIO3,LSTM,25.54896354675293,24.694165141704033,25.350144545622697,25.145324527242586,25.239599199827882,0.8547984050488964,0.30936434692504733,True,True,2022
2022-04-28,PRIO3,LSTM,26.23785781860352,24.75702595208942,25.183237958767506,25.347029833831556,25.26413966944384,1.480831866514098,0.97371814915968,True,True,2022
2022-04-29,PRIO3,LSTM,26.65718460083008,24.73552375963216,24.393195849655502,25.82605149343631,25.233933276468598,1.921660841197923,1.423251324361484,True,True,2022
2022-05-02,PRIO3,LSTM,25.109668731689453,24.78683186442946,24.91195368279694,26.141044605181754,26.72921293335429,0.32283686725999416,1.6195442016648371,False,True,2022
2022-05-03,PRIO3,LSTM,25.788578033447266,24.873550339360193,24.659130220285167,24.6837245719525,24.180259883555497,0.9150276940870725,1.608318149891769,False,True,2022
2022-05-04,PRIO3,LSTM,27.28617286682129,24.999052411070736,25.752812435956102,25.697272455113236,26.691980322549576,2.2871204557505536,0.5941925442717135,True,True,2022
2022-05-05,PRIO3,LSTM,26.507423400878903,25.19608407718448,24.839369538597197,26.985391360160516,25.929669239710584,1.3113393236944226,0.5777541611683183,True,True,2022
2022-05-06,PRIO3,LSTM,26.457504272460938,25.48276068806672,25.888410165412136,26.138039806277256,27.0148384168312,0.9747435843942185,0.5573341443702624,True,True,2022
2022-05-09,PRIO3,LSTM,24.18115997314453,25.762541075754655,25.404560184241465,26.314697344546396,25.477906108668797,1.5813811026101234,1.2967461355242662,True,True,2022
2022-05-10,PRIO3,LSTM,24.231081008911133,25.8120587494561,25.259093834651285,24.156187905698953,23.927562884827676,1.5809777405449665,0.3035181240834568,True,True,2022
2022-05-11,PRIO3,LSTM,25.44912338256836,25.7449550258369,26.722494782489363,24.631098848838292,25.99420205263294,0.29583164326854217,0.54507867006458,False,True,2022
2022-05-12,PRIO3,LSTM,26.09808158874512,25.679102221281823,26.087877177899475,25.685962959713923,25.08506349528514,0.41897936746329734,1.01301809345998,False,True,2022
2022-05-13,PRIO3,LSTM,27.04655838012696,25.658694370264328,26.05329225909537,26.03226079521533,26.30205676483637,1.387864009862632,0.7445016152905914,True,True,2022
2022-05-16,PRIO3,LSTM,27.016605377197266,25.7794940074522,26.143504534481544,26.855873443045702,26.957689344620746,1.2371113697450653,0.05891603257651923,True,True,2022
2022-05-17,PRIO3,LSTM,26.47747230529785,25.995824716732727,25.4372482813998,26.7400930164694,25.925515383460464,0.48164758856512435,0.5519569218373874,False,True,2022
2022-05-18,PRIO3,LSTM,25.13962173461914,26.176629324592255,25.397805612305323,26.29069057467106,26.079106006963595,1.0370075899731148,0.9394842723444548,True,True,2022
2022-05-19,PRIO3,LSTM,24.83012008666992,26.16931442644588,26.50877354096061,25.107108450561153,25.929989073119465,1.3391943397759611,1.0998689864495468,True,True,2022
2022-05-20,PRIO3,LSTM,25.43914031982422,26.023356849658256,26.481613215180996,25.023247960053755,24.922433154794604,0.5842165298340376,0.5167071650296151,True,True,2022
2022-05-23,PRIO3,LSTM,26.128034591674805,25.806842331862185,26.267448537205272,25.53560189736351,25.65390160233885,0.32119225981261934,0.47413298933595627,False,True,2022
2022-05-24,PRIO3,LSTM,27.146398544311523,25.728076979090133,26.208535249357634,26.08588395473874,26.262973076668512,1.4183215652213903,0.8834254676430113,True,True,2022
2022-05-25,PRIO3,LSTM,27.425949096679688,25.74026110096773,26.11388627370277,26.865141270808223,26.931541768442806,1.6856879957119588,0.49440732823688194,True,True,2022
2022-05-26,PRIO3,LSTM,27.935131072998047,25.931290908469748,26.30846730844551,27.047077722335068,27.194370380554655,2.003840164528299,0.7407606924433914,True,True,2022
2022-05-27,PRIO3,LSTM,28.6739444732666,26.198432758783326,26.591464491118657,27.544625684358735,27.694927362348093,2.4755117144832752,0.9790171109185088,True,True,2022
2022-05-30,PRIO3,LSTM,28.21468162536621,26.50614012731907,26.50614012731907,28.174704313026783,27.788740844126544,1.7085414980471398,0.4259407812396674,True,True,2022
2022-05-31,PRIO3,LSTM,27.945114135742188,26.843323233639154,27.36886259911755,27.75536778013724,28.355613422632604,1.1017909021030334,0.4104992868904169,True,True,2022
2022-06-01,PRIO3,LSTM,28.1048583984375,27.120057165375016,27.157948340437834,27.670698359963534,27.18953374393981,0.984801233062484,0.9153246544976916,True,True,2022
2022-06-02,PRIO3,LSTM,28.653976440429688,27.326317550706705,27.751614068408916,27.91622276168805,28.4279472799002,1.3276588897229828,0.22602916052948885,True,True,2022
2022-06-03,PRIO3,LSTM,27.7654037475586,27.508291384956777,27.11806443343529,28.434825200497897,27.66027647129153,0.25711236260182346,0.10512727626706919,True,True,2022
2022-06-06,PRIO3,LSTM,27.016605377197266,27.651403333614866,27.21774224561988,27.54621219605951,27.53515341943826,0.6347979564176001,0.5185480422409938,True,True,2022
2022-06-07,PRIO3,LSTM,27.26620483398437,27.735439565763215,28.13826569713641,27.080749094971303,27.721560582908918,0.4692347317788439,0.45535574892454633,True,True,2022
2022-06-08,PRIO3,LSTM,27.75541877746582,27.752743095184854,28.166854357359025,27.450914186077167,27.348903328921597,0.0026756822809659297,0.40651544854422283,False,True,2022
2022-06-09,PRIO3,LSTM,27.17634963989257,27.766722753950404,27.237820692435665,27.846788541168777,27.028610621556595,0.590373114057833,0.1477390183359759,True,True,2022
2022-06-10,PRIO3,LSTM,27.056543350219727,27.742276221383037,27.58886752496183,26.98281512043786,27.433698585526013,0.6857328711633102,0.3771552353062866,True,False,2022
2022-06-13,PRIO3,LSTM,25.988258361816406,27.67010414814078,27.18123677927682,27.1668077872243,26.65107014283463,1.6818457863243736,0.6628117810182239,True,True,2022
2022-06-14,PRIO3,LSTM,25.5988826751709,27.460450112994323,27.09016303773819,25.882837514466694,25.909617423920036,1.8615674378234246,0.3107347487491374,True,False,2022
2022-06-15,PRIO3,LSTM,25.2194938659668,27.218886579163268,26.744095609125274,25.909569085259132,25.564850915172464,1.9993927131964675,0.34535704920566346,True,True,2022
2022-06-16,PRIO3,LSTM,25.2194938659668,26.939858444844504,26.69871166323367,25.345316158248114,25.453796230287804,1.720364578877703,0.23430236432100315,True,False,2022
2022-06-17,PRIO3,LSTM,23.003053665161133,26.679430711140384,26.287348831487186,25.56774840902468,25.218710338910213,3.676377045979251,2.2156566737490806,True,True,2022
2022-06-20,PRIO3,LSTM,22.803373336791992,26.134397616215296,26.262100513912987,22.976946077542536,23.350833035352903,3.3310242794233034,0.5474596985609104,True,False,2022
2022-06-21,PRIO3,LSTM,22.69355010986328,25.47835268755506,25.987177215668403,23.29198224981101,23.531902506429187,2.784802577691778,0.8383523965659059,True,True,2022
2022-06-22,PRIO3,LSTM,21.23589134216309,24.942412157391956,24.485866234157207,23.17301909423562,22.244937113204287,3.706520815228867,1.0090457710411975,True,True,2022
2022-06-23,PRIO3,LSTM,20.43717384338379,24.328445763345727,23.70317807213428,21.594711827167934,21.445443750676404,3.8912719199619374,1.0082699072926147,True,True,2022
2022-06-24,PRIO3,LSTM,21.49547576904297,23.666370894217224,23.99181736099757,20.932525977373672,21.68908254359819,2.1708951251742548,0.1936067745552208,True,True,2022
2022-06-27,PRIO3,LSTM,22.63364601135254,23.105577921014927,23.478685608596525,21.940700800885324,21.8983251378347,0.47193190966238774,0.7353208735178391,False,True,2022
2022-06-28,PRIO3,LSTM,22.6236629486084,22.77866596646622,23.157694180738847,22.773188086514356,22.939389899106292,0.15500301785782256,0.31572695049789345,False,True,2022
2022-06-29,PRIO3,LSTM,22.4339656829834,22.64128101461189,22.119647788751852,22.56372022164954,21.779649074295662,0.20731533162849303,0.6543166086877363,False,True,2022
2022-06-30,PRIO3,LSTM,21.954736709594727,22.58626270088972,22.164915081657814,22.392018284862388,22.543696277794904,0.6315259912949927,0.5889595682001776,True,True,2022
2022-07-01,PRIO3,LSTM,22.06455993652344,22.457343152334616,22.733548595827717,21.899326317571052,22.3899864039686,0.3927832158111748,0.32542646744515835,True,True,2022
2022-07-04,PRIO3,LSTM,22.753454208374023,22.39408238823485,22.762691500629405,22.137836810023455,22.12708687318508,0.3593718201391738,0.6263673351889452,False,True,2022
2022-07-05,PRIO3,LSTM,21.13605117797852,22.464217250429826,22.004723116955322,22.81970613342803,22.10943076229169,1.3281660724513067,0.9733795843131716,True,True,2022
2022-07-06,PRIO3,LSTM,20.85650062561035,22.481519077920765,22.062175971417226,21.19047714229091,21.186846055383473,1.6250184523104139,0.3303454297731214,True,True,2022
2022-07-07,PRIO3,LSTM,21.185970306396484,22.362846854107246,22.75080561956903,21.169771743920442,21.784142133696086,1.176876547710762,0.5981718272996019,True,True,2022
2022-07-08,PRIO3,LSTM,21.72510528564453,22.221150911791128,22.58691355265218,21.48023659917181,21.369350708302946,0.4960456261465964,0.35575457734158533,True,True,2022
2022-07-11,PRIO3,LSTM,21.884849548339844,22.19258911079241,22.36709275069949,21.730651918942588,21.720511388663795,0.30773956245256784,0.16433815967604914,True,False,2022
2022-07-12,PRIO3,LSTM,22.20433616638184,22.198071029575445,21.834602663738334,21.982464569630608,21.54200949120274,0.006265136806394622,0.6623266751790986,False,True,2022
2022-07-13,PRIO3,LSTM,21.55537796020508,22.197089015561843,21.685689543932238,22.215346181918395,22.091541302022566,0.6417110553567618,0.5361633418174847,True,True,2022
2022-07-14,PRIO3,LSTM,20.726709365844727,22.198756907647336,21.689572560091964,21.585971662265806,21.400735456079005,1.4720475418026098,0.6740260902342783,True,True,2022
2022-07-15,PRIO3,LSTM,20.666805267333984,22.05166073922176,21.931928420569186,20.825525572008367,20.93215061028901,1.384855471887775,0.2653453429550261,True,True,2022
2022-07-18,PRIO3,LSTM,22.054576873779297,21.92513410523013,22.30382386277183,20.96642765037367,21.29521397574683,0.12944276854916836,0.7593628980324674,False,True,2022
2022-07-19,PRIO3,LSTM,22.32414436340332,21.884885146118066,22.244997957403477,22.223663586919862,22.267775237542587,0.4392592172852545,0.056369125860733504,True,True,2022
2022-07-20,PRIO3,LSTM,22.22430419921875,21.969788511957802,22.124144233752542,22.050765904572582,22.020701295416412,0.2545156872609482,0.20360290380233792,True,False,2022
2022-07-21,PRIO3,LSTM,22.803373336791992,22.15687239313307,22.521460717609543,22.231205049867366,22.522362482666374,0.6465009436589213,0.28101085412561844,True,True,2022
2022-07-22,PRIO3,LSTM,22.63364601135254,22.32303699311565,22.479874574226077,22.564894043229035,22.478999234373546,0.3106090182368888,0.15464677697899276,True,False,2022
2022-07-25,PRIO3,LSTM,23.572139739990234,22.541275566710297,22.968174807380784,22.622242847190613,22.966729169193968,1.0308641732799373,0.6054105707962663,True,True,2022
2022-07-26,PRIO3,LSTM,23.70193099975586,22.78140096910029,22.66940749112938,23.355699847351122,22.96184960286722,0.9205300306555699,0.740081396888641,True,False,2022
2022-07-27,PRIO3,LSTM,23.65201187133789,23.060524411538225,23.456373305175028,23.593625497513997,24.19116613282572,0.5914874597996658,0.5391542614878304,True,True,2022
2022-07-28,PRIO3,LSTM,23.75185203552246,23.244453764162003,24.158214110592322,23.50641098913664,23.969123617770876,0.5073982713604579,0.21727158224841503,True,True,2022
2022-07-29,PRIO3,LSTM,24.18115997314453,23.43736760894835,24.50332926422138,23.703732813348456,24.006107473464798,0.7437923641961817,0.17505249967973313,True,True,2022
2022-08-01,PRIO3,LSTM,23.3325252532959,23.64339653170491,23.16622818721132,24.13323355318249,22.90142792029714,0.3108712784090102,0.43109733299875685,False,True,2022
2022-08-02,PRIO3,LSTM,23.35249137878418,23.759549898083193,23.759549898083193,23.084793808388987,23.76543271161265,0.4070585192990137,0.41294133282847056,False,False,2022
2022-08-03,PRIO3,LSTM,23.721899032592773,23.828714659779465,23.463105893511926,23.4870964370107,22.975045273487183,0.10681562718669113,0.7468537591055906,False,True,2022
2022-08-04,PRIO3,LSTM,23.31255531311035,23.867857363936864,23.558012076945012,23.804313068011936,23.831409489057922,0.5553020508265121,0.5188541759475704,True,True,2022
2022-08-05,PRIO3,LSTM,24.031400680541992,23.868968724683626,24.22976957718884,23.357755674733156,23.868077969236335,0.16243195585836645,0.163322711305657,False,True,2022
2022-08-08,PRIO3,LSTM,24.610471725463867,23.8568850167173,24.47878503125317,24.053177222589706,24.276636728490484,0.7535867087465675,0.33383499697338337,True,True,2022
2022-08-09,PRIO3,LSTM,25.009828567504883,23.909615935579367,24.278449336342003,24.474163125462127,24.38065577733607,1.1002126319255154,0.6291727901688127,True,True,2022
2022-08-10,PRIO3,LSTM,24.760229110717773,24.080494883599513,24.234423558987213,24.628769575866144,24.647475101546686,0.67973422711826,0.11275400917108769,True,False,2022
2022-08-11,PRIO3,LSTM,25.319334030151367,24.311278388380046,24.59005383580522,24.626055008113845,24.824201089291364,1.0080556417713211,0.49513294086000315,True,True,2022
2022-08-12,PRIO3,LSTM,25.828516006469727,24.566567993302428,24.940753231051072,25.25099243396275,25.41495367152341,1.2619480131672987,0.41356233494631667,True,True,2022
2022-08-15,PRIO3,LSTM,25.28938102722168,24.845480396333627,24.492243135555643,25.6864044675799,25.063774837449188,0.4439006308880522,0.22560618977249192,True,True,2022
2022-08-16,PRIO3,LSTM,24.2810001373291,25.044412268073344,24.575983785482862,25.128246094270263,25.02533579377898,0.7634121307442427,0.7443356564498771,True,True,2022
2022-08-17,PRIO3,LSTM,24.300968170166016,25.09235310298172,25.46834810369446,24.297943956231048,24.930663949347366,0.7913849328157028,0.6296957791813504,True,True,2022
2022-08-18,PRIO3,LSTM,24.600486755371094,25.044080391586945,25.339049268359393,24.466417615210705,24.269832641445092,0.44359363621585146,0.33065411392600197,True,True,2022
2022-08-19,PRIO3,LSTM,23.931560516357425,25.033385459071397,24.720352266679832,24.76127616634907,24.268290384427278,1.1018249427139715,0.3367298680698525,True,True,2022
2022-08-22,PRIO3,LSTM,23.382444381713867,24.98285683853446,25.357211098426287,24.07289782949259,24.750041532399887,1.6004124568205924,1.36759715068602,True,True,2022
2022-08-23,PRIO3,LSTM,25.06973457336425,24.83102930276432,25.646851047810227,23.622083940520135,23.95878490181908,0.23870527059992952,1.1109496715451712,False,True,2022
2022-08-24,PRIO3,LSTM,25.938337326049805,24.720710154823863,25.082606582602782,25.187283549627175,24.974282271561634,1.217627171225942,0.9640550544881705,True,True,2022
2022-08-25,PRIO3,LSTM,26.347681045532227,24.761425442947584,24.829595253522253,25.504428566881003,25.51248291066978,1.586255602584643,0.8351981348624449,True,False,2022
2022-08-26,PRIO3,LSTM,26.51740837097168,24.953626178770847,24.493086620755648,26.00915764033489,25.589839449736957,1.5637821922008328,0.9275689212347231,True,True,2022
2022-08-29,PRIO3,LSTM,27.18633270263672,25.239459482991492,25.60856169084155,26.21281193523572,27.015635822427715,1.9468732196452265,0.17069688020900387,True,True,2022
2022-08-30,PRIO3,LSTM,26.82691192626953,25.530227535275287,24.954611131125127,26.83523927061564,25.79469181906631,1.296684390994244,1.0322201072032229,True,True,2022
2022-08-31,PRIO3,LSTM,27.26620483398437,25.793487281663346,26.17998838935343,26.47026617203085,27.439996895573906,1.4727175523210256,0.17379206158953409,True,True,2022
2022-09-01,PRIO3,LSTM,27.156383514404297,26.025856985855796,25.414007227753252,26.98942382309152,25.872855474127125,1.1305265285485007,1.2835280402771723,False,True,2022
2022-09-02,PRIO3,LSTM,27.70549964904785,26.255643159246432,26.712122192330625,26.891181367350278,27.985883580347945,1.4498564898014195,0.28038393130009354,True,True,2022
2022-09-05,PRIO3,LSTM,29.49263000488281,26.478500772759475,26.859756376576282,27.46211785323123,27.274911887015108,3.0141292321233344,2.217718117867701,True,True,2022
2022-09-06,PRIO3,LSTM,28.6739444732666,26.76591772349599,25.972485834865257,29.046197171482245,28.113372494316142,1.9080267497706132,0.5605719789504597,True,True,2022
2022-09-07,PRIO3,LSTM,28.6739444732666,27.124397088658696,26.439468799203347,28.146507127118785,28.23869591009472,1.549547384607905,0.4352485631718821,True,True,2022
2022-09-08,PRIO3,LSTM,27.50581932067871,27.46568525182593,27.53570203840191,28.192464032794696,28.725028235416495,0.04013406885277959,1.2192089147377843,False,False,2022
2022-09-09,PRIO3,LSTM,28.00501823425293,27.565957902847344,27.748211116344983,27.242185497135466,27.062392730254345,0.4390603314055852,0.9426255039985847,False,True,2022
2022-09-12,PRIO3,LSTM,27.555740356445312,27.61370216475993,28.108861696635305,27.749621031508973,28.13397992556059,0.05796180831461584,0.5782395691152757,False,False,2022
2022-09-13,PRIO3,LSTM,26.986656188964844,27.677390113465265,27.105643394405025,27.499208767318933,26.45134373290611,0.6907339245004209,0.5353124560587332,True,True,2022
2022-09-14,PRIO3,LSTM,28.36444091796875,27.672560034140133,28.195758582155637,27.06146803816523,28.178920150095156,0.6918808838286168,0.1855207678735944,True,True,2022
2022-09-15,PRIO3,LSTM,27.655580520629883,27.683312832299464,27.236800297673245,28.384580867319176,27.374958252979756,0.027732311669581122,0.2806222676501271,False,True,2022
2022-09-16,PRIO3,LSTM,27.975067138671875,27.732553091296893,27.4143876221695,27.32939576853691,27.53537187770888,0.24251404737498206,0.4396952609629956,False,False,2022
2022-09-19,PRIO3,LSTM,28.034971237182617,27.747734313136277,27.08324222400699,27.932208083264385,27.448043866265078,0.28723692404633994,0.5869273709175395,False,True,2022
2022-09-20,PRIO3,LSTM,28.284570693969727,27.760301369421256,27.807677350001175,27.723023994878844,28.329802563379957,0.5242693245484702,0.045231869410230274,True,False,2022
2022-09-21,PRIO3,LSTM,28.484249114990234,27.855270804383082,27.855270804383082,28.011167319465088,27.841450196110763,0.6289783106071525,0.6427989188794712,False,False,2022
2022-09-22,PRIO3,LSTM,29.50261306762696,27.99233409133521,28.457814022011107,28.400608040847732,28.871912814014,1.510278976291751,0.6307002536129609,True,True,2022
2022-09-23,PRIO3,LSTM,28.074907302856445,28.1620829573709,27.68094006332983,29.302900107908744,28.439451670709303,0.08717565451445353,0.36454436785285793,False,True,2022
2022-09-26,PRIO3,LSTM,28.074907302856445,28.186458008848888,27.492389887661076,27.79336410359976,27.549000941636226,0.11155070599244254,0.525906361220219,False,True,2022
2022-09-27,PRIO3,LSTM,27.13641357421875,28.247999822942177,27.74612846688512,28.138045059770864,28.13827155885069,1.1115862487234267,1.0018579846319398,True,True,2022
2022-09-28,PRIO3,LSTM,27.865243911743164,28.1712869985937,28.703174967043033,27.212353234455573,27.949511817401856,0.3060430868505364,0.08426790565869169,True,True,2022
2022-09-29,PRIO3,LSTM,27.18633270263672,28.012018621805424,27.617920170037763,27.93236300235719,26.95315004255286,0.8256859191687056,0.2331826600838589,True,True,2022
2022-09-30,PRIO3,LSTM,27.48585319519043,27.871057913551482,27.791674642764704,27.015310243636286,27.409133534913277,0.3852047183610523,0.07671966027715271,True,False,2022
2022-10-03,PRIO3,LSTM,28.893592834472656,27.789372047699118,28.35644681557696,27.58562617025912,28.136742181871796,1.1042207867735385,0.7568506526008605,True,True,2022
2022-10-04,PRIO3,LSTM,30.281362533569336,27.870945586125316,28.142242585351074,28.8422200386814,28.66381921598726,2.41041694744402,1.6175433175820757,True,True,2022
2022-10-05,PRIO3,LSTM,31.24980735778809,28.05258924581969,28.612049913807457,29.858331628489587,30.398457849892647,3.1972181119684002,0.8513495078954421,True,True,2022
2022-10-06,PRIO3,LSTM,31.559310913085938,28.421269983595096,28.816472275570884,30.662265823525104,30.66686928786276,3.138040929490842,0.8924416252231779,True,True,2022
2022-10-07,PRIO3,LSTM,31.95866775512696,28.94148041926823,29.195100174479396,30.970602829892808,30.9837735646613,3.017187335858729,0.9748941904656618,True,True,2022
2022-10-10,PRIO3,LSTM,31.40954971313477,29.51542591291613,28.949468141658283,31.474432353202978,30.778644410747983,1.8941238002186402,0.6309053023867861,True,True,2022
2022-10-11,PRIO3,LSTM,31.4494857788086,30.037864175874887,29.264517132198442,31.039395892058753,30.81185396262218,1.4116216029337139,0.6376318161864205,True,True,2022
2022-10-12,PRIO3,LSTM,31.4494857788086,30.42378547163605,29.94510047580121,31.233729518444132,31.311985703980874,1.0257003071725492,0.1375000748277273,True,True,2022
2022-10-13,PRIO3,LSTM,31.70907020568848,30.693963566317507,31.171487748888108,31.272547524329028,31.978523429178868,1.0151066393709733,0.2694532234903875,True,True,2022
2022-10-14,PRIO3,LSTM,31.000207901000977,30.908447680789095,30.45594097373256,31.560896440328158,30.52898544745048,0.09176022021188146,0.47122245355049586,False,True,2022
2022-10-17,PRIO3,LSTM,31.29972648620605,31.0712424579867,31.202511614157356,30.74482687853327,31.383057484567587,0.2284840282193521,0.08333099836153579,True,False,2022
2022-10-18,PRIO3,LSTM,32.178314208984375,31.193534688398017,31.743615302497062,31.354902335225,31.659769873083743,0.9847795205863576,0.5185443359006321,True,True,2022
2022-10-19,PRIO3,LSTM,33.37639236450195,31.326986478405843,31.807610076463007,32.11655009353659,32.1619434160933,2.0494058860961104,1.214448948408652,True,True,2022
2022-10-20,PRIO3,LSTM,33.156742095947266,31.549226291074973,32.173713937190065,33.113494962956324,33.50573657621084,1.6075158048722926,0.3489944802635776,True,True,2022
2022-10-21,PRIO3,LSTM,33.79571533203125,31.878364370978602,32.57754092060373,32.83830108642928,33.06023735480401,1.917350961052648,0.7354779772272408,True,True,2022
2022-10-24,PRIO3,LSTM,33.43629837036133,32.20632982063029,32.834693989181936,33.5323627153648,33.69380860434099,1.2299685497310406,0.25751023397965866,True,True,2022
2022-10-25,PRIO3,LSTM,33.735816955566406,32.52884739011293,32.52884739011293,33.08953138743172,32.448570362656355,1.206969565453477,1.2872465929100514,False,True,2022
2022-10-26,PRIO3,LSTM,33.276554107666016,32.79255985006705,33.432361706398666,33.57848628378689,34.384714248915266,0.4839942575989653,1.1081601412492503,False,True,2022
2022-10-27,PRIO3,LSTM,33.55610275268555,32.97224969331842,32.42831334551345,33.131206831419014,31.940289851433825,0.5838530593671294,1.6158129012517222,False,True,2022
2022-10-28,PRIO3,LSTM,33.96544647216797,33.10134794459697,33.10134794459697,33.39217716944363,33.87335832380946,0.8640985275710023,0.09208814835850632,True,True,2022
2022-10-31,PRIO3,LSTM,35.333248138427734,33.22070264262098,33.80710586100384,33.844831583353475,34.305342306471516,2.1125454958067564,1.0279058319562182,True,True,2022
2022-11-01,PRIO3,LSTM,37.070457458496094,33.38199801887234,33.783123990791246,35.028599364374,34.8860841476948,3.688459439623756,2.1843733108012913,True,True,2022
2022-11-02,PRIO3,LSTM,37.070457458496094,33.70730505277143,33.58894267490154,36.33055780110198,36.09308856638302,3.3631524057246622,0.977368892113077,True,False,2022
2022-11-03,PRIO3,LSTM,36.68108367919922,34.103955319662134,34.30552488272104,36.11701577230531,36.554501238009415,2.5771283595370846,0.12658244118980377,True,False,2022
2022-11-04,PRIO3,LSTM,37.58962631225586,34.53364176336049,35.148567377195505,36.090893164550714,36.47572896450988,3.055984548895367,1.1138973477459828,True,True,2022
2022-11-07,PRIO3,LSTM,36.361595153808594,35.037608972437766,35.09282198504278,37.201955481374846,36.77218101872414,1.3239861813708274,0.4105858649155465,True,True,2022
2022-11-08,PRIO3,LSTM,37.36997604370117,35.452248646822,35.967413665533755,35.97285862747924,36.52338331276992,1.9177273968791724,0.8465927309312491,True,True,2022
2022-11-09,PRIO3,LSTM,37.16031646728516,35.786655904171226,35.31001658069771,37.20430664744405,36.29574404055025,1.373660563113937,0.8645724267349166,True,True,2022
2022-11-10,PRIO3,LSTM,36.52134323120117,36.06443482135657,36.46052535956348,36.88469531165621,37.78211257718495,0.45690840984460124,1.2607693459837748,False,True,2022
2022-11-11,PRIO3,LSTM,37.63954544067383,36.2231994266578,36.831636101843074,36.340529596754344,36.41592410655446,1.4163460140160282,1.2236213341193647,True,True,2022
2022-11-14,PRIO3,LSTM,38.438262939453125,36.36197485589361,36.977832501623666,37.516113117558255,37.70543156985112,2.0762880835595183,0.7328313696020032,True,True,2022
2022-11-15,PRIO3,LSTM,38.438262939453125,36.58066273919292,36.70393207460208,37.95751865110004,37.68402517480405,1.8576002002602081,0.7542377646490763,True,False,2022
2022-11-16,PRIO3,LSTM,36.21183776855469,36.81877305563472,36.81877305563472,37.87446591591798,37.89821652792599,0.6069352870800344,1.6863787593713013,False,False,2022
2022-11-17,PRIO3,LSTM,35.74259185791016,36.87548479040288,36.439489439181806,35.99430458725624,35.41738155957217,1.132892932492716,0.32521029833799275,True,True,2022
2022-11-18,PRIO3,LSTM,34.44467544555664,36.6474907500388,35.92894749217436,35.79274879696479,35.43680196795122,2.202815304482158,0.9921265223945781,True,True,2022
2022-11-21,PRIO3,LSTM,34.4346923828125,36.329651788049034,35.84959596755172,34.63754228270809,34.652904761673646,1.8949594052365342,0.2182123788611463,True,True,2022
2022-11-22,PRIO3,LSTM,35.41312026977539,35.90522431021208,36.50754764905423,34.70895694744949,35.56296474216984,0.4921040404366863,0.14984447239444876,True,True,2022
2022-11-23,PRIO3,LSTM,35.21343994140625,35.58956892530975,35.92911288388226,35.56457389628462,35.209487809176615,0.3761289839034987,0.003952132229635197,True,True,2022
2022-11-24,PRIO3,LSTM,36.45145034790039,35.351325858273384,35.90558877794253,35.13462350382977,35.51202988837056,1.1001244896270066,0.9394204595298277,True,True,2022
2022-11-25,PRIO3,LSTM,34.59443664550781,35.290412056608204,34.54491162004439,36.354107168004624,35.226187208122504,0.6959754111003917,0.6317505626146911,True,True,2022
2022-11-28,PRIO3,LSTM,34.84403610229492,35.23193712163538,35.74510847924996,34.38571576585993,35.65926797446638,0.38790101934046106,0.8152318721714593,False,True,2022
2022-11-29,PRIO3,LSTM,35.22342300415039,35.07032008048182,35.07032008048182,34.94506931349742,33.99644217892799,0.1531029236685697,1.2269808252223982,False,True,2022
2022-11-30,PRIO3,LSTM,35.9921875,34.97766356934059,35.49056137654318,35.198546477292496,35.84411209211515,1.0145239306594078,0.1480754078848534,True,True,2022
2022-12-01,PRIO3,LSTM,36.64114761352539,34.95925889075639,34.95925889075639,35.97095698264448,35.273716855725404,1.6818887227690027,1.367430757799987,True,True,2022
2022-12-02,PRIO3,LSTM,36.631160736083984,35.08644417192872,35.08644417192872,36.136555746773105,36.2931545271666,1.5447165641552658,0.33800620891738475,True,False,2022
2022-12-05,PRIO3,LSTM,35.96223831176758,35.321552282616636,34.867094406632866,36.34595167673643,35.85636681566969,0.6406860291509417,0.10587149609789037,True,True,2022
2022-12-06,PRIO3,LSTM,34.584449768066406,35.54375635474108,34.828677483546876,35.78590945904256,35.46057473484604,0.9593065866746713,0.8761249667796349,True,True,2022
2022-12-07,PRIO3,LSTM,32.61760711669922,35.55375349566984,34.921732162521714,34.58476836929802,34.430019892202296,2.9361463789706193,1.812412775503077,True,True,2022
2022-12-08,PRIO3,LSTM,33.11680603027344,35.233050184312845,34.484792972584216,32.86116153342773,32.41759924969394,2.116244154039407,0.6992067805794946,True,True,2022
2022-12-09,PRIO3,LSTM,33.596038818359375,34.81097988049467,34.80845757340485,33.40308790784476,33.91584551037915,1.2149410621352956,0.31980669201977463,True,False,2022
2022-12-12,PRIO3,LSTM,34.584449768066406,34.4389003871124,35.052030404463096,33.84405646248137,34.26785221608998,0.1455493809540087,0.3165975519764288,False,True,2022
2022-12-13,PRIO3,LSTM,34.83404922485352,34.16408112741345,34.13793238380336,34.56965343225396,33.99503548741339,0.6699680974400692,0.8390137374401334,False,True,2022
2022-12-14,PRIO3,LSTM,36.12198257446289,34.07001541765305,34.60447636296645,34.6265785942941,35.35041244969289,2.0519671568098374,0.7715701247700011,True,True,2022
2022-12-15,PRIO3,LSTM,35.71263885498047,34.10599933843221,34.6142679483926,35.7717563598286,35.82750325645058,1.606639516548256,0.11486440147011479,True,True,2022
2022-12-16,PRIO3,LSTM,35.293312072753906,34.29260582804628,33.653079815897165,35.23037531111055,34.2702954363807,1.0007062447076294,1.0230166363732067,False,True,2022
2022-12-19,PRIO3,LSTM,35.72262191772461,34.42729321974193,34.33096687486967,34.73131192740034,35.349369529332435,1.2953286979826828,0.37325238839217434,True,False,2022
2022-12-20,PRIO3,LSTM,35.802494049072266,34.577044400058696,35.1926338525279,35.491670132767176,36.054604898449476,1.2254496490135693,0.2521108493772104,True,True,2022
2022-12-21,PRIO3,LSTM,35.5728645324707,34.71723413370577,35.13620902226704,35.50085088373723,35.340243511905186,0.8556303987649301,0.23262102056551726,True,True,2022
2022-12-22,PRIO3,LSTM,35.20345687866211,34.867208266944175,34.3348375868908,35.33947795284819,34.57850932123539,0.3362486117179344,0.6249475574267223,False,True,2022
2022-12-23,PRIO3,LSTM,35.43309020996094,34.949631068789415,35.643882699511394,35.04807124971127,36.331913927240315,0.48345914117152233,0.8988237172793774,False,True,2022
2022-12-26,PRIO3,LSTM,35.3831672668457,35.02970350433867,35.401371610825734,35.19148691279026,34.76946899904483,0.35346376250703315,0.6136982678008707,False,False,2022
2022-12-27,PRIO3,LSTM,35.522945404052734,35.07679592679335,35.75054845126792,35.28328258639977,35.776749876913264,0.44614947725938237,0.25380447286053,True,True,2022
2022-12-28,PRIO3,LSTM,37.19026565551758,35.09115341417419,35.17458070275667,35.40750655780079,34.967355836366934,2.0991122413433914,2.222909819150644,False,True,2022
2022-12-29,PRIO3,LSTM,37.15032958984375,35.19725007204923,35.29642058252202,36.76720088815085,36.99497561189244,1.9530795177945208,0.15535397795130734,True,False,2022
2022-12-30,PRIO3,LSTM,37.15032958984375,35.43110726367303,36.02876335838972,36.68366435036908,37.215286635288585,1.7192223261707227,0.06495704544483516,True,True,2022
2023-01-02,PRIO3,LSTM,36.7010498046875,35.70622946703648,35.91499574574642,36.585890756867265,36.25986008810814,0.9948203376510207,0.441189716579359,True,False,2023
2023-01-03,PRIO3,LSTM,34.2449951171875,35.95485601327039,35.12035459064399,36.44168320725416,35.563249221470855,1.709860896082887,1.3182541042833549,True,True,2023
2023-01-04,PRIO3,LSTM,34.03533172607422,35.98765902557221,36.097844358668794,34.24303612353434,35.102651585996576,1.9523272994979948,1.0673198599223568,True,True,2023
2023-01-05,PRIO3,LSTM,34.91392135620117,35.76117629966927,36.36079414319642,34.456793476519465,34.69689827824404,0.8472549434681014,0.21702307795712983,True,True,2023
2023-01-06,PRIO3,LSTM,35.12358474731445,35.52683405779612,34.65134644824924,35.261592342116316,33.85982412467739,0.40324931048166945,1.263760622637065,False,True,2023
2023-01-09,PRIO3,LSTM,35.95225143432617,35.29762824277401,35.88882997051174,35.159407640254955,36.68886656359536,0.6546231915521616,0.7366151292691896,False,True,2023
2023-01-10,PRIO3,LSTM,36.15193176269531,35.24875730273837,35.26924544336178,35.71722722942431,34.97335103753376,0.9031744599569436,1.1785807251615523,False,False,2023
2023-01-11,PRIO3,LSTM,38.957427978515625,35.3009521134301,36.00762596118678,35.955133275240385,36.79892478299935,3.6564758650855254,2.158503195516275,True,True,2023
2023-01-12,PRIO3,LSTM,39.686256408691406,35.50977560639521,35.50977560639521,38.372293739078856,37.75864360051508,4.176480802296197,1.9276128081763275,True,False,2023
2023-01-13,PRIO3,LSTM,38.98737716674805,36.013901095027535,36.013901095027535,38.645718045656196,38.87395600024451,2.973476071720512,0.11342116650353518,True,False,2023
2023-01-16,PRIO3,LSTM,39.0073471069336,36.58279355642867,35.805871349563795,38.20217902325464,37.45889303539559,2.424553550504932,1.5484540715380106,True,True,2023
2023-01-17,PRIO3,LSTM,38.677879333496094,37.105276069585614,37.74474297744277,38.54055166906692,39.930103137086206,1.57260326391048,1.2522238035901125,True,True,2023
2023-01-18,PRIO3,LSTM,38.907508850097656,37.53277383040444,37.835762720273124,38.138008538553336,37.646961705437185,1.3747350196932189,1.260547144660471,True,False,2023
2023-01-19,PRIO3,LSTM,40.455020904541016,37.900302361096294,38.58634148588341,38.75399842593879,39.33298858993636,2.5547185434447215,1.1220323146046525,True,True,2023
2023-01-20,PRIO3,LSTM,41.03409194946289,38.233809297105495,38.362479899224816,40.016013457094616,39.62214889604279,2.800282652357396,1.411943053420103,True,False,2023
2023-01-23,PRIO3,LSTM,41.49335479736328,38.60721970029476,38.60721970029476,40.31841615883156,40.40229253264954,2.886135097068518,1.0910622647137416,True,False,2023
2023-01-24,PRIO3,LSTM,40.964202880859375,39.05115470780919,38.55065308130348,40.97446280596996,40.53159038942652,1.9130481730501856,0.43261249143285596,True,True,2023
2023-01-25,PRIO3,LSTM,41.85277557373047,39.471967284840446,40.0822157481903,40.497659973064565,41.57973255566541,2.380808288890023,0.27304301806506004,True,True,2023
2023-01-26,PRIO3,LSTM,42.27210235595703,39.87044712723309,40.57403070013904,41.57259367381531,41.57779900842226,2.401655228723939,0.6943033475347704,True,True,2023
2023-01-27,PRIO3,LSTM,41.72298812866211,40.28872382752212,40.28872382752212,42.03595126212015,41.37117413578678,1.43426430113999,0.35181399287532855,True,True,2023
2023-01-30,PRIO3,LSTM,41.43344879150391,40.678884632655695,40.056212507725775,41.41131847966389,40.953017422036154,0.7545641588482184,0.4804313694677589,True,True,2023
2023-01-31,PRIO3,LSTM,42.03248596191406,40.93538941609751,40.98973533076895,41.109162611090206,41.74500893997233,1.0970965458165551,0.28747702194173286,True,False,2023
2023-02-01,PRIO3,LSTM,41.03409194946289,41.15190903968568,40.38537454781294,41.98725821155484,41.01115387771368,0.11781709022278619,0.022938071749209143,True,True,2023
2023-02-02,PRIO3,LSTM,39.98577499389648,41.28079625155749,40.7518572205816,40.94021874111765,41.10025723638977,1.2950212576610127,1.1144822424932954,True,True,2023
2023-02-03,PRIO3,LSTM,40.10558319091797,41.24605984598105,40.701128621405616,40.14750505508261,39.84613252274886,1.1404766550630825,0.25945066816910867,True,True,2023
2023-02-06,PRIO3,LSTM,41.133934020996094,41.12463730215717,41.86904060303741,40.45309238118643,41.527686458851456,0.009296718838925244,0.39375243785536185,False,True,2023
2023-02-07,PRIO3,LSTM,41.5632438659668,41.01856276938122,41.7623858024436,41.3389330939023,41.24409234214149,0.5446810965855775,0.31915152382530465,True,True,2023
2023-02-08,PRIO3,LSTM,42.48176574707031,41.01373269005609,42.18706659172755,41.53213276883773,42.190822425177664,1.4680330570142246,0.29094332189264804,True,True,2023
2023-02-09,PRIO3,LSTM,41.8927116394043,41.1357066594266,41.7577652234577,42.3515634637821,42.06173139054683,0.7570049799776939,0.1690197511425353,True,True,2023
2023-02-10,PRIO3,LSTM,42.68144607543945,41.32201701309896,42.084421875277414,41.670573665297105,42.14565763931436,1.3594290623404959,0.5357884361250953,True,True,2023
2023-02-13,PRIO3,LSTM,41.97258377075195,41.53912210084775,41.97985568725806,42.41784132466218,42.344871314840056,0.4334616699042044,0.3722875440881026,True,False,2023
2023-02-14,PRIO3,LSTM,40.79447555541992,41.71705214775585,40.95841136401604,41.80298516715656,40.81206795772679,0.922576592335929,0.017592402306867427,True,True,2023
2023-02-15,PRIO3,LSTM,40.834415435791016,41.7231382519372,41.71709196609384,40.622234920609586,41.415433023046226,0.8887228161461849,0.5810175872552108,True,False,2023
2023-02-16,PRIO3,LSTM,40.185455322265625,41.61087890299933,41.61087890299933,40.87966673713629,40.6890536070476,1.4254235807337068,0.5035982847819724,True,False,2023
2023-02-17,PRIO3,LSTM,38.14872360229492,41.4116781262091,40.405161893617354,40.394507087590455,39.33339135266848,3.262954523914175,1.1846677503735563,True,True,2023
2023-02-21,PRIO3,LSTM,38.14872360229492,41.00507667051852,40.99777756487604,38.23906613746513,39.11037986003425,2.856353068223598,0.9616562577393282,True,False,2023
2023-02-22,PRIO3,LSTM,37.53970336914063,40.553836976441914,40.01092516743928,38.84013283789708,37.969901919007874,3.0141336073012823,0.43019854986724226,True,True,2023
2023-02-23,PRIO3,LSTM,37.409915924072266,39.97310758702588,40.30404150935396,38.01173040974865,38.76764760838177,2.5631916629536136,1.3577316843095062,True,True,2023
2023-02-24,PRIO3,LSTM,37.53970336914063,39.38272484668238,38.54633947187385,37.86044202811105,36.50845755692716,1.8430214775417468,1.03124581221347,True,True,2023
2023-02-27,PRIO3,LSTM,36.960636138916016,38.895397414053946,38.892579161393556,37.68437784837045,38.543789551493475,1.9347612751379302,1.5831534125774596,True,False,2023
2023-02-28,PRIO3,LSTM,33.645957946777344,38.43182893399029,39.42712579613927,37.180794835697846,37.88028699263438,4.785870987212945,4.234329045857038,True,True,2023
2023-03-01,PRIO3,LSTM,33.326473236083984,37.63258525820629,37.738639953997385,33.56562290999951,32.72649484368948,4.306112022122306,0.5999783923945046,True,False,2023
2023-03-02,PRIO3,LSTM,33.905540466308594,36.52530914512295,35.74960775578867,33.812044121222435,33.077798175275035,2.619768678814353,0.8277422910335588,True,True,2023
2023-03-03,PRIO3,LSTM,34.65433883666992,35.56295923882334,36.17826710725497,34.252453606346435,35.46376183896769,0.9086204021534172,0.8094230022977698,True,True,2023
2023-03-06,PRIO3,LSTM,34.574466705322266,34.91353482058409,35.03103149774146,34.51361103458294,33.89074796012301,0.33906811526182423,0.6837187451992577,False,False,2023
2023-03-07,PRIO3,LSTM,33.536136627197266,34.52263878138834,33.81546609238586,34.47208412039428,33.74257743118753,0.9865021541910721,0.20644080399026166,True,True,2023
2023-03-08,PRIO3,LSTM,34.41472625732422,34.20698680034741,34.73133573369614,33.44076937009251,34.5876189654852,0.2077394569768103,0.17289270816097968,True,True,2023
2023-03-09,PRIO3,LSTM,33.37639236450195,33.98148608845807,33.25972163547589,34.435786647565436,33.04498544270234,0.6050937239561165,0.33140692179961206,True,True,2023
2023-03-10,PRIO3,LSTM,33.156742095947266,33.79206120160566,33.477937085314565,32.98299347248238,33.457280876308445,0.6353191056583967,0.30053878036117965,True,False,2023
2023-03-13,PRIO3,LSTM,31.719053268432617,33.559403871125,32.91795688250215,33.168069775925744,32.61500985512235,1.8403506026923822,0.895956586689735,True,True,2023
2023-03-14,PRIO3,LSTM,32.158348083496094,33.21966616682499,32.75438080190693,31.753162372100533,31.758610224895353,1.0613180833288993,0.39973785860074074,True,True,2023
2023-03-15,PRIO3,LSTM,31.100048065185547,32.91176307625881,32.24431930943057,32.43528636457878,31.980004634513975,1.811715011073261,0.8799565693284279,True,True,2023
2023-03-16,PRIO3,LSTM,31.64916610717773,32.54772690736229,32.58817829034814,30.959192031074622,31.515024556819636,0.8985608001845584,0.13414155035809472,True,False,2023
2023-03-17,PRIO3,LSTM,31.3196964263916,32.12031083921704,31.66504549416421,31.779207332678805,31.087050932662677,0.8006144128254391,0.23264549372892418,True,True,2023
2023-03-20,PRIO3,LSTM,30.940303802490234,31.787549348854213,31.218901503336504,31.31585501231715,31.114965445772103,0.847245546363979,0.17466164328186906,True,True,2023
2023-03-21,PRIO3,LSTM,31.669132232666016,31.54279469496163,32.206047096658985,31.00477629227015,32.03681379686177,0.12633753770438716,0.36768156419575604,False,True,2023
2023-03-22,PRIO3,LSTM,31.29972648620605,31.398443740754317,30.7701622175574,31.737192988910678,30.361081281800615,0.09871725454826574,0.9386452044054359,False,True,2023
2023-03-23,PRIO3,LSTM,29.882003784179688,31.337101052552867,30.622675150014633,31.24671466631973,31.197288135164012,1.45509726837318,1.3152843509843244,True,True,2023
2023-03-24,PRIO3,LSTM,30.231443405151367,31.184885476583247,31.120909647800765,29.701375451238594,30.17187938503115,0.9534420714318799,0.059564020120216554,True,False,2023
2023-03-27,PRIO3,LSTM,31.56929397583008,30.938110630950376,31.558820375157705,30.454886352271217,30.937481490564895,0.6311833448797053,0.6318124852651863,False,True,2023
2023-03-28,PRIO3,LSTM,31.828876495361328,30.819903034217816,31.10819749707306,31.383375309835255,31.110776122943424,1.008973461143512,0.7181003724179043,True,False,2023
2023-03-29,PRIO3,LSTM,31.88878059387207,30.83011802227611,30.558657175849532,31.36651363471464,30.992075082981618,1.05866257159596,0.8967055108904525,True,False,2023
2023-03-30,PRIO3,LSTM,32.29812240600586,30.930952310428353,30.938873967544183,31.428917851117543,31.767239072951966,1.3671700955775066,0.5308833330538931,True,False,2023
2023-03-31,PRIO3,LSTM,31.13998413085937,31.10698981039863,30.518786817361274,32.089407184354165,31.423059918613006,0.03299432046074102,0.28307578775363496,False,True,2023
2023-04-03,PRIO3,LSTM,32.348045349121094,31.271627778543774,31.892818272310457,31.009432447058312,32.15207254296911,1.0764175705773198,0.19597280615198542,True,True,2023
2023-04-04,PRIO3,LSTM,33.79571533203125,31.44047291937804,32.192729747104536,32.40362961899029,32.45821586737497,2.3552424126532117,1.3374994646562826,True,True,2023
2023-04-05,PRIO3,LSTM,33.4462776184082,31.60709363678808,31.792277405384002,33.22475418856425,32.915816592775954,1.839183981620124,0.5304610256322491,True,False,2023
2023-04-06,PRIO3,LSTM,34.804100036621094,31.825112661322493,32.58816162904243,32.93915197342749,33.6989753434778,2.978987375298601,1.1051246931432956,True,True,2023
2023-04-10,PRIO3,LSTM,34.8640022277832,32.07468888488671,32.07468888488671,34.35516504459463,33.636467282105016,2.7893133428964916,1.2275349456781868,True,True,2023
2023-04-11,PRIO3,LSTM,35.67270278930664,32.46609039750021,32.91188798062666,34.288986349855584,34.895168875963016,3.2066123918064307,0.7775339133436248,True,True,2023
2023-04-12,PRIO3,LSTM,36.37158203125,32.91566219949132,33.27811346644579,35.152393879621535,35.12543193216411,3.4559198317586777,1.246150099085888,True,True,2023
2023-04-13,PRIO3,LSTM,36.45145034790039,33.47725167626098,33.55130558049721,35.63315184970657,35.536641756771004,2.9741986716394138,0.9148085911293862,True,False,2023
2023-04-14,PRIO3,LSTM,36.62118148803711,34.05183028812908,33.96820014375536,35.73259381305057,35.72510985295971,2.569351199908027,0.8960716350773978,True,False,2023
2023-04-17,PRIO3,LSTM,36.0920295715332,34.59659617993435,34.59659617993435,36.03239914773027,36.18675010026555,1.4954333915988514,0.0947205287323456,True,False,2023
2023-04-18,PRIO3,LSTM,35.24339294433594,35.03532327950836,34.61126558497116,35.83067202873734,35.39939950392706,0.20806966482757616,0.15600655959111975,True,True,2023
2023-04-19,PRIO3,LSTM,34.2449951171875,35.26224340160107,34.83983981208628,35.15210273114997,35.10182667767772,1.0172482844135686,0.856831560490221,True,True,2023
2023-04-20,PRIO3,LSTM,33.94547653198242,35.22986927583551,34.77970066610808,34.315063751771284,34.13361481190378,1.2843927438530898,0.18813827992136112,True,True,2023
2023-04-21,PRIO3,LSTM,33.94547653198242,35.08824311267807,35.1610998107564,33.98914718525226,34.38985182217866,1.1427665806956497,0.4443752901962412,True,False,2023
2023-04-24,PRIO3,LSTM,34.97382354736328,34.88696087464237,34.88696087464237,33.97690972720777,33.82948783285477,0.08686267272091186,1.1443357145085145,False,False,2023
2023-04-25,PRIO3,LSTM,34.59443664550781,34.726375203492694,34.23200959870979,35.10564466919886,34.57657793478986,0.1319385579848813,0.01785871071795242,True,True,2023
2023-04-26,PRIO3,LSTM,33.4462776184082,34.64242917367142,34.10249624436429,34.53831258744605,34.4100755440483,1.1961515552632136,0.9637979256400939,True,True,2023
2023-04-27,PRIO3,LSTM,33.586055755615234,34.50990153203341,34.50990153203341,33.62034202019528,33.917854604138,0.923845776418176,0.33179884852276587,True,True,2023
2023-04-28,PRIO3,LSTM,34.69427490234375,34.29137703408125,34.76211057257176,33.77648721293766,34.091854984743364,0.4028978682624995,0.6024199176003862,False,True,2023
2023-05-01,PRIO3,LSTM,34.69427490234375,34.16790196183379,34.12673690770037,34.55787614425078,34.115665470647045,0.5263729405099582,0.5786094316967052,False,False,2023
2023-05-02,PRIO3,LSTM,33.46624755859375,34.0833517466142,33.61428683666845,34.4852009586139,34.127700096346985,0.6171041880204484,0.6614525377532345,False,True,2023
2023-05-03,PRIO3,LSTM,34.04531478881836,34.018664764588266,33.29724739065971,33.38605198724577,33.05446081123621,0.02665002423009355,0.9908539775821481,False,True,2023
2023-05-04,PRIO3,LSTM,32.64756393432617,33.93629131873331,33.25257080376547,34.12694766927727,33.94094676498516,1.2887273844071387,1.2933828306589916,False,True,2023
2023-05-05,PRIO3,LSTM,34.23501205444336,33.71688862454022,34.424240368141476,32.601371964515224,33.74337522474721,0.5181234299031416,0.49163682969614797,True,True,2023
2023-05-08,PRIO3,LSTM,34.45465850830078,33.56887171160622,34.71252489046645,34.34683393284228,34.67359529965071,0.8857867966945605,0.21893679134992539,True,True,2023
2023-05-09,PRIO3,LSTM,34.554500579833984,33.5528225051101,33.6644476534535,34.02979768936683,33.33436180638421,1.001678074723884,1.2201387734497757,False,False,2023
2023-05-10,PRIO3,LSTM,34.59443664550781,33.62318202215741,33.09779385715326,34.33600438866886,33.930531619120835,0.9712546233504042,0.6639050263869777,True,True,2023
2023-05-11,PRIO3,LSTM,34.764163970947266,33.774063284458634,33.99261627393958,34.431415562421364,35.10251899714363,0.9901006864886313,0.3383550261963677,True,True,2023
2023-05-12,PRIO3,LSTM,34.44467544555664,33.91045090492307,34.12988646283914,34.591823294091796,34.48478875047436,0.5342245406335735,0.040113304917717585,True,True,2023
2023-05-15,PRIO3,LSTM,34.41472625732422,34.051685624019626,33.51960175957419,34.332142980796355,33.63860141347622,0.3630406333045926,0.7761248438479953,False,True,2023
2023-05-16,PRIO3,LSTM,34.44467544555664,34.176763914986,34.78812870724294,34.40810792907936,35.504472490851725,0.2679115305706432,1.0597970452950847,False,True,2023
2023-05-17,PRIO3,LSTM,36.44146728515625,34.26469416457476,34.85162943493658,34.450800902005795,34.37484848555365,2.176773120581487,2.066618799602601,True,True,2023
2023-05-18,PRIO3,LSTM,36.29170608520508,34.39181477238051,34.39955269655936,36.060532235999744,35.721620604233905,1.8998913128245647,0.5700854809711728,True,False,2023
2023-05-19,PRIO3,LSTM,36.91071701049805,34.60607082813837,34.662638166031776,35.609098192403835,35.8525545582682,2.3046461823596758,1.058162452229844,True,False,2023
2023-05-22,PRIO3,LSTM,36.13196563720703,34.885623157112576,34.35643588263133,36.52728698040923,35.93619741356706,1.2463424800944551,0.19576822363997337,True,True,2023
2023-05-23,PRIO3,LSTM,36.102012634277344,35.16403859637953,35.793064071256744,35.785062541037455,36.89386331791434,0.937974037897817,0.7918506836369943,True,True,2023
2023-05-24,PRIO3,LSTM,35.89235305786133,35.40886643329219,36.03397378103272,35.992131530019236,35.95165401632115,0.4834866245691387,0.059300958459822084,True,True,2023
2023-05-25,PRIO3,LSTM,35.5728645324707,35.590011427291614,35.47779915110838,35.82970748114887,35.259424488869904,0.01714689482091103,0.31344004360079936,False,True,2023
2023-05-26,PRIO3,LSTM,35.293312072753906,35.539717673191205,35.49195097511772,35.24297151933412,35.48437401102421,0.2464056004372992,0.19106193827030182,True,False,2023
2023-05-29,PRIO3,LSTM,35.06367874145508,35.495387484261784,35.39916781127264,35.109522886375885,35.08994021000796,0.43170874280670546,0.026261468552881695,True,False,2023
2023-05-30,PRIO3,LSTM,34.07527160644531,35.39951602602923,34.792445284136114,35.11228321216227,34.54711308447165,1.3242444195839198,0.47184147802633447,True,True,2023
2023-05-31,PRIO3,LSTM,34.13516998291016,35.146743576611385,35.146743576611385,33.897790903257516,34.47020374566554,1.0115735937012218,0.3350337627553799,True,False,2023
2023-06-01,PRIO3,LSTM,34.115203857421875,34.83900727525375,35.416326760476665,34.283417208788975,34.68895861175128,0.7238034178318742,0.573754754329407,True,True,2023
2023-06-02,PRIO3,LSTM,35.26335906982422,34.56545425199522,34.99782053615229,34.19234166438869,34.07892201449863,0.6979048178289986,1.1844370553255885,False,True,2023
2023-06-05,PRIO3,LSTM,35.293312072753906,34.45619370494984,34.84742914520154,35.05678314050729,35.21182456510568,0.8371183678040666,0.08148750764822665,True,False,2023
2023-06-06,PRIO3,LSTM,34.22502899169922,34.52061858964805,34.27046458821274,35.138622794411916,34.609976163372146,0.2955895979488332,0.3849471716729269,False,True,2023
2023-06-07,PRIO3,LSTM,34.73421096801758,34.45086155606836,34.896877927493165,34.04364508152852,34.7764802709046,0.28334941194921726,0.042269302887021354,True,True,2023
2023-06-08,PRIO3,LSTM,34.73421096801758,34.35496286694462,34.40237477176101,34.48603147959034,34.13976257478222,0.37924810107296025,0.5944483932353606,False,False,2023
2023-06-09,PRIO3,LSTM,34.424705505371094,34.267880178844194,34.267880178844194,34.35263449346922,34.45457040947111,0.1568253265268993,0.029864904100016076,True,False,2023
2023-06-12,PRIO3,LSTM,33.086856842041016,34.22326406555726,33.514077195664335,34.317379666392384,33.59089509971879,1.136407223516244,0.5040382576777773,True,True,2023
2023-06-13,PRIO3,LSTM,34.28493118286133,34.06365019683699,34.58424014970699,33.076299116506824,34.19357653040297,0.22128098602433965,0.09135465245835661,True,True,2023
2023-06-14,PRIO3,LSTM,35.34323501586914,33.91704078059146,34.025012137636395,34.405885805252545,33.85959247873234,1.426194235277677,1.4836425371368023,False,True,2023
2023-06-15,PRIO3,LSTM,35.542911529541016,33.880197384809065,33.33989458414481,35.1154984264186,34.539723424964606,1.6627141447319502,1.0031881045764095,True,True,2023
2023-06-16,PRIO3,LSTM,36.21183776855469,34.01355556862842,34.04345051385272,34.95435131801587,35.5408035020673,2.1982821999262683,0.6710342664873892,True,False,2023
2023-06-19,PRIO3,LSTM,36.002174377441406,34.20847088391736,34.67755771502577,35.81013123096115,36.122130995916876,1.793703493524049,0.11995661847547012,True,True,2023
2023-06-20,PRIO3,LSTM,36.102012634277344,34.49172491216294,34.54694143024887,35.38435555205894,35.117569257961286,1.610287722114407,0.984443376316058,True,False,2023
2023-06-21,PRIO3,LSTM,38.60798645019531,34.770543709005665,35.32062569811206,35.83103405009579,36.41332438493806,3.8374427411896477,2.194662065257255,True,True,2023
2023-06-22,PRIO3,LSTM,38.238582611083984,35.080075547251255,34.45726625863556,38.13327758436377,36.99513681075128,3.1585070638327295,1.243445800332701,True,True,2023
2023-06-23,PRIO3,LSTM,38.14872360229492,35.50845150431101,35.50845150431101,37.64493718198251,38.21327814773629,2.6402720979839103,0.06455454544136785,True,True,2023
2023-06-26,PRIO3,LSTM,36.9806022644043,35.91053093013306,35.78528459969652,37.59255113082103,37.35567923673854,1.0700713342712334,0.37507697233424153,True,True,2023
2023-06-27,PRIO3,LSTM,35.74259185791016,36.23346717456778,35.493483795493646,36.651734156083194,36.03513040346197,0.49087531665761475,0.2925385455518068,True,True,2023
2023-06-28,PRIO3,LSTM,36.08204650878906,36.283505639063264,36.58061550390971,35.67076153084753,36.58055527620187,0.20145913027420193,0.49850876741280814,False,True,2023
2023-06-29,PRIO3,LSTM,36.23180770874024,36.24796081640457,36.38603965788612,36.01629236701017,35.789701834104164,0.01615310766432998,0.4421058746360771,False,False,2023
2023-06-30,PRIO3,LSTM,37.020538330078125,36.19804148705805,36.69441048966897,36.28041060951741,36.68364304501568,0.8224968430200761,0.3368952850624467,True,True,2023
2023-07-03,PRIO3,LSTM,37.35999298095703,36.219266264811296,36.27724833952235,36.78229430645702,36.48016329378191,1.1407267161457355,0.8798296871751248,True,False,2023
2023-07-04,PRIO3,LSTM,37.979000091552734,36.333562824796445,36.333562824796445,36.98780572929456,37.09131153733711,1.6454372667562893,0.8876885542156217,True,False,2023
2023-07-05,PRIO3,LSTM,38.558067321777344,36.539884479633315,37.10887387851879,37.76186596761544,38.306330789898254,2.0181828421440287,0.2517365318790894,True,True,2023
2023-07-06,PRIO3,LSTM,38.08882522583008,36.85111314278629,36.25626927884715,38.30284350428092,37.19472340176966,1.2377120830437889,0.8941018240604208,True,True,2023
2023-07-07,PRIO3,LSTM,39.286895751953125,37.1546456753162,37.69551744530083,37.8391768375303,39.00829665027817,2.1322500766369217,0.2785991016749563,True,True,2023
2023-07-10,PRIO3,LSTM,39.42667388916016,37.4513194271272,37.97285603825335,38.901742369700365,38.881057522944346,1.9753544620329606,0.5456163662158175,True,False,2023
2023-07-11,PRIO3,LSTM,40.63473510742188,37.79451375267786,38.34970405789138,39.10872320570779,39.30859063600215,2.840221354744024,1.326144471419731,True,True,2023
2023-07-12,PRIO3,LSTM,41.48336791992188,38.150203653424114,38.788490443459615,40.26248135304992,40.49821130094756,3.333164266497768,0.9851566189743224,True,True,2023
2023-07-13,PRIO3,LSTM,42.82122039794922,38.598727066104345,38.73050711336714,40.96377860418602,40.63548648043577,4.222493331844873,2.1857339175134456,True,True,2023
2023-07-14,PRIO3,LSTM,41.45341873168945,39.15122823293876,38.23428956847703,42.21106233745617,41.29143826125091,2.30219049875069,0.16198047043854302,True,True,2023
2023-07-17,PRIO3,LSTM,41.922664642333984,39.67470126976281,40.11091554741979,40.635615099670886,42.009435979777486,2.247963372571178,0.0867713374435013,True,False,2023
2023-07-18,PRIO3,LSTM,43.11075592041016,40.11342496547542,40.709089068243934,41.64857675721275,41.670209947831,2.997330954934746,1.4405459725791658,True,True,2023
2023-07-19,PRIO3,LSTM,44.069217681884766,40.60315892811292,41.33821761021038,42.81668408240004,43.09930471115396,3.466058753771847,0.9699129707308032,True,True,2023
2023-07-20,PRIO3,LSTM,44.12911987304688,41.142640325096295,41.93299127657934,43.61253454805355,43.86029511899514,2.9864795479505872,0.26882475405174233,True,True,2023
2023-07-21,PRIO3,LSTM,45.097564697265625,41.73061653543073,42.45957597591564,43.695518146377985,43.87608801626149,3.366948161834898,1.221476681004134,True,True,2023
2023-07-24,PRIO3,LSTM,46.0959587097168,42.312486218415415,43.28230155772677,44.721084135450006,45.189135872789095,3.7834724913013815,0.9068228369277023,True,True,2023
2023-07-25,PRIO3,LSTM,44.88790130615234,42.96793717326153,42.51988823191167,45.68009936378086,44.50398353510702,1.9199641328908044,0.38391777104531855,True,True,2023
2023-07-26,PRIO3,LSTM,45.51689147949219,43.53294753073715,43.302359543980295,44.32196851484239,44.74600803908905,1.9839439487550408,0.7708834404031393,True,False,2023
2023-07-27,PRIO3,LSTM,45.01769256591797,43.89518986467641,44.09695808091216,45.28743752690168,45.579453672518824,1.122502701241558,0.561761106600855,True,True,2023
2023-07-28,PRIO3,LSTM,45.08758163452149,44.26767441756516,44.22200287250941,44.73009577957215,44.517323288588415,0.8199072169563308,0.5702583459330768,True,False,2023
2023-07-31,PRIO3,LSTM,45.54684066772461,44.55118543734636,46.27090737441251,45.10640765701944,46.88338468630364,0.9956552303782473,1.3365440185790334,False,True,2023
2023-08-01,PRIO3,LSTM,45.72655487060547,44.838866187341296,44.90550610938261,45.43251441344869,44.01527590316329,0.887688683264173,1.7112789674421762,False,False,2023
2023-08-02,PRIO3,LSTM,45.17743682861328,45.07736454398258,44.427949233892186,45.72460941867287,45.32907268074982,0.1000722846306985,0.1516358521365362,False,True,2023
2023-08-03,PRIO3,LSTM,47.08437347412109,45.25413047029224,46.21670445360383,45.21135653613834,46.72328804488527,1.8302430038288477,0.3610854292358141,True,True,2023
2023-08-04,PRIO3,LSTM,47.49371719360352,45.49132855187912,45.70043356416871,47.12062627999389,46.31432883425654,2.0023886417244015,1.17938835934698,True,True,2023
2023-08-07,PRIO3,LSTM,47.73333358764648,45.82043769896086,45.77316414749523,47.08776279411618,47.081466524506126,1.9128958886856182,0.6518670631403509,True,False,2023
2023-08-08,PRIO3,LSTM,47.78325271606445,46.18330974725893,46.24143908167798,47.338304240992784,47.522019639581124,1.5999429688055216,0.26123307648332883,True,False,2023
2023-08-09,PRIO3,LSTM,48.0428352355957,46.51611208395855,47.11491189956601,47.60616352015904,48.1250172779062,1.5267231516371567,0.08218204231049953,True,True,2023
2023-08-10,PRIO3,LSTM,47.30402374267578,46.89480528003901,47.175792877415574,47.79915384631849,47.60930427441334,0.40921846263677253,0.30528053173755865,True,False,2023
2023-08-11,PRIO3,LSTM,48.28245162963867,47.20452603259224,48.7047821782394,47.33276084087464,48.686852554774795,1.0779255970464305,0.40440092513612313,True,True,2023
2023-08-14,PRIO3,LSTM,48.51208114624024,47.44314012052109,47.57311514552646,48.194664580825915,47.09710803368926,1.0689410257191483,1.4149731125509817,False,False,2023
2023-08-15,PRIO3,LSTM,46.74491882324219,47.68237030736316,46.68556661018108,48.48017770810921,47.626402373224806,0.9374514841209702,0.8814835499826188,True,True,2023
2023-08-16,PRIO3,LSTM,45.90626525878906,47.73193733705489,48.383850238308135,46.78613867211151,48.30703610368872,1.825672078265825,2.400770844899661,False,True,2023
2023-08-17,PRIO3,LSTM,45.307228088378906,47.66554842432947,48.50291078306417,46.331760811016345,46.4143553603164,2.358320335950566,1.1071272719374932,True,True,2023
2023-08-18,PRIO3,LSTM,45.097564697265625,47.49041975535272,48.10754437834898,45.67889512678685,45.74045515979031,2.3928550580870933,0.642890462524683,True,False,2023
2023-08-21,PRIO3,LSTM,44.67823791503906,47.17886432150544,47.17886432150544,45.44260908652422,45.10104836558135,2.500626406466381,0.4228104505422863,True,False,2023
2023-08-22,PRIO3,LSTM,45.02767562866211,46.844795748365414,46.844795748365414,45.01381222917015,45.1704606233922,1.8171201197033042,0.14278499473009276,True,False,2023
2023-08-23,PRIO3,LSTM,45.77647399902344,46.52507785488342,45.74138352025322,45.50227579866798,44.668255528937166,0.748603855859983,1.1082184700862712,False,True,2023
2023-08-24,PRIO3,LSTM,45.986141204833984,46.25616599664238,46.25297863389846,45.855082925567885,46.564614759406254,0.270024791808396,0.5784735545722697,False,False,2023
2023-08-25,PRIO3,LSTM,46.31560897827149,46.12710859170062,46.12710859170062,45.92740506563576,45.819399796215194,0.18850038657087254,0.4962091820562975,False,False,2023
2023-08-28,PRIO3,LSTM,46.61512756347656,46.096960591289985,46.096960591289985,46.2050437050987,46.24110671244513,0.5181669721865774,0.3740208510314318,True,False,2023
2023-08-29,PRIO3,LSTM,45.77647399902344,46.139886687392334,46.139886687392334,46.44670240137317,46.485493711465395,0.3634126883688964,0.7090197124419575,False,False,2023
2023-08-30,PRIO3,LSTM,45.73654174804688,46.17107286552965,46.84432245748337,45.81404674469038,46.465727134344974,0.43453111748276996,0.7291853862980915,False,True,2023
2023-08-31,PRIO3,LSTM,46.34555816650391,46.15891767647395,45.39454799559583,45.92393034908845,44.54489259145001,0.18664049002996563,1.8006655750539053,False,True,2023
2023-09-01,PRIO3,LSTM,46.87471008300781,46.17571573247784,46.95138763638063,46.501896267707274,48.01725424078788,0.698994350529972,1.1425441577800655,False,True,2023
2023-09-04,PRIO3,LSTM,46.535255432128906,46.29674342837944,46.069148412502074,46.75421683175356,45.74629787902472,0.23851200374946302,0.7889575531041828,False,False,2023
2023-09-05,PRIO3,LSTM,47.41384506225586,46.446026577753855,47.066833977417595,46.58381062925284,47.51779986013191,0.9678184845020041,0.10395479787604955,True,True,2023
2023-09-06,PRIO3,LSTM,46.714969635009766,46.644488716620515,46.59073506189096,47.33061127703321,46.72830087237947,0.07048091838925075,0.013331237369705207,True,False,2023
2023-09-07,PRIO3,LSTM,46.714969635009766,46.83221167277344,46.83221167277344,46.57860890455035,46.80175544303859,0.11724203776367403,0.08678580802882152,True,False,2023
2023-09-08,PRIO3,LSTM,47.41384506225586,46.99090309505459,46.99090309505459,46.75467990698586,46.793773332376325,0.4229419672012682,0.620071729879534,False,False,2023
2023-09-11,PRIO3,LSTM,47.63349151611328,47.105943398755414,46.36539110794647,47.57389315794137,46.784943734775624,0.5275481173578669,0.8485477813376576,False,True,2023
2023-09-12,PRIO3,LSTM,48.03285217285156,47.25524697129822,48.085401377877545,47.696719808167416,49.1163800432997,0.7776052015533423,1.0835278704481368,False,True,2023
2023-09-13,PRIO3,LSTM,48.12270736694336,47.47992224679831,48.096910457628866,47.942236065837896,47.75990704464777,0.6427851201450494,0.3628003222955911,True,False,2023
2023-09-14,PRIO3,LSTM,49.171024322509766,47.712113248267315,48.345021890898025,48.18935222722804,48.41099167196959,1.458911074242451,0.7600326505401753,True,True,2023
2023-09-15,PRIO3,LSTM,49.32078170776367,48.00436538412106,48.38315383980929,49.04622240361175,49.021621850285875,1.3164163236426134,0.2991598574777967,True,False,2023
2023-09-18,PRIO3,LSTM,48.08277130126953,48.31214933953828,47.7944339255477,49.241452601071494,48.477737186558294,0.2293780382687487,0.3949658852887623,False,True,2023
2023-09-19,PRIO3,LSTM,48.63188934326172,48.57474022716144,48.81691193924001,47.9945236462269,48.839375842901156,0.05714911610027684,0.20748649963943677,False,False,2023
2023-09-20,PRIO3,LSTM,48.63188934326172,48.77619776405919,48.77619776405919,48.76179542933399,48.51290771877504,0.14430842079747208,0.11898162448667904,True,False,2023
2023-09-21,PRIO3,LSTM,46.36552810668945,48.95561870226004,47.98048583892557,48.878258376953355,47.90625985173199,2.5900905955705866,1.5407317450425353,True,True,2023
2023-09-22,PRIO3,LSTM,46.68501281738281,48.877881315630475,48.87465802608288,46.527386448969494,47.4686417580909,2.1928684982476625,0.7836289407080841,True,False,2023
2023-09-25,PRIO3,LSTM,46.9046630859375,48.67723730160708,48.67723730160708,47.165359483888615,47.04528931554804,1.7725742156695787,0.1406262296105396,True,False,2023
2023-09-26,PRIO3,LSTM,46.85474395751953,48.425280076994284,47.53617780092009,47.39445001676079,46.4557743585443,1.5705361194747525,0.39896959897522777,True,True,2023
2023-09-27,PRIO3,LSTM,48.2225456237793,48.15351918676231,49.02677416413389,47.21409207860282,48.79632564268193,0.06902643701698707,0.5737800189026316,False,True,2023
2023-09-28,PRIO3,LSTM,47.16424560546875,48.03268891482185,47.237290475134145,48.482108025853805,46.71062229696397,0.868443309353097,0.45362330850478116,True,True,2023
2023-09-29,PRIO3,LSTM,46.96456909179688,47.932540504741496,48.268367042443025,47.04328910397247,48.28722738801671,0.967971412944614,1.322658296219828,False,False,2023
2023-10-02,PRIO3,LSTM,45.32719802856445,47.80535181970777,47.09458967655155,47.209516359729705,46.03553763209985,2.4781537911433134,0.7083396035353999,True,True,2023
2023-10-03,PRIO3,LSTM,45.097564697265625,47.59246752009369,48.498191566424246,45.70523758295061,47.26676270145602,2.4949028228280667,2.1691980041903918,True,True,2023
2023-10-04,PRIO3,LSTM,43.82960510253906,47.26775275807802,46.55851182892088,45.65962351136295,44.0124700524631,3.4381476555389554,0.18286494992403846,True,True,2023
2023-10-05,PRIO3,LSTM,43.6399040222168,46.831071379204786,46.093408268642314,44.39397416811832,44.40728082105951,3.1911673569879895,0.7673767988427116,True,True,2023
2023-10-06,PRIO3,LSTM,44.46857452392578,46.32751773928749,46.9467411247897,44.28563325367252,45.37394235556061,1.8589432153617054,0.9053678316348268,True,True,2023
2023-10-09,PRIO3,LSTM,48.37230682373047,45.87144115816295,46.83095356917062,44.94894906293755,45.181167590449625,2.5008656655675168,3.1911392332808433,False,True,2023
2023-10-10,PRIO3,LSTM,48.17262649536133,45.755883467529486,45.75441460079219,48.19289784497992,47.45004354226952,2.416743027831842,0.7225829530918091,True,False,2023
2023-10-11,PRIO3,LSTM,47.52366638183594,45.9630390684091,45.17130731353353,47.61316092422245,46.96713505167196,1.560627313426835,0.5565313301639776,True,True,2023
2023-10-12,PRIO3,LSTM,47.52366638183594,46.25925670279264,46.25925670279264,46.969167863369826,47.72701774909026,1.2644096790432968,0.2033513672543208,True,False,2023
2023-10-13,PRIO3,LSTM,49.91981887817383,46.5833587697565,47.31517208402225,47.41150223674087,47.9504806222452,3.3364601084173273,1.9693382559286263,True,True,2023
2023-10-16,PRIO3,LSTM,49.72013854980469,47.042202690198394,46.92038735196429,49.554175698640734,48.83456749938946,2.6779358596062934,0.8855710504152299,True,False,2023
2023-10-17,PRIO3,LSTM,50.11949920654297,47.593281042968044,48.229422888089886,49.31120529032704,50.16064127000533,2.5262181635749243,0.0411420634623596,True,True,2023
2023-10-18,PRIO3,LSTM,50.11949920654297,48.11823816336204,48.9567418020265,49.8394470345541,50.0797637886987,2.001261043180932,0.039735417844269705,True,True,2023
2023-10-19,PRIO3,LSTM,49.94977188110352,48.6367177355138,48.761164247503785,49.73599799916258,49.33222582578748,1.3130541455897244,0.6175460553160406,True,False,2023
2023-10-20,PRIO3,LSTM,49.62030029296875,49.04804034696474,48.209114538427386,49.85601474818869,49.03740859819773,0.5722599460040101,0.5828916947710212,False,True,2023
2023-10-23,PRIO3,LSTM,48.761680603027344,49.36340129785606,48.684924990919015,49.66922549946455,49.69779504194954,0.6017206948287139,0.9361144389221963,False,True,2023
2023-10-24,PRIO3,LSTM,48.77166366577149,49.54360512417867,48.976290091908474,48.97490232079087,48.811294515252605,0.7719414584071771,0.03963084948111373,True,True,2023
2023-10-25,PRIO3,LSTM,48.28245162963867,49.64487000079788,50.02917975228177,49.1751705041736,49.875133241485884,1.3624183711592082,1.5926816118472118,False,True,2023
2023-10-26,PRIO3,LSTM,47.92302703857422,49.65918664184193,48.93977910485134,48.70951707562688,47.525593618179606,1.7361596032677085,0.3974334203946128,True,True,2023
2023-10-27,PRIO3,LSTM,47.693397521972656,49.51889989814498,50.07749231225917,48.35281016677831,49.55634605731924,1.8255023761723237,1.8629485353465824,False,True,2023
2023-10-30,PRIO3,LSTM,46.2856559753418,49.27778737594929,48.425449174654915,48.12228698044639,46.61353056307204,2.992131400607491,0.3278745877302427,True,True,2023
2023-10-31,PRIO3,LSTM,47.62350845336914,48.936621751792416,49.63827975835035,46.76022722780165,48.27433221482462,1.313113298423275,0.6508237614554773,True,True,2023
2023-11-01,PRIO3,LSTM,47.99291610717773,48.62142759010965,47.991386933998164,48.17410707637613,46.70292890374829,0.6285114829319198,1.2899872034294404,False,True,2023
2023-11-02,PRIO3,LSTM,47.99291610717773,48.451653195113465,48.9886543433297,48.2491452707958,49.40046409964806,0.458737087935738,1.4075479924703345,False,True,2023
2023-11-03,PRIO3,LSTM,48.12270736694336,48.361433848733896,47.74628840520814,48.14719997093873,46.90399897630229,0.23872648179053613,1.2187083906410692,False,True,2023
2023-11-06,PRIO3,LSTM,47.93301010131836,48.380614607717064,48.380614607717064,48.14649905860862,48.83254820273373,0.4476045063987044,0.8995381014153736,False,False,2023
2023-11-07,PRIO3,LSTM,46.74491882324219,48.407314496530546,47.32582983736563,48.135948331201526,46.90044721474628,1.6623956732883585,0.1555283915040917,True,True,2023
2023-11-08,PRIO3,LSTM,45.40706634521485,48.29520151363283,47.50152417579421,47.01049391427591,47.119760805521004,2.888135168417982,1.7126944603061531,True,True,2023
2023-11-09,PRIO3,LSTM,44.65827178955078,47.99136944129981,48.63283222002166,45.88682518865015,46.98543002918259,3.3330976517490285,2.3271582396318067,True,True,2023
2023-11-10,PRIO3,LSTM,46.39548110961914,47.59059880018566,46.917420825957656,45.335436249842836,43.933727041782866,1.1951176905665193,2.4617540678362744,False,True,2023
2023-11-13,PRIO3,LSTM,46.22575378417969,47.20542465200157,47.836382326694626,46.930138715921466,48.156695506828456,0.9796708678218806,1.9309417226487682,False,True,2023
2023-11-14,PRIO3,LSTM,46.914649963378906,46.96321268257401,46.909091726615706,46.232459680121025,45.58616776718881,0.04856271919510391,1.3284821961900946,False,False,2023
2023-11-15,PRIO3,LSTM,46.914649963378906,46.82011434936152,46.82011434936152,46.85619187331514,47.05227737473133,0.09453561401738853,0.13762741135242607,False,False,2023
2023-11-16,PRIO3,LSTM,45.25730895996094,46.74963399523455,46.04383550205558,46.90600981409274,46.141912054688696,1.492325035273609,0.8846030947277583,True,True,2023
2023-11-17,PRIO3,LSTM,46.40546417236328,46.560515455908046,47.17434739473714,45.30530151990768,46.52339853475376,0.15505128354476483,0.1179343623904785,True,True,2023
2023-11-20,PRIO3,LSTM,47.45378112792969,46.41762475824089,46.97498942544682,46.661024066391704,46.490631185534454,1.036156369688797,0.9631499423952334,True,True,2023
2023-11-21,PRIO3,LSTM,47.90305709838867,46.455925006702046,46.75103742278316,47.24749613147083,47.22018141638088,1.4471320916866262,0.6828756820077899,True,False,2023
2023-11-22,PRIO3,LSTM,47.16424560546875,46.60118138804148,46.284800297603695,47.50334388254259,47.097083333541164,0.563064217427268,0.06716227192758595,True,False,2023
2023-11-23,PRIO3,LSTM,47.16424560546875,46.7300583883291,46.787828243681034,46.78034859222073,47.259594736045585,0.4341872171396517,0.09534913057683525,True,False,2023
2023-11-24,PRIO3,LSTM,47.13429260253906,46.90407059076699,46.90407059076699,47.02413163834296,47.00314087502209,0.2302220117720708,0.13115172751697202,True,False,2023
2023-11-27,PRIO3,LSTM,46.14588165283203,47.04290048178518,46.34121146268322,47.221193020075674,46.49050691379286,0.8970188289531507,0.34462526096083224,True,True,2023
2023-11-28,PRIO3,LSTM,46.016090393066406,47.040163777220414,47.6876502602101,46.28347298217793,47.50589059167583,1.0240733841540077,1.489800198609423,False,True,2023
2023-11-29,PRIO3,LSTM,45.83638000488281,46.92469118312192,47.14591024352064,46.08310117931342,45.727982571757536,1.0883111782391097,0.10839743312527617,True,False,2023
2023-11-30,PRIO3,LSTM,45.85634613037109,46.775363783549324,47.40057317385482,46.11410958806294,46.62358477859315,0.919017653178237,0.7672386482220617,True,True,2023
2023-12-01,PRIO3,LSTM,44.49852752685547,46.651463228626994,45.9476335256258,46.15015903700848,44.91173338505419,2.1529357017715256,0.41320585819872235,True,True,2023
2023-12-04,PRIO3,LSTM,44.14908981323242,46.40683451760617,45.64673547611888,44.79740547114569,44.728919462866976,2.2577447043737493,0.5798296496345543,True,True,2023
2023-12-05,PRIO3,LSTM,43.09078979492188,46.050028150321054,45.234180736746765,44.6018476997259,44.25781897566603,2.9592383553991723,1.1670291807441444,True,True,2023
2023-12-06,PRIO3,LSTM,41.3735466003418,45.60066398387528,44.94784152926787,43.55875595809599,43.43834866625912,4.227117383533482,2.06480206591732,True,True,2023
2023-12-07,PRIO3,LSTM,42.35197448730469,44.928626012432005,45.961030543288764,41.912309828962705,43.36071982957079,2.5766515251273177,1.0087453422661028,True,True,2023
2023-12-08,PRIO3,LSTM,44.47855758666992,44.283808720596255,44.792539962724284,42.968685960711596,42.39776990711251,0.1947488660736667,2.0807876795574103,False,True,2023
2023-12-11,PRIO3,LSTM,44.60835266113281,43.833474453651775,44.112876355853686,44.386229262888605,44.401857168061575,0.7748782074810379,0.2064954930712375,True,False,2023
2023-12-12,PRIO3,LSTM,43.72976303100586,43.67340787136544,42.95899635627865,44.36513165324493,43.43673812541365,0.05635515964041815,0.29302490559221184,False,True,2023
2023-12-13,PRIO3,LSTM,45.22735595703125,43.60703597794702,44.28372309796003,43.553966248747,44.848855197050675,1.620319979084229,0.3785007599805752,True,True,2023
2023-12-14,PRIO3,LSTM,47.27999877929688,43.67088901393021,44.364233371877766,45.12490421251745,45.02494760312081,3.609109765366675,2.2550511761760745,True,True,2023
2023-12-15,PRIO3,LSTM,46.25,43.99368740197826,43.44390120651435,46.83810563765057,45.71829989119894,2.2563125980217364,0.5317001088010613,True,True,2023
2023-12-18,PRIO3,LSTM,46.09999847412109,44.332620093057415,44.4897768707733,45.38269200411591,46.24256118511374,1.767378381063672,0.1425627109926566,True,False,2023
2023-12-19,PRIO3,LSTM,46.709999084472656,44.71942128699021,44.71942128699021,45.628633277747255,45.49774621265988,1.9905777974824446,1.2122528718127796,True,False,2023
2023-12-20,PRIO3,LSTM,45.540000915527344,45.13736781272354,44.507244805520244,46.556068985620286,45.897314927468216,0.4026331028038044,0.357314011940872,True,True,2023
2023-12-21,PRIO3,LSTM,45.15999984741211,45.470759017445175,45.470759017445175,45.26851149238756,45.91873681529029,0.31075917003306586,0.7587369678781783,False,False,2023
2023-12-22,PRIO3,LSTM,45.369998931884766,45.62762597001648,45.62762597001648,45.13687196665884,45.13089386872322,0.25762703813171584,0.23910506316154567,True,False,2023
2023-12-26,PRIO3,LSTM,45.91999816894531,45.68649575291158,46.19929878653278,45.60409743450264,46.050254632477674,0.2335024160337298,0.13025646353236198,True,True,2023
2023-12-27,PRIO3,LSTM,45.93999862670898,45.72711743484683,45.6219620869326,45.83987764523842,45.37446611143942,0.21288119186214516,0.5655325152695596,False,False,2023
2023-12-28,PRIO3,LSTM,46.04999923706055,45.7808371754453,45.80792550773034,45.77649179851628,46.058460893324906,0.2691620616152477,0.008461656264358908,True,False,2023
2023-12-29,PRIO3,LSTM,46.04999923706055,45.83404974069532,45.731988346660394,45.882855704026966,45.817036216095325,0.21594949636522642,0.23296302096522226,False,False,2023
2024-01-02,PRIO3,LSTM,45.34999847412109,45.85704963216813,45.73336287533888,45.85010771803735,45.89494913667214,0.5070511580470409,0.5449506625510523,False,False,2024
2024-01-03,PRIO3,LSTM,46.880001068115234,45.894621454289904,46.572343408524496,45.48360187069567,46.218716974523694,0.9853796138253301,0.6612840935915401,True,True,2024
2024-01-04,PRIO3,LSTM,46.41999816894531,45.913924752283435,45.77302759187827,46.72447209894053,46.03466319713583,0.5060734166618772,0.3853349718094847,True,False,2024
2024-01-05,PRIO3,LSTM,46.08000183105469,46.03352963412027,46.06987701288453,46.132564378367626,46.489976750509875,0.04647219693441684,0.4099749194551876,False,False,2024
2024-01-08,PRIO3,LSTM,45.75,46.11780243463585,45.50906106726479,46.11795152711221,45.417870899092,0.3678024346358484,0.3321291009079985,True,True,2024
2024-01-09,PRIO3,LSTM,46.27999877929688,46.08766124194801,46.76426177579721,45.8329477693324,46.98284810368562,0.1923375373488696,0.7028493243887368,False,True,2024
2024-01-10,PRIO3,LSTM,44.34999847412109,46.09942158308144,45.300340729587525,46.40525234128291,44.87892423204432,1.7494231089603502,0.5289257579232327,True,True,2024
2024-01-11,PRIO3,LSTM,45.5,45.952640271835264,46.69557749424761,44.4868000606277,46.014446328248546,0.45264027183526423,0.5144463282485461,False,True,2024
2024-01-12,PRIO3,LSTM,46.08000183105469,45.79378886806836,45.71486099533387,45.61672694735029,44.83110470039395,0.28621296298632615,1.2488971306607368,False,False,2024
2024-01-15,PRIO3,LSTM,47.06999969482422,45.79705997887277,46.502071548035744,46.19460341434648,47.03186835330971,1.272939715951452,0.038131341514507255,True,True,2024
2024-01-16,PRIO3,LSTM,45.880001068115234,45.90476836512022,45.278688268283645,46.996058256233994,45.70186734755538,0.024767297004984812,0.1781337205598561,False,True,2024
2024-01-17,PRIO3,LSTM,45.04999923706055,46.054041302910434,46.32005723217365,45.648618418885384,46.661284812666146,1.0040420658498874,1.6112855756055993,False,False,2024
2024-01-18,PRIO3,LSTM,44.7599983215332,46.006183011640985,46.055440425493984,45.03088991056658,44.85043596061432,1.246184690107782,0.09043763908111657,True,False,2024
2024-01-19,PRIO3,LSTM,44.61000061035156,45.90571123472773,46.110063871487455,44.91150885054006,45.20277690973281,1.29571062437617,0.5927762993812493,True,False,2024
2024-01-22,PRIO3,LSTM,44.15999984741211,45.75637362357094,46.42828427038651,44.96747873098033,45.43620635140964,1.5963737761588277,1.2762065039975283,True,True,2024
2024-01-23,PRIO3,LSTM,44.33000183105469,45.56774864414729,45.41046816200411,44.32867875170925,43.73094696781975,1.237746813092599,0.5990548632349402,True,False,2024
2024-01-24,PRIO3,LSTM,44.59999847412109,45.37512753144125,45.5640980125144,44.49862542502131,44.99915762384338,0.7751290573201643,0.39915914972229416,True,False,2024
2024-01-25,PRIO3,LSTM,44.79999923706055,45.22113343789067,45.8403851666254,44.870189334217145,45.25149614387895,0.4211342008301244,0.4514969068184058,False,True,2024
2024-01-26,PRIO3,LSTM,45.68999862670898,45.11300297282975,45.78438123207644,44.96590757733629,45.10497878785872,0.57699565387923,0.5850198388502577,False,True,2024
2024-01-29,PRIO3,LSTM,44.7599983215332,45.07134651702921,44.40067378777074,45.707487407351046,44.52076760829533,0.31134819549600934,0.23923071323787326,True,True,2024
2024-01-30,PRIO3,LSTM,44.09000015258789,45.066802362061594,44.983819903729334,44.551493113747405,45.225107724593755,0.9768022094737034,1.1351075720058645,False,False,2024
2024-01-31,PRIO3,LSTM,43.93000030517578,44.92307431449029,44.79681389268944,44.02203639381307,43.93133615530155,0.9930740093145118,0.0013358501257698663,True,False,2024
2024-02-01,PRIO3,LSTM,43.150001525878906,44.808051030096465,44.61600558456702,44.220599555906446,44.07531954810872,1.6580495042175585,0.925318022229817,True,True,2024
2024-02-02,PRIO3,LSTM,42.45000076293945,44.655653347542,44.53713103542564,43.30453921827694,43.40411601711262,2.2056525846025465,0.9541152541731677,True,False,2024
2024-02-05,PRIO3,LSTM,42.04999923706055,44.32639443055871,44.044349846516646,42.6408908514512,42.503455568207194,2.2763951934981606,0.4534563311466471,True,False,2024
2024-02-06,PRIO3,LSTM,43.59999847412109,43.94633288219586,44.77692985118259,42.50763589348192,43.51088476473736,0.34633440807477456,0.08911370938372443,True,True,2024
2024-02-07,PRIO3,LSTM,43.970001220703125,43.655598868526056,43.633993416531204,43.66870475997587,42.929325726005956,0.31440235217706913,1.0406754946971688,False,False,2024
2024-02-08,PRIO3,LSTM,43.400001525878906,43.52481570585502,44.13663003710293,43.91953309454274,44.63425334304937,0.12481417997611288,1.2342518171704668,False,True,2024
2024-02-09,PRIO3,LSTM,42.36000061035156,43.49672704159076,42.94478000589047,43.39003989391987,42.29794780472614,1.1367264312391967,0.06205280562542015,True,True,2024
2024-02-12,PRIO3,LSTM,42.36000061035156,43.41463611623192,43.24417304671729,42.33942069910165,42.80984923887428,1.0546355058803556,0.4498486285227159,True,False,2024
2024-02-13,PRIO3,LSTM,42.36000061035156,43.306008687406745,43.306008687406745,42.49756368506813,42.60055038028685,0.9460080770551826,0.24054976993528498,True,False,2024
2024-02-14,PRIO3,LSTM,42.54999923706055,43.20524758227458,43.20524758227458,42.47301666203268,42.49771193278183,0.6552483452140336,0.052287304278713975,True,False,2024
2024-02-15,PRIO3,LSTM,44.56999969482422,43.09670865384578,43.92934892572233,42.78560683496208,43.56883268535361,1.473291040978438,1.0011670094706062,True,True,2024
2024-02-16,PRIO3,LSTM,45.400001525878906,43.05001107931338,43.20756943212474,44.29082204654931,43.76654295998531,2.3499904465655277,1.6334585658935978,True,False,2024
2024-02-19,PRIO3,LSTM,45.88999938964844,43.25225831205569,43.25225831205569,44.812255355724496,44.8595887325449,2.63774107759275,1.0304106571035376,True,False,2024
2024-02-20,PRIO3,LSTM,46.119998931884766,43.63227561022035,43.63227561022035,45.269365407559945,45.347534979053826,2.4877233216644186,0.7724639528309396,True,False,2024
2024-02-21,PRIO3,LSTM,47.0,44.08397482558581,44.78373344520264,45.72107551670727,46.383862480277394,2.9160251744141874,0.6161375197226064,True,True,2024
2024-02-22,PRIO3,LSTM,46.95000076293945,44.55826206519481,45.049269505495914,46.421600423832004,46.37403108829005,2.3917386977446426,0.5759696746494001,True,False,2024
2024-02-23,PRIO3,LSTM,45.79999923706055,45.07539030437118,44.414530440609425,46.583089676319716,45.60902002530736,0.7246089326893639,0.19097921175318788,True,True,2024
2024-02-26,PRIO3,LSTM,45.86000061035156,45.43424579621848,45.49677713008992,45.44617329717689,46.24109647532179,0.4257548141330858,0.3810958649702272,True,False,2024
2024-02-27,PRIO3,LSTM,45.400001525878906,45.66973513938308,45.83221679249151,45.76529927211671,45.82163312349409,0.26973361350417235,0.4216315976151819,False,False,2024
2024-02-28,PRIO3,LSTM,44.5,45.75347012979762,45.199837686624235,45.496744472392855,44.79374171686993,1.2534701297976198,0.2937417168699312,True,True,2024
2024-02-29,PRIO3,LSTM,43.709999084472656,45.63846046084939,45.795682477816904,44.500633232601835,45.22472222466673,1.928461376376731,1.5147231401940715,True,False,2024
2024-03-01,PRIO3,LSTM,44.34999847412109,45.43913374118739,45.739761726365124,43.928520399645144,44.06514047889284,1.089135267066304,0.2848579952282435,True,False,2024
2024-03-04,PRIO3,LSTM,44.11000061035156,45.27954710335831,45.27954710335831,44.62671191145924,44.438104779705434,1.1695464930067487,0.3281041693538711,True,False,2024
2024-03-05,PRIO3,LSTM,44.31999969482422,45.1483418618738,45.1483418618738,44.25368459155746,44.36296574924409,0.8283421670495841,0.042966054419871114,True,False,2024
2024-03-06,PRIO3,LSTM,43.63999938964844,45.03964975968205,45.88993535739979,44.63421490425197,45.434001928538855,1.399650370033612,1.7940025388904175,False,True,2024
2024-03-07,PRIO3,LSTM,43.34999847412109,44.887350789108154,44.94940618622577,43.73832918141116,43.15424603180269,1.5373523149870678,0.19575244231839406,True,False,2024
2024-03-08,PRIO3,LSTM,44.70000076293945,44.72584096958866,45.47333129782853,43.760174793464905,44.57098167710863,0.02584020664920672,0.12901908583082644,False,True,2024
2024-03-11,PRIO3,LSTM,44.900001525878906,44.57253785990207,43.86090939083344,44.923250568519535,43.523999888438055,0.3274636659768362,1.3760016374408508,False,True,2024
2024-03-12,PRIO3,LSTM,47.5,44.50717691331914,46.049989445737666,44.848890577350716,47.070366391790245,2.9928230866808576,0.4296336082097554,True,True,2024
2024-03-13,PRIO3,LSTM,48.91999816894531,44.65615031130625,45.5373838830753,47.21297329581709,46.56606985065639,4.263847857639064,2.353928318288922,True,True,2024
2024-03-14,PRIO3,LSTM,48.59999847412109,45.07103336178051,45.10521068581811,47.96585558726842,47.583963043087735,3.528965112340579,1.0160354310333517,True,False,2024
2024-03-15,PRIO3,LSTM,47.79999923706055,45.682874044383084,45.51557535317176,47.671185404150634,47.71632893380646,2.117125192677463,0.0836703032540882,True,False,2024
2024-03-18,PRIO3,LSTM,47.7599983215332,46.208658303097025,46.04319670105006,47.13333377550756,47.20209802523547,1.5513400184361785,0.5579002962977313,True,False,2024
2024-03-19,PRIO3,LSTM,49.209999084472656,46.65552743913736,47.97231434297411,47.59775323007507,48.99352491305568,2.5544716453352976,0.21647417141697645,True,True,2024
2024-03-20,PRIO3,LSTM,47.45000076293945,47.12526371605594,46.45743948351523,49.05755482208316,47.18814273229462,0.3247370468835129,0.2618580306448308,True,True,2024
2024-03-21,PRIO3,LSTM,47.09999847412109,47.461384817619546,46.57272063488901,47.25894091898577,47.191611727744785,0.36138634349845944,0.09161325362369865,True,True,2024
2024-03-22,PRIO3,LSTM,46.68999862670898,47.64316463176988,47.81503775885028,47.1451827989185,47.98540473057179,0.9531660050609005,1.2954061038628097,False,False,2024
2024-03-25,PRIO3,LSTM,47.66999816894531,47.68989964877767,48.401578589755374,47.0164877762647,47.37641989084737,0.019901479832356017,0.29357827809793946,False,True,2024
2024-03-26,PRIO3,LSTM,47.290000915527344,47.69428041839814,47.92354192215314,47.765253815132006,47.451234589599935,0.40427950287079284,0.16123367407259082,True,False,2024
2024-03-27,PRIO3,LSTM,47.08000183105469,47.71848187294478,48.23108162597534,47.25901836055671,47.76277816989812,0.6384800418900909,0.682776338843432,False,False,2024
2024-03-28,PRIO3,LSTM,48.7400016784668,47.6779452875445,48.30912067426766,47.284245367597485,47.49343371183377,1.0620563909222938,1.2465679666330303,False,True,2024
2024-04-01,PRIO3,LSTM,48.38999938964844,47.7657683154992,47.6582366898492,48.694904917444326,48.16760158545367,0.6242310741492361,0.2223978041947703,True,False,2024
2024-04-02,PRIO3,LSTM,49.04999923706055,47.956221168494096,48.805142779935466,48.32939211636729,49.361630525185475,1.0937780685664507,0.3116312881249286,True,True,2024
2024-04-03,PRIO3,LSTM,49.38999938964844,48.20778014132321,48.18733376062631,48.89481838561735,48.16745378784634,1.1822192483252252,1.2225456018020964,False,False,2024
2024-04-04,PRIO3,LSTM,50.04999923706055,48.498565212914,48.210177701215365,49.161034208864955,49.088117315331075,1.5514340241465447,0.9618819217294714,True,False,2024
2024-04-05,PRIO3,LSTM,50.45000076293945,48.821802699082525,48.724179390915374,49.78495249529971,49.95566302611885,1.628198063856928,0.49433773682060433,True,False,2024
2024-04-08,PRIO3,LSTM,49.65999984741211,49.17273059773163,49.17273059773163,50.12764011506164,50.189209857132575,0.48726924968048024,0.5292100097204653,False,False,2024
2024-04-09,PRIO3,LSTM,49.84000015258789,49.49649568241699,49.49649568241699,49.4580964757462,49.49489585539483,0.3435044701708989,0.34510429719306046,False,False,2024
2024-04-10,PRIO3,LSTM,50.18999862670898,49.730068651613976,50.37689858521651,49.987936637952416,50.59821732064642,0.459929975095001,0.40821869393744237,True,True,2024
2024-04-11,PRIO3,LSTM,49.79999923706055,49.94785110778116,49.94785110778116,50.15944811508571,49.64785988218983,0.1478518707206149,0.1521393548707195,False,False,2024
2024-04-12,PRIO3,LSTM,50.86000061035156,50.144750874265696,50.88013731410721,49.9887922780512,50.821868417476736,0.7152497360858661,0.03813219287482639,True,True,2024
2024-04-15,PRIO3,LSTM,50.09999847412109,50.38510433536942,50.276654075675815,50.921118498106324,50.21378963884566,0.2851058612483328,0.1137911647245744,True,False,2024
2024-04-16,PRIO3,LSTM,49.79999923706055,50.552921510061196,50.28876283189566,50.05206767336995,50.06995996101323,0.7529222730006495,0.26996072395268556,True,False,2024
2024-04-17,PRIO3,LSTM,48.72999954223633,50.619691655263296,49.93080072674529,50.10643393982737,49.58516555684855,1.8896921130269675,0.8551660146122231,True,True,2024
2024-04-18,PRIO3,LSTM,49.2400016784668,50.57251073241224,50.48984525215677,49.00275501022986,49.49983361152827,1.3325090539454436,0.25983193306147,True,False,2024
2024-04-19,PRIO3,LSTM,48.79999923706055,50.48113747701842,50.426921070253286,49.629511447371236,49.53534611297301,1.6811382399578747,0.7353468759124624,True,False,2024
2024-04-22,PRIO3,LSTM,48.0,50.33026812823209,51.21472017899431,49.24487337631681,50.12440158646237,2.330268128232092,2.124401586462369,True,True,2024
2024-04-23,PRIO3,LSTM,49.18000030517578,50.07054329190686,51.53763380801544,48.50296446285222,49.185624047874214,0.8905429867310772,0.005623742698432466,True,True,2024
2024-04-24,PRIO3,LSTM,48.43000030517578,49.82324254968785,49.90947667996108,49.43286035846574,48.46640197808473,1.3932422445120665,0.036401672908951355,True,False,2024
2024-04-25,PRIO3,LSTM,49.38999938964844,49.637490429284924,50.65654344976526,48.70374658316756,49.90373256799449,0.24749103963648622,0.513733178346051,False,True,2024
2024-04-26,PRIO3,LSTM,49.25,49.500134410252485,48.97816710930356,49.62831014088821,48.201691643916924,0.2501344102524854,1.0483083560830764,False,True,2024
2024-04-29,PRIO3,LSTM,49.560001373291016,49.45752827712164,49.028897605670664,49.17317908110151,49.41454329254578,0.10247309616937628,0.14545808074523592,False,False,2024
2024-04-30,PRIO3,LSTM,48.0,49.45467584126931,48.58087578238277,49.66316600264863,49.001786774491045,1.4546758412693066,1.0017867744910447,True,True,2024
2024-05-01,PRIO3,LSTM,48.0,49.410112487834056,48.59874857066383,48.21499002793695,48.03765843472955,1.4101124878340556,0.03765843472955055,True,True,2024
2024-05-02,PRIO3,LSTM,47.41999816894531,49.355453281489474,49.115216698442445,48.33195837701843,48.63134925829962,1.9354551125441617,1.2113510893543094,True,False,2024
2024-05-03,PRIO3,LSTM,46.75,49.19936240931713,49.329754932299416,47.7171105031751,47.93007687715718,2.449362409317132,1.1800768771571768,True,False,2024
2024-05-06,PRIO3,LSTM,47.18999862670898,48.91286279922764,48.83161194091597,47.09453337743839,46.89699443292733,1.722864172518662,0.2930041937816483,True,False,2024
2024-05-07,PRIO3,LSTM,47.16999816894531,48.592787500298755,48.592787500298755,47.50331124689014,47.61969222035178,1.4227893313534423,0.44969405140646757,True,False,2024
2024-05-08,PRIO3,LSTM,46.540000915527344,48.332688239219635,48.332688239219635,47.34806417341588,47.36001080708152,1.7926873236922916,0.8200098915541787,True,False,2024
2024-05-09,PRIO3,LSTM,46.77999877929688,48.08864839622083,48.68638050325201,46.90681052613942,47.47682728592867,1.308649616923951,0.696828506631789,True,True,2024
2024-05-10,PRIO3,LSTM,47.0,47.832191266838606,47.78379686002866,46.95350814845075,46.42517155039587,0.8321912668386062,0.5748284496041265,True,False,2024
2024-05-13,PRIO3,LSTM,46.400001525878906,47.65533003240978,47.65533003240978,47.08202088035455,47.25972828271058,1.2553285065308728,0.8597267568316767,True,False,2024
2024-05-14,PRIO3,LSTM,45.90999984741211,47.528389829258174,47.528389829258174,46.491547320932746,46.51895391448285,1.6183899818460645,0.6089540670707407,True,False,2024
2024-05-15,PRIO3,LSTM,47.0,47.28077933565186,47.95977262486494,46.22638388415678,46.875929717131754,0.2807793356518573,0.12407028286824584,True,True,2024
2024-05-16,PRIO3,LSTM,47.61000061035156,47.131925072813715,46.467667248203,47.294834456166285,46.004100801231274,0.4780755375378476,1.605899809120288,False,True,2024
2024-05-17,PRIO3,LSTM,48.119998931884766,47.099425004176396,46.710155409374174,47.42417983710356,47.730271354364746,1.0205739277083694,0.38972757752001996,True,False,2024
2024-05-20,PRIO3,LSTM,47.5,47.14265744780465,47.024020007941395,47.77156536776948,47.861098036255434,0.35734255219534816,0.36109803625543435,False,False,2024
2024-05-21,PRIO3,LSTM,45.84999847412109,47.242138701050806,46.60071450748871,47.40038354970574,46.75738482231907,1.392140226929719,0.9073863481979814,True,True,2024
2024-05-22,PRIO3,LSTM,44.209999084472656,47.22235545860002,46.6014066388302,46.03103080856535,45.91792896266477,3.0123563741273642,1.707929878192111,True,True,2024
2024-05-23,PRIO3,LSTM,44.470001220703125,46.947245168751465,46.97797607976449,44.52335558902111,45.00470684803665,2.47724394804834,0.5347056273335227,True,False,2024
2024-05-24,PRIO3,LSTM,43.45000076293945,46.561407267594575,45.90026625275936,45.1507832295566,44.30548043821476,3.111406504655122,0.8554796752753049,True,True,2024
2024-05-27,PRIO3,LSTM,43.66999816894531,46.11408541798818,45.980109036826306,43.82744149001784,44.30288233521289,2.444087249042866,0.6328841662675799,True,False,2024
2024-05-28,PRIO3,LSTM,43.15999984741211,45.66487442530536,46.24709290501453,44.296703656179936,44.82585300976095,2.504874577893247,1.6658531623488386,True,True,2024
2024-05-29,PRIO3,LSTM,42.43000030517578,45.251349515529284,45.577519082162375,43.4735459249416,43.31119748546094,2.821349210353503,0.8811971802851559,True,False,2024
2024-05-30,PRIO3,LSTM,42.43000030517578,44.768644526680646,43.89558742811563,42.93358401003128,41.88018767963912,2.3386442215048646,0.54981262553666,True,True,2024
2024-05-31,PRIO3,LSTM,41.61000061035156,44.282984986137706,44.37467498231726,42.719573610298504,43.64060563151684,2.672984375786143,2.030605021165279,True,False,2024
2024-06-03,PRIO3,LSTM,41.16999816894531,43.779301999487245,43.77171479480674,42.02321174630562,41.74819743408316,2.6093038305419327,0.5781992651378474,True,True,2024
2024-06-04,PRIO3,LSTM,40.88999938964844,43.32691860798059,42.88471700552651,41.48826708478719,41.10124388560393,2.43691921833215,0.21124449595549066,True,False,2024
2024-06-05,PRIO3,LSTM,40.13999938964844,42.76704467735601,42.76704467735601,41.06105197712043,41.4606323266296,2.627045287707574,1.3206329369811627,True,False,2024
2024-06-06,PRIO3,LSTM,40.16999816894531,42.25156390709674,42.25156390709674,40.33948829136469,40.29263520670709,2.0815657381514256,0.12263703776177692,True,False,2024
2024-06-07,PRIO3,LSTM,39.91999816894531,41.782886231073235,41.782886231073235,40.6948035842718,40.564849598736075,1.8628880621279222,0.6448514297907622,True,True,2024
2024-06-10,PRIO3,LSTM,40.79999923706055,41.34762426240337,41.84955952270777,40.23562994233432,40.706519600907626,0.5476250253428248,0.09347963615292088,True,True,2024
2024-06-11,PRIO3,LSTM,42.54999923706055,41.043999825615685,41.523346523726694,41.020417909421596,41.02015673374759,1.5059994114448614,1.5298425033129561,False,True,2024
2024-06-12,PRIO3,LSTM,42.68999862670898,40.96908764394726,40.77994817006416,42.416817521833295,41.84276912643165,1.7209109827617155,0.8472295002773294,True,True,2024
2024-06-13,PRIO3,LSTM,41.86000061035156,41.10930971427763,40.578336235163896,42.33081489867343,42.00823072711108,0.7506908960739338,0.14823011675952102,True,True,2024
2024-06-14,PRIO3,LSTM,42.0099983215332,41.31208114167538,40.77510810803628,41.64901826543682,41.502570641753096,0.697917179857825,0.5074276797801076,True,True,2024
2024-06-17,PRIO3,LSTM,41.720001220703125,41.502105108134,42.08216922318641,42.00072764341833,42.893502710962316,0.21789611256912167,1.1735014902591914,False,True,2024
2024-06-18,PRIO3,LSTM,41.25,41.63717373230634,42.17756576661101,41.73414357028704,41.65285532235916,0.3871737323063371,0.40285532235915866,False,True,2024
2024-06-19,PRIO3,LSTM,41.310001373291016,41.70548242286077,41.3938794406204,41.16033286622843,40.54327091862856,0.39548104956975294,0.7667304546624578,False,False,2024
2024-06-20,PRIO3,LSTM,40.95000076293945,41.739507421404824,41.614539150316354,41.31816572512512,41.58508545428848,0.7895066584653705,0.6350846913490287,True,False,2024
2024-06-21,PRIO3,LSTM,41.33000183105469,41.783046212558986,41.783046212558986,41.02256584136988,41.09936076617772,0.4530443815042986,0.2306410648769699,True,False,2024
2024-06-24,PRIO3,LSTM,42.08000183105469,41.71811074865093,42.22117289355861,41.54336527352711,41.98917183987973,0.36189108240375845,0.0908299911749566,True,True,2024
2024-06-25,PRIO3,LSTM,42.02000045776367,41.71841369231544,41.70421691302865,41.967546311428016,41.53317236986235,0.30158676544823493,0.4868280879013227,False,False,2024
2024-06-26,PRIO3,LSTM,43.02000045776367,41.78184464948515,42.36118268972933,42.021647489402724,42.678312810332635,1.2381558082785205,0.3416876474310371,True,True,2024
2024-06-27,PRIO3,LSTM,43.18000030517578,41.86946004189451,41.85267647947956,42.715459715521014,42.20319044316449,1.3105402632812684,0.9768098620112937,True,False,2024
2024-06-28,PRIO3,LSTM,43.7599983215332,42.03473793598266,42.64822970204282,42.94754614940642,43.652003806430265,1.7252603855505413,0.10799451510293778,True,True,2024
2024-07-01,PRIO3,LSTM,45.09999847412109,42.32062825488174,42.86989056895573,43.58562611416372,43.56511283983549,2.779370219239347,1.5348856342855939,True,True,2024
2024-07-02,PRIO3,LSTM,45.7400016784668,42.734602474362475,42.415310410051795,44.609237072565435,43.93256802076382,3.0053992041043216,1.8074336577029797,True,False,2024
2024-07-03,PRIO3,LSTM,46.09000015258789,43.263610189821236,43.134078748257195,45.10752679934208,45.35268402183117,2.8263899627666547,0.7373161307567173,True,False,2024
2024-07-04,PRIO3,LSTM,46.400001525878906,43.866825487638835,43.866825487638835,45.51239138550576,45.56675802249484,2.5331760382400716,0.8332435033840682,True,False,2024
2024-07-05,PRIO3,LSTM,46.54999923706055,44.447476588242694,44.447476588242694,45.88269862836381,45.86650941172008,2.1025226488178532,0.683489825340466,True,False,2024
2024-07-08,PRIO3,LSTM,45.34999847412109,45.01297369789836,44.372563730726924,46.35286948389719,45.67630453719437,0.33702477622272653,0.32630606307328236,True,True,2024
2024-07-09,PRIO3,LSTM,45.40999984741211,45.42742105411355,45.41421860464994,45.107138363748284,45.68909814067275,0.017421206701442316,0.2790982932606383,False,False,2024
2024-07-10,PRIO3,LSTM,45.470001220703125,45.69636354710718,45.520738871430964,45.45639465140556,45.189649118861446,0.2263623264040575,0.2803521018416788,False,False,2024
2024-07-11,PRIO3,LSTM,45.36000061035156,45.878636921160364,45.652173286292886,45.53602986777853,45.479164902120644,0.5186363108088017,0.11916429176908139,True,False,2024
2024-07-12,PRIO3,LSTM,45.59000015258789,46.00271447687544,45.77068963571174,45.45113112524994,45.40306012219374,0.41271432428754906,0.18694003039414753,True,False,2024
2024-07-15,PRIO3,LSTM,46.52000045776367,46.11252644946745,46.712303671383395,45.93217341263757,46.64939480053547,0.4074740082962194,0.1293943427717963,True,True,2024
2024-07-16,PRIO3,LSTM,45.45000076293945,46.21757982382371,45.56694059904921,46.72678331431535,45.47155944445885,0.767579060884259,0.02155868151939444,True,True,2024
2024-07-17,PRIO3,LSTM,46.16999816894531,46.31444350765406,46.83698233860785,45.60368911748911,46.797845520526344,0.1444453387087492,0.6278473515810319,False,True,2024
2024-07-18,PRIO3,LSTM,45.470001220703125,46.404516487993476,47.01894656207329,46.48687760263588,46.49409050272403,0.934515267290351,1.0240892820209027,False,True,2024
2024-07-19,PRIO3,LSTM,45.290000915527344,46.46831846605568,45.58935700547751,45.749485834237156,44.44249842521795,1.1783175505283339,0.8475024903093953,True,True,2024
2024-07-22,PRIO3,LSTM,44.68999862670898,46.47018037824091,45.811559578649366,45.71287287079006,45.90022101191358,1.7801817515319343,1.2102223852046023,True,True,2024
2024-07-23,PRIO3,LSTM,43.79999923706055,46.378405467202015,45.786460650086205,45.14940739817097,44.926991360025305,2.578406230141468,1.126992122964758,True,True,2024
2024-07-24,PRIO3,LSTM,46.0,46.158699829344414,46.85338938893541,44.345657165967545,45.41796927357527,0.15869982934441396,0.5820307264247333,False,True,2024
2024-07-25,PRIO3,LSTM,45.81999969482422,45.93713568316298,46.45541757017903,46.40215028051162,46.142045961619424,0.11713598833875949,0.32204626679520487,False,True,2024
2024-07-26,PRIO3,LSTM,47.5,45.866791483491966,46.50995163744517,45.85921203887383,46.169589977426604,1.6332085165080343,1.3304100225733961,True,True,2024
2024-07-29,PRIO3,LSTM,47.18000030517578,45.93676466227049,45.12820013123997,47.444066270878324,46.1156616991714,1.2432356429052902,1.0643386060043838,True,True,2024
2024-07-30,PRIO3,LSTM,47.040000915527344,46.141234616506324,46.40239022584226,46.709802109961814,47.801824836674214,0.8987662990210197,0.7618239211468705,True,False,2024
2024-07-31,PRIO3,LSTM,48.04999923706055,46.368081555578954,47.41208569299641,46.933379628694965,47.567937684690385,1.6819176814815933,0.4820615523701619,True,True,2024
2024-08-01,PRIO3,LSTM,47.9900016784668,46.71476143520215,46.86461871691874,47.8325048431149,47.14056157173898,1.2752402432646477,0.849440106727819,True,False,2024
2024-08-02,PRIO3,LSTM,46.0099983215332,47.08840330096655,46.25956798764085,47.88623205082619,47.10899839029256,1.0784049794333441,1.0990000687593593,False,True,2024
2024-08-05,PRIO3,LSTM,44.66999816894531,47.30372136148088,46.57515275158272,46.1545847273251,46.17601429681589,2.6337231925355695,1.5060161278705806,True,True,2024
2024-08-06,PRIO3,LSTM,43.25,47.19863394851063,46.408998417767336,45.2161105201603,44.89376279800593,3.9486339485106328,1.6437627980059304,True,True,2024
2024-08-07,PRIO3,LSTM,45.06999969482422,46.800787224338194,47.39748837658854,44.00951257124971,45.14850955356238,1.7307875295139752,0.0785098587381583,True,True,2024
2024-08-08,PRIO3,LSTM,46.36000061035156,46.460435123055674,47.618516133112,45.91415417405721,46.32089136360241,0.10043451270411197,0.03910924674914895,True,True,2024
2024-08-09,PRIO3,LSTM,47.83000183105469,46.258946951405335,46.214069366033556,46.6199479422141,45.64859665519034,1.5710548796493526,2.1814051758643487,False,True,2024
2024-08-12,PRIO3,LSTM,48.59999847412109,46.353574298296564,46.995150258114926,47.80898735480389,48.646481336903875,2.2464241758245223,0.04648286278278846,True,True,2024
2024-08-13,PRIO3,LSTM,49.130001068115234,46.65371998873451,45.860158787772036,48.306849504103006,46.90254864149544,2.476281079380726,2.2274524266197915,True,True,2024
2024-08-14,PRIO3,LSTM,49.59999847412109,47.11438157116345,47.171552955472905,48.592158925154116,49.4694165466839,2.485616902957638,0.13058192743718422,True,False,2024
2024-08-15,PRIO3,LSTM,48.91999816894531,47.64163289414034,47.43949642660219,49.07335586691852,48.65612637381656,1.278365274804969,0.26387179512875036,True,False,2024
2024-08-16,PRIO3,LSTM,49.20000076293945,48.10832271510685,48.21560460839558,48.47373706975449,48.80531784139284,1.0916780478326018,0.394682921546611,True,False,2024
2024-08-19,PRIO3,LSTM,47.88999938964844,48.412781097937284,47.691710662477774,49.127499939065814,48.2408162395897,0.5227817082888464,0.3508168499412605,True,True,2024
2024-08-20,PRIO3,LSTM,47.83000183105469,48.62644488181172,48.41046815333368,47.73961479273491,48.22129356145249,0.7964430507570341,0.3912917303978034,True,False,2024
2024-08-21,PRIO3,LSTM,46.84999847412109,48.703426611210716,47.87970002327569,48.19514529347056,47.375290607629495,1.8534281370896295,0.5252921335084082,True,True,2024
2024-08-22,PRIO3,LSTM,46.86000061035156,48.665606307206815,49.30997488060231,47.273375828556716,48.587879737048915,1.8056056968552525,1.7278791266973528,True,True,2024
2024-08-23,PRIO3,LSTM,47.04999923706055,48.499708910344054,49.09970491556644,47.42614839585755,47.2657844179583,1.4497096732835075,0.215785180897754,True,True,2024
2024-08-26,PRIO3,LSTM,47.25,48.323780333938544,48.991533247440195,47.55559576976305,47.81774990338458,1.0737803339385437,0.5677499033845805,True,True,2024
2024-08-27,PRIO3,LSTM,47.7400016784668,48.213924111148344,47.43159145473804,47.68915429454381,46.43181148136095,0.47392243268154743,1.3081901971058443,False,True,2024
2024-08-28,PRIO3,LSTM,47.36000061035156,48.12635296893717,48.15100490445769,47.815661248158726,48.665081396541375,0.7663523585856069,1.3050807861898122,False,False,2024
2024-08-29,PRIO3,LSTM,46.72999954223633,48.00007311489696,48.586606603412605,47.4927229944109,47.86150116721585,1.2700735726606354,1.1315016249795207,True,True,2024
2024-08-30,PRIO3,LSTM,46.84000015258789,47.82953965880881,47.94614575495876,46.73421252581318,46.389360187012606,0.9895395062209218,0.4506399655752844,True,False,2024
2024-09-02,PRIO3,LSTM,46.709999084472656,47.67391171178673,47.83404735200593,46.95189009245302,47.148826923639646,0.9639126273140732,0.43882783916699,True,False,2024
2024-09-03,PRIO3,LSTM,44.29999923706055,47.593604409800946,46.720673111443524,47.05005384587964,46.0407762849852,3.293605172740399,1.7407770479246523,True,True,2024
2024-09-04,PRIO3,LSTM,43.720001220703125,47.33412465149644,46.9421239050567,44.48952692979466,44.975277803187495,3.614123430793313,1.2552765824843704,True,False,2024
2024-09-05,PRIO3,LSTM,43.52000045776367,46.9139111540714,46.9139111540714,44.35836848628013,44.54479019607672,3.393910696307728,1.0247897383130464,True,False,2024
2024-09-06,PRIO3,LSTM,42.459999084472656,46.4021337850142,45.53629117136726,44.348727695352586,43.37577078224956,3.942134700541544,0.9157716977769041,True,True,2024
2024-09-09,PRIO3,LSTM,41.959999084472656,45.82543456749454,46.432197169219535,43.2052686832966,44.55984053410614,3.8654354830218836,2.5998414496334803,True,True,2024
2024-09-10,PRIO3,LSTM,42.20000076293945,45.19232655887123,44.63875946595268,42.779729802558755,41.50360741951816,2.9923257959317766,0.6963933434212919,True,True,2024
2024-09-11,PRIO3,LSTM,42.52999877929688,44.50906946025697,45.04302203094868,42.84272446203011,43.93899739373876,1.9790706809600849,1.4089986144418774,True,True,2024
2024-09-12,PRIO3,LSTM,42.27999877929688,43.984027243328,44.56420291204955,43.0157725258433,42.9690219358821,1.7040284640311185,0.6890231565852147,True,True,2024
2024-09-13,PRIO3,LSTM,43.310001373291016,43.612288136085624,44.22365086061413,42.63629624159345,42.829668306263684,0.3022867627946084,0.48033306702733114,False,True,2024
2024-09-16,PRIO3,LSTM,42.7400016784668,43.4048261876801,43.58844348591256,43.377301831900276,43.12878397007289,0.6648245092133038,0.38878229160609123,True,False,2024
2024-09-17,PRIO3,LSTM,43.36000061035156,43.31050859217618,42.99502721534015,42.613623874584924,42.301408730621006,0.04949201817538551,1.0585918797305567,False,False,2024
2024-09-18,PRIO3,LSTM,43.18999862670898,43.27539776184585,42.605254110565966,43.54024392989654,43.123737280478394,0.0853991351368748,0.06626134623058277,True,True,2024
2024-09-19,PRIO3,LSTM,44.0099983215332,43.280717997212435,43.092294557035785,43.014705362193176,43.35451465325286,0.7292803243207686,0.6554836682803398,True,False,2024
2024-09-20,PRIO3,LSTM,44.20000076293945,43.29043942536788,43.19142157688542,43.782764865880594,43.69045789808271,0.9095613375715743,0.5095428648567406,True,False,2024
2024-09-23,PRIO3,LSTM,44.58000183105469,43.35004444232516,44.17503166628733,44.035111923948435,44.864422055897016,1.229957388729531,0.28442022484232865,True,True,2024
2024-09-24,PRIO3,LSTM,46.540000915527344,43.49915399476822,44.10432450438321,44.42492734582267,44.25914208942665,3.0408469207591224,2.2808588261006904,True,True,2024
2024-09-25,PRIO3,LSTM,44.810001373291016,43.79639278757145,43.20881810492265,46.26196395660236,45.230896198516376,1.0136085857195667,0.4208948252253606,True,True,2024
2024-09-26,PRIO3,LSTM,42.63999938964844,44.13109107507029,43.22663942260977,44.33880045088327,44.10398596691294,1.4910916854218499,1.4639865772644995,True,True,2024
2024-09-27,PRIO3,LSTM,43.58000183105469,44.10555530685525,44.646886436984,42.60418248780678,43.848359556824064,0.5255534758005638,0.268357725769377,True,True,2024
2024-09-30,PRIO3,LSTM,43.33000183105469,43.93193795233964,43.93193795233964,43.66059737038579,42.99800472256462,0.6019361212849503,0.33199710849006436,True,False,2024
2024-10-01,PRIO3,LSTM,44.2599983215332,43.84464933062458,44.57082789875901,43.49647058570721,44.309584073803535,0.4153489909086261,0.049585752270331795,True,True,2024
2024-10-02,PRIO3,LSTM,44.119998931884766,43.870702485772256,43.78312028580089,44.21273003924403,43.49345597635675,0.24929644611250978,0.6265429555280164,False,False,2024
2024-10-03,PRIO3,LSTM,44.61000061035156,44.010158687287856,43.50778754513285,44.17127957125522,43.866110634135595,0.5998419230637069,0.7438899762159679,False,True,2024
2024-10-04,PRIO3,LSTM,44.810001373291016,44.14072400282936,44.161360598116225,44.44064522891926,44.873492116326815,0.669277370461657,0.06349074303579982,True,False,2024
2024-10-07,PRIO3,LSTM,45.52999877929688,44.34178328794343,45.163994149494435,44.83227073587826,45.49391882776605,1.1882154913534535,0.0360799515308301,True,True,2024
2024-10-08,PRIO3,LSTM,44.11000061035156,44.58549976410933,43.92087596672331,45.524549536508985,44.11911370645255,0.47549915375776663,0.009113096100989537,True,True,2024
2024-10-09,PRIO3,LSTM,43.70000076293945,44.743027065792035,44.874795431382545,43.87377163189629,44.80833420672417,1.0430263028525815,1.1083334437847157,False,False,2024
2024-10-10,PRIO3,LSTM,44.880001068115234,44.784533751691015,45.68216171082162,44.035286642228705,44.67273049330559,0.09546731642421946,0.20727057480964106,False,True,2024
2024-10-11,PRIO3,LSTM,44.2599983215332,44.81736739874543,44.69974262186543,44.988922465718886,44.11776641313713,0.5573690772122291,0.14223190839607014,True,False,2024
2024-10-14,PRIO3,LSTM,43.43000030517578,44.846695068558915,44.17275171980959,44.38795104661971,43.993838099961486,1.4166947633831342,0.5638377947857052,True,True,2024
2024-10-15,PRIO3,LSTM,43.29999923706055,44.76791610034127,44.100653033640235,43.714437136517645,43.589943241599194,1.4679168632807205,0.289944004538647,True,True,2024
2024-10-16,PRIO3,LSTM,42.77000045776367,44.50593110004712,44.29355243641207,43.39234142087661,43.62123479616048,1.7359306422834493,0.8512343383968073,True,False,2024
2024-10-17,PRIO3,LSTM,42.70000076293945,44.22029266689157,44.22029266689157,42.88395294530441,42.94970029966649,1.5202919039521134,0.24969953672703582,True,False,2024
2024-10-18,PRIO3,LSTM,42.18000030517578,43.965493218010636,43.965493218010636,42.87942833997129,42.845779821583264,1.7854929128348545,0.6657795164074827,True,False,2024
2024-10-21,PRIO3,LSTM,41.91999816894531,43.70635724970742,43.70635724970742,42.33504556563642,42.35958915792623,1.7863590807621108,0.43959098898091753,True,False,2024
2024-10-22,PRIO3,LSTM,41.61000061035156,43.43287740946897,44.082070777378135,42.34091362553271,42.968015089313276,1.8228767991174095,1.3580144789617137,True,True,2024
2024-10-23,PRIO3,LSTM,41.20000076293945,43.154683221192954,43.03704175785618,41.8082001484352,41.15641840931289,1.954682458253501,0.0435823536265616,True,False,2024
2024-10-24,PRIO3,LSTM,41.959999084472656,42.836759162668216,42.68864806342954,41.3822540518198,41.48826724118509,0.8767600781955593,0.47173184328756435,True,False,2024
2024-10-25,PRIO3,LSTM,41.650001525878906,42.568769750866295,43.117358475548876,42.3108355597845,42.905960924486195,0.9187682249873887,1.2559593986072883,False,True,2024
2024-10-28,PRIO3,LSTM,40.95000076293945,42.32236422419521,41.655900363321535,41.77324822605263,40.588624397929806,1.372363461255759,0.3613763650096473,True,True,2024
2024-10-29,PRIO3,LSTM,40.5,42.0171842227482,41.91429452971273,40.863680030099374,41.46300627252394,1.5171842227481989,0.9630062725239412,True,False,2024
2024-10-30,PRIO3,LSTM,41.209999084472656,41.69462410499807,42.14744599505656,40.7344122272496,41.11879742946967,0.4846250205254137,0.09120165500298327,True,True,2024
2024-10-31,PRIO3,LSTM,40.97999954223633,41.447530998324396,40.18584616465011,41.21200873892403,39.525923595177865,0.4675314560880679,1.4540759470584632,False,False,2024
2024-11-01,PRIO3,LSTM,39.84999847412109,41.31055621176864,40.63020153638759,41.06092622632378,41.51350631709067,1.4605577376475551,1.6635078429695866,False,True,2024
2024-11-04,PRIO3,LSTM,40.880001068115234,41.150734707503034,41.58413749783854,40.031019615927995,40.78554483927062,0.2707336393877995,0.09445622884461358,True,True,2024
2024-11-05,PRIO3,LSTM,40.33000183105469,41.03371335646801,40.495422245506234,40.9653811585658,39.90108688460983,0.7037115254133255,0.4289149464448556,True,False,2024
2024-11-06,PRIO3,LSTM,40.88999938964844,40.96152426391876,40.87549604992247,40.239792482677274,40.716426121896546,0.07152487427032383,0.17357326775189108,False,False,2024
2024-11-07,PRIO3,LSTM,39.90999984741211,40.861263526412245,40.10008802018648,41.00779277476062,40.16534232597601,0.9512636790001352,0.2553424785639038,True,True,2024
2024-11-08,PRIO3,LSTM,38.970001220703125,40.78105834026843,40.02661692768951,40.01448301450991,39.88473937519924,1.8110571195653051,0.9147381544961135,True,True,2024
2024-11-11,PRIO3,LSTM,39.310001373291016,40.59745405640825,39.988067430781086,39.28357819564567,39.16115210944492,1.2874526831172375,0.14884926384609543,True,True,2024
2024-11-12,PRIO3,LSTM,39.20000076293945,40.36041255244572,40.39446830758919,39.485013982443434,39.87931494652689,1.16041178950627,0.6793141835874366,True,False,2024
2024-11-13,PRIO3,LSTM,39.34999847412109,40.16715151379668,40.60747636598228,39.49601247863678,39.761183681379286,0.8171530396755955,0.4111852072581996,True,True,2024
2024-11-14,PRIO3,LSTM,39.70000076293945,39.95675884072665,39.84215134542529,39.34108269743745,38.86726345136969,0.2567580777871967,0.8327373115697654,False,False,2024
2024-11-15,PRIO3,LSTM,39.70000076293945,39.81404854771364,39.1511672191182,39.82158966078333,39.30108807102877,0.11404778477418631,0.3989126919106809,False,True,2024
2024-11-18,PRIO3,LSTM,40.20000076293945,39.714502621100905,40.163655741679364,39.71733594566064,40.66810235670054,0.4854981418385478,0.46810159376108373,True,True,2024
2024-11-19,PRIO3,LSTM,39.77000045776367,39.69187034665919,39.38439401476256,39.97075849904456,39.14798373631755,0.07813011110448542,0.6220167214461227,False,False,2024
2024-11-20,PRIO3,LSTM,39.77000045776367,39.71765119289495,39.59575067772351,39.50314304155289,39.75315231216302,0.05234926486872382,0.016848145600654618,True,False,2024
2024-11-21,PRIO3,LSTM,39.130001068115234,39.74756432686905,40.227394041722796,39.81873105675069,40.313424497835285,0.6175632587538189,1.183423429720051,False,True,2024
2024-11-22,PRIO3,LSTM,40.400001525878906,39.76365778356336,40.40305468302304,39.25745713940924,39.47096710084304,0.636343742315546,0.9290344250358658,False,True,2024
2024-11-25,PRIO3,LSTM,39.84999847412109,39.7322843930491,39.21817618633401,40.47181483639876,39.448405414699344,0.11771408107198766,0.4015930594217423,False,True,2024
2024-11-26,PRIO3,LSTM,39.84999847412109,39.7727426896372,40.180421810536714,39.55591586729954,40.5461205618267,0.07725578448388859,0.6961220877056107,False,False,2024
2024-11-27,PRIO3,LSTM,39.56999969482422,39.79011259435612,39.792748653232614,39.65793624948712,39.235563046184325,0.22011289953189817,0.334436648639894,False,False,2024
2024-11-28,PRIO3,LSTM,39.470001220703125,39.77610230083798,39.64429132218892,39.39478114927302,39.362245559896564,0.3061010801348516,0.10775566080656063,True,False,2024
2024-11-29,PRIO3,LSTM,40.13999938964844,39.71996922250764,39.71996922250764,39.33167848647072,39.458435011801974,0.4200301671407942,0.6815643778464633,False,False,2024
2024-12-02,PRIO3,LSTM,40.0,39.69732333262033,39.69732333262033,39.962255990040305,39.92128169844347,0.30267666737967147,0.07871830155652759,True,False,2024
2024-12-03,PRIO3,LSTM,40.810001373291016,39.70954659890401,40.41753112765078,39.92056409469856,40.60551550626138,1.1004547743870035,0.20448586702963212,True,True,2024
2024-12-04,PRIO3,LSTM,39.709999084472656,39.824818365179965,39.07912322410134,40.75631268135958,39.36433339171483,0.11481928070730874,0.34566569275782655,False,True,2024
2024-12-05,PRIO3,LSTM,40.65999984741211,39.92430642614892,40.361969134684976,39.61513895607118,40.82807704425885,0.7356934212631927,0.16807719684673827,True,True,2024
2024-12-06,PRIO3,LSTM,39.70000076293945,40.01871252204921,39.46516875158709,40.72819815812272,39.60910965837402,0.31871175910976035,0.09089110456543636,True,True,2024
2024-12-09,PRIO3,LSTM,39.900001525878906,40.06889224679276,40.706759993849126,39.66632462413049,40.86256627068251,0.1688907209138506,0.9625647448036005,False,True,2024
2024-12-10,PRIO3,LSTM,40.04999923706055,40.09039784311142,40.200923517800796,39.85166133760852,39.330713805349426,0.04039860605087142,0.7192854317111212,False,False,2024
2024-12-11,PRIO3,LSTM,41.9900016784668,40.1269553145363,40.67489143646345,40.173357024755894,40.72393952732641,1.8630463639304935,1.266062151140389,True,True,2024
2024-12-12,PRIO3,LSTM,41.04999923706055,40.207303462858874,39.678311543508805,41.87600047878479,40.8096751731201,0.8426957742016725,0.2403240639404487,True,True,2024
2024-12-13,PRIO3,LSTM,41.5,40.38848760126439,39.92734788261928,40.53465297771434,40.65936752623148,1.1115123987356128,0.8406324737685225,True,False,2024
2024-12-16,PRIO3,LSTM,41.150001525878906,40.5647361406414,39.80793293884331,41.177457351431045,40.69552346458408,0.5852653852375056,0.4544780612948287,True,False,2024
2024-12-17,PRIO3,LSTM,41.31999969482422,40.73303666365183,40.34393486362658,41.013980676937415,41.14696453248777,0.5869630311723881,0.173035162336447,True,True,2024
2024-12-18,PRIO3,LSTM,39.91999816894531,40.85124936617649,40.34437229398229,41.26970715971481,40.91269519358433,0.9312511972311768,0.9926970246390141,False,True,2024
2024-12-19,PRIO3,LSTM,39.68000030517578,40.83465894571793,40.45474014037866,40.0080079133564,39.955297911628485,1.1546586405421522,0.2752976064527033,True,True,2024
2024-12-20,PRIO3,LSTM,40.27000045776367,40.73288348988888,40.7518399261962,39.78843932655144,40.04679066094994,0.4628830321252053,0.22320979681373387,True,False,2024
2024-12-23,PRIO3,LSTM,39.25,40.54885712721523,39.86713111062524,40.45152238601481,39.63628884007814,1.2988571272152285,0.38628884007813724,True,True,2024
2024-12-24,PRIO3,LSTM,39.25,40.33444108997162,40.55551940422916,39.15738211400394,39.99252211890157,1.0844410899716195,0.7425221189015687,True,False,2024
2024-12-26,PRIO3,LSTM,39.900001525878906,40.10351632494303,39.934405848791144,39.30190498334543,38.82796503477396,0.2035147990641235,1.0720364911049458,False,False,2024
2024-12-27,PRIO3,LSTM,39.90999984741211,39.93406189291835,39.93406189291835,39.84824259689809,40.015179178552565,0.024062045506241247,0.10517933114045519,False,False,2024
2024-12-30,PRIO3,LSTM,40.150001525878906,39.84599038308153,39.84599038308153,39.718903530388395,39.691991262406,0.3040111427973784,0.4580102634729073,False,False,2024
2024-12-31,PRIO3,LSTM,40.150001525878906,39.83835211810225,39.83835211810225,39.95538263355872,39.95414287631497,0.31164940777665606,0.19585864956393806,True,False,2024
2025-01-02,PRIO3,LSTM,40.77000045776367,39.85107234815018,39.85107234815018,39.90177162929544,39.91104461526161,0.9189281096134891,0.8589558425020627,True,False,2025
2025-01-03,PRIO3,LSTM,40.619998931884766,39.97329139554142,39.97329139554142,40.54976672279612,40.536392163456945,0.6467075363433423,0.08360676842782055,True,False,2025
2025-01-06,PRIO3,LSTM,40.97999954223633,40.142242056079056,40.142242056079056,40.34757132349131,40.36437265306407,0.8377574861572725,0.6156268891722547,True,False,2025
2025-01-07,PRIO3,LSTM,41.630001068115234,40.38456975679418,40.38456975679418,41.14949457520737,40.975692997085105,1.245431311321056,0.6543080710301297,True,True,2025
2025-01-08,PRIO3,LSTM,41.400001525878906,40.64788566689532,39.84850199343123,41.57368041564602,40.731193352271795,0.7521158589835863,0.6688081736071112,True,True,2025
2025-01-09,PRIO3,LSTM,41.959999084472656,40.875273819930385,40.33674816820758,41.282349307204505,41.39341906568595,1.0847252645422714,0.5665800187867092,True,True,2025
2025-01-10,PRIO3,LSTM,42.630001068115234,41.09083015074265,41.58787072638741,41.89744930079009,42.64650131215981,1.5391709173725872,0.01650024404457895,True,True,2025
2025-01-13,PRIO3,LSTM,42.52999877929688,41.44910358229072,41.20899337153031,42.39342833222026,41.62716962927164,1.0808951970061642,0.9028291500252408,True,False,2025
2025-01-14,PRIO3,LSTM,42.20000076293945,41.86452784672741,41.73127960268767,42.31047625424351,42.49322713539232,0.3354729162120407,0.29322637245286387,True,False,2025
2025-01-15,PRIO3,LSTM,43.0,42.18215576931044,42.75343128994981,42.2695555732362,42.90163357677743,0.817844230689559,0.09836642322257205,True,True,2025
2025-01-16,PRIO3,LSTM,41.970001220703125,42.39095883910716,41.809925640973844,43.061197594857056,41.93746000459057,0.42095761840403156,0.03254121611255556,True,True,2025
2025-01-17,PRIO3,LSTM,42.709999084472656,42.552056791397376,42.34056835729463,41.86198254483521,42.29398485795782,0.15794229307527985,0.41601422651483944,False,False,2025
2025-01-20,PRIO3,LSTM,42.68999862670898,42.62473263612668,42.91741113596801,42.71417378371478,43.06084639304605,0.0652659905822972,0.3708477663370715,False,False,2025
2025-01-21,PRIO3,LSTM,42.720001220703125,42.72208647599848,42.608186115105326,42.60357631583953,42.21658273568785,0.002085255295355637,0.5034184850152741,False,False,2025
2025-01-22,PRIO3,LSTM,42.45000076293945,42.8585166447304,42.30861011595779,42.88181681745523,42.46154344248405,0.40851588179094733,0.011542679544596979,True,True,2025
2025-01-23,PRIO3,LSTM,41.47999954223633,42.93797298136644,42.37144213430995,42.61530560325709,42.473045664369636,1.4579734391301145,0.9930461221333076,True,True,2025
2025-01-24,PRIO3,LSTM,41.150001525878906,42.879191698867714,42.96479667920023,41.5727451672184,42.07055104161423,1.7291901729888082,0.9205495157353241,True,False,2025
2025-01-27,PRIO3,LSTM,42.09999847412109,42.71601398726273,42.4318001484538,41.56404027034582,41.09295911763202,0.6160155131416403,1.0070393564890665,False,True,2025
2025-01-28,PRIO3,LSTM,41.380001068115234,42.47886355973543,41.94293815124997,42.37095267368548,42.0294455316165,1.0988624916201957,0.6494444635012684,True,True,2025
2025-01-29,PRIO3,LSTM,40.41999816894531,42.31631556248925,41.81943210184233,41.533560320984336,41.423922674969496,1.8963173935439386,1.003924506024184,True,True,2025
2025-01-30,PRIO3,LSTM,41.459999084472656,42.087981135985274,42.652470557532155,40.726321983995966,41.613359172262676,0.6279820515126175,0.15336008779001986,True,True,2025
2025-01-31,PRIO3,LSTM,40.9900016784668,41.84858075607326,41.109437287334046,41.90610864809904,40.490191557456995,0.8585790776064641,0.4998101210098014,True,True,2025
2025-02-03,PRIO3,LSTM,41.22999954223633,41.72194690044756,41.72194690044756,40.98449141095693,41.718475026857924,0.4919473582112346,0.4884754846215955,True,False,2025
2025-02-04,PRIO3,LSTM,41.22999954223633,41.69925676036206,41.69925676036206,41.32708031331415,41.18986170297312,0.4692572181257333,0.040137839263209685,True,False,2025
2025-02-05,PRIO3,LSTM,40.34000015258789,41.68837801933097,41.13593081811788,41.42666300902253,40.85393448220494,1.3483778667430784,0.5139343296170509,True,True,2025
2025-02-06,PRIO3,LSTM,40.56999969482422,41.61380281994104,41.07225012597878,40.59285643774026,40.518168462375684,1.043803125116824,0.05183123244853505,True,True,2025
2025-02-07,PRIO3,LSTM,39.619998931884766,41.48607292094488,40.92148247600398,40.91739114277056,40.66868006714967,1.8660739890601121,1.048681135264907,True,True,2025
2025-02-10,PRIO3,LSTM,40.0,41.28694022138262,41.6585147615345,39.77261892028049,40.55402348893635,1.286940221382622,0.5540234889363518,True,False,2025
2025-02-11,PRIO3,LSTM,40.29999923706055,41.05970524211051,40.98350037814085,40.22256744814406,39.73481433696888,0.7597060050499636,0.5651849000916656,True,False,2025
2025-02-12,PRIO3,LSTM,39.5099983215332,40.892177395637646,40.28785870750223,40.551158644843724,40.042538779195674,1.3821790741044424,0.5325404576624706,True,True,2025
2025-02-13,PRIO3,LSTM,38.88999938964844,40.72911541532022,40.92443479667361,39.569478354669506,40.2863190230857,1.8391160256717853,1.3963196334372654,True,False,2025
2025-02-14,PRIO3,LSTM,39.43000030517578,40.412508651156884,40.71465933926899,39.32298555903178,39.31191049936749,0.9825083459811026,0.11808980580828887,True,True,2025
2025-02-17,PRIO3,LSTM,39.119998931884766,40.1697214291529,40.1697214291529,39.58669311057052,39.36109919571733,1.0497224972681352,0.2411002638325641,True,False,2025
2025-02-18,PRIO3,LSTM,39.0,39.99437831690801,39.99437831690801,39.1685200155031,39.241356365398474,0.994378316908012,0.24135636539847383,True,False,2025
2025-02-19,PRIO3,LSTM,39.0099983215332,39.86197151234967,39.86197151234967,39.096551146796735,39.11077617983626,0.8519731908164658,0.1007778583030543,True,False,2025
2025-02-20,PRIO3,LSTM,38.52999877929688,39.72416277975117,39.72416277975117,39.06865313133521,39.07883535957238,1.1941640004542862,0.5488365802754984,True,False,2025
2025-02-21,PRIO3,LSTM,37.70000076293945,39.57907659148168,38.974498018572156,38.767660396058595,38.15944127508324,1.879075828542227,0.4594405121437859,True,True,2025
2025-02-24,PRIO3,LSTM,36.72999954223633,39.33391007035982,38.917589024264466,38.009200441316516,38.09866478277458,2.6039105281234924,1.368665240538249,True,True,2025
2025-02-25,PRIO3,LSTM,36.65999984741211,38.97136819661745,38.447483363474554,37.16815737604235,36.89332975080089,2.3113683492053383,0.23332990338877835,True,True,2025
2025-02-26,PRIO3,LSTM,36.16999816894531,38.542913950745515,38.66406372179781,36.975539991594424,37.46531308448135,2.3729157818002022,1.2953149155360393,True,False,2025
2025-02-27,PRIO3,LSTM,38.20000076293945,38.08923709190725,38.32378557480429,36.572751039678465,36.60658439881246,0.11076367103220264,1.5934163641269947,False,True,2025
2025-02-28,PRIO3,LSTM,38.16999816894531,37.706438838979636,37.877312108746594,38.17795352366126,38.10185599402127,0.46355932996567617,0.0681421749240414,True,False,2025
2025-03-03,PRIO3,LSTM,38.16999816894531,37.54723002976584,37.006038674180225,37.946200390842556,37.271075869106184,0.6227681391794704,0.8989222998391284,False,True,2025
2025-03-04,PRIO3,LSTM,38.16999816894531,37.53447916496532,37.43765006297911,37.827361727134466,38.20920426944042,0.6355190039799936,0.03920610049510742,True,False,2025
2025-03-05,PRIO3,LSTM,37.369998931884766,37.60289337522312,37.27199000318852,38.02658570819805,37.640456705355355,0.23289444333835263,0.2704577734705893,False,True,2025
2025-03-06,PRIO3,LSTM,37.47999954223633,37.64817494341355,38.22580598590128,37.324297151670876,38.15642896307774,0.16817540117722274,0.6764294208414086,False,True,2025
2025-03-07,PRIO3,LSTM,38.31999969482422,37.70199339599259,38.28625899682546,37.63200506578099,37.65702789950893,0.6180062988316308,0.6629717953152863,False,True,2025
2025-03-10,PRIO3,LSTM,37.52999877929688,37.78233814045376,37.99960837805211,38.374485152379116,38.16783386322064,0.25233936115687783,0.6378350839237612,False,True,2025
2025-03-11,PRIO3,LSTM,37.15999984741211,37.828331115676576,37.40512050984661,37.502941842678204,37.01795935461763,0.6683312682644669,0.14204049279447872,True,True,2025
2025-03-12,PRIO3,LSTM,36.880001068115234,37.795119640006874,38.30708450246176,37.30175915941247,38.196384709773604,0.9151185718916395,1.3163836416583692,False,True,2025
2025-03-13,PRIO3,LSTM,36.5,37.70921638988119,37.73556894262345,36.92908841524503,36.482626529960285,1.2092163898811918,0.01737347003971479,True,False,2025
2025-03-14,PRIO3,LSTM,39.34999847412109,37.57446432481896,38.18727673523581,36.75969249378538,37.44001055506771,1.7755341493021248,1.9099879190533784,False,True,2025
2025-03-17,PRIO3,LSTM,39.70000076293945,37.49734644096401,37.94205354110304,39.145485204981185,38.99045094382546,2.2026543219754444,0.7095498191139953,True,False,2025
2025-03-18,PRIO3,LSTM,39.650001525878906,37.683714660280145,37.683714660280145,39.04537450031688,38.77945184025564,1.9662868655987609,0.8705496856232671,True,False,2025
2025-03-19,PRIO3,LSTM,39.27000045776367,38.01172436013002,38.01172436013002,39.07954533022954,39.17130329627446,1.2582760976336544,0.0986971614892127,True,False,2025
2025-03-20,PRIO3,LSTM,39.27999877929688,38.33423341995916,38.33423341995916,38.84768999204029,38.877227186870236,0.9457653593377202,0.40277159242664595,True,False,2025
2025-03-21,PRIO3,LSTM,39.060001373291016,38.58069000455123,38.58069000455123,38.98088474407787,38.999119615218305,0.4793113687397863,0.06088175807271057,True,False,2025
2025-03-24,PRIO3,LSTM,39.5,38.672468319451525,38.672468319451525,38.741870228669406,38.767669878746965,0.8275316805484749,0.7323301212530353,True,False,2025
2025-03-25,PRIO3,LSTM,39.09000015258789,38.798373748737845,38.798373748737845,39.26873650787341,39.26623229573881,0.2916264038500458,0.17623214315091928,True,False,2025
2025-03-26,PRIO3,LSTM,40.619998931884766,38.93781973866925,39.6017653363036,39.033177953537646,39.68960874457339,1.682179193215518,0.9303901873113745,True,True,2025
2025-03-27,PRIO3,LSTM,40.65999984741211,39.113435159826054,39.04042746116504,40.360538926570364,39.701373666363864,1.5465646875860557,0.9586261810482455,True,False,2025
2025-03-28,PRIO3,LSTM,40.13999938964844,39.36156304036501,39.33236319527382,40.19010570840594,40.349876219079746,0.7784363492834245,0.20987682943130892,True,False,2025
2025-03-31,PRIO3,LSTM,39.79999923706055,39.577381468504996,39.438339825804135,39.77777068818213,39.68250056261499,0.22261776855555127,0.11749867444555662,True,False,2025
2025-04-01,PRIO3,LSTM,40.060001373291016,39.7691073656631,39.718856543267464,39.65895305464526,39.74674870752088,0.2908940076279123,0.3132526657701362,False,False,2025
2025-04-02,PRIO3,LSTM,39.58000183105469,39.951414778330275,39.951414778330275,40.020268207727526,40.04508133379039,0.37141294727558716,0.46507950273570486,False,False,2025
2025-04-03,PRIO3,LSTM,36.83000183105469,40.01750415125258,39.49910270879006,39.66567358365935,39.1385553716415,3.1875023201978934,2.3085535405868143,True,True,2025
2025-04-04,PRIO3,LSTM,33.900001525878906,39.760321999392374,39.011242133312116,37.14809879810119,36.907353908612166,5.860320473513468,3.0073523827332593,True,True,2025
2025-04-07,PRIO3,LSTM,34.5099983215332,38.97801593792963,38.431803296833515,34.675390771870525,34.743679112500665,4.468017616396423,0.23368079096746186,True,True,2025
2025-04-08,PRIO3,LSTM,33.81999969482422,38.12712887700053,37.69049496666742,35.61053961644216,35.43990074450495,4.307129182176311,1.6199010496807347,True,True,2025
2025-04-09,PRIO3,LSTM,35.79999923706055,37.34399567721783,37.89145512062096,34.650632728818785,35.45064157822527,1.5439964401572865,0.3493576588352738,True,True,2025
2025-04-10,PRIO3,LSTM,32.88999938964844,36.67290738310487,36.24766517191717,36.345330916936774,35.269961717904806,3.7829079934564334,2.3799623282563687,True,True,2025
2025-04-11,PRIO3,LSTM,34.33000183105469,35.89017583896725,36.284934144732624,32.98337910962825,33.9069676146252,1.5601740079125648,0.42303421642948535,True,True,2025
2025-04-14,PRIO3,LSTM,33.81999969482422,35.27440539837957,35.17322824166704,34.63223666120918,34.073142451626325,1.4544057035553521,0.25314275680210585,True,False,2025
2025-04-15,PRIO3,LSTM,33.029998779296875,34.870724455769306,34.12488438886748,33.98448591536916,33.377222728751846,1.840725676472431,0.34722394945497115,True,True,2025
2025-04-16,PRIO3,LSTM,33.400001525878906,34.46267806091487,34.46267806091487,33.05766910796192,33.690682243820675,1.062676535035962,0.2906807179417683,True,False,2025
2025-04-17,PRIO3,LSTM,34.560001373291016,34.128948171984035,34.68199273303794,33.63611533145475,34.0093585494924,0.4310532013069803,0.5506428237986185,False,True,2025
2025-04-21,PRIO3,LSTM,34.560001373291016,33.97950163726247,33.530795281344226,34.58582979177368,33.59892647816573,0.5804997360285427,0.9610748951252859,False,True,2025
2025-04-22,PRIO3,LSTM,34.58000183105469,33.938350654879684,34.21266054517107,34.201249868785204,34.957786215540914,0.641651176175003,0.3777843844862261,True,False,2025
2025-04-23,PRIO3,LSTM,33.25,33.98159501202284,33.33124127236063,34.42315904394564,33.43433666906296,0.7315950120228365,0.18433666906295798,True,True,2025
2025-04-24,PRIO3,LSTM,34.5099983215332,34.02786370001897,34.458404431325,33.27674431054792,34.30460315799108,0.48213462151423414,0.2053951635421214,True,True,2025
2025-04-25,PRIO3,LSTM,34.880001068115234,34.02331103539785,33.714469923116994,34.45222480559009,33.64434183927129,0.8566900327173812,1.235659228843943,False,False,2025
2025-04-28,PRIO3,LSTM,33.810001373291016,34.07300911375344,33.46456334336522,34.72027048143634,34.4111704652339,0.26300774046242736,0.6011690919428858,False,True,2025
2025-04-29,PRIO3,LSTM,34.65999984741211,34.08282755195876,33.99938175931077,33.696389798464615,34.061011560158384,0.5771722954533516,0.5989882872537251,False,True,2025
2025-04-30,PRIO3,LSTM,33.709999084472656,34.01744448027674,33.35118344539144,34.58574972824393,33.826557096955504,0.3074453958040806,0.11655801248284803,True,True,2025
2025-05-01,PRIO3,LSTM,33.709999084472656,34.030838674881664,34.22144576303687,33.50146293266752,34.26479640825881,0.3208395904090082,0.5547973237861541,False,False,2025
2025-05-02,PRIO3,LSTM,36.43000030517578,34.05238681946781,34.05238681946781,33.700929114009,33.43845506919927,2.3776134857079683,2.99154523597651,False,False,2025
2025-05-05,PRIO3,LSTM,35.470001220703125,34.158548150709436,33.67122139021189,36.259061184739,35.71276875554526,1.3114530699936893,0.24276753484213742,True,True,2025
2025-05-06,PRIO3,LSTM,36.970001220703125,34.344904456510676,34.769502187479645,34.97634644950116,35.79843942883881,2.625096764192449,1.1715617918643133,True,True,2025
2025-05-07,PRIO3,LSTM,35.72999954223633,34.66409475147583,34.03115535793628,36.634916993736226,35.49527649417628,1.0659047907604986,0.2347230480600473,True,True,2025
2025-05-08,PRIO3,LSTM,36.65999984741211,34.97046950827388,35.715472031792025,35.34283033949381,36.698041218378755,1.68953033913823,0.038041370966645616,True,True,2025
2025-05-09,PRIO3,LSTM,36.66999816894531,35.32390605277402,35.32038597365262,36.400902738691364,35.667136340298384,1.3460921161712918,1.0028618286469282,True,False,2025
2025-05-12,PRIO3,LSTM,38.560001373291016,35.65633056085835,36.33955059394503,36.46583126432925,37.266650191680974,2.903670812432665,1.293351181610042,True,True,2025
2025-05-13,PRIO3,LSTM,39.27000045776367,36.08220297785917,36.572930015886826,38.28554535510091,38.137462403372574,3.1877974799045035,1.1325380543910981,True,True,2025
2025-05-14,PRIO3,LSTM,39.20000076293945,36.618037137353554,36.550755309318106,38.5938825951279,38.244394927632385,2.5819636255858995,0.9556058353070682,True,False,2025
2025-05-15,PRIO3,LSTM,39.0,37.18456221315171,36.56230316463388,38.74022532813458,38.242592141372846,1.8154377868482925,0.757407858627154,True,True,2025
2025-05-16,PRIO3,LSTM,39.43000030517578,37.68159405462859,38.28097807744982,38.55972579226051,39.69142319320586,1.7484062505471911,0.26142288803007574,True,False,2025
2025-05-19,PRIO3,LSTM,39.38999938964844,38.046232706992726,38.04882652225221,39.027103595558756,38.44062586322974,1.343766682655712,0.9493735264186967,True,False,2025
2025-05-20,PRIO3,LSTM,39.7400016784668,38.394941288009704,38.2640077776884,39.04847941610801,39.04762343806538,1.3450603904570926,0.6923782404014176,True,False,2025
2025-05-21,PRIO3,LSTM,39.75,38.7172903663531,38.7172903663531,39.45696453426807,39.58054803373372,1.0327096336469026,0.1694519662662799,True,False,2025
2025-05-22,PRIO3,LSTM,38.97999954223633,39.045245604420586,38.43442193893187,39.67024558569243,39.01501211954023,0.06524606218425788,0.0350125773039025,True,True,2025
2025-05-23,PRIO3,LSTM,38.79999923706055,39.23702255949968,39.23702255949968,38.843271159329376,39.394859519039464,0.43702332243913133,0.5948602819789173,False,False,2025
2025-05-26,PRIO3,LSTM,39.04999923706055,39.26783090902171,39.71280661165094,38.92993088508065,39.235600822403555,0.21783167196116437,0.18560158534300797,True,True,2025
2025-05-27,PRIO3,LSTM,39.40999984741211,39.26674507723544,39.09883357662203,39.047822741375064,38.53107678889504,0.143254770176668,0.8789230585170671,False,False,2025
2025-05-28,PRIO3,LSTM,39.20000076293945,39.302482218063176,39.12579331360345,39.344372908999404,39.394988551742756,0.10248145512372275,0.19498778880330292,False,False,2025
2025-05-29,PRIO3,LSTM,40.0,39.31606022118365,39.80361499238265,39.22464311182251,39.80871172378969,0.6839397788163524,0.19128827621030808,True,True,2025
2025-05-30,PRIO3,LSTM,38.95000076293945,39.328341353111114,38.827138560519906,39.95467882690059,38.974749420111905,0.37834059017166055,0.024748657172452226,True,True,2025
2025-06-02,PRIO3,LSTM,39.7400016784668,39.304259033713436,40.20844518434957,38.86643544077364,40.27415733446415,0.4357426447533612,0.5341556559973526,False,True,2025
2025-06-03,PRIO3,LSTM,40.95000076293945,39.38762300323549,39.970987930752585,39.85980845014767,39.566208696282324,1.5623777597039634,1.3837920666571293,True,True,2025
2025-06-04,PRIO3,LSTM,40.900001525878906,39.50692494140782,38.97253445997581,40.76439875269688,39.848153823947754,1.393076584471089,1.0518477019311518,True,True,2025
2025-06-05,PRIO3,LSTM,41.04999923706055,39.752591830155325,39.5799951785246,40.48871634479189,40.87306768802477,1.2974074069052222,0.17693154903577835,True,False,2025
2025-06-06,PRIO3,LSTM,42.5099983215332,40.03391416705699,40.74014361218423,40.874791392225674,41.5988882387019,2.4760841544762116,0.9111100828312999,True,True,2025
2025-06-09,PRIO3,LSTM,42.150001525878906,40.362740793642615,40.29890483239165,42.07636570324661,41.37833713822928,1.787260732236291,0.7716643876496292,True,False,2025
2025-06-10,PRIO3,LSTM,42.56999969482422,40.735684867820225,41.51861798309055,41.773995239829624,42.72016560394739,1.8343148270039933,0.1501659091231744,True,True,2025
2025-06-11,PRIO3,LSTM,43.310001373291016,41.130631502080746,41.69803634420277,42.34951561068862,42.23197451545942,2.1793698712102696,1.0780268578315955,True,True,2025
2025-06-12,PRIO3,LSTM,43.220001220703125,41.566036432929366,42.22603369817508,43.066316121823824,43.347576294422694,1.6539647877737593,0.12757507371956933,True,True,2025
2025-06-13,PRIO3,LSTM,43.97999954223633,42.01009738331555,42.57700021017322,43.00141164509199,43.10920453042176,1.9699021589207746,0.8707950118145646,True,True,2025
2025-06-16,PRIO3,LSTM,43.18000030517578,42.71262714517076,42.7155390935078,43.929143611094695,43.582615112037836,0.4673731600050246,0.4026148068620543,True,False,2025
2025-06-17,PRIO3,LSTM,44.02999877929688,43.27324311758031,44.06503645957412,43.30095486582215,44.20212960334517,0.7567556617165749,0.1721308240482884,True,True,2025
2025-06-18,PRIO3,LSTM,43.70000076293945,43.6942701378797,43.509257224928035,44.12175121934798,43.29369603200774,0.005730625059754857,0.4063047309317156,False,False,2025
2025-06-20,PRIO3,LSTM,43.560001373291016,43.849881065594786,44.49500194759652,43.72950190179913,44.645608787060965,0.28987969230377075,1.0856074137699494,False,True,2025
2025-06-23,PRIO3,LSTM,43.25,44.01917891999511,43.110321693020374,43.80435658936616,42.320596272493944,0.7691789199951131,0.929403727506056,False,True,2025
2025-06-24,PRIO3,LSTM,41.560001373291016,44.15942481735527,43.49548603917895,43.59824505661721,43.78454058146252,2.599423444064257,2.2245392081715067,True,True,2025
2025-06-25,PRIO3,LSTM,41.02999877929688,43.97710038538111,43.96084900718336,41.80916644430404,42.245528626323484,2.9471016060842246,1.2155298470266018,True,False,2025
2025-06-26,PRIO3,LSTM,41.84999847412109,43.59602108245997,44.390944736954836,41.650838430781185,42.34548335773356,1.7460226083388832,0.4954848836124768,True,True,2025
2025-06-27,PRIO3,LSTM,41.869998931884766,43.16251891013337,43.010377869050394,42.16474983149093,41.34791560477164,1.292519978248606,0.5220833271131227,True,False,2025
2025-06-30,PRIO3,LSTM,42.400001525878906,42.78826434931716,42.24140818271928,42.07561340348923,41.76467784281607,0.3882628234382537,0.6353236830628362,False,True,2025
2025-07-01,PRIO3,LSTM,41.79999923706055,42.54175330294271,42.75217290828369,42.36060761971894,42.98161693587665,0.7417540658821622,1.1816176988161047,False,False,2025
2025-07-02,PRIO3,LSTM,42.15999984741211,42.37377955062658,42.97445038665552,41.85006382786466,42.173556980807795,0.21377970321447037,0.013557133395686094,True,True,2025
2025-07-03,PRIO3,LSTM,42.58000183105469,42.30503176195168,42.05965649977378,42.15841718004153,41.4594799000435,0.2749700691030057,1.12052193101119,False,False,2025
2025-07-04,PRIO3,LSTM,42.58000183105469,42.24857531678845,42.93150580315654,42.55248095595625,43.49893356860744,0.3314265142662407,0.9189317375527537,False,True,2025
2025-07-07,PRIO3,LSTM,41.7599983215332,42.23652905129751,41.69672434739952,42.48782220816161,41.32500915375099,0.4765307297643062,0.43498916778221286,True,True,2025
2025-07-08,PRIO3,LSTM,43.08000183105469,42.26881808052809,43.081217762182284,41.82242716786846,43.196502619626855,0.8111837505265953,0.11650078857216783,True,True,2025
2025-07-09,PRIO3,LSTM,42.56999969482422,42.324426964202985,42.177655231323904,42.99352211110207,42.060440784280125,0.24557273062123386,0.5095589105440936,False,False,2025
2025-07-10,PRIO3,LSTM,41.79999923706055,42.43045384291935,41.836226312745644,42.497566788378286,42.15297832538909,0.6304546058588016,0.35297908832854574,True,True,2025
2025-07-11,PRIO3,LSTM,42.720001220703125,42.476902935569626,42.99759597463121,41.92140851043295,42.9043229176777,0.24309828513349885,0.18432169697457823,True,True,2025
2025-07-14,PRIO3,LSTM,42.900001525878906,42.493027027016524,42.37114478389586,42.706497838020795,42.047797555477366,0.40697449886238246,0.8522039704015398,False,False,2025
2025-07-15,PRIO3,LSTM,42.119998931884766,42.59818592107615,42.59818592107615,42.77280912882489,42.96871008016127,0.4781869891913857,0.8487111482765073,False,False,2025
2025-07-16,PRIO3,LSTM,42.38999938964844,42.69067904687023,42.69067904687023,42.08358565488665,42.107221014980254,0.30067965722179224,0.2827783746681831,True,False,2025
2025-07-17,PRIO3,LSTM,43.29999923706055,42.75488608443891,43.28123258304469,42.62627246765804,43.12467111838951,0.5451131526216386,0.1753281186710396,True,True,2025
2025-07-18,PRIO3,LSTM,43.290000915527344,42.82280673479386,42.21343334661632,43.37088792264044,42.284179582173465,0.46719418073348606,1.0058213333538788,False,True,2025
2025-07-21,PRIO3,LSTM,42.7599983215332,42.91499691692343,42.83222562218408,43.07960807325813,43.59277580476098,0.1549985953902251,0.8327774832277797,False,False,2025
2025-07-22,PRIO3,LSTM,42.58000183105469,43.00749004271751,43.08832995278473,42.663997205994825,42.7397717331886,0.42748821166281914,0.15976990213390962,True,False,2025
2025-07-23,PRIO3,LSTM,42.470001220703125,43.07430784197919,43.07430784197919,42.93762071242781,42.775176144672955,0.6043066212760664,0.3051749239698296,True,True,2025
2025-07-24,PRIO3,LSTM,42.29999923706055,43.078903054867794,43.078903054867794,42.53349418899551,42.568924025003014,0.7789038178072474,0.268924787942467,True,False,2025
2025-07-25,PRIO3,LSTM,41.900001525878906,43.05792165320457,43.8532366572085,42.549556253216366,43.329879716527266,1.1579201273256672,1.4298781906483597,False,True,2025
2025-07-28,PRIO3,LSTM,41.47999954223633,42.96985695109055,43.617576534405536,42.17943297003489,42.18082565272326,1.4898574088542205,0.7008261104869291,True,True,2025
2025-07-29,PRIO3,LSTM,41.970001220703125,42.82377683529256,43.65300603355022,41.825424716416485,42.26054938781108,0.8537756145894377,0.29054816710795706,True,True,2025
2025-07-30,PRIO3,LSTM,42.720001220703125,42.6572395124868,42.78606094881596,42.1122575652633,41.67924370921356,0.06276170821632832,1.0407575114895664,False,False,2025
2025-07-31,PRIO3,LSTM,42.18999862670898,42.53953738917198,42.53953738917198,42.63950022229498,42.66146817708201,0.3495387624630055,0.47146955037302973,False,False,2025
2025-08-01,PRIO3,LSTM,40.9900016784668,42.53169489250877,41.83949884516232,42.25383279795495,41.57402752894207,1.5416932140419704,0.5840258504752711,True,True,2025
2025-08-04,PRIO3,LSTM,40.47999954223633,42.49696189079373,41.96672030162607,41.29927754657736,41.34733301053347,2.0169623485573993,0.8673334682971401,True,True,2025
2025-08-05,PRIO3,LSTM,40.619998931884766,42.29203922299183,42.45766199468963,40.77446246382553,41.290747718488284,1.6720402911070664,0.670748786603518,True,False,2025
2025-08-06,PRIO3,LSTM,39.790000915527344,42.0425089515565,41.562418254766676,41.062860607636445,40.33531659189615,2.2525080360291554,0.5453156763688085,True,True,2025
2025-08-07,PRIO3,LSTM,39.650001525878906,41.76740887329214,41.86672878268068,40.07367611546448,40.635586769490594,2.117407347413234,0.9855852436116876,True,False,2025
2025-08-08,PRIO3,LSTM,39.540000915527344,41.44491683276999,42.637286570657984,40.12401217482392,41.13147607048387,1.904915917242647,1.5914751549565267,True,True,2025
2025-08-11,PRIO3,LSTM,39.130001068115234,41.115273279448616,41.21921083359887,39.80114116308029,38.972937805173146,1.9852722113333812,0.1570632629420885,True,False,2025
2025-08-12,PRIO3,LSTM,39.27000045776367,40.78655217256636,40.83145657839114,39.36122717323367,39.549791913182396,1.516551714802688,0.2797914554187244,True,False,2025
2025-08-13,PRIO3,LSTM,38.869998931884766,40.49813618850925,40.49813618850925,39.483232567275145,39.474018678392454,1.628137256624484,0.6040197465076886,True,False,2025
2025-08-14,PRIO3,LSTM,38.79999923706055,40.207432809592035,40.207432809592035,39.004494995046024,39.03801336280305,1.4074335725314882,0.23801412574250236,True,False,2025
2025-08-15,PRIO3,LSTM,38.810001373291016,39.94084238482509,39.94084238482509,38.94478043398032,38.959591571208556,1.1308410115340735,0.14959019791754002,True,False,2025
2025-08-18,PRIO3,LSTM,37.59000015258789,39.69132913269675,39.196093885302346,39.04147225394676,38.52201407142169,2.1013289801088604,0.9320139188337961,True,True,2025
2025-08-19,PRIO3,LSTM,36.84999847412109,39.119534879453,38.63223658014262,37.59559266402595,37.52696037317564,2.2695364053319125,0.6769618990545538,True,True,2025
2025-08-20,PRIO3,LSTM,37.29999923706055,38.601790541363414,38.92470702878279,36.96720159632999,37.63412822673881,1.301791304302867,0.33412898967826266,True,False,2025
2025-08-21,PRIO3,LSTM,37.5,38.219924946459116,38.16303447542052,37.43450662277508,37.02893548599461,0.7199249464591162,0.4710645140053913,True,False,2025
2025-08-22,PRIO3,LSTM,38.04999923706055,37.95386552407041,38.078673609627096,37.60848314958271,37.78693924667833,0.09613371299013806,0.2630599903822173,False,True,2025
2025-08-25,PRIO3,LSTM,38.18000030517578,37.81808889672709,37.68908451135065,37.911581320107324,37.66060745384055,0.36191140844869096,0.5193928513352333,False,False,2025
2025-08-26,PRIO3,LSTM,37.72999954223633,37.7812216739149,38.339336573173185,38.085059251234895,38.728489540022814,0.05122213167857126,0.9984899977864856,False,True,2025
2025-08-27,PRIO3,LSTM,38.34999847412109,37.724700555385084,37.85262712728847,37.47907967346677,37.15803072064605,0.6252979187360026,1.1919677534750335,False,False,2025
2025-08-28,PRIO3,LSTM,38.58000183105469,37.694869114084554,37.54435242182709,38.10173905201616,37.930596766559646,0.8851327169701335,0.649405064495042,True,False,2025
2025-08-29,PRIO3,LSTM,37.869998931884766,37.73684553285659,37.73684553285659,38.2312592501532,38.37314523949829,0.13315339902817414,0.5031463076135267,False,False,2025
2025-09-01,PRIO3,LSTM,37.970001220703125,37.73931673623224,37.73931673623224,37.54805206226007,37.5584066385986,0.23068448447088485,0.41159458210452726,False,False,2025
2025-09-02,PRIO3,LSTM,37.9900016784668,37.71995216873353,37.71995216873353,37.75893204356192,37.76725313986823,0.27004950973326913,0.22274853859856591,True,False,2025
2025-09-03,PRIO3,LSTM,37.5099983215332,37.78984025097708,37.84068333270766,37.99321889261849,38.01355216650434,0.27984192944387587,0.5035538449711368,False,True,2025
2025-09-04,PRIO3,LSTM,37.31999969482422,37.82607435556906,37.834414239453274,37.408566362604724,37.40772404146361,0.5060746607448436,0.08772434663939066,True,False,2025
2025-09-05,PRIO3,LSTM,36.54999923706055,37.81108715382942,37.28923272606061,37.46253300353579,36.92849394165338,1.2610879167688722,0.37849470459283197,True,True,2025
2025-09-08,PRIO3,LSTM,36.59000015258789,37.70369192283067,37.73015008519653,36.61070309634628,37.10460097860452,1.1136917702427809,0.5146008260166326,True,False,2025
2025-09-09,PRIO3,LSTM,37.09000015258789,37.57176165886818,37.826702146413496,36.75229400227919,36.915994732258184,0.4817615062802929,0.17400542032970634,True,False,2025
2025-09-10,PRIO3,LSTM,37.630001068115234,37.47519751484094,37.47519751484094,37.16040052334873,36.9555905641384,0.15480355327429152,0.6744105039768371,False,False,2025
2025-09-11,PRIO3,LSTM,37.90999984741211,37.44512099551969,37.44512099551969,37.54400075551964,37.57776958138041,0.46487885189242206,0.3322302660317007,True,False,2025
2025-09-12,PRIO3,LSTM,38.150001525878906,37.466834227383686,37.466834227383686,37.702780798587966,37.70288458784054,0.6831672984952206,0.44711693803836283,True,False,2025
2025-09-15,PRIO3,LSTM,37.970001220703125,37.576135620765854,37.576135620765854,37.93588582415358,37.937365097324154,0.3938655999372713,0.03263612337897115,True,False,2025
2025-09-16,PRIO3,LSTM,38.470001220703125,37.684174181569006,38.1285993744581,37.89542028241138,38.31202324334622,0.7858270391341193,0.15797797735690722,True,True,2025
2025-09-17,PRIO3,LSTM,38.2400016784668,37.84514959484886,37.75492097474394,38.30709880525542,37.85344060939439,0.3948520836179341,0.38656106907240684,True,False,2025
2025-09-18,PRIO3,LSTM,38.88999938964844,37.986961268452546,37.728469077735355,38.04145634406228,37.95140261877923,0.9030381211958911,0.9385967708692107,False,False,2025
2025-09-19,PRIO3,LSTM,38.060001373291016,38.10667166999275,37.664632870524656,38.81064482557924,38.514860866156525,0.04667029670173406,0.4548594928655092,False,True,2025
2025-09-22,PRIO3,LSTM,38.18000030517578,38.18094732957957,38.35833834003178,37.840692417857056,38.37529285017546,0.0009470244037856901,0.19529254499968118,False,False,2025
2025-09-23,PRIO3,LSTM,38.58000183105469,38.20049570559382,38.3132373056412,38.08784885221944,37.99716494101751,0.37950612546086404,0.5828368900371785,False,False,2025
2025-09-24,PRIO3,LSTM,38.90999984741211,38.25077073845654,38.840343280524884,38.59070835451062,39.07965759206141,0.6592291089555715,0.1696577446492995,True,True,2025
2025-09-25,PRIO3,LSTM,39.150001525878906,38.338862671461754,38.218190729100165,38.701282879657086,38.124479296070206,0.8111388544171518,1.0255222298087006,False,False,2025
2025-09-26,PRIO3,LSTM,39.2400016784668,38.43565147034133,38.43565147034133,38.87065513094495,39.06711399540827,0.8043502081254701,0.17288768305852642,True,False,2025
2025-09-29,PRIO3,LSTM,38.90999984741211,38.543043297478675,38.01979304751631,39.08068285695547,38.507640872896424,0.36695654993343396,0.4023589745156855,False,True,2025
2025-09-30,PRIO3,LSTM,38.130001068115234,38.60492549771186,38.192544082017186,38.77555435272991,38.77055685685908,0.4749244295966264,0.6405557887438462,False,True,2025
2025-10-01,PRIO3,LSTM,38.38999938964844,38.626189419871196,39.032117862788105,38.171903205054164,38.82434260295294,0.2361900302227582,0.4343432133045013,False,True,2025
2025-10-02,PRIO3,LSTM,38.29999923706055,38.606658063163934,38.608358842313706,38.38553369227744,38.00061683570317,0.3066588261033871,0.29938240135737715,True,False,2025
2025-10-03,PRIO3,LSTM,38.2400016784668,38.610735889119894,38.26844217388908,38.28290662676316,38.02502007753542,0.3707342106530973,0.21498160093137386,True,False,2025
2025-10-06,PRIO3,LSTM,37.90999984741211,38.60822724326886,38.60822724326886,38.24006119052105,38.5353633029244,0.6982273958567475,0.6253634555122929,True,False,2025
2025-10-07,PRIO3,LSTM,37.72999954223633,38.59447904707844,38.59447904707844,37.962365315220396,37.93669478244971,0.8644795048421088,0.20669524021338503,True,False,2025
2025-10-08,PRIO3,LSTM,37.63999938964844,38.49945344840353,38.49945344840353,37.79105293014877,37.81739263650377,0.859454058755091,0.1773932468553312,True,False,2025
2025-10-09,PRIO3,LSTM,37.27999877929688,38.4133663897623,38.4133663897623,37.74158863790743,37.76233842030759,1.1333676104654202,0.4823396410107108,True,False,2025
2025-10-10,PRIO3,LSTM,36.02000045776367,38.305249540146974,37.83349460482316,37.54036621002263,37.060288491625585,2.2852490823833023,1.0402880338619127,True,True,2025
2025-10-13,PRIO3,LSTM,36.29999923706055,38.07864767909507,38.224913271075444,36.253248082331325,36.84821429388104,1.7786484420345232,0.5482150568204958,True,False,2025
2025-10-14,PRIO3,LSTM,35.31999969482422,37.83693607729316,37.314595556877535,36.80870483251602,36.06127744973972,2.5169363824689412,0.741277754915501,True,True,2025
2025-10-15,PRIO3,LSTM,34.599998474121094,37.477522352176436,36.93558651876809,35.72472635055712,35.644066101038106,2.8775238780553423,1.0440676269170126,True,True,2025
2025-10-16,PRIO3,LSTM,34.20000076293945,37.01930474223195,37.120425874254174,34.961793404656454,35.46200803892217,2.819303979292499,1.2620072759827181,True,False,2025
2025-10-17,PRIO3,LSTM,36.119998931884766,36.537413276257666,37.02945639931605,34.73818879037617,35.05272435080192,0.4174143443729008,1.0672745810828488,False,True,2025
2025-10-20,PRIO3,LSTM,35.40999984741211,36.08397298578663,35.628596711915954,36.30374801293296,35.368352410677005,0.6739731383745209,0.04164743673510429,True,True,2025
2025-10-21,PRIO3,LSTM,35.150001525878906,35.81391402625414,35.60689835760233,35.206403085918275,35.473308188491956,0.6639125003752326,0.3233066626130494,True,False,2025
2025-10-22,PRIO3,LSTM,36.209999084472656,35.64594197586871,36.236470966404546,35.23395976640281,35.89679544933668,0.5640571086039472,0.31320363513597727,True,True,2025
2025-10-23,PRIO3,LSTM,36.86000061035156,35.59009652382659,36.35313430753267,36.20911244032778,36.392749257519455,1.2699040865249742,0.4672513528321076,True,True,2025
2025-10-24,PRIO3,LSTM,37.04999923706055,35.79862728471139,36.45937960140162,36.63600621615034,36.76227158474974,1.2513719523491602,0.28772765231080655,True,False,2025
2025-10-27,PRIO3,LSTM,37.0,36.0511784831383,36.0511784831383,36.7346847890223,36.333569998452326,0.9488215168616989,0.6664300015476741,True,False,2025
2025-10-28,PRIO3,LSTM,36.43000030517578,36.29316409578283,36.29316409578283,36.7261100085943,36.850837185328196,0.13683620939295338,0.4208368801524145,False,False,2025
2025-10-29,PRIO3,LSTM,36.0,36.4356820706268,36.822531470708185,36.384385754746496,36.76157460953177,0.43568207062679676,0.7615746095317704,False,True,2025
2025-10-30,PRIO3,LSTM,35.77000045776367,36.44931453552965,35.953263249413666,36.074636291434565,35.259907332025016,0.6793140777659801,0.5100931257386563,True,True,2025
2025-10-31,PRIO3,LSTM,36.02999877929688,36.35611340656459,36.36359393591181,35.74807885711844,36.24218114089833,0.3261146272677067,0.21218236160144954,True,False,2025
2025-11-03,PRIO3,LSTM,36.43999862670898,36.28759197467272,36.48535431246084,36.025149918950675,36.138085094599816,0.15240665203625525,0.30191353210916105,False,False,2025
2025-11-04,PRIO3,LSTM,36.75,36.16702890585208,35.94668032364024,36.23915102118519,35.855350615615066,0.582971094147922,0.8946493843849339,False,False,2025
2025-11-05,PRIO3,LSTM,37.810001373291016,36.15640205056451,36.820815690121485,36.633569915591586,37.464415421750935,1.6535993227265067,0.3455859515400803,True,True,2025
2025-11-06,PRIO3,LSTM,38.459999084472656,36.24118883415133,36.24613088352691,37.40320807471163,36.80209701604246,2.218810250321326,1.6579020684301966,True,False,2025
2025-11-07,PRIO3,LSTM,38.84999847412109,36.491471358955835,36.9446079426188,38.05171856271264,38.553414966154556,2.358527115165252,0.2965835079665311,True,True,2025
2025-11-10,PRIO3,LSTM,39.22999954223633,36.8543774458679,36.84034434927823,38.28961153975167,37.90286319123984,2.3756220963684314,1.32713635099649,True,False,2025
2025-11-11,PRIO3,LSTM,40.29999923706055,37.2506958362722,36.7780775448783,38.80636610381945,38.38023187873931,3.0493034007883466,1.9197673583212378,True,True,2025
2025-11-12,PRIO3,LSTM,40.0099983215332,37.70353194134492,36.93668745357944,39.82969694440121,39.37533564505536,2.306466380188283,0.6346626764778449,True,True,2025
2025-11-13,PRIO3,LSTM,39.83000183105469,38.1587949995951,38.1587949995951,39.39382440799033,39.962480032674655,1.6712068314595854,0.1324782016199677,True,False,2025
2025-11-14,PRIO3,LSTM,39.790000915527344,38.53556501398515,39.10241055096935,39.50967263088027,39.94038076104074,1.2544359015421946,0.1503798455133989,True,True,2025
2025-11-17,PRIO3,LSTM,39.84999847412109,38.919775869393334,38.84840376348615,39.5390327388054,39.02682796159023,0.9302226047277529,0.8231705125308579,True,False,2025
2025-11-18,PRIO3,LSTM,40.040000915527344,39.212283294852,39.41280681814311,39.64041282086187,40.00722372089422,0.8277176206753438,0.03277719463312678,True,False,2025
2025-11-19,PRIO3,LSTM,39.40999984741211,39.440621125217376,38.6666442644557,39.976102131470974,39.003464767020226,0.0306212778052668,0.40653508039188324,False,True,2025
2025-11-20,PRIO3,LSTM,39.40999984741211,39.574848995624166,39.597353320449926,39.27426248594969,39.995477322013606,0.1648491482120562,0.5854774746014968,False,False,2025
2025-11-21,PRIO3,LSTM,38.79999923706055,39.65370625265399,39.33075498349105,39.4113664350144,38.96059357877261,0.853707015593443,0.16059434171206277,True,False,2025
2025-11-24,PRIO3,LSTM,38.540000915527344,39.598430947396196,39.598430947396196,38.79818637778685,39.103491483728995,1.058430031868852,0.5634905682016509,True,False,2025
2025-11-25,PRIO3,LSTM,37.52000045776367,39.44890612386246,38.96692163743836,38.74379218519504,38.19920506445669,1.9289056660987853,0.6792046066930197,True,True,2025
2025-11-26,PRIO3,LSTM,37.9900016784668,39.18880005506054,39.14972477633928,37.65159041608536,38.057174731136264,1.1987983765937429,0.06717305266946738,True,False,2025
2025-11-27,PRIO3,LSTM,37.709999084472656,38.88514838738166,39.088842973089356,38.14289594848201,38.29229186519181,1.1751493029090057,0.5822927807191505,True,False,2025
2025-11-28,PRIO3,LSTM,37.209999084472656,38.6034788566173,38.6034788566173,37.734883340489546,37.581571944251145,1.3934797721446444,0.37157285977848886,True,False,2025
2025-12-01,PRIO3,LSTM,37.560001373291016,38.351031475963055,38.351031475963055,37.29068667663395,37.35208471156554,0.791030102672039,0.20791666172547707,True,False,2025
2025-12-02,PRIO3,LSTM,37.58000183105469,38.148290683317896,38.148290683317896,37.64272876936296,37.63815221047513,0.5682888522632084,0.058150379420439435,True,False,2025
2025-12-03,PRIO3,LSTM,39.33000183105469,38.00704064684504,38.69976563547176,37.703769597150874,38.36941672220799,1.322961184209646,0.9605851088467006,True,True,2025
2025-12-04,PRIO3,LSTM,39.59000015258789,37.988183254694775,37.694717973445556,39.1153304173554,38.19741040968313,1.6018168978931158,1.392589742904761,True,False,2025
2025-12-05,PRIO3,LSTM,39.2599983215332,38.14176888487748,38.695276708487555,39.250539479517556,40.11224333686415,1.1182294366557244,0.8522450153309435,True,True,2025
2025-12-08,PRIO3,LSTM,39.34999847412109,38.320042721786876,37.84206921852822,38.96494606319667,37.97748570973838,1.0299557523342102,1.372512764382705,False,True,2025
2025-12-09,PRIO3,LSTM,39.79999923706055,38.5209181983854,38.999255646066665,39.18909550969206,40.12025597242228,1.2790810386751446,0.32025673536173116,True,True,2025
2025-12-10,PRIO3,LSTM,39.59999847412109,38.72762108569896,38.71287471131828,39.493732330495064,39.00559881191279,0.8723773884221302,0.5943996622082963,True,False,2025
2025-12-11,PRIO3,LSTM,38.93000030517578,38.96318190995294,38.60896999994094,39.33389877076674,39.089582599769415,0.03318160477715537,0.15958229459363338,False,False,2025
2025-12-12,PRIO3,LSTM,39.40999984741211,39.12404839966803,39.24944620647413,38.80721511733402,39.25943051485156,0.28595144774408254,0.1505693325605506,True,False,2025
2025-12-15,PRIO3,LSTM,39.5,39.25300709262922,38.80993447589409,39.524933143976405,38.88521067135401,0.24699290737078172,0.6147893286459905,False,True,2025
2025-12-16,PRIO3,LSTM,38.54999923706055,39.370828351092996,38.9261703637807,39.54504930821768,39.45483501446616,0.8208291140324491,0.9048357774056157,False,True,2025
2025-12-17,PRIO3,LSTM,38.56999969482422,39.372577935852064,39.939110267735764,38.64424310694702,39.51280448560429,0.8025782410278453,0.9428047907800732,False,True,2025
2025-12-18,PRIO3,LSTM,38.54999923706055,39.31279591810204,39.27830068699104,38.6880235840312,38.14008045913037,0.7627966810414932,0.40991877793018006,True,False,2025
2025-12-19,PRIO3,LSTM,38.209999084472656,39.22797849976263,39.06957691641071,38.633210261625685,38.6112713675095,1.0179794152899717,0.40127228303684603,True,False,2025
2025-12-22,PRIO3,LSTM,39.40999984741211,39.09933636591154,39.65959047033592,38.41100905435833,39.08528022484198,0.3106634815005691,0.32471962257012876,False,True,2025
2025-12-23,PRIO3,LSTM,40.41999816894531,38.97501032831434,39.47091360416189,39.46349308130648,39.408736279979976,1.4449878406309722,1.0112618889653362,True,True,2025
2025-12-24,PRIO3,LSTM,40.41999816894531,38.99616873077031,39.06518436224103,40.04643255882233,39.77084175674735,1.4238294381750052,0.6491564121979607,True,False,2025
2025-12-26,PRIO3,LSTM,40.59999847412109,39.059259301800125,38.53618386416021,39.99611364699953,39.46774715541265,1.5407391723209614,1.132251318708434,True,True,2025
2025-12-29,PRIO3,LSTM,41.13999938964844,39.182700335433594,39.67789783393407,40.2232587593708,41.11399061210698,1.9572990542148432,0.02600877754145614,True,True,2025
2025-12-30,PRIO3,LSTM,41.41999816894531,39.38654057531062,39.34814334219387,40.62507074390673,40.08377917298509,2.0334575936346937,1.3362189959602233,True,False,2025
2025-12-31,PRIO3,LSTM,41.41999816894531,39.692074578343124,39.90021276501541,40.91164821895743,41.230792490775045,1.7279235906021881,0.1892056781702678,True,False,2025
2026-01-02,PRIO3,LSTM,41.7599983215332,40.01274555301683,39.39655152023975,40.95915626871132,40.1812013647379,1.7472527685163755,1.5787969567953013,True,False,2026
2026-01-05,PRIO3,LSTM,41.150001525878906,40.316104488615395,39.9653769215531,41.468803461560526,41.612368852315214,0.8338970372635117,0.46236732643630774,True,True,2026
2026-01-06,PRIO3,LSTM,40.81999969482422,40.55543338743803,40.681334292307994,41.03620075647725,41.317475225875675,0.2645663073861897,0.4974755310514567,False,True,2026
2026-01-07,PRIO3,LSTM,41.06999969482422,40.77011152200936,41.444240635838945,40.99076615294339,41.46715611084741,0.29988817281486035,0.3971564160231935,False,True,2026
2026-01-08,PRIO3,LSTM,41.83000183105469,40.92603220111175,41.751131025245805,41.15254247364455,41.42455440247728,0.9039696299429352,0.40544742857741056,True,True,2026
2026-01-09,PRIO3,LSTM,42.68000030517578,41.07925021426337,41.56405861805043,41.812345249542176,41.68993880590538,1.6007500909124133,0.9900614992704035,True,True,2026
2026-01-12,PRIO3,LSTM,43.2400016784668,41.31379668782046,41.30218320204433,42.38275704072686,42.097973981204554,1.9262049906463403,1.1420276972622432,True,False,2026
2026-01-13,PRIO3,LSTM,42.79999923706055,41.65427473197474,42.16846927589705,42.99527138585023,43.54739468687013,1.1457245050858091,0.7473954498095807,True,True,2026
2026-01-14,PRIO3,LSTM,44.06999969482422,42.028277407047426,42.83291789848628,42.63947352871908,43.01854132366684,2.0417222877767927,1.0514583711573806,True,True,2026
2026-01-15,PRIO3,LSTM,43.77999877929688,42.47377138308258,41.57737094129431,43.998256041621254,42.46746743363612,1.3062273962143038,1.3125313456607586,False,True,2026
2026-01-16,PRIO3,LSTM,44.16999816894531,42.83493469295837,42.807929616348964,43.42432146010871,44.284539987959434,1.3350634759869422,0.11454181901412142,True,False,2026
2026-01-19,PRIO3,LSTM,44.93000030517578,43.09963257078749,43.13765902597338,43.862860256332795,43.77859500540448,1.8303677343882896,1.151405299771298,True,False,2026
2026-01-20,PRIO3,LSTM,45.40999984741211,43.38485232899097,43.38485232899097,44.566764325359266,44.5124057361832,2.025147518421136,0.8975941112289121,True,False,2026
2026-01-21,PRIO3,LSTM,46.880001068115234,43.697704634031254,43.143289903290544,45.08156519193642,44.48503866817949,3.1822964340839803,2.394962399935743,True,True,2026
2026-01-22,PRIO3,LSTM,46.25,44.0320455160832,43.30635033425331,46.35523210144794,45.98972816443574,2.217954483916799,0.2602718355642608,True,True,2026
2026-01-23,PRIO3,LSTM,48.52000045776367,44.44280649040331,44.27996308171693,45.72312533104387,46.05345120362568,4.077193967360358,2.4665492541379948,True,True,2026
2026-01-26,PRIO3,LSTM,48.5,44.96759001386596,45.09550227278167,47.90580180299139,47.96666937315335,3.5324099861340414,0.5333306268466487,True,False,2026
2026-01-27,PRIO3,LSTM,49.0099983215332,45.57304164862268,46.10359112435344,47.812139897796904,48.185058312432425,3.436956672910526,0.8249400091007786,True,True,2026
2026-01-28,PRIO3,LSTM,50.5,46.21416234697915,46.3756334721982,48.48243352787705,48.18969975181989,4.285837653020849,2.3103002481801127,True,True,2026
2026-01-29,PRIO3,LSTM,51.5099983215332,46.882976861677605,47.24773250208777,49.90860799861181,50.14291150311786,4.627021459855598,1.3670868184153449,True,True,2026
2026-01-30,PRIO3,LSTM,50.9900016784668,47.63221440964941,47.908246500292506,50.659091681801954,50.637722344669314,3.3577872688173898,0.3522793337974832,True,False,2026
2026-02-02,PRIO3,LSTM,50.880001068115234,48.46067683168212,47.698013438614325,50.4744247609962,49.54805191020075,2.4193242364331127,1.3319491579144866,True,True,2026
2026-02-03,PRIO3,LSTM,51.5,49.121825850510106,49.47727247433707,50.57777273984751,51.59659191963243,2.378174149489894,0.09659191963243074,True,True,2026
2026-02-04,PRIO3,LSTM,50.25,49.82299747166712,50.181257889945556,51.42979735614828,51.344726461564605,0.4270025283328778,1.0947264615646048,False,True,2026
2026-02-05,PRIO3,LSTM,49.150001525878906,50.39685106105725,49.61366654071546,50.3368208923958,49.36734753891209,1.2468495351783417,0.21734601303318613,True,True,2026
2026-02-06,PRIO3,LSTM,50.630001068115234,50.68105646856384,51.380347022290074,49.56950319613651,51.00739629696069,0.051055400448603905,0.37739522884545806,False,True,2026
2026-02-09,PRIO3,LSTM,51.04999923706055,50.87007629590977,50.87007629590977,50.977346177339825,50.25570343530443,0.17992294115077812,0.7942958017561139,False,False,2026
2026-02-10,PRIO3,LSTM,51.470001220703125,51.04600487231528,51.04600487231528,51.113147007088564,51.233545255848895,0.4239963483878455,0.2364559648542297,True,False,2026
2026-02-11,PRIO3,LSTM,53.59999847412109,51.23993306779852,51.394980781913446,51.60749251242884,51.72457292648121,2.360065406322569,1.8754255476398782,True,True,2026
2026-02-12,PRIO3,LSTM,52.22999954223633,51.545327512513666,51.399311773710224,53.51773004044095,53.13855792508254,0.6846720297226625,0.9085583828462092,False,True,2026
2026-02-13,PRIO3,LSTM,52.560001373291016,51.82260606207336,51.67208325819225,51.85130156864096,51.91528349192066,0.7373953112176537,0.6447178813703545,True,False,2026
2026-02-17,PRIO3,LSTM,52.560001373291016,52.06527074506698,52.009110602180684,52.46885948167422,52.52274433895325,0.49473062822403335,0.03725703433776317,True,False,2026
2026-02-18,PRIO3,LSTM,53.77999877929688,52.33329419548289,53.04876932011526,52.64930508154209,53.365965464134305,1.4467045838139896,0.4140333151625768,True,True,2026
2026-02-19,PRIO3,LSTM,54.93000030517578,52.66857794714235,53.208087027646556,53.84277729526068,53.726654386885386,2.2614223580334283,1.2033459182903954,True,True,2026
2026-02-20,PRIO3,LSTM,55.02000045776367,53.13619021454798,52.224109636032594,54.79366842366857,53.50578834010348,1.8838102432156916,1.5142121176601933,True,True,2026
2026-02-23,PRIO3,LSTM,53.45000076293945,53.592821625080546,52.752886115788925,54.800952005769716,54.76518671611328,0.14282086214109313,1.315185953173824,False,True,2026
2026-02-24,PRIO3,LSTM,54.68000030517578,53.92011311017524,54.611808660303716,53.478023583808586,54.74808394994952,0.7598871950005446,0.0680836447737363,True,True,2026
2026-02-25,PRIO3,LSTM,53.630001068115234,54.18504245057949,54.1011881941355,54.89554479105751,54.05981391820453,0.5550413824642533,0.4298128500892986,True,True,2026
2026-02-26,PRIO3,LSTM,52.34000015258789,54.340527435422814,53.70649213629622,53.7639361481778,53.32929516474509,2.0005272828349234,0.9892950121572,True,True,2026
2026-02-27,PRIO3,LSTM,54.4900016784668,54.270370448128745,54.79248836598951,52.72155256906204,53.77510608204517,0.21963123033805232,0.714895596421627,False,True,2026
2026-03-02,PRIO3,LSTM,57.27999877929688,54.25527772668573,54.915911274369336,54.8599273829407,54.90456412786994,3.0247210526111488,2.375434651426943,True,True,2026
2026-03-03,PRIO3,LSTM,55.119998931884766,54.74406541585432,55.499515876186756,57.2817573734449,57.470498757748885,0.3759335160304431,2.3504998258641194,False,True,2026
2026-03-04,PRIO3,LSTM,55.52000045776367,55.51167700765774,56.142494588314726,55.315843824761174,55.480657372068386,0.008323450105933716,0.039343085695286106,False,True,2026
2026-03-05,PRIO3,LSTM,56.959999084472656,56.13763350348182,56.77556426074556,56.11912700056772,56.34996380988798,0.8223655809908337,0.6100352745846749,True,True,2026
2026-03-06,PRIO3,LSTM,59.38999938964844,56.71806335309475,57.68091873775152,57.43856570207217,57.93410106017086,2.6719360365536886,1.4558983294775771,True,True,2026
2026-03-09,PRIO3,LSTM,59.70000076293945,57.54847618770907,58.46059996259619,59.65821727752808,59.80794481007981,2.1515245752303827,0.10794404714035721,True,True,2026
2026-03-10,PRIO3,LSTM,58.900001525878906,58.567112346101965,59.50550742071162,59.92925936417269,60.255471575479824,0.33288917977694155,1.3554700496009175,False,True,2026
2026-03-11,PRIO3,LSTM,59.34999847412109,59.369473958927415,60.54498964325239,59.32053656580792,59.90117293615286,0.019475484806328325,0.5511744620317742,False,True,2026
2026-03-12,PRIO3,LSTM,59.5,59.99263248068155,59.231475814404384,59.96258250354111,58.38774596568179,0.4926324806815501,1.1122540343182123,False,True,2026
2026-03-13,PRIO3,LSTM,57.79999923706055,60.314750096449814,60.432910807814686,59.955047235831195,60.832979456863704,2.5147508593892667,3.0329802198031572,False,True,2026
2026-03-16,PRIO3,LSTM,59.79999923706055,60.34039478822962,59.31279534563438,58.39208471890218,57.2022433541068,0.5403955511690697,2.5977558829537486,False,True,2026
2026-03-17,PRIO3,LSTM,62.68999862670898,60.37475676905217,60.53856854868739,60.4065187747914,61.32132384409283,2.315241857656808,1.3686747826161465,True,True,2026
2026-03-18,PRIO3,LSTM,66.02999877929688,60.618156686107966,60.782628870450544,62.63980713899254,62.40687945154155,5.411842093188909,3.623119327755326,True,True,2026
2026-03-19,PRIO3,LSTM,65.81999969482422,61.2373667286393,61.2373667286393,65.19977693180759,64.99820492519893,4.582632966184917,0.821794769625285,True,False,2026
2026-03-20,PRIO3,LSTM,67.88999938964844,62.21023116280031,62.54595492628827,65.0732225872106,65.4181917124868,5.679768226848125,2.4718076771616353,True,True,2026
2026-03-23,PRIO3,LSTM,65.95999908447266,63.15155541723851,62.07608179175876,67.09884077316643,65.67349874062938,2.808443667234144,0.2865003438432723,True,True,2026
2026-03-24,PRIO3,LSTM,67.62999725341797,63.95464886026474,64.12817378038692,65.2854504432523,66.44209627635767,3.6753483931532287,1.1879009770602948,True,True,2026
2026-03-25,PRIO3,LSTM,67.27999877929688,64.78093621486352,63.95654328221749,67.38194846448957,66.19131075863937,2.499062564433359,1.0886880206575,True,True,2026
2026-03-26,PRIO3,LSTM,67.27999877929688,65.4713822687524,65.7564111022698,66.79366033826932,67.81759226629362,1.808616510544482,0.5375934869967409,True,False,2026
