Date,Ativo,Modelo,Real,Pred_Base,Pred_SeqOnly,Pred_ResidualOnly,Pred_Hibrido,ErroAbs_Base,ErroAbs_Hibrido,Hybrid_Better,Event_Day,Year
2020-12-29,EXXO34,AUTOENCODER,23.04597854614257,23.382687710026026,23.542852897216854,23.382687710026026,23.542852897216854,0.3367091638834552,0.49687435107428257,False,True,2020
2020-12-30,EXXO34,AUTOENCODER,23.15255546569824,23.40195513846985,23.562252302417228,23.40195513846985,23.562252302417228,0.249399672771613,0.4096968367189895,False,True,2020
2020-12-31,EXXO34,AUTOENCODER,23.15255546569824,23.393325265331548,23.393325265331548,23.393325265331548,23.393325265331548,0.24076979963330913,0.24076979963330913,False,False,2020
2021-01-04,EXXO34,AUTOENCODER,23.45096206665039,23.277612023147498,23.277612023147498,23.277612023147498,23.277612023147498,0.17335004350289296,0.17335004350289296,False,True,2021
2021-01-05,EXXO34,AUTOENCODER,24.48688316345215,23.09335736308863,23.288947877950168,23.09335736308863,23.288947877950168,1.3935258003635198,1.1979352855019805,True,True,2021
2021-01-06,EXXO34,AUTOENCODER,25.10928726196289,23.01444023345467,23.287789788739673,23.01444023345467,23.287789788739673,2.0948470285082195,1.8214974732232179,True,True,2021
2021-01-07,EXXO34,AUTOENCODER,26.01731300354004,23.094364106379032,23.31079272694415,23.094364106379032,23.31079272694415,2.9229488971610067,2.7065202765958887,True,True,2021
2021-01-08,EXXO34,AUTOENCODER,26.34556579589844,23.327180747801883,23.543792590176956,23.327180747801883,23.543792590176956,3.018385048096558,2.801773205721485,True,True,2021
2021-01-11,EXXO34,AUTOENCODER,27.59037399291992,23.64343164250122,23.864868592006975,23.64343164250122,23.864868592006975,3.9469423504186985,3.725505400912944,True,True,2021
2021-01-12,EXXO34,AUTOENCODER,27.41559600830078,24.03972798034288,24.223715344567697,24.03972798034288,24.223715344567697,3.3758680279578996,3.191880663733084,True,True,2021
2021-01-13,EXXO34,AUTOENCODER,27.35164833068848,24.50589526923884,24.746358127377267,24.50589526923884,24.746358127377267,2.8457530614496385,2.6052902033112133,True,True,2021
2021-01-14,EXXO34,AUTOENCODER,27.986841201782227,24.98243440028488,25.249507607134753,24.98243440028488,25.249507607134753,3.004406801497346,2.737333594647474,True,True,2021
2021-01-15,EXXO34,AUTOENCODER,28.545297622680664,25.456191927351732,25.48457351652852,25.456191927351732,25.48457351652852,3.089105695328932,3.0607241061521435,True,True,2021
2021-01-18,EXXO34,AUTOENCODER,27.4454345703125,25.906695038773428,26.1078576668478,25.906695038773428,26.1078576668478,1.538739531539072,1.3375769034647007,True,True,2021
2021-01-19,EXXO34,AUTOENCODER,27.9314193725586,26.259930366997104,26.500390510349604,26.259930366997104,26.500390510349604,1.6714890055614973,1.431028862208997,True,True,2021
2021-01-20,EXXO34,AUTOENCODER,28.00814819335937,26.5655985258526,26.337602302759006,26.5655985258526,26.337602302759006,1.4425496675067713,1.6705458906003656,False,True,2021
2021-01-21,EXXO34,AUTOENCODER,27.53069305419922,26.86020863188474,26.994431022510373,26.86020863188474,26.994431022510373,0.6704844223144804,0.536262031688846,True,True,2021
2021-01-22,EXXO34,AUTOENCODER,27.71826362609864,27.157357201460137,27.012802887512496,29.263114809600445,29.033617369096323,0.5609064246385032,1.315353742997683,False,True,2021
2021-01-25,EXXO34,AUTOENCODER,27.71826362609864,27.378930371292178,27.45410826110501,27.924950293614415,28.027023920269293,0.33933325480646204,0.30876029417065354,True,False,2021
2021-01-26,EXXO34,AUTOENCODER,26.37541007995605,27.49298258378729,27.49298258378729,27.949704222088567,27.848335027864767,1.1175725038312372,1.4729249479087159,False,False,2021
2021-01-27,EXXO34,AUTOENCODER,26.23899269104004,27.52999281470536,27.52999281470536,26.898731911804628,27.128982818244836,1.2910001236653201,0.889990127204797,True,True,2021
2021-01-28,EXXO34,AUTOENCODER,26.678083419799805,27.487575450060994,27.733012012680522,28.60648392938386,29.032104595505643,0.8094920302611897,2.3540211757058387,False,True,2021
2021-01-29,EXXO34,AUTOENCODER,26.23046875,27.410160696144523,27.410160696144523,27.719225041657406,27.313485962564695,1.1796919461445228,1.0830172125646946,True,True,2021
2021-02-01,EXXO34,AUTOENCODER,26.643983840942383,27.332689832896683,27.582528877427585,27.44855181258167,27.86677505780248,0.6887059919543006,1.2227912168600987,False,True,2021
2021-02-02,EXXO34,AUTOENCODER,26.19209671020508,27.234295993462247,27.482406571738952,27.928243345566205,27.959348566579937,1.0421992832571654,1.7672518563748554,False,True,2021
2021-02-03,EXXO34,AUTOENCODER,27.17686080932617,27.142692028058157,27.38982880867731,26.994726273566332,27.059444447689483,0.03416878126801137,0.11741636163668545,False,True,2021
2021-02-04,EXXO34,AUTOENCODER,27.961265563964844,27.123216930594786,27.416944240993146,28.142841432144074,28.08268978124887,0.8380486333700574,0.12142421728402653,True,True,2021
2021-02-05,EXXO34,AUTOENCODER,28.720081329345703,27.179232101475456,27.438366486171205,28.72713637857857,28.633652006645487,1.5408492278702468,0.08642932270021575,True,True,2021
2021-02-08,EXXO34,AUTOENCODER,29.892410278320312,27.331717271152975,27.61002692015106,29.32122703666834,29.318476652568933,2.5606930071673375,0.5739336257513799,True,True,2021
2021-02-09,EXXO34,AUTOENCODER,29.11654090881348,27.589341008856245,27.63152241182876,30.37517708317763,30.054591730099254,1.5271998999572354,0.9380508212857741,True,True,2021
2021-02-10,EXXO34,AUTOENCODER,29.257225036621094,27.925769657530736,28.152421146374017,29.202147934619674,29.53986309689442,1.3314553790903574,0.2826380602733245,True,True,2021
2021-02-11,EXXO34,AUTOENCODER,28.37903594970703,28.22610291536239,28.356299452978583,29.65874747016155,29.5718127244565,0.15293303434464178,1.1927767747494684,False,True,2021
2021-02-12,EXXO34,AUTOENCODER,29.027013778686523,28.457697727724593,28.686364338905648,28.796751752968625,29.05987676032235,0.5693160509619304,0.03286298163582657,True,True,2021
2021-02-16,EXXO34,AUTOENCODER,29.027013778686523,28.648887372153553,28.894197996768572,29.842138955731016,29.824792277189477,0.3781264065329708,0.7977784985029537,False,True,2021
2021-02-17,EXXO34,AUTOENCODER,30.544666290283203,28.820148529924296,28.93952041822178,29.51960231811617,29.43632221945163,1.724517760358907,1.1083440708315742,True,True,2021
2021-02-18,EXXO34,AUTOENCODER,30.263303756713867,29.068155644179,29.080852382717836,30.031473350812544,29.884665723788046,1.1951481125348664,0.37863803292582077,True,False,2021
2021-02-19,EXXO34,AUTOENCODER,30.190826416015625,29.349928967089937,29.186791825029918,30.419110195625997,30.260578322704102,0.8408974489256877,0.0697519066884773,True,True,2021
2021-02-22,EXXO34,AUTOENCODER,31.80225944519043,29.61486433111179,29.92455305934775,30.710258684799282,31.14427181642839,2.1873951140786403,0.6579876287620401,True,True,2021
2021-02-23,EXXO34,AUTOENCODER,31.998353958129883,29.93142801921013,30.04896980484532,32.44469805614545,32.07649322306141,2.066925938919752,0.07813926493152934,True,True,2021
2021-02-24,EXXO34,AUTOENCODER,32.88080596923828,30.288625182176247,30.59193989260254,32.24382965900974,32.4863288995101,2.592180787062034,0.39447706972818253,True,True,2021
2021-02-25,EXXO34,AUTOENCODER,32.89786148071289,30.69192099787233,30.69192099787233,32.4697255492326,32.11498329337787,2.2059404828405604,0.7828781873350223,True,True,2021
2021-02-26,EXXO34,AUTOENCODER,32.88932800292969,31.10639353440294,30.905396347733184,32.919647877574874,32.79568348087579,1.7829344685267472,0.09364452205389995,True,True,2021
2021-03-01,EXXO34,AUTOENCODER,34.15971374511719,31.4323036182505,31.576798299565347,33.12496715334888,33.41651464363566,2.727410126866687,0.7431991014815296,True,True,2021
2021-03-02,EXXO34,AUTOENCODER,34.13840103149414,31.743000979014113,31.591103619355835,34.51491697586564,34.09501056579732,2.395400052480028,0.04339046569682381,True,True,2021
2021-03-03,EXXO34,AUTOENCODER,34.117088317871094,32.08242760730772,32.35181425468033,34.216873220633566,34.635165729801834,2.0346607105633723,0.5180774119307401,True,True,2021
2021-03-04,EXXO34,AUTOENCODER,35.515357971191406,32.43514634272191,32.73581522609609,34.324005570485824,34.269025393747306,3.080211628469499,1.2463325774441003,True,True,2021
2021-03-05,EXXO34,AUTOENCODER,36.977577209472656,32.821966652910845,33.15299069107459,35.80618609870232,35.89932702116195,4.155610556561811,1.0782501883107045,True,True,2021
2021-03-08,EXXO34,AUTOENCODER,36.6706428527832,33.330913114898266,33.169216044985504,37.00628671952316,36.56139199218372,3.3397297378849373,0.10925086059948086,True,True,2021
2021-03-09,EXXO34,AUTOENCODER,37.2802619934082,33.910073633276625,34.102195207572066,36.60798894104146,37.015942221422655,3.3701883601315785,0.2643197719855479,True,True,2021
2021-03-10,EXXO34,AUTOENCODER,37.42947006225586,34.49882046316591,34.67272703720374,37.41164898789369,37.35999629521341,2.9306495990899464,0.0694737670424459,True,True,2021
2021-03-11,EXXO34,AUTOENCODER,36.30828857421875,35.030246774051676,35.12862963088458,37.63820989743045,37.57939913017137,1.278041800167074,1.2711105559526175,True,True,2021
2021-03-12,EXXO34,AUTOENCODER,36.77721786499024,35.45822682594053,35.75371235496832,35.17480704621912,35.45129886404001,1.3189910390497133,1.325919000950229,False,False,2021
2021-03-15,EXXO34,AUTOENCODER,36.66211700439453,35.7985628123632,35.94430934364718,37.34632049057107,37.17088595518303,0.8635541920313301,0.5087689507885003,True,True,2021
2021-03-16,EXXO34,AUTOENCODER,35.45142364501953,36.06847449363602,36.08927120454746,37.25940545990435,37.1284291183955,0.6170508486164863,1.6770054733759707,False,True,2021
2021-03-17,EXXO34,AUTOENCODER,35.72425842285156,36.17826691149108,36.52475249839003,36.26968451409642,36.481231796901255,0.45400848863951637,0.7569733740496929,False,True,2021
2021-03-18,EXXO34,AUTOENCODER,34.10430145263672,36.185571443526385,36.00319714832779,36.71331590669118,36.12718207207651,2.081269990889666,2.022880619439789,True,True,2021
2021-03-19,EXXO34,AUTOENCODER,33.39236831665039,36.017629120459304,36.05674478184415,34.843437516318446,35.05486509996767,2.6252608038089136,1.6624967833172803,True,True,2021
2021-03-22,EXXO34,AUTOENCODER,33.02147674560547,35.71401056453584,35.62906430176369,34.13651894034925,33.861779833020705,2.6925338189303716,0.8403030874152364,True,True,2021
2021-03-23,EXXO34,AUTOENCODER,32.590919494628906,35.28177652242053,34.91061822879827,33.67155075339545,33.339812583810925,2.6908570277916226,0.7488930891820189,True,True,2021
2021-03-24,EXXO34,AUTOENCODER,33.882625579833984,34.81845920059715,35.20711628062736,33.11874496079099,33.91648524847974,0.9358336207631623,0.033859668645753516,True,True,2021
2021-03-25,EXXO34,AUTOENCODER,34.09150695800781,34.46145551808402,34.33926365953147,35.23398300091511,34.60155119640878,0.36994856007621024,0.5100442384009654,False,True,2021
2021-03-26,EXXO34,AUTOENCODER,35.26384353637695,34.20300045936773,34.63046462414959,34.61767898089731,35.29853617418997,1.060843077009224,0.03469263781301635,True,True,2021
2021-03-29,EXXO34,AUTOENCODER,35.17005920410156,34.08128577599928,34.42506163984318,35.744194626179954,35.57289587638235,1.0887734281022858,0.40283667228078457,True,True,2021
2021-03-30,EXXO34,AUTOENCODER,34.91853713989258,34.079433523129296,34.03001941074557,35.14250078650098,34.81685604609047,0.8391036167632819,0.10168109380210666,True,True,2021
2021-03-31,EXXO34,AUTOENCODER,33.71210479736328,34.12947530749125,34.04161544604952,35.03631676832075,35.072854205571815,0.41737051012796655,1.3607494082085339,False,True,2021
2021-04-01,EXXO34,AUTOENCODER,34.965431213378906,34.112163966427175,34.44618227833308,33.847022026947904,34.121118906537355,0.8532672469517308,0.8443123068415517,True,True,2021
2021-04-05,EXXO34,AUTOENCODER,34.29187774658203,34.12594235441961,33.83788169487324,35.61580541872124,34.93287981090623,0.16593539216242448,0.6410020643241978,False,True,2021
2021-04-06,EXXO34,AUTOENCODER,33.74620056152344,34.136230355040055,34.47498874490476,34.3966282586868,35.085099744189925,0.39002979351661793,1.3388991826664878,False,True,2021
2021-04-07,EXXO34,AUTOENCODER,34.08298110961914,34.1416323292876,34.23294697818925,33.238921217314605,32.87076379750132,0.05865121966846232,1.2122173121178221,False,False,2021
2021-04-08,EXXO34,AUTOENCODER,33.37106704711914,34.12751212582822,33.849894437083606,34.58978535387446,34.27427416648679,0.7564450787090777,0.9032071193676501,False,True,2021
2021-04-09,EXXO34,AUTOENCODER,33.92951202392578,34.10925531028386,33.99559908348473,32.92609864606509,33.224394093705065,0.17974328635807524,0.705117930220716,False,False,2021
2021-04-12,EXXO34,AUTOENCODER,33.972145080566406,34.067918856436876,34.45654734111376,34.43604242397643,34.81439110713691,0.09577377587046954,0.842246026570507,False,True,2021
2021-04-13,EXXO34,AUTOENCODER,34.019039154052734,34.096510107910404,34.48546474619773,34.39931516578267,34.295296635039605,0.07747095385767011,0.276257480986871,False,True,2021
2021-04-14,EXXO34,AUTOENCODER,34.556175231933594,34.08240796262663,34.31069443486683,34.4202704976059,34.28995988846007,0.4737672693069612,0.26621534347352593,True,True,2021
2021-04-15,EXXO34,AUTOENCODER,34.28334426879883,34.12908318710652,33.86574488021776,35.00006678396095,34.57202815080538,0.15426108169231156,0.28868388200655204,False,True,2021
2021-04-16,EXXO34,AUTOENCODER,33.852783203125,34.17237508339841,34.201219967176044,33.88309571709086,34.258904314373815,0.319591880273407,0.4061211112488152,False,False,2021
2021-04-19,EXXO34,AUTOENCODER,33.44352340698242,34.21093315794042,34.550432877499865,34.13742895016588,34.31646308669037,0.7674097509579951,0.8729396797079474,False,True,2021
2021-04-20,EXXO34,AUTOENCODER,32.84670639038086,34.200455546476036,33.93656653401538,33.90255332684139,33.2523473442936,1.3537491560951764,0.40564095391273725,True,True,2021
2021-04-21,EXXO34,AUTOENCODER,32.84670639038086,34.11732989452207,34.19729139980146,33.23803060340875,33.615930359924555,1.2706235041412128,0.7692239695436953,True,True,2021
2021-04-22,EXXO34,AUTOENCODER,32.26266860961914,34.021597056251125,34.102440980617985,32.72476825521222,32.596055337384556,1.7589284466319839,0.333386727765415,True,False,2021
2021-04-23,EXXO34,AUTOENCODER,32.68470001220703,33.881650064862356,33.843579449170164,32.05923497004568,31.882609958808768,1.1969500526553247,0.8020900533982633,True,False,2021
2021-04-26,EXXO34,AUTOENCODER,32.411869049072266,33.75019299575089,33.75019299575089,32.63179612534016,32.65956609552501,1.3383239466786279,0.2476970464527426,True,False,2021
2021-04-27,EXXO34,AUTOENCODER,32.991641998291016,33.61394019114459,33.3545767019683,32.873654805939275,32.561033336079504,0.6222981928535773,0.43060866221151173,True,True,2021
2021-04-28,EXXO34,AUTOENCODER,33.18347930908203,33.51717287738498,33.8998570550809,33.5074045188935,34.13192177624035,0.33369356830294805,0.9484424671583156,False,True,2021
2021-04-29,EXXO34,AUTOENCODER,33.50320816040039,33.475860931062044,33.856913995557626,33.551803329167946,33.425887510084685,0.027347229338346324,0.07732065031570556,False,True,2021
2021-04-30,EXXO34,AUTOENCODER,33.27301025390625,33.49143352778856,33.442418744901474,33.79010624443399,33.399619753174925,0.21842327388230842,0.1266094992686746,True,True,2021
2021-05-03,EXXO34,AUTOENCODER,34.05739974975586,33.52182156773554,33.83258328136208,33.522362436022085,33.937517446011725,0.5355781820203163,0.11988230374413433,True,True,2021
2021-05-04,EXXO34,AUTOENCODER,34.41123580932617,33.58544696976725,33.782235703945666,34.45385340322119,34.28465702386713,0.8257888395589248,0.12657878545903856,True,True,2021
2021-05-05,EXXO34,AUTOENCODER,34.999542236328125,33.700356300669114,34.01242102176322,34.69929841686193,34.85731231853787,1.2991859356590112,0.14222991779025307,True,True,2021
2021-05-06,EXXO34,AUTOENCODER,34.7394905090332,33.86061615988271,33.777378575135074,34.650313977028574,34.31747052151881,0.8788743491504931,0.4220199875143962,True,False,2021
2021-05-07,EXXO34,AUTOENCODER,34.87590789794922,34.03702002809399,34.401327058225874,34.88178869404745,35.378299667094545,0.8388878698552276,0.5023917691453264,True,True,2021
2021-05-10,EXXO34,AUTOENCODER,34.8375358581543,34.20798064622775,33.944033570472016,35.132658666210205,34.43842611314627,0.6295552119265437,0.3991097450080261,True,True,2021
2021-05-11,EXXO34,AUTOENCODER,33.622581481933594,34.39913030469643,34.133708327691586,35.1210366867583,35.187892976176634,0.7765488227628339,1.5653114942430406,False,True,2021
2021-05-12,EXXO34,AUTOENCODER,34.43690872192383,34.50003036093196,34.83035925740714,33.837343562080065,34.30683664345786,0.06312163900813061,0.13007207846596458,False,True,2021
2021-05-13,EXXO34,AUTOENCODER,34.0174674987793,34.5835339447041,34.34924331954108,35.02049726747842,34.33235116531577,0.5660664459248039,0.31488366653647404,True,True,2021
2021-05-14,EXXO34,AUTOENCODER,34.46284866333008,34.63563436108589,34.93522864287423,34.3672101463761,34.951527793656176,0.17278569775581332,0.4886791303260978,False,True,2021
2021-05-17,EXXO34,AUTOENCODER,35.435760498046875,34.675571306322894,35.015934032276625,34.88325112456296,34.81857875323706,0.7601891917239811,0.6171817448098125,True,True,2021
2021-05-18,EXXO34,AUTOENCODER,34.49311447143555,34.777309777854725,34.87474750290031,35.82067974512122,35.63350454263695,0.28419530641917845,1.1403900712014021,False,True,2021
2021-05-19,EXXO34,AUTOENCODER,34.00017547607422,34.866092798254186,34.60168150347064,34.675161084164046,34.34190147275788,0.8659173221799676,0.3417259966836639,True,True,2021
2021-05-20,EXXO34,AUTOENCODER,33.51587677001953,34.85289614149042,34.58010037276678,34.35318481473235,34.30505017623816,1.3370193714708876,0.7891734062186302,True,True,2021
2021-05-21,EXXO34,AUTOENCODER,34.108280181884766,34.77442949884451,35.051818376680075,33.911292837637106,34.34183613322625,0.6661493169597463,0.23355595134148643,True,True,2021
2021-05-24,EXXO34,AUTOENCODER,34.458534240722656,34.708312068578266,35.09036238018624,34.57521757116047,34.56686533542621,0.24977782785560976,0.1083310947035514,True,True,2021
2021-05-25,EXXO34,AUTOENCODER,33.658573150634766,34.678414179112195,34.411039830212786,34.85096645328347,34.2211872865247,1.0198410284774297,0.5626141358899375,True,True,2021
2021-05-26,EXXO34,AUTOENCODER,33.926666259765625,34.6441526604963,34.52871409004889,33.42422426260157,33.63574187898734,0.717486400730678,0.29092438077828575,True,False,2021
2021-05-27,EXXO34,AUTOENCODER,33.364540100097656,34.597154968594765,34.797168009515296,34.1240289706815,34.34563718623923,1.2326148684971088,0.981097086141574,True,True,2021
2021-05-28,EXXO34,AUTOENCODER,32.836997985839844,34.53128519330835,34.85163834702505,33.71942336816603,33.7447077221293,1.6942872074685056,0.9077097362894548,True,True,2021
2021-05-31,EXXO34,AUTOENCODER,32.815372467041016,34.43501576924777,34.35115266718183,32.76805384038762,32.33040700773989,1.6196433022067538,0.48496545930112234,True,False,2021
2021-06-01,EXXO34,AUTOENCODER,33.745052337646484,34.30509106532401,34.776821285033016,33.28671835014869,33.88010094365106,0.5600387276775223,0.1350486060045739,True,True,2021
2021-06-02,EXXO34,AUTOENCODER,33.489933013916016,34.23582506315273,34.592382878214394,34.23427550629089,34.09779846910257,0.7458920492367156,0.6078654551865554,True,True,2021
2021-06-03,EXXO34,AUTOENCODER,33.489933013916016,34.18741109433529,34.06570061797664,33.3685552456383,32.93522247377662,0.6974780804192733,0.5547105401393964,True,False,2021
2021-06-04,EXXO34,AUTOENCODER,33.35157012939453,34.17960480299189,34.17960480299189,33.44038438376282,33.592413139222494,0.828034673597358,0.24084300982796236,True,False,2021
2021-06-07,EXXO34,AUTOENCODER,33.139678955078125,34.17309354081385,33.92952547941695,33.715307554023504,33.40272784880017,1.033414585735727,0.26304889372204343,True,True,2021
2021-06-08,EXXO34,AUTOENCODER,33.727760314941406,34.15830260511743,33.9682140292039,33.3903725826531,33.396160190538346,0.43054229017602097,0.3316001244030602,True,True,2021
2021-06-09,EXXO34,AUTOENCODER,34.2509651184082,34.18960903228128,34.18960903228128,33.74060085725101,33.86785784075576,0.06135608612692067,0.38310727765244224,False,False,2021
2021-06-10,EXXO34,AUTOENCODER,34.40663146972656,34.269137237679274,34.59646846882986,34.532934698487985,34.80770358310341,0.13749423204728828,0.40107211337684845,False,True,2021
2021-06-11,EXXO34,AUTOENCODER,34.59257888793945,34.39229786496642,34.485501762147166,34.302437280341906,34.02172596651689,0.20028102297303008,0.5708529214225635,False,False,2021
2021-06-14,EXXO34,AUTOENCODER,34.06935119628906,34.536458860621366,34.536458860621366,34.49085042192247,34.42792469363504,0.46710766433230333,0.3585734973459793,True,False,2021
2021-06-15,EXXO34,AUTOENCODER,34.968772888183594,34.66075973271148,35.080365230295094,34.381762199189716,34.76572812564693,0.3080131554721106,0.20304476253666337,True,True,2021
2021-06-16,EXXO34,AUTOENCODER,34.95146560668945,34.80489235123332,34.677254657336,34.9814983300762,34.41642078747889,0.14657325545613276,0.5350448192105617,False,False,2021
2021-06-17,EXXO34,AUTOENCODER,33.70181655883789,34.96770873216579,34.68910483279598,35.254652941093916,35.16930191239183,1.2658921733278987,1.4674853535539398,False,True,2021
2021-06-18,EXXO34,AUTOENCODER,32.99699020385742,35.068633295925366,35.07582112501503,33.78955137805613,33.92358382941092,2.0716430920679443,0.926593625553501,True,True,2021
2021-06-21,EXXO34,AUTOENCODER,33.89638900756836,35.05670071145448,35.40598477165386,33.53769923997317,33.753340377190106,1.1603117038861228,0.143048630378253,True,True,2021
2021-06-22,EXXO34,AUTOENCODER,34.181793212890625,35.014970847353084,34.9111951600108,34.03036138649801,33.58642240672171,0.8331776344624586,0.5953708061689156,True,False,2021
2021-06-23,EXXO34,AUTOENCODER,34.324485778808594,35.0060256010764,35.0060256010764,34.16314143721318,34.31168202633544,0.6815398222678084,0.012803752473153907,True,False,2021
2021-06-24,EXXO34,AUTOENCODER,34.108280181884766,35.01864697595994,35.01864697595994,34.27358313937178,34.24769557497402,0.9103667940751734,0.13941539308925144,True,False,2021
2021-06-25,EXXO34,AUTOENCODER,34.43690872192383,35.035518471460875,34.984427239238606,34.28820708281367,34.17505690940695,0.5986097495370473,0.2618518125168805,True,True,2021
2021-06-28,EXXO34,AUTOENCODER,33.390480041503906,35.07999059851602,34.780797241788,34.83789950699196,34.555931412344506,1.6895105570121132,1.1654513708406,True,True,2021
2021-06-29,EXXO34,AUTOENCODER,33.41210174560547,35.09134919097636,35.20955870717859,33.37251688681118,33.72079975575702,1.6792474453708905,0.3086980101515522,True,False,2021
2021-06-30,EXXO34,AUTOENCODER,34.02611541748047,35.05702833835488,35.41100528235864,33.90539874361354,34.04834152848773,1.0309129208744139,0.022226111007263682,True,True,2021
2021-07-01,EXXO34,AUTOENCODER,34.39799118041992,35.028852424920444,35.40949777143272,34.36171604208996,34.401860428818814,0.6308612445005224,0.0038692483988924664,True,True,2021
2021-07-02,EXXO34,AUTOENCODER,34.415287017822266,35.027240087812174,35.361812549973386,34.709754695417416,34.71934524182173,0.6119530699899087,0.30405822399946203,True,True,2021
2021-07-05,EXXO34,AUTOENCODER,34.59257888793945,35.04045609262124,35.13541651310974,34.35014772963364,34.16603034661321,0.44787720468178804,0.4265485413262411,True,False,2021
2021-07-06,EXXO34,AUTOENCODER,34.670406341552734,35.076638227200505,34.79463265248148,34.94052436231139,34.60456561539319,0.40623188564777024,0.06584072615954284,True,True,2021
2021-07-07,EXXO34,AUTOENCODER,34.34609603881836,35.1370841004547,34.98245582781065,34.80325190811166,34.894049645415606,0.7909880616363409,0.5479536065972468,True,True,2021
2021-07-08,EXXO34,AUTOENCODER,34.2120475769043,35.17953887131998,34.90605607803704,34.578225041609215,34.351172098690775,0.9674912944156802,0.13912452178647783,True,True,2021
2021-07-09,EXXO34,AUTOENCODER,34.2120475769043,35.20889114590861,35.354523670105536,34.60860184464837,34.947804729486194,0.9968435690043123,0.7357571525818969,True,True,2021
2021-07-12,EXXO34,AUTOENCODER,34.385009765625,35.2389799360883,35.20504703462782,34.260199101489206,34.02327919328554,0.8539701704632989,0.3617305723394608,True,False,2021
2021-07-13,EXXO34,AUTOENCODER,34.07368850708008,35.263466822219016,35.5214049659726,34.783626783986264,35.06984746150276,1.1897783151389376,0.9961589544226825,True,True,2021
2021-07-14,EXXO34,AUTOENCODER,32.759159088134766,35.27394701342277,35.074491785678866,34.47544713589016,33.978876088787565,2.5147879252880045,1.2197170006527998,True,True,2021
2021-07-15,EXXO34,AUTOENCODER,32.72024154663086,35.20269719167348,34.83474764420684,33.21264054993757,33.002105099087146,2.48245564504262,0.28186355245628647,True,True,2021
2021-07-16,EXXO34,AUTOENCODER,31.65219688415528,35.0446713867571,34.722308270890395,33.23743596862708,33.2043370789283,3.3924745026018215,1.552140194773017,True,True,2021
2021-07-19,EXXO34,AUTOENCODER,31.32789802551269,34.804520868763575,34.61446904606685,31.926980332514848,31.92568581074424,3.476622843250883,0.5977877852315494,True,True,2021
2021-07-20,EXXO34,AUTOENCODER,31.708415985107425,34.48934250070866,34.81877708390319,31.686500852073387,32.11055609166976,2.7809265156012337,0.40214010656233157,True,True,2021
2021-07-21,EXXO34,AUTOENCODER,32.5126953125,34.15960795324028,34.335244136245336,32.05915117311507,31.836509195727785,1.6469126407402825,0.6761861167722145,True,True,2021
2021-07-22,EXXO34,AUTOENCODER,32.2359504699707,33.90690700319598,34.08446317179662,32.890385559862,32.92935529891121,1.6709565332252794,0.6934048289405084,True,True,2021
2021-07-23,EXXO34,AUTOENCODER,32.08461380004883,33.70093029267966,33.70588024668547,32.17468510357028,32.01528285477535,1.6163164926308298,0.06933094527347805,True,False,2021
2021-07-26,EXXO34,AUTOENCODER,32.776466369628906,33.541942244977065,33.83245262807295,32.25256623656734,32.52545786666348,0.7654758753481588,0.2510085029654263,True,True,2021
2021-07-27,EXXO34,AUTOENCODER,32.19270706176758,33.44563025521683,33.11438885576661,33.067219495551015,32.441655976127166,1.2529231934492486,0.24894891435958755,True,True,2021
2021-07-28,EXXO34,AUTOENCODER,32.274871826171875,33.3857557942338,33.72066752720417,32.35922830753518,33.031069795303516,1.110883968061927,0.756197969131641,True,True,2021
2021-07-29,EXXO34,AUTOENCODER,32.227298736572266,33.35611716857474,33.56276879299594,32.57935053906816,32.38453199903481,1.1288184320024754,0.15723326246254743,True,True,2021
2021-07-30,EXXO34,AUTOENCODER,32.49972915649414,33.343297153759465,33.013069248732236,32.52643503347322,32.02224277350768,0.8435679972653247,0.47748638298646284,True,True,2021
2021-08-02,EXXO34,AUTOENCODER,32.227298736572266,33.35953532324427,33.08735233088401,32.851127173700576,32.91427280702987,1.1322365866720077,0.6869740704576017,True,True,2021
2021-08-03,EXXO34,AUTOENCODER,32.54728698730469,33.365199141038204,33.334785245572306,32.24100959034134,32.39425264963329,0.8179121537335163,0.15303433767140007,True,False,2021
2021-08-04,EXXO34,AUTOENCODER,32.050025939941406,33.38258142493504,33.051964453328374,32.85229454330964,32.49388702500462,1.3325554849936339,0.44386108506321165,True,True,2021
2021-08-05,EXXO34,AUTOENCODER,32.29648208618164,33.38700309822076,33.38700309822076,32.44055092081162,32.71515870175619,1.0905210120391189,0.4186766155745474,True,True,2021
2021-08-06,EXXO34,AUTOENCODER,32.815372467041016,33.36740739794169,33.36740739794169,32.34722664585531,32.28316572000886,0.5520349309006747,0.5322067470321556,True,False,2021
2021-08-09,EXXO34,AUTOENCODER,32.57322311401367,33.38893532301131,33.254489752782035,33.72293975101189,33.607030406814076,0.8157122089976383,1.0338072928004038,False,True,2021
2021-08-10,EXXO34,AUTOENCODER,32.759159088134766,33.42021208317237,33.59087737826442,32.68031110467523,32.94600377444636,0.6610529950376076,0.1868446863115949,True,True,2021
2021-08-11,EXXO34,AUTOENCODER,33.02293395996094,33.45799365616304,33.1266298111138,33.00993123114414,32.4842704156338,0.43505969620210294,0.5386635443271359,False,True,2021
2021-08-12,EXXO34,AUTOENCODER,33.09975051879883,33.48878413545225,33.15711534529145,33.231608251278665,33.22698578745852,0.3890336166534212,0.12723526865968893,True,True,2021
2021-08-13,EXXO34,AUTOENCODER,32.76177978515625,33.53316984123839,33.521698369565314,33.04278837107464,33.28908156630282,0.7713900560821401,0.5273017811465692,True,False,2021
2021-08-16,EXXO34,AUTOENCODER,32.4984245300293,33.57081339817259,33.23833220030495,32.95684882227806,32.58234276858052,1.0723888681432925,0.08391823855122027,True,True,2021
2021-08-17,EXXO34,AUTOENCODER,32.15605545043945,33.56142830633277,33.54994716762901,32.46422635849653,32.75558173764848,1.4053728558933187,0.5995262872090237,True,False,2021
2021-08-18,EXXO34,AUTOENCODER,32.22188949584961,33.52273737521304,33.71256304938096,32.23706204012298,32.35491365493614,1.300847879363431,0.1330241590865313,True,True,2021
2021-08-19,EXXO34,AUTOENCODER,31.42741203308105,33.46636104082012,33.27333620309839,32.46410646795212,32.075726239103005,2.038949007739067,0.6483142060219542,True,True,2021
2021-08-20,EXXO34,AUTOENCODER,31.260629653930664,33.358791068435096,33.08878867067325,31.630405420830265,31.555857291132202,2.098161414504432,0.29522763720153833,True,True,2021
2021-08-23,EXXO34,AUTOENCODER,32.450130462646484,33.19854539778805,33.494284466966874,31.544278412156498,32.064332769788884,0.7484149351415681,0.3857976928576008,True,True,2021
2021-08-24,EXXO34,AUTOENCODER,32.01998519897461,33.0725225496663,33.31619058507586,32.69838034133844,32.63042305517956,1.0525373506916935,0.6104378562049533,True,True,2021
2021-08-25,EXXO34,AUTOENCODER,31.78295516967773,33.00033628252453,33.05798766158688,31.912428225734295,31.759228496201924,1.2173811128467982,0.023726673475806592,True,False,2021
2021-08-26,EXXO34,AUTOENCODER,31.695167541503903,32.94362200227371,32.693656939725635,31.872335380844383,31.574090795552106,1.2484544607698105,0.12107674595179674,True,True,2021
2021-08-27,EXXO34,AUTOENCODER,31.90585899353028,32.88848007317088,33.20299169535253,31.929105821976936,32.47252812462992,0.9826210796406016,0.566669131099637,True,True,2021
2021-08-30,EXXO34,AUTOENCODER,31.61177444458008,32.83793137002209,32.729945894153936,31.871546635656614,31.43347787188697,1.2261569254420088,0.17829657269311028,True,False,2021
2021-08-31,EXXO34,AUTOENCODER,31.12017250061035,32.80451471605093,32.641306065845605,31.7363674808921,31.685622990894693,1.68434221544058,0.5654504902843414,True,True,2021
2021-09-01,EXXO34,AUTOENCODER,30.711963653564453,32.74634288305424,32.48847668037151,31.362316471467473,31.2141598558584,2.0343792294897867,0.5021962022939483,True,True,2021
2021-09-02,EXXO34,AUTOENCODER,31.22551727294922,32.637413388019525,32.816787124988394,30.99955826740749,31.37612580157895,1.4118961150703058,0.15060852862973206,True,True,2021
2021-09-03,EXXO34,AUTOENCODER,31.335243225097656,32.54047581146128,32.21819895005027,31.513226009043223,30.979578088314675,1.2052325863636213,0.3556651367829815,True,True,2021
2021-09-06,EXXO34,AUTOENCODER,31.207958221435547,32.47223654556055,32.64637301092692,31.35357198779138,31.81697293564074,1.2642783241250015,0.6090147142051947,True,True,2021
2021-09-07,EXXO34,AUTOENCODER,31.207958221435547,32.40971914158965,32.39007182581805,31.156605775545458,30.938948179220187,1.2017609201541006,0.26901004221535985,True,False,2021
2021-09-08,EXXO34,AUTOENCODER,31.61177444458008,32.36787060947708,32.36787060947708,31.17812258851597,31.224900584676444,0.7560961648969986,0.38687385990363765,True,False,2021
2021-09-09,EXXO34,AUTOENCODER,31.18161392211914,32.35693509427395,32.700155108357436,31.805554695933658,32.13147652212269,1.1753211721548098,0.9498626000035486,True,True,2021
2021-09-10,EXXO34,AUTOENCODER,31.13334083557129,32.35525181433292,32.03480938855827,31.399340217054856,30.7437970250496,1.2219109787616276,0.3895438105216904,True,True,2021
2021-09-13,EXXO34,AUTOENCODER,31.778568267822266,32.3521406486488,32.632164113812735,31.394669927511245,31.99409087725371,0.5735723808265334,0.21552260943144574,True,True,2021
2021-09-14,EXXO34,AUTOENCODER,31.54593849182129,32.37015109908302,32.40863094453936,31.75764313787689,31.511571098186018,0.8242126072617282,0.034367393635271526,True,False,2021
2021-09-15,EXXO34,AUTOENCODER,32.51597595214844,32.40446937196512,32.67287094371692,31.74787777572063,31.996543809467962,0.11150658018331683,0.5194321426804756,False,True,2021
2021-09-16,EXXO34,AUTOENCODER,32.37112808227539,32.489683322941715,32.53442231067278,32.47950116973139,32.288808223582954,0.11855524066632483,0.0823198586924363,True,False,2021
2021-09-17,EXXO34,AUTOENCODER,32.037532806396484,32.611520543930396,32.449272076145135,32.41776964812536,32.22181833673759,0.573987737533912,0.18428553034110706,True,True,2021
2021-09-20,EXXO34,AUTOENCODER,31.51959609985352,32.73251032053497,32.963299326962215,32.04855395086338,32.392178077222184,1.2129142206814514,0.8725819773686645,True,True,2021
2021-09-21,EXXO34,AUTOENCODER,31.291353225708008,32.796790976367475,33.132826477993206,31.745045070906325,31.829517148023744,1.5054377506594676,0.5381639223157357,True,True,2021
2021-09-22,EXXO34,AUTOENCODER,32.041927337646484,32.826517313165226,33.07406127519801,31.617874438494276,31.560551589144705,0.7845899755187418,0.48137574850177955,True,True,2021
2021-09-23,EXXO34,AUTOENCODER,33.345550537109375,32.87837265430656,33.141636898810376,32.35717590466617,32.41068985060355,0.46717788280281525,0.9348606865058215,False,True,2021
2021-09-24,EXXO34,AUTOENCODER,33.95127487182617,33.00429489259275,33.13440848634995,33.29032420524324,33.1558416625242,0.9469799792334186,0.7954332093019687,True,True,2021
2021-09-27,EXXO34,AUTOENCODER,35.09687805175781,33.223361200688856,33.5372574508221,34.07302246507755,34.29172408917131,1.8735168510689562,0.8051539625865018,True,True,2021
2021-09-28,EXXO34,AUTOENCODER,35.5753288269043,33.530328258318775,33.198248020285945,35.19000526427471,34.577915170524946,2.0450005685855217,0.9974136563793508,True,True,2021
2021-09-29,EXXO34,AUTOENCODER,35.860618591308594,33.91544465065169,34.315946660607594,35.570566920781246,36.330843918272706,1.9451739406569004,0.4702253269641119,True,True,2021
2021-09-30,EXXO34,AUTOENCODER,35.1627197265625,34.30770176156972,34.100827612802064,35.8897111636285,35.24421490799886,0.8550179649927827,0.08149518143635959,True,True,2021
2021-10-01,EXXO34,AUTOENCODER,36.04497528076172,34.62160573837426,34.9140123577676,35.17937408809818,35.72166138690497,1.4233695423874622,0.32331389385674925,True,True,2021
2021-10-04,EXXO34,AUTOENCODER,36.7121467590332,34.90663985185296,35.14370245590927,36.106848250628296,36.01872261545759,1.805506907180245,0.6934241435756121,True,True,2021
2021-10-05,EXXO34,AUTOENCODER,37.20375061035156,35.2478465003141,35.55310629991918,36.72450241680784,36.83252159405239,1.9559041100374657,0.37122901629917493,True,True,2021
2021-10-06,EXXO34,AUTOENCODER,36.523399353027344,35.65137062294471,35.32120598128889,37.2906843465803,36.69927354855334,0.8720287300826328,0.17587419552599926,True,True,2021
2021-10-07,EXXO34,AUTOENCODER,36.808712005615234,35.98714047067676,36.07403490424402,36.29687409290595,36.75310745281241,0.8215715349384709,0.05560455280282639,True,False,2021
2021-10-08,EXXO34,AUTOENCODER,37.572452545166016,36.278113144192645,36.60677712853383,36.9767882654416,37.170078286719125,1.2943394009733709,0.40237425844689056,True,True,2021
2021-10-11,EXXO34,AUTOENCODER,37.55051040649414,36.59099683407507,36.90788882805321,37.66823313575432,37.68181858074402,0.9595135724190698,0.13130817424988095,True,True,2021
2021-10-12,EXXO34,AUTOENCODER,37.55051040649414,36.90307564527305,37.00352770347404,37.41865595009028,37.26421408960474,0.647434761221092,0.2862963168893984,True,False,2021
2021-10-13,EXXO34,AUTOENCODER,37.067684173583984,37.21139577620423,37.21139577620423,37.48275213755504,37.42859730086204,0.14371160262024318,0.360913127278053,False,False,2021
2021-10-14,EXXO34,AUTOENCODER,37.642677307128906,37.45319861726631,37.77755760766234,37.235031420891666,37.539492416698536,0.18947868986259664,0.10318489043037005,True,True,2021
2021-10-15,EXXO34,AUTOENCODER,37.647064208984375,37.667255071499596,37.769787265159685,37.639054704090526,37.44395977344981,0.020190862515221397,0.2031044355345628,False,False,2021
2021-10-18,EXXO34,AUTOENCODER,38.037715911865234,37.87118604869295,37.79966645694318,37.67097786298763,37.50385144546712,0.16652986317228624,0.5338644663981142,False,True,2021
2021-10-19,EXXO34,AUTOENCODER,39.10431289672852,38.07890150354683,38.39419279108443,38.29596345733591,38.68661522695116,1.0254113931816917,0.4176976697773611,True,True,2021
2021-10-20,EXXO34,AUTOENCODER,38.757568359375,38.32410057149377,38.34177876586451,39.02238075391131,38.76343186648364,0.4334677878812272,0.005863507108642807,True,False,2021
2021-10-21,EXXO34,AUTOENCODER,38.89362716674805,38.589115907436195,38.20693406008614,38.923847411581185,38.54759882453028,0.30451125931185175,0.3460283422177639,False,True,2021
2021-10-22,EXXO34,AUTOENCODER,39.1701545715332,38.83293739455783,38.819652908080315,38.83216900435437,39.200942836705096,0.337217176975372,0.030788265171892704,True,False,2021
2021-10-25,EXXO34,AUTOENCODER,39.271114349365234,39.05998799601409,39.48390173344268,39.355909436568226,39.71881311327586,0.2111263533511476,0.4476987639106227,False,True,2021
2021-10-26,EXXO34,AUTOENCODER,40.29381942749024,39.24149845831468,39.590687100390596,39.46031381481914,39.39681530819823,1.052320969175561,0.8970041192920135,True,True,2021
2021-10-27,EXXO34,AUTOENCODER,39.32378005981445,39.39990348491892,39.03866855751484,40.40180212861049,39.784298477019156,0.07612342510446979,0.4605184172047032,False,True,2021
2021-10-28,EXXO34,AUTOENCODER,39.74076843261719,39.48655693046578,39.12107592682805,39.36045828640369,39.34999338685952,0.2542115021514064,0.390775045757664,False,True,2021
2021-10-29,EXXO34,AUTOENCODER,40.162139892578125,39.50245844396238,39.50245844396238,39.904433068783135,40.111387801447,0.6596814486157427,0.05075209113112322,True,True,2021
2021-11-01,EXXO34,AUTOENCODER,41.0180549621582,39.5731368534405,39.88281559045174,40.20527441303779,40.47377962794531,1.444918108717701,0.544275334212891,True,True,2021
2021-11-02,EXXO34,AUTOENCODER,41.0180549621582,39.703789043867516,39.655072739156914,40.70703831779785,40.40383994548021,1.3142659182906868,0.6142150166779956,True,False,2021
2021-11-03,EXXO34,AUTOENCODER,39.05603790283203,39.902087160139416,39.896622637807184,40.96345474232532,41.03751650330394,0.846049257307385,1.9814786004719096,False,True,2021
2021-11-04,EXXO34,AUTOENCODER,39.78026580810547,40.04222376237212,39.895201312724026,39.147939460662485,38.89787668594506,0.2619579542666486,0.8823891221604114,False,True,2021
2021-11-05,EXXO34,AUTOENCODER,39.27549743652344,40.15839587569718,40.43007521610634,40.01511674034953,40.415133305237205,0.8828984391737436,1.1396358687137678,False,True,2021
2021-11-08,EXXO34,AUTOENCODER,40.11824417114258,40.21493731340999,40.508123348017435,39.53134849573369,39.52776248238075,0.09669314226741221,0.5904816887618267,False,True,2021
2021-11-09,EXXO34,AUTOENCODER,39.83293914794922,40.29102801609315,39.92040558424325,40.36020643168578,39.772179954668786,0.4580888681439319,0.060759193280432555,True,True,2021
2021-11-10,EXXO34,AUTOENCODER,39.37446212768555,40.35885968317291,40.04156323445706,40.00912340766898,40.042022854689144,0.9843975554873623,0.6675607270035968,True,True,2021
2021-11-11,EXXO34,AUTOENCODER,38.5956916809082,40.43634602485699,40.0618680886125,39.68289805187184,39.53521920001389,1.8406543439487848,0.9395275191056882,True,True,2021
2021-11-12,EXXO34,AUTOENCODER,38.77814483642578,40.402554018807024,40.36807233990358,38.900499193122144,39.13776893859893,1.6244091823812425,0.3596241021731501,True,True,2021
2021-11-15,EXXO34,AUTOENCODER,38.77814483642578,40.32304129184527,40.29239358097518,38.8199112324651,38.78309130055164,1.5448964554194902,0.0049464641258580855,True,False,2021
2021-11-16,EXXO34,AUTOENCODER,39.86397171020508,40.22717688686629,40.22717688686629,38.77217359306212,38.799469049213904,0.36320517666121077,1.0645026609911739,False,False,2021
2021-11-17,EXXO34,AUTOENCODER,39.37001037597656,40.17152416936756,39.85414649171697,40.05694187280996,39.74813820050008,0.8015137933909955,0.3781278245235171,True,True,2021
2021-11-18,EXXO34,AUTOENCODER,39.36556243896485,40.151845917428545,39.78020710957678,39.52832402681259,39.43107483975838,0.7862834784636945,0.06551240079352993,True,True,2021
2021-11-19,EXXO34,AUTOENCODER,37.97267532348633,40.14373392696942,39.79465812593387,39.574492060891075,39.51980173633017,2.1710586034830897,1.547126412843845,True,True,2021
2021-11-22,EXXO34,AUTOENCODER,38.34648513793945,40.04240950360699,40.12387230760679,37.990403438232285,38.33184211861883,1.695924365667537,0.014643019320622841,True,False,2021
2021-11-23,EXXO34,AUTOENCODER,39.298805236816406,39.879553136714236,40.3224242510367,38.6281575386834,38.96069947905609,0.5807478998978297,0.33810575776031726,True,True,2021
2021-11-24,EXXO34,AUTOENCODER,39.59251403808594,39.76932345303541,39.40122520949384,39.43361170146945,38.7023454452534,0.17680941494947433,0.8901685928325378,False,True,2021
2021-11-25,EXXO34,AUTOENCODER,39.205352783203125,39.740746390128436,40.03531772962881,39.61534876092693,40.273221664858475,0.5353936069253109,1.0678688816553503,False,True,2021
2021-11-26,EXXO34,AUTOENCODER,37.883670806884766,39.74448443248025,39.37661609478177,39.32624779675743,38.65499586154493,1.8608136255954832,0.7713250546601671,True,True,2021
2021-11-29,EXXO34,AUTOENCODER,38.68024444580078,39.64227644838249,39.94621970847955,38.09397586599284,38.7282195298012,0.962032002581708,0.047975084000420054,True,True,2021
2021-11-30,EXXO34,AUTOENCODER,37.58997344970703,39.5415556840334,39.15066252374097,38.88607927568908,38.20659733364404,1.9515822343263665,0.6166238839370095,True,True,2021
2021-12-01,EXXO34,AUTOENCODER,38.03498077392578,39.39860071653544,39.03216885865718,37.75492710404133,37.73266662649359,1.3636199426096596,0.30231414743219176,True,True,2021
2021-12-02,EXXO34,AUTOENCODER,38.62239074707031,39.18509374678865,39.572633141606715,38.158106204515946,38.834030674069275,0.5627029997183399,0.21163992699896284,True,True,2021
2021-12-03,EXXO34,AUTOENCODER,38.45328521728516,38.8733399827517,38.811398924825724,38.30282272172745,37.88455840659832,0.4200547654665385,0.5687268106868402,False,False,2021
2021-12-06,EXXO34,AUTOENCODER,39.08074951171875,38.627346355077805,38.91287502697696,38.29249740355025,38.65782154380473,0.4534031566409453,0.42292796791402054,True,True,2021
2021-12-07,EXXO34,AUTOENCODER,39.049598693847656,38.50701957149215,38.59220281164757,38.765545599042106,38.5463466152932,0.5425791223555052,0.5032520785544534,True,True,2021
2021-12-08,EXXO34,AUTOENCODER,38.528934478759766,38.49413377332286,38.13107231138909,38.93924320981262,38.53407435350327,0.03480070543690772,0.005139874743505857,True,True,2021
2021-12-09,EXXO34,AUTOENCODER,39.16085433959961,38.50129899943201,38.56356215620255,38.31107299030256,38.69059776390991,0.6595553401676,0.4702565756896959,True,False,2021
2021-12-10,EXXO34,AUTOENCODER,39.60141754150391,38.54552863098607,38.54552863098607,38.93131268181576,38.85318996850694,1.0558889105178437,0.7482275729969743,True,False,2021
2021-12-13,EXXO34,AUTOENCODER,39.33885192871094,38.65812264580046,38.65812264580046,39.354516086490285,39.36727594631814,0.6807292829104767,0.02842401760720037,True,False,2021
2021-12-14,EXXO34,AUTOENCODER,38.88493728637695,38.79954137850166,38.43359943269274,39.31652027009602,38.946173804550774,0.08539590787529505,0.06123651817382125,True,True,2021
2021-12-15,EXXO34,AUTOENCODER,38.537845611572266,38.89314206218063,38.95603889590959,38.75743407527178,39.12968115114244,0.355296450608364,0.5918355395701766,False,False,2021
2021-12-16,EXXO34,AUTOENCODER,39.02734756469727,38.91914841480218,38.91914841480218,38.454427277800704,38.35131544987449,0.10819914989509272,0.6760321148227817,False,False,2021
2021-12-17,EXXO34,AUTOENCODER,38.057228088378906,38.95733371700476,38.63076567778317,39.093413292950146,38.78776704012457,0.9001056286258518,0.7305389517456646,True,True,2021
2021-12-20,EXXO34,AUTOENCODER,37.794681549072266,38.971255280532404,38.70649086677224,38.21320662085752,38.209311952718316,1.176573731460138,0.41463040364605064,True,True,2021
2021-12-21,EXXO34,AUTOENCODER,38.66244888305664,38.89578629503819,39.26774561989804,37.978843961434116,38.54185379616736,0.23333741198155167,0.12059508688928133,True,True,2021
2021-12-22,EXXO34,AUTOENCODER,38.58234024047852,38.861871751368,38.734076925716174,38.590951601900784,38.144105410445576,0.2795315108894769,0.43823483003294683,False,False,2021
2021-12-23,EXXO34,AUTOENCODER,38.77369689941406,38.95439539385865,39.20944109774397,38.75176146864824,39.15171393626794,0.1806984944445844,0.3780170368538762,False,True,2021
2021-12-27,EXXO34,AUTOENCODER,38.91164779663086,38.97405171801299,39.27823066365528,38.81118068824203,38.86960779327771,0.06240392138212769,0.04204000335315072,True,True,2021
2021-12-28,EXXO34,AUTOENCODER,38.787052154541016,38.999476339405874,38.719663496321196,38.844295196448435,38.29159258380228,0.21242418486485803,0.49545957073873836,False,True,2021
2021-12-29,EXXO34,AUTOENCODER,39.00064849853516,39.043107471425344,39.043107471425344,38.71119855831205,38.98511876397745,0.042458972890180746,0.015529734557716779,True,False,2021
2021-12-30,EXXO34,AUTOENCODER,37.43421173095703,39.108880506485264,39.01948450192125,38.983367658577755,38.842558636768324,1.6746687755282323,1.4083469058112925,True,True,2021
2021-12-31,EXXO34,AUTOENCODER,37.43421173095703,39.098005615157405,38.77533404651524,37.70733260308289,37.427165286995766,1.6637938842003734,0.00704644396126497,True,True,2021
2022-01-03,EXXO34,AUTOENCODER,40.19772720336914,39.03589452013779,38.71896068559072,37.57946050748421,37.53041369358714,1.1618326832313528,2.667313509781998,False,False,2022
2022-01-04,EXXO34,AUTOENCODER,41.59060287475586,39.0495013554619,39.32270485282908,40.060901311131424,40.62019754097459,2.54110151929396,0.9704053337812724,True,True,2022
2022-01-05,EXXO34,AUTOENCODER,42.5473747253418,39.21647627626402,39.12126485355458,41.20476616102978,40.91023535202294,3.330898449077779,1.6371393733188597,True,True,2022
2022-01-06,EXXO34,AUTOENCODER,43.51749420166016,39.46224417674276,39.74940092061954,42.07063439508605,42.51490476489477,4.055250024917406,1.0025894367653905,True,True,2022
2022-01-07,EXXO34,AUTOENCODER,43.232688903808594,39.7964249050209,40.10237296418758,42.959030847783445,43.03137943025676,3.4362639987876946,0.20130947355183082,True,True,2022
2022-01-10,EXXO34,AUTOENCODER,43.23714447021485,40.19748924615914,40.36127346449263,42.63259587388392,42.56166278415416,3.039655224055714,0.6754816860606923,True,False,2022
2022-01-11,EXXO34,AUTOENCODER,44.398624420166016,40.64653802950917,40.983254026356576,42.968043282173,43.20736702511938,3.7520863906568422,1.1912573950466339,True,True,2022
2022-01-12,EXXO34,AUTOENCODER,43.82899856567383,41.16487474281516,41.46775148961956,44.14175567310744,44.181786711836494,2.66412382285867,0.3527881461626663,True,True,2022
2022-01-13,EXXO34,AUTOENCODER,43.44184875488281,41.69486413887003,42.061098678086026,43.70422051066089,43.828518838809195,1.7469846160127815,0.3866700839263828,True,True,2022
2022-01-14,EXXO34,AUTOENCODER,44.41197204589844,42.15699607045141,42.48164109759327,43.455134972357946,43.476728688267066,2.2549759754470244,0.9352433576313715,True,True,2022
2022-01-17,EXXO34,AUTOENCODER,44.65227508544922,42.58735593191207,42.82383607088921,44.27773023909072,44.274401143703166,2.064919153537147,0.3778739417460528,True,False,2022
2022-01-18,EXXO34,AUTOENCODER,45.5289421081543,43.02187433324238,43.37667865989039,44.6531708433028,44.83311262287808,2.507067774911917,0.6958294852762137,True,True,2022
2022-01-19,EXXO34,AUTOENCODER,44.56326675415039,43.47218847875499,43.219978662636116,45.46433603164391,44.92577665380058,1.0910782753954038,0.36250989965019187,True,True,2022
2022-01-20,EXXO34,AUTOENCODER,44.69232177734375,43.840477231156314,43.840477231156314,44.479736508916204,44.71208296236806,0.8518445461874364,0.019761185024307792,True,False,2022
2022-01-21,EXXO34,AUTOENCODER,43.815650939941406,44.118455757449226,43.771511607049746,44.69750987162244,44.307710453526234,0.30280481750781973,0.49205951358482736,False,True,2022
2022-01-24,EXXO34,AUTOENCODER,44.6300163269043,44.29334918825748,44.49397634862452,43.852262756564485,44.33651331883826,0.33666713864681697,0.2935030080660397,True,False,2022
2022-01-25,EXXO34,AUTOENCODER,45.63129425048828,44.395733884502306,44.882726546463644,44.76366753703517,45.04375826721832,1.2355603659859753,0.5875359832699587,True,True,2022
2022-01-26,EXXO34,AUTOENCODER,44.861427307128906,44.58896410277549,44.98571829400536,45.649846685082466,45.663687650140645,0.2724632043534143,0.8022603430117385,False,True,2022
2022-01-27,EXXO34,AUTOENCODER,44.90592193603516,44.753623707490135,44.64326969139416,44.81367136541322,44.3677419168537,0.15229822854502828,0.5381800191814605,False,False,2022
2022-01-28,EXXO34,AUTOENCODER,44.825828552246094,44.85495329033131,44.40128629319051,44.90647281626065,44.574048289550596,0.02912473808521554,0.25178026269549747,False,True,2022
2022-01-31,EXXO34,AUTOENCODER,44.79022979736328,44.817784405441785,44.817784405441785,44.71343225980952,45.086452266452916,0.027554608078503406,0.2962224690896349,False,False,2022
2022-02-01,EXXO34,AUTOENCODER,47.61603546142578,44.787859428712295,45.16986734088505,44.80714308925713,45.14502813897922,2.828176032713486,2.4710073224465603,True,True,2022
2022-02-02,EXXO34,AUTOENCODER,47.1710319519043,44.91603893895007,44.72857181054249,47.1622236448684,46.698246441411634,2.2549930129542304,0.47278551049266326,True,True,2022
2022-02-03,EXXO34,AUTOENCODER,46.699317932128906,45.155609015584616,45.18379364307352,46.81622889612408,47.032956232327166,1.5437089165442899,0.3336383001982597,True,False,2022
2022-02-04,EXXO34,AUTOENCODER,48.84426498413086,45.43532241660603,45.72747193897797,46.62021478825384,46.875289758306714,3.408942567524832,1.9689752258241455,True,True,2022
2022-02-07,EXXO34,AUTOENCODER,48.39925765991211,45.816901986258245,45.72217119915144,48.55664384714652,48.26089368460376,2.582355673653865,0.13836397530835143,True,False,2022
2022-02-08,EXXO34,AUTOENCODER,46.83727264404297,46.209785973843964,46.11416388929968,48.23843351822439,48.25009614419552,0.627486670199005,1.4128235001525482,False,True,2022
2022-02-09,EXXO34,AUTOENCODER,46.36726760864258,46.54915326813199,46.957960129944496,47.01717827725766,47.45674898214969,0.18188565948941005,1.0894813735071125,False,True,2022
2022-02-10,EXXO34,AUTOENCODER,46.106422424316406,46.761421962979625,46.736477256366946,46.562231231228836,46.15098235755089,0.654999538663219,0.044559933234481264,True,False,2022
2022-02-11,EXXO34,AUTOENCODER,47.44661712646485,46.87808551665529,47.19438763441166,46.40139450923678,46.75704487003007,0.5685316098095612,0.6895722564347793,False,True,2022
2022-02-14,EXXO34,AUTOENCODER,46.39874649047852,46.93536346995916,46.83608540509386,47.4706945313352,47.136668631361445,0.5366169794806339,0.7379221408829224,False,True,2022
2022-02-15,EXXO34,AUTOENCODER,45.06304550170898,46.85353413704024,46.50301411358399,46.43449593001935,46.16384295973382,1.7904886353312648,1.100797458024843,True,True,2022
2022-02-16,EXXO34,AUTOENCODER,44.97310256958008,46.61934023725951,46.437781195150706,45.05483690253802,45.0820390150002,1.6462376676794293,0.10893644542012026,True,True,2022
2022-02-17,EXXO34,AUTOENCODER,45.30590057373047,46.39053799276883,45.97100266897996,45.17855691942362,44.885387854780056,1.0846374190383585,0.42051271895041253,True,True,2022
2022-02-18,EXXO34,AUTOENCODER,44.63130569458008,46.2621804805143,46.082012397243275,45.30008500470375,45.43663606568502,1.6308747859342247,0.8053303711049438,True,True,2022
2022-02-21,EXXO34,AUTOENCODER,43.92972946166992,46.066419537915976,46.45154037109541,44.793663005033565,45.277635213726285,2.1366900762460546,1.3479057520563629,True,True,2022
2022-02-22,EXXO34,AUTOENCODER,43.21015930175781,45.858131380921236,46.01104407795519,44.067496602068616,43.84844986198589,2.6479720791634236,0.6382905602280786,True,True,2022
2022-02-23,EXXO34,AUTOENCODER,42.94931411743164,45.64796259392341,45.57483814144933,43.59810431517912,43.37446493558034,2.698648476491769,0.42515081814870115,True,False,2022
2022-02-24,EXXO34,AUTOENCODER,43.29560470581055,45.36437958384215,45.37270886855688,43.196196293051365,43.24778148140248,2.068774878031604,0.047823224408070075,True,True,2022
2022-02-25,EXXO34,AUTOENCODER,44.81570053100586,45.129153788312124,45.45992396888733,43.536580447396325,43.86102655845233,0.3134532573062643,0.9546739725535289,False,True,2022
2022-02-28,EXXO34,AUTOENCODER,44.81570053100586,44.95206499929725,45.10942874755621,44.581722243662696,44.47367791329001,0.13636446829139004,0.3420226177158483,False,True,2022
2022-03-01,EXXO34,AUTOENCODER,44.81570053100586,44.83933812790514,45.05445037373053,44.592190807498056,44.67497290289385,0.02363759689927747,0.14072762811201045,False,True,2022
2022-03-02,EXXO34,AUTOENCODER,46.15140914916992,44.77973066994724,45.131498725320135,44.73974627580182,44.91954432310477,1.3716784792226804,1.2318648260651486,True,True,2022
2022-03-03,EXXO34,AUTOENCODER,45.53976058959961,44.893520393961126,44.72709772942192,45.867515560867474,45.43732385667164,0.6462401956384838,0.10243673292796984,True,True,2022
2022-03-04,EXXO34,AUTOENCODER,47.8918571472168,45.03941497447488,45.62310742339359,45.514731757237136,46.251690152751216,2.8524421727419167,1.6401669944655808,True,True,2022
2022-03-07,EXXO34,AUTOENCODER,49.67729187011719,45.33136149960416,45.86428137775553,47.664569633906,47.75246260802585,4.345930370513031,1.924829262091336,True,True,2022
2022-03-08,EXXO34,AUTOENCODER,49.77622985839844,45.714210301028004,46.16736209150078,49.0719424016426,49.17774856187178,4.062019557370434,0.598481296526657,True,True,2022
2022-03-09,EXXO34,AUTOENCODER,46.20536422729492,46.20759319537672,45.871916572488175,49.34441021579272,48.66876069598651,0.0022289680817948465,2.4633964686915846,False,True,2022
2022-03-10,EXXO34,AUTOENCODER,48.09423828125,46.38889727852745,46.713985017289474,46.23255348188426,46.7458889789576,1.7053410027225482,1.348349302292398,True,True,2022
2022-03-11,EXXO34,AUTOENCODER,48.41804122924805,46.52827543738442,45.98328040615541,47.925593393690484,47.14545739872202,1.8897657918636241,1.272583830526024,True,True,2022
2022-03-14,EXXO34,AUTOENCODER,46.82149887084961,46.7050365994989,46.34615339041661,48.162484908758124,48.26328682524715,0.11646227135071285,1.4417879543975403,False,True,2022
2022-03-15,EXXO34,AUTOENCODER,45.06755065917969,46.80158592528147,46.32944687237878,46.9398584470153,46.68285025570375,1.7340352661017846,1.6152995965240606,True,True,2022
2022-03-16,EXXO34,AUTOENCODER,43.96120834350586,46.74392875028974,46.279484930488806,45.511807750718795,45.365351508285144,2.7827204067838807,1.4041431647792848,True,True,2022
2022-03-17,EXXO34,AUTOENCODER,44.55935287475586,46.58059513161294,46.13336898678734,44.549445952263994,44.411439690370685,2.0212422568570787,0.14791318438517465,True,True,2022
2022-03-18,EXXO34,AUTOENCODER,44.18157577514648,46.361425633941906,46.71443894977599,44.92405484134668,45.6121161938622,2.1798498587954285,1.4305404187157222,True,True,2022
2022-03-21,EXXO34,AUTOENCODER,45.66120147705078,46.13810275587997,46.57704681397721,44.56274633369972,44.67908488937135,0.47690127882918887,0.9821165876794282,False,True,2022
2022-03-22,EXXO34,AUTOENCODER,45.17998123168945,45.94043022640608,46.45423556324438,45.64452519850234,45.838907887760286,0.7604489947166257,0.6589266560708325,True,False,2022
2022-03-23,EXXO34,AUTOENCODER,45.260929107666016,45.79221130071704,46.26352006366618,45.25716054528802,45.33393780379848,0.5312821930510268,0.07300869613246164,True,True,2022
2022-03-24,EXXO34,AUTOENCODER,45.10353088378906,45.683400473693496,45.14662722884117,45.29395785741961,44.400948281521195,0.5798695899044333,0.7025826022678672,False,True,2022
2022-03-25,EXXO34,AUTOENCODER,45.42733001708984,45.5896862814821,45.163082336313046,45.194676704398844,45.21096587697529,0.16235626439226536,0.21636414011454974,False,True,2022
2022-03-28,EXXO34,AUTOENCODER,44.26702880859375,45.49505370205384,45.097389364555305,45.421702322423066,45.339621562696,1.2280248934600877,1.0725927541022529,True,True,2022
2022-03-29,EXXO34,AUTOENCODER,43.97469329833984,45.34561971912001,44.867289069423016,44.435108212803264,44.23157941268005,1.3709264207801724,0.2568861143402117,True,True,2022
2022-03-30,EXXO34,AUTOENCODER,44.829200744628906,45.15759283516263,45.680038573612435,44.17665880331927,45.04826674175216,0.3283920905337254,0.21906599712325203,True,True,2022
2022-03-31,EXXO34,AUTOENCODER,44.132110595703125,45.07614272393158,44.68909594164063,44.8322985173709,44.01580588062877,0.9440321282284572,0.11630471507435658,True,True,2022
2022-04-01,EXXO34,AUTOENCODER,43.40354919433594,44.99964571229714,45.28438717790821,44.314960166932686,44.914578036315284,1.5960965179612003,1.5110288419793463,True,True,2022
2022-04-04,EXXO34,AUTOENCODER,42.98078918457031,44.905763837026484,45.19893854220943,44.182721356900494,44.171256176638245,1.9249746524561715,1.1904669920679325,True,True,2022
2022-04-05,EXXO34,AUTOENCODER,43.23263549804688,44.782805719280134,44.29269257899472,43.34965373206428,42.6021315033472,1.5501702212332518,0.63050399469968,True,False,2022
2022-04-06,EXXO34,AUTOENCODER,44.29851150512695,44.68494588589596,45.188408436898605,43.57490314029754,44.471480652691504,0.3864343807690034,0.17296914756455095,True,True,2022
2022-04-07,EXXO34,AUTOENCODER,45.35087203979492,44.6528590875717,45.17548521934816,44.41535637421934,44.54106584998478,0.6980129522232232,0.8098061898101392,False,True,2022
2022-04-08,EXXO34,AUTOENCODER,45.75113677978516,44.70371348983622,44.6064805684477,45.172828372822934,44.69013492467796,1.047423289948945,1.0610018551072002,False,True,2022
2022-04-11,EXXO34,AUTOENCODER,44.20405960083008,44.8806087983981,44.53936000211423,45.64234787437444,45.41140541905316,0.676549197568022,1.2073458182230823,False,True,2022
2022-04-12,EXXO34,AUTOENCODER,44.81119918823242,44.996730606805386,45.271895901492336,44.693953949467485,45.193397718556575,0.18553141857296396,0.3821985303241533,False,True,2022
2022-04-13,EXXO34,AUTOENCODER,45.64770126342773,45.08551491707453,45.46485891397273,44.98392135920464,45.139416353023236,0.5621863463531938,0.5082849104044911,True,True,2022
2022-04-14,EXXO34,AUTOENCODER,46.30430603027344,45.218915819803726,45.68864620964904,45.661378203668285,45.86442437377087,1.0853902104697113,0.43988165650256406,True,True,2022
2022-04-18,EXXO34,AUTOENCODER,46.05245971679688,45.38586881282117,45.695921924074405,46.16876459784546,46.12143087441517,0.6665909039757096,0.06897115761828587,True,False,2022
2022-04-19,EXXO34,AUTOENCODER,46.07944488525391,45.56995127527688,45.65704059690826,46.034579908440506,45.900644434282896,0.5094936099770351,0.1788004509710177,True,True,2022
2022-04-20,EXXO34,AUTOENCODER,45.76462936401367,45.7330707755857,46.22409877048289,46.11433375796278,46.553474653922066,0.03155858842796988,0.7888452899083944,False,True,2022
2022-04-21,EXXO34,AUTOENCODER,45.76462936401367,45.85428498951575,46.048040966910484,45.84236989073299,45.6362958504208,0.08965562550207551,0.12833351359287093,False,False,2022
2022-04-22,EXXO34,AUTOENCODER,45.87256240844727,45.93924096655502,45.93924096655502,45.85347824124911,45.70259300693241,0.06667855810774626,0.16996940151486228,False,False,2022
2022-04-25,EXXO34,AUTOENCODER,45.03156661987305,46.01817583189717,45.46656097421146,45.9502302930823,45.39566841866565,0.9866092120241206,0.3641017987926034,True,True,2022
2022-04-26,EXXO34,AUTOENCODER,46.0974235534668,46.00086320096341,46.43987219825487,45.27891484670459,46.12374729036927,0.09656035250338846,0.02632373690247647,True,True,2022
2022-04-27,EXXO34,AUTOENCODER,47.22624969482422,46.03792631653863,46.420691024018794,46.128817505876974,46.14563091141036,1.1883233782855882,1.0806187834138612,True,True,2022
2022-04-28,EXXO34,AUTOENCODER,48.48100662231445,46.155012947471505,46.52002589862141,47.06294382950624,47.168049969240954,2.325993674842948,1.312956653073499,True,True,2022
2022-04-29,EXXO34,AUTOENCODER,47.09133529663086,46.384493663417345,46.359941886585766,47.914882148805404,47.60641809977584,0.7068416332135143,0.5150828031449777,True,True,2022
2022-05-02,EXXO34,AUTOENCODER,49.10164260864258,46.62053207684994,46.2352617590037,47.092292897082,46.738694738929205,2.4811105317926376,2.3629478697133734,True,True,2022
2022-05-03,EXXO34,AUTOENCODER,49.40745162963867,46.88376352301577,46.43115071218324,48.77041545710371,48.648312544205254,2.523688106622899,0.7591390854334179,True,True,2022
2022-05-04,EXXO34,AUTOENCODER,50.48230743408203,47.22545774221845,47.724153599497306,49.0846174529873,49.94385133637687,3.2568496918635788,0.5384560977051578,True,True,2022
2022-05-05,EXXO34,AUTOENCODER,50.66670227050781,47.66313632428097,47.39684593413528,49.89483468683826,49.232293955525826,3.0035659462268427,1.4344083149819866,True,True,2022
2022-05-06,EXXO34,AUTOENCODER,52.06535339355469,48.145617240038405,48.6306386781222,50.35938767462638,51.09356191683156,3.9197361535162827,0.9717914767231264,True,True,2022
2022-05-09,EXXO34,AUTOENCODER,48.719364166259766,48.679628449776146,48.22906741145738,51.63881525384161,50.83892692922546,0.0397357164836194,2.1195627629656926,False,True,2022
2022-05-10,EXXO34,AUTOENCODER,48.90824508666992,49.04810552315172,48.41765875975625,48.95471862314501,48.73612681269315,0.13986043648179702,0.17211827397677126,False,True,2022
2022-05-11,EXXO34,AUTOENCODER,50.32490158081055,49.258506486693136,49.82883018931039,49.189031935647975,50.21700670397222,1.0663950941174107,0.10789487683832988,True,True,2022
2022-05-12,EXXO34,AUTOENCODER,50.31215286254883,49.436397574653085,49.8764375364592,50.249415541772265,50.25859309818342,0.8757552878957426,0.05355976436540999,True,True,2022
2022-05-13,EXXO34,AUTOENCODER,50.69829559326172,49.598093058827885,50.02451459164456,50.262933335587476,50.37252164624911,1.1002025344338335,0.32577394701260687,True,True,2022
2022-05-16,EXXO34,AUTOENCODER,50.69829559326172,49.77828785404813,50.20001422597302,50.53508246066477,50.64277583701807,0.9200077392135881,0.05551975624364758,True,True,2022
2022-05-17,EXXO34,AUTOENCODER,51.41606903076172,49.943602712563575,49.427319850639456,50.60550246237211,49.77717770094117,1.472466318198144,1.6388913298205523,False,True,2022
2022-05-18,EXXO34,AUTOENCODER,51.02992630004883,50.13108269177383,49.83797398491966,51.22895679750445,51.3542354042095,0.8988436082750013,0.32430910416066894,True,True,2022
2022-05-19,EXXO34,AUTOENCODER,50.76189041137695,50.3172882797337,50.70890714706543,50.97198764148882,51.56760199928035,0.4446021316432507,0.8057115879033958,False,True,2022
2022-05-20,EXXO34,AUTOENCODER,50.76189041137695,50.40547409046826,50.903204693768366,50.76168865844342,50.9573162955552,0.3564163209086928,0.19542588417824902,True,True,2022
2022-05-23,EXXO34,AUTOENCODER,51.04810333251953,50.47970609093301,51.066979192916016,50.77846848419956,50.993720583804716,0.5683972415865242,0.054382748714814966,True,True,2022
2022-05-24,EXXO34,AUTOENCODER,51.46603393554688,50.539979121649196,50.98407310821473,50.99612100807224,51.00668229072038,0.9260548138976858,0.4593516448265049,True,True,2022
2022-05-25,EXXO34,AUTOENCODER,52.57903671264648,50.603156938899645,51.04780606793285,51.3191935950476,51.44359217247385,1.9758797737468328,1.135444540172628,True,True,2022
2022-05-26,EXXO34,AUTOENCODER,52.28829574584961,50.74107754501074,51.183901707375924,52.181842815514806,52.310003414330794,1.54721820083887,0.021707668481184328,True,True,2022
2022-05-27,EXXO34,AUTOENCODER,52.65626907348633,50.91188208891242,51.36505553497616,52.05652040805098,52.18509219721531,1.7443869845739073,0.47117687627101645,True,True,2022
2022-05-30,EXXO34,AUTOENCODER,52.542701721191406,51.05405152577123,51.05405152577123,52.62149997219497,52.20579448361025,1.4886501954201776,0.33690723758115837,True,True,2022
2022-05-31,EXXO34,AUTOENCODER,51.57051849365234,51.19777396573272,51.799184873234786,52.30986959694525,52.920141831829866,0.37274452791961465,1.3496233381775298,False,True,2022
2022-06-01,EXXO34,AUTOENCODER,53.40130233764648,51.34111460426698,51.806242854440505,51.6497646671274,51.65014950812609,2.0601877333795002,1.751152829520386,True,True,2022
2022-06-02,EXXO34,AUTOENCODER,52.91975021362305,51.49396932160971,51.99456578692464,53.05338227657539,53.23337303063832,1.4257808920133357,0.31362281701527195,True,True,2022
2022-06-03,EXXO34,AUTOENCODER,53.61935806274414,51.63500883262304,51.06866988929312,52.72052006273517,51.785693927698965,1.9843492301210972,1.8336641350451757,True,True,2022
2022-06-06,EXXO34,AUTOENCODER,53.83286666870117,51.84000524217754,51.914892302910246,53.18047988514218,53.68923092331386,1.992861426523632,0.14363574538731427,True,True,2022
2022-06-07,EXXO34,AUTOENCODER,57.04013442993164,52.042414173140685,52.481953185525924,53.55181349467503,53.92972249824064,4.997720256790956,3.1104119316909973,True,True,2022
2022-06-08,EXXO34,AUTOENCODER,58.28486251831055,52.44014549100871,52.84884898113896,56.194586716335934,56.36393820147504,5.84471702730184,1.9209243168355101,True,True,2022
2022-06-09,EXXO34,AUTOENCODER,57.27180862426758,52.92817800589734,52.502475895400984,57.82949780676891,57.153743613082526,4.343630618370241,0.11806501118505253,True,True,2022
2022-06-10,EXXO34,AUTOENCODER,57.01286697387695,53.40563616909509,53.70041914724438,56.5558031514375,57.22434347198013,3.6072308047818638,0.21147649810317404,True,False,2022
2022-06-13,EXXO34,AUTOENCODER,55.6500129699707,53.82827745035104,53.3767653386782,56.54155867755201,55.87093486130906,1.821735519619665,0.2209218913383566,True,True,2022
2022-06-14,EXXO34,AUTOENCODER,56.04524993896485,54.09033769484142,54.12944162082353,55.3056484464531,55.70174761168821,1.9549122441234275,0.34350232727663865,True,False,2022
2022-06-15,EXXO34,AUTOENCODER,54.205379486083984,54.3028437257114,53.89388113914435,55.69360012389404,55.225380057940114,0.09746423962741346,1.02000057185613,False,True,2022
2022-06-16,EXXO34,AUTOENCODER,54.205379486083984,54.35229732949625,54.91482489641775,54.13009244795487,54.98620808651015,0.1469178434122682,0.7808286004261689,False,False,2022
2022-06-17,EXXO34,AUTOENCODER,50.6074447631836,54.33034374743005,53.86761590014792,54.26840033633027,53.31796164844624,3.7228989842464486,2.710516885262642,True,True,2022
2022-06-20,EXXO34,AUTOENCODER,50.59380722045898,54.04760431212384,54.39336333793213,51.05316961596074,51.73325626427719,3.4537970916648604,1.1394490438182103,True,False,2022
2022-06-21,EXXO34,AUTOENCODER,53.58755111694336,53.58959480406088,53.952571488665086,51.24653179764041,51.246947485804895,0.002043687117520676,2.340603631138464,False,True,2022
2022-06-22,EXXO34,AUTOENCODER,51.62957763671875,53.243920047005304,52.7429283124553,53.4563147820094,52.81687726129242,1.6143424102865538,1.1872996245736687,True,True,2022
2022-06-23,EXXO34,AUTOENCODER,50.66649627685547,52.828367889546996,52.19260427574365,51.72481762812815,51.43062736614475,2.1618716126915274,0.764131089289279,True,True,2022
2022-06-24,EXXO34,AUTOENCODER,51.73860549926758,52.39525802591447,52.838316093015194,50.94777886909959,51.808193537998456,0.6566525266468943,0.0695880387308776,True,True,2022
2022-06-27,EXXO34,AUTOENCODER,52.83797836303711,52.02033418384519,52.40066841677609,51.649400568813604,51.71469149548044,0.817644179191916,1.123286867556672,False,True,2022
2022-06-28,EXXO34,AUTOENCODER,54.55063629150391,51.70836888117964,52.13346738467178,52.376724873203386,52.5989083013571,2.8422674103242755,1.9517279901468143,True,True,2022
2022-06-29,EXXO34,AUTOENCODER,51.652286529541016,51.58232281540353,51.01728442064195,53.70103781228762,52.91918452427039,0.06996371413748648,1.2668979947293764,False,True,2022
2022-06-30,EXXO34,AUTOENCODER,50.60289001464844,51.4769894770551,50.88080580859583,51.56822624154108,51.30967591684211,0.8740994624066616,0.7067859021936727,True,True,2022
2022-07-01,EXXO34,AUTOENCODER,52.81071853637695,51.25950712893416,51.536327364463006,50.74670160970262,51.38471595593956,1.5512114074427927,1.426002580437391,True,True,2022
2022-07-04,EXXO34,AUTOENCODER,53.94189453125,51.12894135977615,51.72485564336599,52.26987958416805,52.76169074123293,2.8129531714738505,1.1802037900170674,True,True,2022
2022-07-05,EXXO34,AUTOENCODER,51.78857803344727,51.15068598295312,50.665710184275866,53.16725515800693,52.33929662546155,0.6378920504941519,0.5507185920142774,True,True,2022
2022-07-06,EXXO34,AUTOENCODER,51.16620635986328,51.20723644975374,50.748045621590656,51.80294556089156,51.59592371805422,0.0410300898904552,0.4297173581909419,False,True,2022
2022-07-07,EXXO34,AUTOENCODER,52.16109848022461,51.19770173303027,51.68903444286621,51.29082527585046,52.05294852806056,0.9633967471943379,0.1081499521640481,True,True,2022
2022-07-08,EXXO34,AUTOENCODER,51.33429718017578,51.22573576079918,51.713570443391845,51.954896253781286,52.13402585790951,0.10856141937659913,0.7997286777337322,False,True,2022
2022-07-11,EXXO34,AUTOENCODER,52.02480697631836,51.267021909728385,50.27861661612382,51.277974324205594,49.8943532338981,0.7577850665899746,2.130453742420258,False,False,2022
2022-07-12,EXXO34,AUTOENCODER,52.07477951049805,51.25773742772412,50.80914282767084,51.85788271346012,52.18329589005743,0.8170420827739235,0.10851637955938287,True,True,2022
2022-07-13,EXXO34,AUTOENCODER,51.99300384521485,51.182231036009,50.57909583774457,51.84140393143863,51.53996082939122,0.8107728092058508,0.4530430158236314,True,True,2022
2022-07-14,EXXO34,AUTOENCODER,51.18891906738281,51.14002649986293,50.65533693928117,51.78084159003244,51.71562018138944,0.04889256751988569,0.5267011140066273,False,True,2022
2022-07-15,EXXO34,AUTOENCODER,51.57506561279297,51.04802525459536,50.881722176600974,51.0941707512968,51.179948264783384,0.5270403581976097,0.39511734800958465,True,True,2022
2022-07-18,EXXO34,AUTOENCODER,52.75167083740234,50.976486502036266,51.35922548052662,51.42202321914417,51.93559863181702,1.7751843353660703,0.8160722055853142,True,True,2022
2022-07-19,EXXO34,AUTOENCODER,54.27352142333984,50.98233477119538,51.107253366866615,52.25320974700188,52.185297076640396,3.2911866521444537,2.088224346699441,True,True,2022
2022-07-20,EXXO34,AUTOENCODER,55.282039642333984,51.06436016430666,50.07986209867291,53.18275064890289,52.258887257948274,4.217679478027321,3.0231523843857104,True,False,2022
2022-07-21,EXXO34,AUTOENCODER,54.8686408996582,51.34126680889,51.31523946974163,54.33836116155376,55.14852199736084,3.5273740907682054,0.2798810977026349,True,True,2022
2022-07-22,EXXO34,AUTOENCODER,54.4461555480957,51.66629849148097,51.31225747285231,54.05504536169038,53.70168114368312,2.7798570566147305,0.7444744044125855,True,False,2022
2022-07-25,EXXO34,AUTOENCODER,54.70963668823242,52.019129445557894,52.56191622688391,54.06171215845006,54.84661262481327,2.690507242674528,0.13697593658084628,True,True,2022
2022-07-26,EXXO34,AUTOENCODER,54.31440734863281,52.34783209727698,52.291611466369496,54.15225182831873,53.70341822977423,1.9665752513558346,0.6109891188585834,True,False,2022
2022-07-27,EXXO34,AUTOENCODER,54.37346267700195,52.69285933974987,53.23556365210532,54.18752466839077,54.75921317167951,1.68060333725208,0.3857504946775592,True,True,2022
2022-07-28,EXXO34,AUTOENCODER,54.75506591796875,52.9764165524374,53.50550341025059,54.192794946540495,54.28780855508634,1.7786493655313507,0.4672573628824068,True,True,2022
2022-07-29,EXXO34,AUTOENCODER,56.98561096191406,53.22460037883917,53.952165710303255,54.574440127414185,54.9413442985849,3.761010583074892,2.044266663329161,True,True,2022
2022-08-01,EXXO34,AUTOENCODER,55.45467758178711,53.587115674523204,53.09112224432202,56.27900237789402,55.3948475984239,1.8675619072639051,0.05982998336320833,True,True,2022
2022-08-02,EXXO34,AUTOENCODER,56.322357177734375,53.92923039124372,53.91078156455322,55.219864640342266,55.49315634228613,2.3931267864906545,0.8292008354482476,True,False,2022
2022-08-03,EXXO34,AUTOENCODER,54.67329788208008,54.22999962502945,53.5819292000542,56.00857888742629,55.40313762225667,0.4432982570506283,0.7298397401765939,False,True,2022
2022-08-04,EXXO34,AUTOENCODER,51.44331741333008,54.47244611106515,53.974146663516436,54.952117083246435,54.81889085173182,3.029128697735075,3.3755734384017444,False,True,2022
2022-08-05,EXXO34,AUTOENCODER,52.05206298828125,54.49333168103084,54.97761009831697,52.584057988209636,53.144199833237224,2.4412686927495884,1.0921368449559736,True,True,2022
2022-08-08,EXXO34,AUTOENCODER,51.49329376220703,54.28683128342175,54.77861172892423,52.72368802803711,52.83605479692028,2.7935375212147164,1.3427610347132486,True,True,2022
2022-08-09,EXXO34,AUTOENCODER,52.628997802734375,54.01367300014772,54.51776260518214,52.21273083265214,52.32321654189805,1.384675197413344,0.3057812608363264,True,True,2022
2022-08-10,EXXO34,AUTOENCODER,52.628997802734375,53.710282751158786,53.342235421056564,52.70888751522706,52.08915355808361,1.0812849484244111,0.5398442446507659,True,False,2022
2022-08-11,EXXO34,AUTOENCODER,54.9575424194336,53.3890974599733,53.7964080957614,52.762792625759964,53.497430559858806,1.568444959460301,1.4601118595747948,True,True,2022
2022-08-12,EXXO34,AUTOENCODER,54.39788055419922,53.24230513015766,53.71475376862942,54.449973205001946,54.769487592642584,1.155575424041558,0.37160703844336496,True,True,2022
2022-08-15,EXXO34,AUTOENCODER,53.65012741088867,53.238500014582144,52.6842810969481,54.119383008345224,53.20071849865419,0.4116273963065282,0.44940891223448176,False,True,2022
2022-08-16,EXXO34,AUTOENCODER,53.89784240722656,53.236776748680825,52.588638901795015,53.614128282928164,53.368244213336226,0.6610656585457377,0.5295981938903367,True,True,2022
2022-08-17,EXXO34,AUTOENCODER,54.48044967651367,53.278429220601026,53.74254555438929,53.83588110986682,54.76225507065545,1.2020204559126455,0.2818053941417773,True,True,2022
2022-08-18,EXXO34,AUTOENCODER,55.861270904541016,53.385699943218754,53.77405279919398,54.312110819850446,54.322369296074505,2.475570961322262,1.5389016084665101,True,True,2022
2022-08-19,EXXO34,AUTOENCODER,55.948429107666016,53.61677235835788,53.012704510321214,55.41507984478822,54.657848319681094,2.331656749308138,1.290580787984922,True,True,2022
2022-08-22,EXXO34,AUTOENCODER,55.5263900756836,53.89753829304357,54.37144139086716,55.587411030842944,56.551613205153465,1.6288517826400337,1.0252231294698646,True,True,2022
2022-08-23,EXXO34,AUTOENCODER,57.12741088867188,54.15355936766122,54.763246298023276,55.36235612863659,55.50443842073073,2.9738515210106655,1.6229724679411532,True,True,2022
2022-08-24,EXXO34,AUTOENCODER,57.89350891113281,54.46273081258556,54.96826397363827,56.60249987591748,56.7765811831949,3.4307780985472505,1.116927727937913,True,True,2022
2022-08-25,EXXO34,AUTOENCODER,58.301788330078125,54.858315787295055,54.61215579329497,57.156477097314536,56.61401103697011,3.44347254278307,1.687777293108013,True,False,2022
2022-08-26,EXXO34,AUTOENCODER,56.89802932739258,55.315695838950944,54.770919710026384,58.37112472917671,58.09964992770618,1.582333488441634,1.2016206003136034,True,True,2022
2022-08-29,EXXO34,AUTOENCODER,58.031131744384766,55.69663305349923,56.1185136826334,56.8929939345085,57.5801986295997,2.334498690885539,0.4509331147850659,True,True,2022
2022-08-30,EXXO34,AUTOENCODER,56.33835983276367,56.00867058886723,55.382381596649935,57.731790626776004,56.788906280659965,0.32968924389643917,0.4505464478962935,False,True,2022
2022-08-31,EXXO34,AUTOENCODER,57.0127182006836,56.20306942907649,56.23415681542572,56.528151343177456,56.92604754497654,0.8096487716071081,0.08667065570706001,True,True,2022
2022-09-01,EXXO34,AUTOENCODER,56.04935073852539,56.32070296475649,55.27816186881939,57.00262826708824,55.90833724785006,0.27135222623110167,0.1410134906753271,True,True,2022
2022-09-02,EXXO34,AUTOENCODER,57.48064041137695,56.34140021374793,56.79861208552779,56.26799358936956,57.43852165559903,1.1392401976290216,0.04211875577792057,True,True,2022
2022-09-05,EXXO34,AUTOENCODER,58.71924209594727,56.416212655571655,56.94623925831105,57.33843436773904,57.519189426012225,2.3030294403756173,1.2000526699350473,True,True,2022
2022-09-06,EXXO34,AUTOENCODER,57.29713821411133,56.55652210034236,55.760173424277966,58.25773584744013,57.173482417843886,0.7406161137689651,0.1236557962674425,True,True,2022
2022-09-07,EXXO34,AUTOENCODER,57.29713821411133,56.68262234064531,55.70357844494844,57.30208020937152,56.85374214848618,0.6145158734660185,0.44339606562515144,True,True,2022
2022-09-08,EXXO34,AUTOENCODER,56.37047576904297,56.77468807939721,56.861527665194366,57.14668276730331,57.91951543512485,0.40421231035423943,1.5490396660818817,False,False,2022
2022-09-09,EXXO34,AUTOENCODER,56.85674285888672,56.79529761724996,57.0205999747181,56.579495654655275,56.56032281367174,0.06144524163676124,0.29642004521497967,False,True,2022
2022-09-12,EXXO34,AUTOENCODER,56.976016998291016,56.83941632001097,57.45095138928547,56.84396788004328,57.322625708656474,0.13660067828004685,0.3466087103654587,False,False,2022
2022-09-13,EXXO34,AUTOENCODER,56.44845962524414,56.88368464765563,56.344236344398425,57.06643915463135,56.06722072011265,0.43522502241148686,0.3812389051314895,True,True,2022
2022-09-14,EXXO34,AUTOENCODER,57.69166946411133,56.87480518473296,57.4311330912179,56.708695378514086,57.66998429251213,0.8168642793783647,0.02168517159919503,True,True,2022
2022-09-15,EXXO34,AUTOENCODER,56.81086349487305,56.847372236238016,56.04629348835498,57.54304490349984,56.356848620294464,0.036508741364968955,0.4540148745785828,False,True,2022
2022-09-16,EXXO34,AUTOENCODER,57.343017578125,56.7968067647833,56.7968067647833,56.71468329756073,57.3137287986294,0.5462108133417019,0.029288779495601602,True,False,2022
2022-09-19,EXXO34,AUTOENCODER,55.09516906738281,56.7645600226179,56.15491239014296,57.27073413858331,56.62948378647809,1.6693909552350874,1.5343147190952777,True,True,2022
2022-09-20,EXXO34,AUTOENCODER,54.37493896484375,56.64143164207292,56.64143164207292,55.42626814596112,55.734723134801705,2.2664926772291665,1.3597841699579547,True,False,2022
2022-09-21,EXXO34,AUTOENCODER,53.96206665039063,56.42758930620761,56.42758930620761,54.83652967971811,54.73895233251296,2.465522655816976,0.7768856821223267,True,False,2022
2022-09-22,EXXO34,AUTOENCODER,53.347354888916016,56.156303913718546,56.67106482113806,54.61508463006735,55.09575085080591,2.80894902480253,1.7483959618898979,True,True,2022
2022-09-23,EXXO34,AUTOENCODER,51.4619140625,55.83504896956998,55.201747767428955,54.06238529000188,52.985006728809196,4.373134907069982,1.5230926663091964,True,True,2022
2022-09-26,EXXO34,AUTOENCODER,52.34270095825195,55.332962034575985,54.5835721049274,52.4483896579703,52.098320563051104,2.990261076324032,0.24438039520084942,True,True,2022
2022-09-27,EXXO34,AUTOENCODER,52.83355712890625,54.778238097410565,54.945615639788215,52.850136268433126,53.64868638133574,1.944680968504315,0.8151292524294931,True,True,2022
2022-09-28,EXXO34,AUTOENCODER,54.42999267578125,54.33719295546598,54.754753464802526,53.138899312701994,53.436068940538135,0.09279972031526995,0.993923735243115,False,True,2022
2022-09-29,EXXO34,AUTOENCODER,54.69147491455078,54.05551121330279,53.41159759146745,54.283054391223544,53.48095958068523,0.635963701247988,1.2105153338655512,False,True,2022
2022-09-30,EXXO34,AUTOENCODER,54.085933685302734,53.91360233012068,54.028473725302504,54.26280458293158,54.960674331444636,0.17233135518205245,0.8747406461419018,False,False,2022
2022-10-03,EXXO34,AUTOENCODER,54.59054565429688,53.87771041622091,54.323477993322456,54.10602356212757,54.356666849837765,0.712835238075975,0.2338788044591169,True,True,2022
2022-10-04,EXXO34,AUTOENCODER,56.22826766967773,53.88526131336636,54.244910160279325,54.503922310186454,54.56642682826408,2.3430063563113706,1.6618408414136496,True,True,2022
2022-10-05,EXXO34,AUTOENCODER,58.810997009277344,54.041392299713095,54.52395823331516,55.784665977537166,56.144318458757446,4.769604709564248,2.6666785505198973,True,True,2022
2022-10-06,EXXO34,AUTOENCODER,60.70103073120117,54.39149388953314,54.954236289059246,57.80648284370582,58.19534504188424,6.309536841668034,2.505685689316934,True,True,2022
2022-10-07,EXXO34,AUTOENCODER,60.26520919799805,54.97099880311782,55.32881718801539,59.41009341925187,59.473424126300785,5.294210394880224,0.7917850716972623,True,True,2022
2022-10-10,EXXO34,AUTOENCODER,58.79723358154297,55.701276584371044,55.08532403590144,59.40833569954882,58.501195132074145,3.0959569971719247,0.2960384494688242,True,True,2022
2022-10-11,EXXO34,AUTOENCODER,58.9715576171875,56.34508150183353,55.71169037288415,58.47598707643862,58.23660785599786,2.6264761153539666,0.7349497611896396,True,True,2022
2022-10-12,EXXO34,AUTOENCODER,58.9715576171875,56.848775614457054,56.31210362253299,58.72502767497036,58.60708093915086,2.122782002730446,0.3644766780366382,True,True,2022
2022-10-13,EXXO34,AUTOENCODER,61.57262802124024,57.24840046102503,57.79610758634197,58.797669290497375,59.68194458375964,4.324227560215213,1.8906834374806039,True,True,2022
2022-10-14,EXXO34,AUTOENCODER,60.56339645385742,57.7467699915822,57.09418720810432,60.93954194828654,59.95931317287221,2.8166264622752237,0.6040832809852148,True,True,2022
2022-10-17,EXXO34,AUTOENCODER,61.15977096557617,58.26786444627817,58.223352559197615,60.01312209670696,60.468351147695984,2.8919065192980042,0.6914198178801882,True,False,2022
2022-10-18,EXXO34,AUTOENCODER,60.49000930786133,58.77171850274283,59.22830374739962,60.895334114216915,61.34582521121479,1.7182908051184995,0.8558159033534594,True,True,2022
2022-10-19,EXXO34,AUTOENCODER,62.76078796386719,59.21359948024434,59.642529075260484,60.4844490673043,60.476667384915224,3.547188483622847,2.2841205789519634,True,True,2022
2022-10-20,EXXO34,AUTOENCODER,62.84334945678711,59.68079801995475,60.292207439110676,62.342265526584725,62.80195985625097,3.1625514368323593,0.04138960053614227,True,True,2022
2022-10-21,EXXO34,AUTOENCODER,62.352481842041016,60.15704112590771,60.74884488133552,62.47123294554516,62.61731266784907,2.195440716133305,0.2648308258080547,True,True,2022
2022-10-24,EXXO34,AUTOENCODER,64.43061065673828,60.59166271681295,61.04696565395833,62.222398915060595,62.22377131435512,3.8389479399253332,2.2068393423831623,True,True,2022
2022-10-25,EXXO34,AUTOENCODER,64.34346008300781,61.10760027250183,61.10760027250183,63.875868058580124,63.50937146027531,3.2358598105059855,0.8340886227325015,True,True,2022
2022-10-26,EXXO34,AUTOENCODER,66.40321350097656,61.62149209486773,62.287971413861996,64.00776898016446,64.69515523668046,4.781721406108829,1.708058264296099,True,True,2022
2022-10-27,EXXO34,AUTOENCODER,64.99028015136719,62.17146415210766,61.65561526775046,65.70340314665572,64.7735339184657,2.8188159992595274,0.21674623290148531,True,True,2022
2022-10-28,EXXO34,AUTOENCODER,66.92617797851562,62.685451424830376,63.081943523472624,64.70978912939982,65.46909730140949,4.240726553685249,1.4570806771061342,True,True,2022
2022-10-31,EXXO34,AUTOENCODER,65.79309844970703,63.24838667242079,63.89634482045032,66.41770697282769,66.81082493979471,2.5447117772862384,1.0177264900876821,True,True,2022
2022-11-01,EXXO34,AUTOENCODER,65.73343658447266,63.782454636424745,63.782454636424745,65.75194846239414,64.96749955765631,1.950981948047911,0.7659370268163457,True,True,2022
2022-11-02,EXXO34,AUTOENCODER,65.73343658447266,64.21834287936224,64.21834287936224,65.46428900664219,65.46982151076233,1.5150937051104165,0.26361507371032644,True,False,2022
2022-11-03,EXXO34,AUTOENCODER,65.33891296386719,64.57059597181956,64.57059597181956,65.51707720415426,65.47456464358562,0.7683169920476303,0.1356516797184355,True,False,2022
2022-11-04,EXXO34,AUTOENCODER,64.71961975097656,64.76499997150756,65.42849530548371,65.44867604484311,66.06694039629748,0.045380220531001214,1.34732064532092,False,True,2022
2022-11-07,EXXO34,AUTOENCODER,67.18306732177734,64.85638465906493,64.99964493229034,64.97549565281189,64.54110354401395,2.3266826627124146,2.6419637777633938,False,True,2022
2022-11-08,EXXO34,AUTOENCODER,67.25186920166016,64.99637163641398,65.56786307816256,66.8572485086614,67.52379053323968,2.2554975652461735,0.27192133157952014,True,True,2022
2022-11-09,EXXO34,AUTOENCODER,64.5269546508789,65.22249611143525,64.65273077637671,66.96677848508544,65.96545829076292,0.6955414605563419,1.4385036398840185,False,True,2022
2022-11-10,EXXO34,AUTOENCODER,67.71063232421875,65.33526167891796,65.78132716002463,64.87416738106302,65.60532326458686,2.375370645300791,2.1053090596318924,True,True,2022
2022-11-11,EXXO34,AUTOENCODER,70.23932647705078,65.4848298082992,65.95420449834555,67.34886587697072,67.60934799037607,4.754496668751585,2.629978486674716,True,True,2022
2022-11-14,EXXO34,AUTOENCODER,70.11905670166016,66.02792686010946,66.09547846156849,69.44992852706015,69.35752903114209,4.091129841550696,0.7615276705180634,True,True,2022
2022-11-15,EXXO34,AUTOENCODER,70.11905670166016,66.62662761437036,66.10085981901506,69.35408099250475,68.75530863989626,3.4924290872897927,1.3637480617639,True,False,2022
2022-11-16,EXXO34,AUTOENCODER,70.7666015625,67.23915577167179,67.54818426043667,69.55177696447123,70.21965240380482,3.52744579082821,0.5469491586951847,True,False,2022
2022-11-17,EXXO34,AUTOENCODER,70.2670669555664,67.78149438010632,67.46976888252478,70.37465033377642,69.8011468701328,2.4855725754600826,0.4659200854336092,True,True,2022
2022-11-18,EXXO34,AUTOENCODER,69.5547866821289,68.2442635073129,67.65307131971537,70.1645950418025,69.76538942732536,1.3105231748160122,0.2106027451964536,True,True,2022
2022-11-21,EXXO34,AUTOENCODER,67.7231674194336,68.55736647504204,68.06177205908885,69.669165648773,69.53328922235102,0.8341990556084511,1.810121802917422,False,True,2022
2022-11-22,EXXO34,AUTOENCODER,70.66485595703125,68.78466215173876,69.43516590448414,68.3980630100685,69.24288037489472,1.8801938052924925,1.4219755821365254,True,True,2022
2022-11-23,EXXO34,AUTOENCODER,70.19306945800781,68.9956487161179,69.57419220644186,70.39732506311711,70.61639116309621,1.197420741889914,0.42332170508839795,True,True,2022
2022-11-24,EXXO34,AUTOENCODER,70.70184326171875,69.19163667578107,69.7049719690513,70.21815548639724,70.28794141537523,1.5102065859376808,0.4139018463435207,True,True,2022
2022-11-25,EXXO34,AUTOENCODER,76.77018737792969,69.35725078406381,69.53883120123353,70.59156880486012,70.44428719148881,7.412936593865879,6.325900186440876,True,True,2022
2022-11-28,EXXO34,AUTOENCODER,68.01919555664062,69.85702369284002,70.33035354770752,75.09568123833446,75.88773684028135,1.8378281361993913,7.868541283640724,False,True,2022
2022-11-29,EXXO34,AUTOENCODER,67.62141418457031,70.02554258765701,70.02554258765701,69.1748615660337,68.05760575033811,2.404128403086702,0.4361915657677997,True,True,2022
2022-11-30,EXXO34,AUTOENCODER,66.74262237548828,70.00027662023558,70.78288477131218,68.64086723399167,69.35237486566352,3.2576542447473003,2.6097524901752394,True,True,2022
2022-12-01,EXXO34,AUTOENCODER,66.4188461303711,69.86688861620325,69.86688861620325,67.7993583964493,67.06664378964207,3.448042485832161,0.647797659270978,True,True,2022
2022-12-02,EXXO34,AUTOENCODER,65.85456848144531,69.52713178126987,69.52713178126987,67.1205951955476,67.05755875657131,3.67256329982456,1.2029902751259982,True,False,2022
2022-12-05,EXXO34,AUTOENCODER,64.98502349853516,69.02750333789857,68.15013001549919,66.66627966170614,65.73791236412616,4.042479839363409,0.7528888655910038,True,True,2022
2022-12-06,EXXO34,AUTOENCODER,63.34767150878906,68.50639082502698,67.71586302436005,65.98074729059788,65.74707305950855,5.158719316237921,2.399401550719489,True,True,2022
2022-12-07,EXXO34,AUTOENCODER,62.26535415649414,67.83824864631742,67.15671538968458,64.5495174793605,64.34664279618289,5.572894489823284,2.0812886396887507,True,True,2022
2022-12-08,EXXO34,AUTOENCODER,62.50587844848633,67.0696720543292,66.510471482954,63.35525027580472,63.241695665059915,4.563793605842875,0.7358172165735866,True,True,2022
2022-12-09,EXXO34,AUTOENCODER,62.54286956787109,66.35493978253908,66.35493978253908,62.985855072566835,63.40468491401654,3.8120702146679903,0.8618153461454554,True,False,2022
2022-12-12,EXXO34,AUTOENCODER,64.68899536132812,65.70752838943281,66.28527279558323,63.17385365729068,63.78069743116939,1.0185330281046845,0.9082979301587315,True,True,2022
2022-12-13,EXXO34,AUTOENCODER,65.89156341552734,65.2499290599302,65.29854990369482,64.57621720841512,64.32450188210258,0.641634355597148,1.5670615334247628,False,True,2022
2022-12-14,EXXO34,AUTOENCODER,64.98502349853516,65.05330132490246,65.7169889879032,65.6119777119874,66.2993522664493,0.06827782636730717,1.314328767914148,False,True,2022
2022-12-15,EXXO34,AUTOENCODER,64.47624206542969,64.98426233979603,65.6378853594703,65.14805271075964,65.3125895969493,0.5080202743663449,0.836347531519607,False,True,2022
2022-12-16,EXXO34,AUTOENCODER,64.59648895263672,64.90036405589979,64.17336421712801,64.75381528134596,63.55116750992613,0.3038751032630671,1.0453214427105877,False,True,2022
2022-12-19,EXXO34,AUTOENCODER,64.17095947265625,64.73916646142402,64.37663492941371,64.42464015707168,64.52032710280155,0.5682069887677699,0.34936763014529504,True,False,2022
2022-12-20,EXXO34,AUTOENCODER,64.24496459960938,64.67219642729492,65.208339487875,64.47507809086555,65.24893664348727,0.4272318276855458,1.0039720438778943,False,True,2022
2022-12-21,EXXO34,AUTOENCODER,64.81849670410156,64.62934695630554,65.15953540889275,64.5133114295735,64.6839618462745,0.1891497477960229,0.1345348578270631,True,True,2022
2022-12-22,EXXO34,AUTOENCODER,63.245906829833984,64.62718513471077,64.09807486390959,64.91441277309737,64.03172927070517,1.381278304876787,0.7858224408711862,True,True,2022
2022-12-23,EXXO34,AUTOENCODER,64.52249145507812,64.56188161221678,65.1800879031837,63.856751546373914,64.77476166293238,0.03939015713865501,0.25227020785425225,False,True,2022
2022-12-26,EXXO34,AUTOENCODER,63.995208740234375,64.49301804938773,64.49301804938773,64.31419768697803,63.8939341803681,0.49780930915335375,0.10127455986627609,True,False,2022
2022-12-27,EXXO34,AUTOENCODER,67.26988983154297,64.43963292279807,65.09832623414316,64.29509511347975,64.92628946366875,2.8302569087449,2.3436003678742168,True,True,2022
2022-12-28,EXXO34,AUTOENCODER,65.63253784179688,64.60116072391361,64.33275301888607,66.601796009605,65.96721016785092,1.0313771178832667,0.3346723260540472,True,True,2022
2022-12-29,EXXO34,AUTOENCODER,66.5206069946289,64.81821999477734,64.61898761757018,65.50481565021005,65.40079062092651,1.7023869998515693,1.1198163737023918,True,False,2022
2022-12-30,EXXO34,AUTOENCODER,66.5206069946289,65.02809727122599,65.71043285342762,66.29462016033175,67.1304066634905,1.492509723402918,0.6097996688615979,True,True,2022
2023-01-02,EXXO34,AUTOENCODER,67.5103988647461,65.22700033638091,65.45503342602014,66.18705154798815,65.90290099686267,2.2833985283651828,1.6074978678834242,True,False,2023
2023-01-03,EXXO34,AUTOENCODER,67.0201187133789,65.4922697766516,64.86337375776544,67.201235428984,66.44083654499978,1.5278489367273096,0.5792821683791232,True,True,2023
2023-01-04,EXXO34,AUTOENCODER,66.65011596679688,65.78030283715168,65.66906027027112,67.01787596458885,67.31502812440434,0.8698131296451947,0.6649121576074606,True,True,2023
2023-01-05,EXXO34,AUTOENCODER,68.1116943359375,65.98190946916975,66.77712806041573,66.77633058720542,67.64211906988034,2.12978486676775,0.4695752660571628,True,True,2023
2023-01-06,EXXO34,AUTOENCODER,66.78885650634766,66.24618313004237,65.72327908908424,67.83280105015253,66.81053818480778,0.542673376305288,0.021681678460126363,True,True,2023
2023-01-09,EXXO34,AUTOENCODER,65.85456848144531,66.48415376826551,67.15286295694996,67.09227682686036,68.06418650109475,0.6295852868202019,2.20961801964944,False,True,2023
2023-01-10,EXXO34,AUTOENCODER,66.11357879638672,66.64668250825787,66.20510981573003,66.20782216858397,65.24860579332908,0.5331037118711492,0.8649730030576421,False,False,2023
2023-01-11,EXXO34,AUTOENCODER,66.40959930419922,66.72391474561368,67.31201779133164,66.50917383464403,67.3767131946938,0.31431544141446466,0.9671138904945877,False,True,2023
2023-01-12,EXXO34,AUTOENCODER,66.47434997558594,66.75833878781009,66.75833878781009,66.48172171116764,66.05266482409269,0.28398881222415184,0.42168515149325003,False,False,2023
2023-01-13,EXXO34,AUTOENCODER,66.58535766601562,66.80154942231172,66.80154942231172,66.55234031936453,66.50008786928022,0.216191756296098,0.08526979673540325,True,False,2023
2023-01-16,EXXO34,AUTOENCODER,66.66863250732422,66.82046407139626,66.22959095679474,66.80140963602375,66.19891566024533,0.15183156407204024,0.4697168470788853,False,True,2023
2023-01-17,EXXO34,AUTOENCODER,66.47434997558594,66.76097012197079,67.31442945729314,66.82828876810923,67.7736244252933,0.28662014638484834,1.2992744497073687,False,True,2023
2023-01-18,EXXO34,AUTOENCODER,65.86383056640625,66.72640677384823,66.42158027877763,66.48292351132721,65.77692251186602,0.8625762074419754,0.0869080545402312,True,False,2023
2023-01-19,EXXO34,AUTOENCODER,66.57611846923828,66.66395128362228,67.20996549295278,66.22750254619176,66.93950201456384,0.08783281438400081,0.3633835453255614,False,True,2023
2023-01-20,EXXO34,AUTOENCODER,67.76943969726562,66.6070215951338,66.70258942237788,66.46689786080682,66.18318647497144,1.1624181021318236,1.5862532222941894,False,False,2023
2023-01-23,EXXO34,AUTOENCODER,67.64916229248047,66.65040765191281,66.65040765191281,67.33967596169914,67.27055296338654,0.998754640567654,0.3786093290939334,True,False,2023
2023-01-24,EXXO34,AUTOENCODER,67.42715454101562,66.74569806488125,66.23358694477601,67.60211194375323,67.08264311945345,0.6814564761343718,0.3445114215621743,True,True,2023
2023-01-25,EXXO34,AUTOENCODER,66.19683074951172,66.83492093084385,67.1881524357343,67.37229207012302,68.03984432468201,0.6380901813321316,1.8430135751702892,False,True,2023
2023-01-26,EXXO34,AUTOENCODER,68.56497192382812,66.85202460288838,67.43633893898875,66.60805319600735,66.91189561253643,1.7129473209397474,1.6530763112916986,True,True,2023
2023-01-27,EXXO34,AUTOENCODER,68.2412109375,66.94359503168062,66.94359503168062,67.99698761573418,67.55575603876699,1.2976159058193844,0.6854548987330134,True,True,2023
2023-01-30,EXXO34,AUTOENCODER,67.06639099121094,67.08497506829121,66.50593179692105,68.15071751748259,67.54900339823908,0.018584077080276984,0.48261240702814234,False,True,2023
2023-01-31,EXXO34,AUTOENCODER,68.05619049072266,67.17641651011479,67.45050516364047,67.1774961716332,67.77822379876346,0.8797739806078653,0.2779666919591932,True,False,2023
2023-02-01,EXXO34,AUTOENCODER,66.55760192871094,67.30106435715061,66.85287205021163,68.03532276527419,67.43061824848544,0.7434624284396705,0.8730163197745071,False,True,2023
2023-02-02,EXXO34,AUTOENCODER,64.57798767089844,67.34380031960757,66.87356648511684,67.08491923928604,66.85277081552198,2.7658126487091295,2.274783144623541,True,True,2023
2023-02-03,EXXO34,AUTOENCODER,66.23383331298828,67.18081754548552,67.26436060545737,65.56905428474332,65.89129896601703,0.9469842324972433,0.34253434697124874,True,True,2023
2023-02-06,EXXO34,AUTOENCODER,66.43733978271484,67.01596704005726,67.5891368421686,66.42538966634224,66.98451103225025,0.5786272573424185,0.5471712495354097,True,True,2023
2023-02-07,EXXO34,AUTOENCODER,68.26895904541016,66.92306030626969,67.46802978615094,66.68433436018353,66.8417788062801,1.3458987391404662,1.4271802391300525,False,True,2023
2023-02-08,EXXO34,AUTOENCODER,68.31520080566406,66.96481596776482,67.71141593646668,68.00776325071396,68.442820032254,1.3503848378992416,0.1276192265899425,True,True,2023
2023-02-09,EXXO34,AUTOENCODER,69.7212905883789,67.13491882255698,67.61309892863646,68.22127878943505,68.18780611734013,2.586371765821923,1.5334844710387756,True,True,2023
2023-02-10,EXXO34,AUTOENCODER,71.74716186523438,67.4137164161009,68.1627884092023,69.29075801241639,69.74772458256922,4.333445449133478,1.9994372826651556,True,True,2023
2023-02-13,EXXO34,AUTOENCODER,71.37051391601562,67.87021161715177,66.62654227111356,70.6785322647522,68.97344550102737,3.5003022988638577,2.3970684149882544,True,False,2023
2023-02-14,EXXO34,AUTOENCODER,70.63407135009766,68.37751220541907,67.97598178012527,70.78035063811026,71.17882631286206,2.25655914467859,0.5447549627644008,True,True,2023
2023-02-15,EXXO34,AUTOENCODER,70.30780029296875,68.82196518307569,69.02316759832252,70.33304754846611,70.76522582476667,1.4858351098930598,0.45742553179792367,True,False,2023
2023-02-16,EXXO34,AUTOENCODER,70.28915405273438,69.16637586783838,69.11737550945422,70.13731970390066,69.92003212854291,1.1227781848959921,0.36912192419146095,True,False,2023
2023-02-17,EXXO34,AUTOENCODER,67.2035140991211,69.43986435775219,68.86277546333699,70.3996732569001,69.83445596876508,2.2363502586310915,2.6309418696439906,False,True,2023
2023-02-21,EXXO34,AUTOENCODER,67.2035140991211,69.4710018119871,69.61822583819853,67.98490857470398,68.39121221673823,2.267487712866,1.1876981176171313,True,False,2023
2023-02-22,EXXO34,AUTOENCODER,66.18740844726562,69.41050176420606,68.85296466459484,68.08758601471683,67.40381119811917,3.223093316940435,1.2164027508535469,True,True,2023
2023-02-23,EXXO34,AUTOENCODER,65.90773010253906,69.12478015018439,69.4900145274786,67.17698925356204,67.87424541342313,3.21705004764533,1.9665153108840627,True,True,2023
2023-02-24,EXXO34,AUTOENCODER,66.90519714355469,68.75591353616346,68.19931305927886,66.73312414212386,65.88516983768736,1.8507163926087742,1.0200273058673304,True,True,2023
2023-02-27,EXXO34,AUTOENCODER,66.25265502929688,68.43129977135095,68.43129977135095,67.06824289370803,67.49322033642673,2.1786447420540753,1.240565307129856,True,False,2023
2023-02-28,EXXO34,AUTOENCODER,66.70943450927734,68.11412597489084,68.69074102454508,66.76021312557593,67.28674335659463,1.404691465613496,0.5773088473172834,True,True,2023
2023-03-01,EXXO34,AUTOENCODER,66.9424819946289,67.88003526468503,67.56264988215537,66.82544219272854,66.11447062398749,0.937553270056128,0.8280113706414198,True,False,2023
2023-03-02,EXXO34,AUTOENCODER,67.2687759399414,67.68805106052912,67.14009526208186,67.18604520071483,66.85262690442684,0.419275120587713,0.4161490355145645,True,True,2023
2023-03-03,EXXO34,AUTOENCODER,68.06117248535156,67.5403609814116,68.09355346534139,67.38714609095996,68.30682820294595,0.5208115039399672,0.24565571759438853,True,True,2023
2023-03-06,EXXO34,AUTOENCODER,68.14505004882812,67.46914469627416,67.56594949868422,67.7097251794808,67.44130220131797,0.6759053525539684,0.703747847510158,False,False,2023
2023-03-07,EXXO34,AUTOENCODER,67.25945281982422,67.45876382503627,66.77580226374415,68.09357356325974,67.34400435815188,0.1993110052120528,0.08455153832765916,True,True,2023
2023-03-08,EXXO34,AUTOENCODER,65.88909149169922,67.45608089608811,66.81480596249644,67.5230128891141,67.30929082450788,1.5669894043888917,1.4201993328086644,True,True,2023
2023-03-09,EXXO34,AUTOENCODER,65.69332885742188,67.36648654765577,66.71822367420266,66.52303477002053,66.24795041152184,1.673157690233893,0.5546215540999668,True,True,2023
2023-03-10,EXXO34,AUTOENCODER,65.12467956542969,67.19210648498279,67.61595765591574,65.98099815705076,66.83241509343144,2.0674269195530997,1.7077355280017485,True,False,2023
2023-03-13,EXXO34,AUTOENCODER,65.12467956542969,66.97937601678734,66.48702810081224,65.74776409273234,64.91734321623433,1.854696451357654,0.2073363491953586,True,True,2023
2023-03-14,EXXO34,AUTOENCODER,65.16195678710938,66.72720133357518,66.30318825137022,65.59071807844879,65.4894134066076,1.5652445464658058,0.32745661949822136,True,True,2023
2023-03-15,EXXO34,AUTOENCODER,62.169551849365234,66.48249241610915,65.9584318564704,65.60169469641008,65.35594732813095,4.312940566743919,3.186395478765718,True,True,2023
2023-03-16,EXXO34,AUTOENCODER,61.526309967041016,66.12979560847964,66.38513147921485,63.16403413880983,63.70335283162393,4.603485641438624,2.1770428645829156,True,False,2023
2023-03-17,EXXO34,AUTOENCODER,61.20936965942383,65.58815352967588,64.86843384467124,62.62455030270091,61.70471066314235,4.37878387025205,0.4953410037185222,True,True,2023
2023-03-20,EXXO34,AUTOENCODER,62.10429000854492,64.97167837113341,64.30069965618621,62.13979868471808,61.96253733369031,2.8673883625884855,0.14175267485461518,True,True,2023
2023-03-21,EXXO34,AUTOENCODER,65.30180358886719,64.3483256274219,64.83069643940871,62.527449096610155,63.49893004394361,0.9534779614452873,1.8028735449235782,False,True,2023
2023-03-22,EXXO34,AUTOENCODER,63.88482666015625,64.0107202951258,63.321739696521334,64.78121666528811,63.836774018839996,0.1258936349695432,0.04805264131625364,True,True,2023
2023-03-23,EXXO34,AUTOENCODER,63.717018127441406,63.87632103325916,63.369797853687594,63.96583174910143,63.904939396410356,0.15930290581775353,0.18792126896894956,False,True,2023
2023-03-24,EXXO34,AUTOENCODER,63.04582214355469,63.80115258740193,63.80115258740193,63.582580507729446,63.92025691144559,0.7553304438472423,0.8744347678909037,False,False,2023
2023-03-27,EXXO34,AUTOENCODER,64.22041320800781,63.69225662897907,64.39887041770699,63.34377537874048,64.00805385236943,0.5281565790287459,0.21235935563838382,True,True,2023
2023-03-28,EXXO34,AUTOENCODER,65.18992614746094,63.64847845181532,63.64847845181532,63.885699142421906,63.43280276538519,1.5414476956456156,1.757123382075747,False,False,2023
2023-03-29,EXXO34,AUTOENCODER,64.93824005126953,63.70751320763236,63.70751320763236,64.61970430279378,64.65679598368058,1.2307268436371714,0.28144406758895,True,False,2023
2023-03-30,EXXO34,AUTOENCODER,64.77044677734375,63.86104897616963,63.86104897616963,64.5854622115343,64.57520213177959,0.9093978011741228,0.1952446455641592,True,False,2023
2023-03-31,EXXO34,AUTOENCODER,64.41617584228516,64.00862554675473,63.55842749646153,64.78632796441532,64.31565537072915,0.4075502955304273,0.10052047155600974,True,True,2023
2023-04-03,EXXO34,AUTOENCODER,68.5738754272461,64.15404029574506,64.69186061306381,64.59854271396075,65.42053686300913,4.419835131501031,3.153338564236961,True,True,2023
2023-04-04,EXXO34,AUTOENCODER,68.22895812988281,64.55443648438563,65.10379645643236,67.51208012468044,67.75779068359303,3.6745216454971796,0.47116744628978324,True,True,2023
2023-04-05,EXXO34,AUTOENCODER,68.86286926269531,65.01045701339183,65.02786320334518,67.37274726290984,67.00318094222195,3.852412249303484,1.8596883204733672,True,False,2023
2023-04-06,EXXO34,AUTOENCODER,68.13573455810547,65.49469989114118,66.22609858394914,68.26102125301225,68.98473413669247,2.6410346669642877,0.8489995785869979,True,True,2023
2023-04-10,EXXO34,AUTOENCODER,67.38996124267578,65.94790850423055,65.94790850423055,67.67593699761456,67.08429579267974,1.442052738445227,0.3056654499960416,True,True,2023
2023-04-11,EXXO34,AUTOENCODER,67.62301635742188,66.34858846420218,67.01593411346623,67.50545481214233,68.1387265672291,1.2744278932196949,0.5157102098072244,True,True,2023
2023-04-12,EXXO34,AUTOENCODER,66.61621856689453,66.63410369907399,67.07434910860084,67.67145839166936,67.63181172187852,0.017885132179458196,1.0155931549839892,False,True,2023
2023-04-13,EXXO34,AUTOENCODER,66.27129364013672,66.79973328579297,66.88839255387609,66.69551317297496,66.4595175813255,0.528439645656249,0.18822394118878094,True,False,2023
2023-04-14,EXXO34,AUTOENCODER,66.22468566894531,66.82169718681666,66.72323008882377,66.37455591147453,66.21187373831938,0.5970115178713513,0.012811930625929335,True,False,2023
2023-04-17,EXXO34,AUTOENCODER,65.79586791992188,66.80474829913453,66.80474829913453,66.30672547155571,66.37912046664466,1.0088803792126555,0.5832525467227896,True,False,2023
2023-04-18,EXXO34,AUTOENCODER,67.52978515625,66.76383363267507,66.95347186260892,66.27390854542172,66.43519445394017,0.7659515235749268,1.09459070230983,False,True,2023
2023-04-19,EXXO34,AUTOENCODER,68.78829956054688,66.77287303943888,66.04940394504699,67.45852707076067,66.64194285310234,2.0154265211079974,2.1463567074445393,False,True,2023
2023-04-20,EXXO34,AUTOENCODER,67.75353240966797,66.92176527710433,66.3745657271683,68.44116757143975,68.41853669133732,0.8317671325636411,0.6650042816693542,True,True,2023
2023-04-21,EXXO34,AUTOENCODER,67.75353240966797,67.05912607977143,67.14267041374966,67.51775104044262,67.9242697343396,0.6944063298965375,0.17073732467163438,True,False,2023
2023-04-24,EXXO34,AUTOENCODER,69.5060806274414,67.20958163949706,67.20958163949706,67.57435024358854,67.50095590203269,2.2964989879443465,2.00512472540872,True,False,2023
2023-04-25,EXXO34,AUTOENCODER,68.59251403808594,67.42842093052832,66.87397408704742,69.1244813851703,68.59969955736311,1.164093107557619,0.007185519277172148,True,True,2023
2023-04-26,EXXO34,AUTOENCODER,67.87470245361328,67.65762561436122,67.17021088996633,68.6228282656724,68.47241886728114,0.21707683925205856,0.5977164136678539,False,True,2023
2023-04-27,EXXO34,AUTOENCODER,67.55775451660156,67.77194418494662,67.77194418494662,67.83057527820117,68.06925561991173,0.21418966834505682,0.5115011033101666,False,True,2023
2023-04-28,EXXO34,AUTOENCODER,68.78829956054688,67.83689686288585,68.40616825563167,67.8772688138685,68.41525009821281,0.9514026976610239,0.3730494623340661,True,True,2023
2023-05-01,EXXO34,AUTOENCODER,68.78829956054688,67.9731741750162,67.7873884310722,68.51976293829567,67.97982964866141,0.8151253855306777,0.8084699118854672,True,False,2023
2023-05-02,EXXO34,AUTOENCODER,64.5000991821289,68.10949792245526,67.54709239825173,68.82997546599914,68.38973467761923,3.6093987403263554,3.8896354954903245,False,True,2023
2023-05-03,EXXO34,AUTOENCODER,62.71955108642578,67.9919288802596,67.29748473290867,65.85027391852896,65.398535931858,5.272377793833812,2.6789848454322254,True,True,2023
2023-05-04,EXXO34,AUTOENCODER,61.638179779052734,67.57365509776253,66.90564699497712,64.28278125981498,64.02807124069224,5.935475318709791,2.3898914616395075,True,True,2023
2023-05-05,EXXO34,AUTOENCODER,62.5517578125,66.93133611017902,67.85773215540763,63.1460764782746,64.49736556434455,4.379578297679018,1.9456077518445483,True,True,2023
2023-05-08,EXXO34,AUTOENCODER,63.64243698120117,66.22061791285364,67.0360815726256,63.462139828426466,63.62067170267759,2.5781809316524686,0.021765278523581344,True,True,2023
2023-05-09,EXXO34,AUTOENCODER,63.55855178833008,65.65034588648575,65.60343885014389,63.85721350936156,63.302055426197796,2.091794098155674,0.2564963621322818,True,False,2023
2023-05-10,EXXO34,AUTOENCODER,62.1229362487793,65.17827421909931,64.52781101904009,63.96091056066032,63.36026108179673,3.0553379703200108,1.237324833017432,True,True,2023
2023-05-11,EXXO34,AUTOENCODER,60.98562240600586,64.73317114712063,65.33089028511085,62.843325787028576,63.84723652132468,3.7475487411147697,2.8616141153188224,True,True,2023
2023-05-12,EXXO34,AUTOENCODER,60.510196685791016,64.21261585795366,64.80552840523926,61.849441504322364,61.967544274219456,3.7024191721626494,1.4573475884284406,True,True,2023
2023-05-15,EXXO34,AUTOENCODER,60.176788330078125,63.67065905094637,63.21036378017983,61.34205174481811,60.450449582306234,3.4938707208682445,0.2736612522281092,True,True,2023
2023-05-16,EXXO34,AUTOENCODER,59.7066535949707,63.11801696345515,63.75286896235582,60.919435000220204,61.87015680959128,3.4113633684844444,2.163503214620576,True,True,2023
2023-05-17,EXXO34,AUTOENCODER,60.96660614013672,62.55838378226247,63.268277766078256,60.37727843003917,60.60033564222829,1.5917776421257486,0.366270497908431,True,True,2023
2023-05-18,EXXO34,AUTOENCODER,61.56838607788086,62.084446963309176,61.6973796979486,60.909522185669985,60.079569545680144,0.5160608854283169,1.4888165322007154,False,False,2023
2023-05-19,EXXO34,AUTOENCODER,62.31117630004883,61.75189534044523,62.028845850326874,61.29893906338143,61.88953207855867,0.5592809596035977,0.4216442214901548,True,False,2023
2023-05-22,EXXO34,AUTOENCODER,61.39913558959961,61.59015342096171,60.95302888436163,62.12061067183688,61.2830366342807,0.19101783136210315,0.11609895531891112,True,True,2023
2023-05-23,EXXO34,AUTOENCODER,62.170143127441406,61.50296854910397,62.12157610998996,61.51136653671155,62.55443344247964,0.6671745783374377,0.3842903150382355,True,True,2023
2023-05-24,EXXO34,AUTOENCODER,62.80952453613281,61.540625004735034,62.183337611192044,62.13535516010104,62.32653656501811,1.2688995313977784,0.48298797111470293,True,True,2023
2023-05-25,EXXO34,AUTOENCODER,62.42401123046875,61.678326332999404,61.5616464257203,62.534546768922276,61.954861145312876,0.7456848974693457,0.4691500851558743,True,True,2023
2023-05-26,EXXO34,AUTOENCODER,61.44614028930664,61.817513591142756,61.76766257317157,62.208632226929105,62.2731275926109,0.3713733018361154,0.8269873033042572,False,False,2023
2023-05-29,EXXO34,AUTOENCODER,61.70002365112305,61.88152466421076,61.78087688168014,61.52291735868999,61.454827554190175,0.18150101308771127,0.24519609693287236,False,False,2023
2023-05-30,EXXO34,AUTOENCODER,61.5025634765625,61.90062505453017,61.14913568384348,61.93009356967348,61.23278197838999,0.39806157796766684,0.26978149817251307,True,True,2023
2023-05-31,EXXO34,AUTOENCODER,60.75034713745117,61.866371275132394,62.26790471670415,61.495247462678314,62.43847618270887,1.1160241376812223,1.6881290452576962,False,False,2023
2023-06-01,EXXO34,AUTOENCODER,60.60930633544922,61.80656001776401,62.45380778913285,61.20142034487036,61.5170476357022,1.1972536823147948,0.9077413002529795,True,True,2023
2023-06-02,EXXO34,AUTOENCODER,61.474342346191406,61.70370064947451,62.23449236412572,61.051283723336894,61.12055738454208,0.22935830328310658,0.3537849616493247,False,True,2023
2023-06-05,EXXO34,AUTOENCODER,60.92899703979492,61.646972180657144,62.06695728709945,61.3944796988673,61.49264807814342,0.7179751408622224,0.5636510383484961,True,False,2023
2023-06-06,EXXO34,AUTOENCODER,61.07943344116211,61.622913531262384,61.54824582463386,61.28599770161708,60.90599334819697,0.5434800901002745,0.17344009296513718,True,True,2023
2023-06-07,EXXO34,AUTOENCODER,62.67789077758789,61.582148489686574,62.08785215153607,61.368287614320224,61.91870004363886,1.0957422879013166,0.7591907339490334,True,True,2023
2023-06-08,EXXO34,AUTOENCODER,62.67789077758789,61.61564382570862,62.0139548380363,62.2472560670259,62.341714602263885,1.062246951879274,0.336176175324006,True,False,2023
2023-06-09,EXXO34,AUTOENCODER,61.540164947509766,61.68601653607101,61.68601653607101,62.278974878718564,62.03906582312219,0.1458515885612428,0.4989008756124278,False,False,2023
2023-06-12,EXXO34,AUTOENCODER,60.92899703979492,61.752769872092756,61.15156821940464,61.79868718170134,61.16727686325588,0.8237728322978342,0.23827982346095666,True,True,2023
2023-06-13,EXXO34,AUTOENCODER,60.740943908691406,61.74044645710683,62.2282737344402,61.33543702062174,62.20456716390165,0.9995025484154212,1.4636232552102442,False,True,2023
2023-06-14,EXXO34,AUTOENCODER,59.35876083374024,61.65847781826176,61.210630064318835,61.14383048735263,60.31461232739689,2.299716984521517,0.9558514936566453,True,True,2023
2023-06-15,EXXO34,AUTOENCODER,59.753665924072266,61.476392074080934,61.04010730134687,60.079628181235506,59.91957564385123,1.7227261500086684,0.1659097197789663,True,True,2023
2023-06-16,EXXO34,AUTOENCODER,59.51860427856445,61.239066370701096,61.234861514664075,59.97176252856534,60.29193553559083,1.7204620921366427,0.7733312570263777,True,False,2023
2023-06-19,EXXO34,AUTOENCODER,59.23652267456055,61.00668602769974,61.620301892618556,60.004276485581954,60.58445662968785,1.7701633531391963,1.3479339551273029,True,True,2023
2023-06-20,EXXO34,AUTOENCODER,58.23984909057617,60.75096420284939,60.3484540428967,59.43970455730722,58.625895928792815,2.5111151122732167,0.3860468382166431,True,False,2023
2023-06-21,EXXO34,AUTOENCODER,58.44670486450195,60.450646423453975,60.94577026887369,58.86667669493986,59.61413223771045,2.0039415589520218,1.167427373208497,True,True,2023
2023-06-22,EXXO34,AUTOENCODER,57.873146057128906,60.11236519944208,59.472026679821,58.917442534495514,57.90426709890494,2.239219142313175,0.031121041776032143,True,True,2023
2023-06-23,EXXO34,AUTOENCODER,57.73210525512695,59.74504126956634,59.74504126956634,58.22034158630968,58.57135175211613,2.01293601443939,0.8392464969891762,True,True,2023
2023-06-26,EXXO34,AUTOENCODER,58.57834243774414,59.346667596594386,58.90374042737831,58.13580643803608,57.658277727178806,0.7683251588502458,0.9200647105653346,False,True,2023
2023-06-27,EXXO34,AUTOENCODER,59.23652267456055,59.02130054788489,58.58986743968458,58.654360988564875,58.534732846591844,0.21522212667565555,0.7017898279687032,False,True,2023
2023-06-28,EXXO34,AUTOENCODER,60.05455780029297,58.8061554436361,59.261683321974225,59.098243554354646,59.84230508925936,1.248402356656868,0.21225271103360654,True,True,2023
2023-06-29,EXXO34,AUTOENCODER,60.63751220703125,58.69032514577799,58.69032514577799,59.39953268406324,59.109579075035796,1.9471870612532598,1.5279331319954537,True,False,2023
2023-06-30,EXXO34,AUTOENCODER,60.72214126586914,58.72940045806433,59.32011098841302,60.181042030891916,60.78395592489472,1.9927408078048074,0.06181465902557903,True,True,2023
2023-07-03,EXXO34,AUTOENCODER,60.97600936889648,58.91408915927275,58.52374935541736,60.11437481733106,59.33653503031273,2.061920209623729,1.6394743385837458,True,False,2023
2023-07-04,EXXO34,AUTOENCODER,60.38364791870117,59.18518365104819,59.18518365104819,60.43279681146497,60.75284188968624,1.1984642676529802,0.3691939709850658,True,False,2023
2023-07-05,EXXO34,AUTOENCODER,60.75034713745117,59.42941531673017,59.97002622909536,60.31745362479477,60.81480249792724,1.3209318207210003,0.06445536047606737,True,True,2023
2023-07-06,EXXO34,AUTOENCODER,59.43397903442383,59.71182712513598,59.30321919046547,60.73982309996659,59.94079478846,0.27784809071215477,0.5068157540361753,False,True,2023
2023-07-07,EXXO34,AUTOENCODER,59.06727600097656,59.852722170744414,60.31271109136679,59.74262424650106,60.4637532614802,0.7854461697678516,1.3964772605036373,False,True,2023
2023-07-10,EXXO34,AUTOENCODER,59.913516998291016,59.8435873136238,60.12125704354135,59.185424024019284,59.13241383105169,0.0699296846672155,0.7811031672393227,False,False,2023
2023-07-11,EXXO34,AUTOENCODER,60.50587844848633,59.79965177235829,60.48388550736739,60.00331989379726,60.50352855352518,0.7062266761280398,0.002349894961149346,True,True,2023
2023-07-12,EXXO34,AUTOENCODER,60.19559097290039,59.855405099692575,60.34565359322425,60.438012752240255,60.44580245243062,0.34018587320781535,0.25021147953022904,True,True,2023
2023-07-13,EXXO34,AUTOENCODER,58.86981964111328,59.90537723109145,59.48730214169708,60.26472432691838,59.50369282602003,1.0355575899781684,0.6338731849067472,True,True,2023
2023-07-14,EXXO34,AUTOENCODER,56.763633728027344,59.915598158488194,59.52040658891824,59.340536106685285,59.21395312611888,3.1519644304608505,2.450319398091537,True,True,2023
2023-07-17,EXXO34,AUTOENCODER,57.290184020996094,59.72389256618459,59.71979174647759,57.47353641818922,57.70484749209264,2.4337085451884946,0.4146634710965458,True,False,2023
2023-07-18,EXXO34,AUTOENCODER,56.98930358886719,59.41958908945753,60.0172416571727,57.94657193830143,58.51446387548794,2.430285500590344,1.5251602866207534,True,True,2023
2023-07-19,EXXO34,AUTOENCODER,57.167945861816406,59.10344460900734,59.58753413498814,57.57798795944225,57.605983570333635,1.935498747190934,0.43803770851722845,True,True,2023
2023-07-20,EXXO34,AUTOENCODER,58.28685760498047,58.78612634714233,59.49897876992096,57.635513717016124,58.005586829635355,0.4992687421618598,0.2812707753451136,True,True,2023
2023-07-21,EXXO34,AUTOENCODER,58.19283676147461,58.5491850249291,59.13808291708884,58.378444332771316,58.47847405847962,0.35634826345449255,0.2856372970050103,True,True,2023
2023-07-24,EXXO34,AUTOENCODER,58.49371719360352,58.38955333225289,58.86618040263863,58.28519041387869,58.35390180102939,0.10416386135063505,0.13981539257413544,False,True,2023
2023-07-25,EXXO34,AUTOENCODER,59.06727600097656,58.33191421543677,58.11189064064019,58.54125282284914,57.99474340491663,0.7353617855397943,1.0725325960599292,False,True,2023
2023-07-26,EXXO34,AUTOENCODER,58.27745819091797,58.33305446023974,58.33305446023974,58.71898805342516,58.911017444691026,0.05559626932176798,0.6335592537730577,False,False,2023
2023-07-27,EXXO34,AUTOENCODER,58.74758529663086,58.34563068968424,58.83955127158588,58.35328281281138,58.802761221997756,0.40195460694661733,0.055175925366896195,True,True,2023
2023-07-28,EXXO34,AUTOENCODER,57.89194488525391,58.39964527268097,58.12658716830327,58.56051690252425,57.94926081309343,0.5077003874270574,0.05731592783951811,True,False,2023
2023-07-31,EXXO34,AUTOENCODER,59.39636993408203,58.3793272453774,59.09633544745095,58.14909315354336,59.04832325547313,1.0170426887046347,0.3480466786089025,True,True,2023
2023-08-01,EXXO34,AUTOENCODER,59.86649703979492,58.42988755735337,57.958967282487954,59.03256004045805,58.067634754367155,1.436609482441554,1.7988622854277665,False,False,2023
2023-08-02,EXXO34,AUTOENCODER,59.36817169189453,58.5541871395738,58.003751084358896,59.646607636241896,59.45101418659184,0.8139845523207327,0.08284249469731009,True,True,2023
2023-08-03,EXXO34,AUTOENCODER,61.63419342041016,58.67201415570679,59.21334382066339,59.29294603739693,60.18061312107894,2.962179264703373,1.4535802993312217,True,True,2023
2023-08-04,EXXO34,AUTOENCODER,61.44614028930664,58.92847636575726,59.427330984228256,61.01394840855551,61.12693308698943,2.517663923549378,0.3192072023172088,True,True,2023
2023-08-07,EXXO34,AUTOENCODER,62.02911376953125,59.28400314747921,59.00681006790163,60.8346278147637,60.23755146635982,2.7451106220520387,1.7915623031714318,True,False,2023
2023-08-08,EXXO34,AUTOENCODER,61.75643157958984,59.672300358459324,59.92242769484305,61.39138658219026,61.882155739857254,2.0841312211305123,0.12572416026741706,True,False,2023
2023-08-09,EXXO34,AUTOENCODER,63.18562316894531,60.032602237761125,60.618621415324355,61.48488636986255,61.85924675320513,3.1530209311841872,1.3263764157401852,True,True,2023
2023-08-10,EXXO34,AUTOENCODER,63.035186767578125,60.471503616286554,60.272821073501845,62.50154742316049,61.92867404058262,2.5636831512915705,1.1065127269955042,True,False,2023
2023-08-11,EXXO34,AUTOENCODER,64.57721710205078,60.938328093787845,61.410644765309954,62.76770594726101,63.388198090480465,3.638889008262936,1.1890190115703163,True,True,2023
2023-08-14,EXXO34,AUTOENCODER,65.1131591796875,61.43722131143778,61.34624221677175,63.81219663055895,63.410352992985736,3.6759378682497186,1.702806186701764,True,False,2023
2023-08-15,EXXO34,AUTOENCODER,63.67969512939453,61.97961151465978,61.56254897225071,64.59466927516266,64.25980531203028,1.7000836147347513,0.5801101826357495,True,True,2023
2023-08-16,EXXO34,AUTOENCODER,62.53546524047852,62.45717028769309,63.08537537572332,63.702313824482566,64.58612053132813,0.07829495278543419,2.050655290849612,False,True,2023
2023-08-17,EXXO34,AUTOENCODER,64.0579605102539,62.7789411797163,63.306387268137534,62.911231325832176,62.936192509190825,1.2790193305376079,1.1217680010630815,True,True,2023
2023-08-18,EXXO34,AUTOENCODER,64.41730499267578,63.03615151418501,62.635136778095,63.82571752319279,63.105107160959484,1.3811534784907735,1.312197831716297,True,False,2023
2023-08-21,EXXO34,AUTOENCODER,64.1619873046875,63.285498803044106,63.285498803044106,64.11830709396214,64.42793002999998,0.8764885016433936,0.26594272531248464,True,False,2023
2023-08-22,EXXO34,AUTOENCODER,63.00828552246094,63.52510499602988,63.52510499602988,64.00961932538863,64.00262283805338,0.516819473568944,0.9943373155924462,False,False,2023
2023-08-23,EXXO34,AUTOENCODER,61.33450698852539,63.65324065069831,63.312653250716544,63.36557091678198,62.98618214092538,2.3187336621729173,1.6516751523999886,True,True,2023
2023-08-24,EXXO34,AUTOENCODER,61.35341262817383,63.60172325541487,63.560754046336555,61.902188341878755,62.08219601032146,2.2483106272410396,0.7287833821476326,True,False,2023
2023-08-25,EXXO34,AUTOENCODER,62.1761360168457,63.43193512882624,63.43193512882624,61.821204883448246,61.84041964628848,1.2557991119805365,0.3357163705572219,True,False,2023
2023-08-28,EXXO34,AUTOENCODER,62.88535690307617,63.2188280186823,63.2188280186823,62.29443526202935,62.307517335083844,0.3334711156061303,0.5778395679923278,False,False,2023
2023-08-29,EXXO34,AUTOENCODER,62.87590026855469,63.06668530940658,63.06668530940658,62.76381803522278,62.779663018589694,0.19078504085189252,0.09623724996499305,True,False,2023
2023-08-30,EXXO34,AUTOENCODER,64.99415588378906,62.97245774905991,63.52537615625371,62.99074734015605,63.52683663753614,2.0216981347291494,1.46731924625292,True,True,2023
2023-08-31,EXXO34,AUTOENCODER,64.84284973144531,63.016297839968615,62.531021444379085,64.56194463221733,63.69836792545147,1.8265518914766972,1.1444818059938413,True,True,2023
2023-09-01,EXXO34,AUTOENCODER,66.02489471435547,63.20373138387015,63.658617438346305,64.52990553375493,65.33492811405092,2.8211633304853194,0.6899666003045439,True,True,2023
2023-09-04,EXXO34,AUTOENCODER,67.11238861083984,63.500793532176544,63.51507589247464,65.31652699811274,65.00927721260639,3.6115950786632993,2.1031113982334517,True,False,2023
2023-09-05,EXXO34,AUTOENCODER,66.63957214355469,63.906586535585916,64.45338405534065,66.44499137208047,67.00129465263197,2.7329856079687715,0.361722509077282,True,True,2023
2023-09-06,EXXO34,AUTOENCODER,67.26368713378906,64.38481346111689,64.33878355499144,66.09316718294255,65.65814072921845,2.878873672672171,1.6055464045706174,True,False,2023
2023-09-07,EXXO34,AUTOENCODER,67.26368713378906,64.84484290510909,64.84484290510909,66.68465078378603,66.7534095697647,2.4188442286799727,0.5102775640243635,True,False,2023
2023-09-08,EXXO34,AUTOENCODER,67.9445571899414,65.24213824702304,65.24213824702304,66.76331586987811,66.76897154376061,2.7024189429183707,1.1755856461807923,True,False,2023
2023-09-11,EXXO34,AUTOENCODER,66.45044708251953,65.63698283653241,65.18054131825978,67.59982484774042,67.13803556320465,0.8134642459871202,0.6875884806851218,True,True,2023
2023-09-12,EXXO34,AUTOENCODER,68.76726531982422,65.95138599290567,66.54289638258054,66.58491805089172,67.46728214803164,2.815879326918548,1.2999831717925758,True,True,2023
2023-09-13,EXXO34,AUTOENCODER,67.60413360595703,66.29183419799108,66.40339693582521,68.15888580627482,67.866578287762,1.312299407965952,0.26244468180496483,True,False,2023
2023-09-14,EXXO34,AUTOENCODER,68.1147689819336,66.61775847040519,67.22079259042282,67.60370434492839,68.11860354405127,1.4970105115284014,0.0038345621176745226,True,True,2023
2023-09-15,EXXO34,AUTOENCODER,67.28260803222656,66.90813909373492,66.90813909373492,67.83532681981323,67.42291346175179,0.37446893849164553,0.1403054295252275,True,False,2023
2023-09-18,EXXO34,AUTOENCODER,67.41499328613281,67.10080950856411,66.30033229162133,67.45789379442013,66.65049277655271,0.31418377756870086,0.7645005095801025,False,True,2023
2023-09-19,EXXO34,AUTOENCODER,67.49065399169922,67.20945781200714,67.20945781200714,67.33633277627733,67.91916160244728,0.2811961796920741,0.4285076107480563,False,False,2023
2023-09-20,EXXO34,AUTOENCODER,67.13130187988281,67.30292176949933,67.30292176949933,67.40864159809098,67.38858492847352,0.17161988961652241,0.2572830485907076,False,False,2023
2023-09-21,EXXO34,AUTOENCODER,66.93272399902344,67.31375151538816,66.80620092371659,67.26358998065155,66.72468887128802,0.38102751636472476,0.208035127735414,True,True,2023
2023-09-22,EXXO34,AUTOENCODER,66.8759765625,67.29230356223911,67.29779418390181,66.94651382753639,67.32166727288364,0.4163269997391126,0.4456907103836443,False,False,2023
2023-09-25,EXXO34,AUTOENCODER,68.05804443359375,67.24063138259328,67.47931165731083,66.87661288932435,67.10118774057129,0.8174130510004716,0.9568566930224591,False,False,2023
2023-09-26,EXXO34,AUTOENCODER,68.82400512695312,67.2217012550725,66.567809831325,67.95710881114917,67.13048459347291,1.602303871880622,1.6935205334802106,False,True,2023
2023-09-27,EXXO34,AUTOENCODER,71.42453002929688,67.26712530595637,67.81790297733775,68.51120695131827,69.52892453108348,4.157404723340505,1.8956054982133992,True,True,2023
2023-09-28,EXXO34,AUTOENCODER,71.03680419921875,67.53658424296918,67.08900568246496,70.5549618273047,69.70148948154629,3.500219956249566,1.3353147176724605,True,True,2023
2023-09-29,EXXO34,AUTOENCODER,69.73181915283203,67.92481954020434,67.92481954020434,70.16746477579932,70.53396103581419,1.806999612627692,0.8021418829821556,True,False,2023
2023-10-02,EXXO34,AUTOENCODER,69.02259063720703,68.29775182347748,67.83181752166013,69.60448921575816,69.08439530659409,0.7248388137295478,0.0618046693870582,True,True,2023
2023-10-03,EXXO34,AUTOENCODER,70.45996856689453,68.56426985760481,69.16229995785862,69.16847122113136,70.07099629183799,1.895698709289718,0.3889722750565454,True,True,2023
2023-10-04,EXXO34,AUTOENCODER,67.63249206542969,68.78865558828852,68.3309413255812,70.25162295919246,69.34522458966865,1.156163522858833,1.7127325242389588,False,True,2023
2023-10-05,EXXO34,AUTOENCODER,66.45989227294922,68.87612939095607,68.22518490021015,68.15600056960908,67.80274883374483,2.4162371180068476,1.3428565607956102,True,True,2023
2023-10-06,EXXO34,AUTOENCODER,65.41968536376953,68.7539632531973,69.3228689937095,67.2298450991127,68.19000268125293,3.334277889427767,2.7703173174834035,True,True,2023
2023-10-09,EXXO34,AUTOENCODER,66.97055053710938,68.44559152747865,68.94519796633413,66.30263998778211,66.30177081038264,1.4750409903692798,0.6687797267267399,True,True,2023
2023-10-10,EXXO34,AUTOENCODER,66.28968048095703,68.21014903384128,68.55991532413529,67.2412848206286,67.29969088699613,1.9204685528842447,1.0100104060391004,True,False,2023
2023-10-11,EXXO34,AUTOENCODER,63.67024230957031,67.94042696341239,67.31809937340903,66.80096541512215,65.91801550437529,4.27018465384208,2.247773194804978,True,True,2023
2023-10-12,EXXO34,AUTOENCODER,63.67024230957031,67.45234027399692,67.71813204164377,64.44254617397203,65.13557636587552,3.7820979644266117,1.4653340563052097,True,False,2023
2023-10-13,EXXO34,AUTOENCODER,65.95870971679688,66.88276993673855,67.51319723301744,64.46739687370248,64.83920607013695,0.9240602199416799,1.119503646659922,False,True,2023
2023-10-16,EXXO34,AUTOENCODER,65.30620574951172,66.43154256348782,66.3283282533917,65.82312132535942,65.34166031333397,1.125336813976105,0.03545456382225609,True,False,2023
2023-10-17,EXXO34,AUTOENCODER,66.13838958740234,66.09290533544242,66.65840943556644,65.45362335844423,66.09094257448719,0.045484251959919675,0.04744701291515696,False,True,2023
2023-10-18,EXXO34,AUTOENCODER,67.2353286743164,65.86030571459435,66.52274013098813,66.07534984677035,66.32564932165711,1.3750229597220596,0.9096793526592961,True,True,2023
2023-10-19,EXXO34,AUTOENCODER,67.44336700439453,65.77953407481846,65.34370674056149,66.65486283642639,65.81702778524729,1.663832929576074,1.6263392191472406,True,False,2023
2023-10-20,EXXO34,AUTOENCODER,65.93033599853516,65.80289619458244,65.34008212895463,67.06109209669407,66.94084780104836,0.12743980395271137,1.0105118025132072,False,True,2023
2023-10-23,EXXO34,AUTOENCODER,64.70098114013672,65.86654868387757,65.32336618599325,66.04724136976404,65.76240722458243,1.165567543740849,1.0614260844457135,True,True,2023
2023-10-24,EXXO34,AUTOENCODER,63.944480895996094,65.81362791037509,65.36145580443073,65.13209942247293,64.99418877092472,1.8691470143789957,1.0497078749286288,True,True,2023
2023-10-25,EXXO34,AUTOENCODER,64.20927429199219,65.65352928487232,66.1442336432427,64.54047024904297,65.28405032432197,1.4442549928801327,1.0747760323297797,True,True,2023
2023-10-26,EXXO34,AUTOENCODER,63.26361083984375,65.44798081109195,64.92227250371239,64.65698043240589,63.73026265749061,2.184369971248202,0.4666518176468628,True,True,2023
2023-10-27,EXXO34,AUTOENCODER,62.2612419128418,65.15654765409795,65.60716725710589,63.783546533967616,64.5929417287655,2.895305741256152,2.331699815923699,True,True,2023
2023-10-30,EXXO34,AUTOENCODER,62.81916809082031,64.82650611764416,64.39529421103327,63.02291673609446,62.18511482971108,2.007338026823845,0.63405326110923,True,True,2023
2023-10-31,EXXO34,AUTOENCODER,62.98938751220703,64.45253161966423,64.52745218842134,63.32249840555209,63.7037913700497,1.4631441074571967,0.7144038578426688,True,True,2023
2023-11-01,EXXO34,AUTOENCODER,62.2612419128418,64.14978888525798,63.634508252980474,63.33937988311809,62.72874894858449,1.8885469724161794,0.4675070357426918,True,True,2023
2023-11-02,EXXO34,AUTOENCODER,62.2612419128418,63.91734920825104,64.34239588037447,62.78580540846154,63.55133080361711,1.6561072954092424,1.2900888907753156,True,True,2023
2023-11-03,EXXO34,AUTOENCODER,62.27068710327149,63.70822521569937,63.22201352173932,62.6995799577639,61.84835308083362,1.4375381124278803,0.4223340224378731,True,True,2023
2023-11-06,EXXO34,AUTOENCODER,61.14538192749024,63.500530398760475,63.500530398760475,62.47570721626823,62.86511970932179,2.3551484712702333,1.7197377818315474,True,False,2023
2023-11-07,EXXO34,AUTOENCODER,59.85930252075195,63.25738996283337,62.75571931740221,61.791054494052474,61.214913904556084,3.398087442081419,1.3556113838041313,True,True,2023
2023-11-08,EXXO34,AUTOENCODER,59.82146835327149,62.89381181452757,62.36038883765369,60.72733435165712,60.50467986460387,3.072343461256075,0.6832115113323809,True,True,2023
2023-11-09,EXXO34,AUTOENCODER,60.105167388916016,62.44874485890011,62.98306879406489,60.508537817741015,61.37572523053799,2.3435774699840977,1.2705578416219723,True,True,2023
2023-11-10,EXXO34,AUTOENCODER,60.09570693969727,62.03251165024727,62.605294023393895,60.607545864894405,60.74656886650155,1.9368047105499997,0.650861926804275,True,True,2023
2023-11-13,EXXO34,AUTOENCODER,61.01061248779297,61.66190113241004,62.18949267547874,60.479827136685806,60.59230138115282,0.6512886446170683,0.4183111066401466,True,True,2023
2023-11-14,EXXO34,AUTOENCODER,61.581687927246094,61.429193162508284,61.38527628455786,60.94706012574823,60.58630012770603,0.15249476473780987,0.9953877995400617,False,False,2023
2023-11-15,EXXO34,AUTOENCODER,61.581687927246094,61.31311262993097,61.31311262993097,61.34876974405382,61.44091517125351,0.26857529731512386,0.14077275599258599,True,False,2023
2023-11-16,EXXO34,AUTOENCODER,59.13555908203125,61.269071319351156,60.73835497448829,61.57900130479842,61.02786552341968,2.1335122373199056,1.8923064413884276,True,True,2023
2023-11-17,EXXO34,AUTOENCODER,61.220001220703125,61.15457990622775,61.603020109244305,59.77654178835804,60.538047228061124,0.06542131447537258,0.6819539926420006,False,True,2023
2023-11-20,EXXO34,AUTOENCODER,60.43952560424805,61.00592500458464,61.6548549577901,61.25785016286833,61.569811541532914,0.5663994003365929,1.1302859372848673,False,True,2023
2023-11-21,EXXO34,AUTOENCODER,60.91542816162109,60.881615103406716,60.83016133227944,60.37935492290198,59.89079036659696,0.03381305821437053,1.0246377950241268,False,False,2023
2023-11-22,EXXO34,AUTOENCODER,61.08674621582031,60.76118513024613,61.032343582641985,60.700163299412964,61.0775348330651,0.3255610855741793,0.009211382755211162,True,False,2023
2023-11-23,EXXO34,AUTOENCODER,60.61084747314453,60.66813393105366,60.66813393105366,60.79448221195189,60.625792092230064,0.057286457909128785,0.014944619085532906,True,False,2023
2023-11-24,EXXO34,AUTOENCODER,61.29615020751953,60.589887856124165,60.589887856124165,60.439163020900175,60.46807837115149,0.7062623513953667,0.8280718363680393,False,False,2023
2023-11-27,EXXO34,AUTOENCODER,60.91542816162109,60.56526166406729,60.271941680698546,61.07844329777808,60.76833150363805,0.3501664975537935,0.14709665798303462,True,True,2023
2023-11-28,EXXO34,AUTOENCODER,60.16350173950195,60.561343039959354,61.06150266349872,60.899806599776156,61.58181003976082,0.39784130045740085,1.4183083002588646,False,True,2023
2023-11-29,EXXO34,AUTOENCODER,59.44013595581055,60.557432155069534,60.72872523643548,60.1748784761492,59.979923870559446,1.1172961992589876,0.5397879147488993,True,False,2023
2023-11-30,EXXO34,AUTOENCODER,60.10639572143555,60.517768662206095,61.068784190109774,59.8455507133895,60.25427423016973,0.41137294077054776,0.1478785087341805,True,True,2023
2023-12-01,EXXO34,AUTOENCODER,59.706642150878906,60.498500588827426,60.05378449143686,60.374748446135726,59.530102130886235,0.7918584379485196,0.17654001999267166,True,True,2023
2023-12-04,EXXO34,AUTOENCODER,60.18253707885742,60.42622661054696,59.98610427331306,60.01039410248314,59.88621848280285,0.24368953168954022,0.2963185960545687,False,True,2023
2023-12-05,EXXO34,AUTOENCODER,58.9927864074707,60.34538789754737,59.777370953828175,60.31995156398993,60.03231980647957,1.3526014900766654,1.0395333990088673,True,True,2023
2023-12-06,EXXO34,AUTOENCODER,58.48833084106445,60.23158785457599,59.75663238776585,59.40172823476246,59.264674944184854,1.7432570135115384,0.776344103120401,True,True,2023
2023-12-07,EXXO34,AUTOENCODER,57.39375305175781,60.026710113032664,60.566335934303034,58.916590150450496,59.72769472382893,2.632957061274851,2.33394167207112,True,True,2023
2023-12-08,EXXO34,AUTOENCODER,58.374114990234375,59.77460766252295,60.44289209571008,58.10929267548485,58.3165499628145,1.4004926722885784,0.05756502741987646,True,True,2023
2023-12-11,EXXO34,AUTOENCODER,58.51688003540039,59.51900450568377,59.51900450568377,58.53755043593132,58.12862436047809,1.002124470283377,0.3882556749222985,True,False,2023
2023-12-12,EXXO34,AUTOENCODER,57.77447891235352,59.29930358170185,58.82996676421593,58.7642981073314,58.313233132125355,1.5248246693483267,0.5387542197718318,True,True,2023
2023-12-13,EXXO34,AUTOENCODER,57.68881988525391,59.08771335830937,59.6257082032694,58.141904158680575,58.977847328830265,1.398893473055459,1.2890274435763516,True,True,2023
2023-12-14,EXXO34,AUTOENCODER,59.2402572631836,58.88900119386807,59.46033919501791,58.077667475498146,58.21449953141576,0.3512560693155322,1.0257577317678397,False,True,2023
2023-12-15,EXXO34,AUTOENCODER,58.945194244384766,58.76305315818814,58.33212394348252,59.06462635208204,58.24180113213297,0.18214108619662284,0.7033931122517956,False,True,2023
2023-12-18,EXXO34,AUTOENCODER,59.84941101074219,58.713421552386535,58.95658198340738,58.73183078849576,59.33818770633167,1.1359894583556525,0.511223304410521,True,False,2023
2023-12-19,EXXO34,AUTOENCODER,59.50675964355469,58.779091397871525,58.779091397871525,59.469462282521356,59.31927746581401,0.7276682456831622,0.18748217774067655,True,False,2023
2023-12-20,EXXO34,AUTOENCODER,59.3354377746582,58.86919653469977,58.584090662553685,59.34954742438087,59.02899359845525,0.46624123995843547,0.3064441762029517,True,True,2023
2023-12-21,EXXO34,AUTOENCODER,58.85953140258789,58.97761008185984,59.02909979530827,59.18377980883164,59.46482500164044,0.11807867927194593,0.6052935990525512,False,False,2023
2023-12-22,EXXO34,AUTOENCODER,58.87856674194336,59.01789271217285,59.090676070375494,58.82505830831595,58.86378690454649,0.13932597022949267,0.014779837396872608,True,False,2023
2023-12-26,EXXO34,AUTOENCODER,58.65013122558594,59.03989530928715,59.43750738594572,59.0201863726253,59.32736548444063,0.3897640837012091,0.6772342588546891,False,True,2023
2023-12-27,EXXO34,AUTOENCODER,58.25989532470703,59.01939412048807,58.93796053878982,58.65512941633416,58.311973120046176,0.7594987957810417,0.05207779533914447,True,False,2023
2023-12-28,EXXO34,AUTOENCODER,57.879173278808594,58.97337672954836,58.99431331162132,58.359599468201225,58.47769154208706,1.0942034507397693,0.5985182632784642,True,False,2023
2023-12-29,EXXO34,AUTOENCODER,57.879173278808594,58.898721651826406,58.82002968802217,58.06006032831595,57.980629722371525,1.0195483730178125,0.10145644356293104,True,False,2023
2024-01-02,EXXO34,AUTOENCODER,59.868446350097656,58.8125738351967,58.717395406883426,58.035597067027396,58.02442495059345,1.0558725149009547,1.8440213995042072,False,False,2024
2024-01-03,EXXO34,AUTOENCODER,60.46808242797852,58.80143194084371,59.32389343601511,59.692803299356136,60.29580983825205,1.6666504871348096,0.1722725897264752,True,True,2024
2024-01-04,EXXO34,AUTOENCODER,59.48772048950195,58.90693038251203,58.31512544234955,59.95157262255889,59.01742367864238,0.5807901069899231,0.47029681085957264,True,False,2024
2024-01-05,EXXO34,AUTOENCODER,59.38302612304688,59.068445284930704,59.068445284930704,59.334324373715155,59.79151107449185,0.31458083811617854,0.40848495144496866,False,False,2024
2024-01-08,EXXO34,AUTOENCODER,58.44073867797852,59.21010909287236,58.741175524463884,59.499611986372294,58.96715695984193,0.7693704148938352,0.5264182818634069,True,True,2024
2024-01-09,EXXO34,AUTOENCODER,58.02194213867188,59.2594388691673,59.85939654529713,58.82987823729224,59.7230143065165,1.2374967304954154,1.7010721678446146,False,True,2024
2024-01-10,EXXO34,AUTOENCODER,57.23194885253906,59.2217953122331,58.85905362349657,58.50279735485868,57.64762688691686,1.9898464596940357,0.41567803437779816,True,True,2024
2024-01-11,EXXO34,AUTOENCODER,57.2509880065918,59.085321939910386,59.623295010956724,57.82321316305933,58.61198427587062,1.8343339333185895,1.3609962692788216,True,True,2024
2024-01-12,EXXO34,AUTOENCODER,58.15519714355469,58.879621261507,58.78271859176714,57.58372006968157,57.10235951020852,0.7244241179523101,1.052837633346165,False,False,2024
2024-01-15,EXXO34,AUTOENCODER,58.364593505859375,58.69903434590202,59.229625916017504,58.37444396515001,59.00725359237102,0.33444084004264596,0.642660086511647,False,True,2024
2024-01-16,EXXO34,AUTOENCODER,57.15580749511719,58.57957693448515,58.08857512165222,58.48544964113977,57.590301772993975,1.423769439367959,0.4344942778767873,True,True,2024
2024-01-17,EXXO34,AUTOENCODER,56.82267761230469,58.461079186115114,58.466485167922826,57.39529068098867,57.78565017391815,1.6384015738104267,0.9629725616134621,True,False,2024
2024-01-18,EXXO34,AUTOENCODER,56.860748291015625,58.27907599359423,58.513525342878104,57.10394460791541,57.323529394938085,1.4183277025786083,0.46278110392245964,True,False,2024
2024-01-19,EXXO34,AUTOENCODER,56.68942260742188,58.070798155556986,58.2695159864019,57.055292798233474,57.10887819689186,1.3813755481351038,0.4194555894699761,True,False,2024
2024-01-22,EXXO34,AUTOENCODER,57.28905487060547,57.85105337600572,58.36076254587067,57.04474278220612,57.4016291744999,0.5619985054002541,0.11257430389443357,True,True,2024
2024-01-23,EXXO34,AUTOENCODER,57.5841178894043,57.67308747560395,57.553649698560996,57.24784693019425,56.806851867479466,0.0889695861996529,0.7772660219248309,False,False,2024
2024-01-24,EXXO34,AUTOENCODER,58.278926849365234,57.55573513151563,57.69955403250431,57.43041188747988,57.718897645566784,0.7231917178496019,0.5600292037984502,True,False,2024
2024-01-25,EXXO34,AUTOENCODER,59.58290100097656,57.49353761522701,57.875974780392184,58.11020826847092,58.37894615814976,2.08936338574955,1.2039548428268034,True,True,2024
2024-01-26,EXXO34,AUTOENCODER,60.04928970336914,57.57270465711275,57.48708819064392,59.034304741718756,58.677493254698255,2.476585046256389,1.3717964486708851,True,True,2024
2024-01-29,EXXO34,AUTOENCODER,60.50614929199219,57.777706226145995,57.30847294302423,59.519584136539855,59.124468914263154,2.728443065846193,1.3816803777290332,True,True,2024
2024-01-30,EXXO34,AUTOENCODER,61.59120941162109,58.07879792735338,58.03246016585461,59.82487278070726,60.14170250514651,3.5124114842677088,1.449506906474575,True,False,2024
2024-01-31,EXXO34,AUTOENCODER,60.78217697143555,58.461543539202296,58.580509077941166,60.75353933256885,60.916445835208,2.320633432233251,0.13426886377245495,True,False,2024
2024-02-01,EXXO34,AUTOENCODER,59.56386947631836,58.90257836218939,59.59888209005288,60.50403476552025,61.0655999966643,0.6612911141289715,1.5017305203459372,False,True,2024
2024-02-02,EXXO34,AUTOENCODER,60.582298278808594,59.24842596178297,59.24842596178297,59.542192160820896,59.013484650287964,1.333872317025623,1.5688136285206298,False,False,2024
2024-02-05,EXXO34,AUTOENCODER,60.20157623291016,59.5126789847406,59.5126789847406,60.35018610734203,60.42437505270954,0.6888972481695603,0.22279881979937954,True,False,2024
2024-02-06,EXXO34,AUTOENCODER,60.13494491577149,59.72177975963791,60.322471813703295,60.26433868503371,60.831208542404624,0.41316515613358007,0.696263626633133,False,True,2024
2024-02-07,EXXO34,AUTOENCODER,60.43001174926758,59.90506508262729,59.508159491995464,60.093758600642076,59.266133640801705,0.5249466666402895,1.1638781084658731,False,False,2024
2024-02-08,EXXO34,AUTOENCODER,61.86723327636719,60.05791722023065,60.56444611228008,60.524092455853534,61.33976219942413,1.809316056136538,0.5274710769430584,True,True,2024
2024-02-09,EXXO34,AUTOENCODER,60.49170684814453,60.264342805397916,59.85930572705408,61.627975607954156,60.84002492595339,0.22736404274661481,0.34831807780885526,False,True,2024
2024-02-12,EXXO34,AUTOENCODER,60.49170684814453,60.44726696487504,60.37866738141589,60.46708077185456,60.70051584858718,0.04443988326949011,0.20880900044264905,False,False,2024
2024-02-13,EXXO34,AUTOENCODER,60.49170684814453,60.603315399561836,60.69270262402817,60.560722067614044,60.68064384186535,0.11160855141730508,0.18893699372081585,False,False,2024
2024-02-14,EXXO34,AUTOENCODER,59.89780426025391,60.731126007069236,60.763802340420135,60.585917914752024,60.55422387389646,0.8333217468153222,0.656419613642548,True,False,2024
2024-02-15,EXXO34,AUTOENCODER,61.63160705566406,60.74483474209859,61.37383587576666,60.27728826701846,60.85507436057945,0.8867723135654728,0.7765326950846116,True,True,2024
2024-02-16,EXXO34,AUTOENCODER,61.8136100769043,60.77380779499936,60.45625895469462,61.36471663134237,60.636854302178136,1.0398022819049402,1.1767557747261606,False,False,2024
2024-02-19,EXXO34,AUTOENCODER,61.11434173583984,60.88102176335087,61.0248354365869,61.50901647173559,61.92791538876082,0.23331997248896386,0.8135736529209865,False,False,2024
2024-02-20,EXXO34,AUTOENCODER,60.58749771118164,60.995224245664474,61.04668698728132,61.05204537032555,60.96894875531423,0.40772653448283336,0.38145104413258935,True,False,2024
2024-02-21,EXXO34,AUTOENCODER,61.449615478515625,61.05921984029624,61.50688260013856,60.797123733771556,61.17027363404999,0.3903956382193883,0.2793418444656339,True,True,2024
2024-02-22,EXXO34,AUTOENCODER,62.12972259521485,61.09398440808991,60.953483595387254,61.31308773313681,60.87334138133523,1.0357381871249416,1.2563812138796209,False,False,2024
2024-02-23,EXXO34,AUTOENCODER,62.12972259521485,61.19625301606294,60.663714821706,62.01268099552356,61.60243465577286,0.933469579151911,0.5272879394419903,True,True,2024
2024-02-26,EXXO34,AUTOENCODER,62.48414611816406,61.291053278550464,61.32904572993571,61.83694931614995,62.25354081982501,1.1930928396135982,0.23060529833905008,True,False,2024
2024-02-27,EXXO34,AUTOENCODER,61.53582382202149,61.40681650318487,61.40681650318487,62.1379269889598,62.09076843682582,0.12900731883662075,0.5549446148043273,False,False,2024
2024-02-28,EXXO34,AUTOENCODER,62.244667053222656,61.50101568639843,61.054307093933105,61.56950829037702,61.06797245253475,0.7436513668242242,1.1766946006879095,False,True,2024
2024-02-29,EXXO34,AUTOENCODER,62.31173324584961,61.595096201600825,61.85019102907206,62.04160708996752,62.63723052927543,0.7166370442487846,0.3254972834258183,True,False,2024
2024-03-01,EXXO34,AUTOENCODER,62.8481559753418,61.71649615676574,61.71649615676574,62.12047009726813,61.91774737369735,1.131659818576054,0.9304086016444444,True,False,2024
2024-03-04,EXXO34,AUTOENCODER,61.8136100769043,61.87905069415183,61.87905069415183,62.57695854998381,62.60595815460607,0.06544061724753192,0.7923480777017744,False,False,2024
2024-03-05,EXXO34,AUTOENCODER,62.445838928222656,62.00355149604337,62.00355149604337,61.8478814105813,61.829698308059854,0.4422874321792847,0.6161406201628026,False,False,2024
2024-03-06,EXXO34,AUTOENCODER,63.11636734008789,62.11553798223537,62.764572695582956,62.54392596123532,63.18641069168537,1.000829357852524,0.07004335159747654,True,True,2024
2024-03-07,EXXO34,AUTOENCODER,63.47079849243164,62.27148838682598,62.092780028439655,62.88973072797919,62.26069717109758,1.1993101056056616,1.210101321334058,False,False,2024
2024-03-08,EXXO34,AUTOENCODER,64.53406524658203,62.4513865120183,63.10393044964917,63.36853629767205,64.17471013028045,2.0826787345637285,0.359355116301586,True,True,2024
2024-03-11,EXXO34,AUTOENCODER,64.80227661132812,62.692132949807046,62.212534547772634,64.21854290789892,63.26046070730595,2.1101436615210787,1.5418159040221724,True,True,2024
2024-03-12,EXXO34,AUTOENCODER,64.76395416259766,62.989102227496005,63.71763200250641,64.49250488157614,65.58617422849848,1.7748519351016512,0.8222200659008223,True,True,2024
2024-03-13,EXXO34,AUTOENCODER,65.43449401855469,63.326016189640086,63.91166765818399,64.60673378866998,64.61405285710383,2.1084778289146016,0.8204411614508587,True,True,2024
2024-03-14,EXXO34,AUTOENCODER,66.46903228759766,63.666655295439114,63.91365325776954,65.01680880488765,64.893406302829,2.8023769921585426,1.5756259847686493,True,False,2024
2024-03-15,EXXO34,AUTOENCODER,66.63186645507812,64.04877661035971,63.83141049125535,65.8731013600493,65.52438206780556,2.5830898447184154,1.1074843872725637,True,False,2024
2024-03-18,EXXO34,AUTOENCODER,67.6376724243164,64.4601573292515,64.29345121206447,66.11348291484072,66.1150627709396,3.177515095064905,1.5226096533768043,True,False,2024
2024-03-19,EXXO34,AUTOENCODER,68.03999328613281,64.89579791720917,65.47104013439433,67.08250403788863,67.74179835572114,3.144195368923647,0.2981949304116682,True,True,2024
2024-03-20,EXXO34,AUTOENCODER,67.43653106689453,65.37155861189933,64.94208028419796,67.58688596966127,66.7095212882091,2.0649724549951998,0.7270097786854279,True,True,2024
2024-03-21,EXXO34,AUTOENCODER,67.61851501464844,65.80535726594451,65.30194251986595,67.2645137552143,67.0611258355192,1.8131577487039294,0.5573891791292311,True,True,2024
2024-03-22,EXXO34,AUTOENCODER,68.14535522460938,66.16260989330715,66.50232807622552,67.32069844927685,67.99719138562654,1.982745331302226,0.14816383898283902,True,False,2024
2024-03-25,EXXO34,AUTOENCODER,68.39441680908203,66.48111483528385,67.08642675269871,67.90400673959036,68.21587388637295,1.913301973798184,0.17854292270908445,True,True,2024
2024-03-26,EXXO34,AUTOENCODER,67.93463134765625,66.7890996000965,66.67917970044182,68.02555010475591,67.49372886947585,1.145531747559744,0.44090247818040496,True,False,2024
2024-03-27,EXXO34,AUTOENCODER,68.96916961669922,67.06471379525385,67.21430479451674,67.76531301876358,68.01015230659402,1.9044558214453673,0.959017310105196,True,False,2024
2024-03-28,EXXO34,AUTOENCODER,69.88875579833984,67.3217280695302,68.02516137944001,68.74067174428848,69.32831795032662,2.5670277288096486,0.5604378480132226,True,True,2024
2024-04-01,EXXO34,AUTOENCODER,70.88497924804688,67.65710966648658,67.46294551022692,69.36720655917736,68.68251008132152,3.2278695815602987,2.2024691667253506,True,False,2024
2024-04-02,EXXO34,AUTOENCODER,72.05362701416016,68.07259733046055,68.78387634583086,70.37793135375897,71.2644603139296,3.981029683699603,0.7891667002305525,True,True,2024
2024-04-03,EXXO34,AUTOENCODER,71.90992736816406,68.59255412009293,68.39570540068894,71.26992692352329,70.553063949497,3.317373248071135,1.3568634186670607,True,False,2024
2024-04-04,EXXO34,AUTOENCODER,72.48466491699219,69.16682474248933,68.93208920091125,71.35405072397232,71.27863293709022,3.3178401745028623,1.2060319799019652,True,False,2024
2024-04-05,EXXO34,AUTOENCODER,73.83531951904297,69.70114036147311,69.52088007427247,71.9169793192924,71.89340020611701,4.134179157569861,1.941919312925961,True,False,2024
2024-04-08,EXXO34,AUTOENCODER,73.04985809326172,70.2686365882754,70.2686365882754,73.07701306116746,73.21091610394399,2.78122150498632,0.1610580106822681,True,False,2024
2024-04-09,EXXO34,AUTOENCODER,72.52298736572266,70.79991327427751,70.79991327427751,72.63105957933843,72.58685568647086,1.7230740914451417,0.06386832074819893,True,False,2024
2024-04-10,EXXO34,AUTOENCODER,74.49626922607422,71.20236809493792,71.8754174273258,72.45680123573457,73.0881493239934,3.2939011311362947,1.4081199020808128,True,True,2024
2024-04-11,EXXO34,AUTOENCODER,74.14186096191406,71.63577462859837,71.53051706396249,73.90385551205699,73.33801342122668,2.506086333315693,0.8038475406873857,True,False,2024
2024-04-12,EXXO34,AUTOENCODER,73.32763671875,72.07428904621781,72.82738105910873,73.87679573706538,74.70279450651698,1.2533476725321862,1.3751577877669803,False,True,2024
2024-04-15,EXXO34,AUTOENCODER,73.95985412597656,72.50007502976973,72.29201240388593,73.30883981955871,72.51369957139347,1.4597790962068302,1.4461545545830887,True,False,2024
2024-04-16,EXXO34,AUTOENCODER,74.86029052734375,72.87029342722224,72.62298920505683,73.85589679747025,73.79439700857357,1.9899971001215135,1.0658935187701815,True,False,2024
2024-04-17,EXXO34,AUTOENCODER,74.41006469726562,73.20093346321062,72.61368870297763,74.68758180277123,74.26268475422403,1.2091312340550076,0.1473799430415994,True,True,2024
2024-04-18,EXXO34,AUTOENCODER,73.76826477050781,73.47409174648465,73.8513514250243,74.27265747490965,75.04373785565186,0.29417302402316636,1.2754730851440428,False,False,2024
2024-04-19,EXXO34,AUTOENCODER,74.4292221069336,73.68101780109032,73.68101780109032,73.85852700816561,73.54165196622422,0.7482043058432737,0.8875701407093715,False,False,2024
2024-04-22,EXXO34,AUTOENCODER,74.89860534667969,73.8924635590779,74.5361594030436,74.50828620164806,75.15699979646816,1.0061417876017913,0.2583944497884687,True,True,2024
2024-04-23,EXXO34,AUTOENCODER,74.18016052246094,74.07644541169805,74.9023339178733,74.98283466156708,75.3251039367411,0.10371511076289153,1.1449434142801636,False,True,2024
2024-04-24,EXXO34,AUTOENCODER,74.75489807128906,74.19193518395889,73.76386930592491,74.24536746126246,73.23307131092442,0.5629628873301726,1.5218267603646467,False,False,2024
2024-04-25,EXXO34,AUTOENCODER,74.71658325195312,74.27547746382163,75.0159573951482,74.79220615545916,75.86872531946547,0.4411057881314946,1.1521420675123437,False,True,2024
2024-04-26,EXXO34,AUTOENCODER,72.40803527832031,74.33746344148165,74.99611506185973,74.69753986624296,74.77194822558157,1.929428163161333,2.3639129472612552,False,True,2024
2024-04-29,EXXO34,AUTOENCODER,73.41384887695312,74.21138641883306,74.12343005618571,72.86361559109902,72.30061702679741,0.7975375418799331,1.1132318501557137,False,False,2024
2024-04-30,EXXO34,AUTOENCODER,73.27015686035156,74.01349461151244,73.48639143441449,73.60310870448767,73.1627430800693,0.7433377511608796,0.10741378028225768,True,True,2024
2024-05-01,EXXO34,AUTOENCODER,73.27015686035156,73.88768588175867,73.22390848398634,73.50810425004154,73.2010861644058,0.6175290214071083,0.06907069594576853,True,True,2024
2024-05-02,EXXO34,AUTOENCODER,71.34477233886719,73.79349443776323,73.79349443776323,73.38847004545126,73.84417671198894,2.4487220988960416,2.499404373121749,False,False,2024
2024-05-03,EXXO34,AUTOENCODER,70.27191925048828,73.5582686422332,73.5582686422332,71.87639680053249,71.8381437161884,3.2863493917449205,1.5662244657001168,True,False,2024
2024-05-06,EXXO34,AUTOENCODER,71.25856018066406,73.18226130962717,73.18226130962717,70.93971539513177,70.9412060393725,1.9237011289631027,0.3173541412915597,True,False,2024
2024-05-07,EXXO34,AUTOENCODER,70.7891845703125,72.82972444583879,72.82972444583879,71.55024423190888,71.57662328255533,2.0405398755262922,0.7874387122428317,True,False,2024
2024-05-08,EXXO34,AUTOENCODER,70.94244384765625,72.49182502325414,72.49182502325414,71.10571368608288,71.11230983262553,1.5493811755978868,0.1698659849692774,True,False,2024
2024-05-09,EXXO34,AUTOENCODER,72.94447326660156,72.19866860035881,72.81897631050738,71.27590711991195,71.89438936809069,0.7458046662427478,1.0500838985108771,False,True,2024
2024-05-10,EXXO34,AUTOENCODER,73.05941772460938,72.06948557150486,72.2489222439012,72.62224879999508,72.38989527993013,0.9899321531045189,0.6695224446792452,True,False,2024
2024-05-13,EXXO34,AUTOENCODER,72.57088470458984,72.07109532887375,72.07109532887375,72.74732509567859,72.6392168641089,0.49978937571609094,0.06833215951905913,True,False,2024
2024-05-14,EXXO34,AUTOENCODER,72.38286590576172,72.13356629753594,72.13356629753594,72.4639472798694,72.46030278942946,0.24929960822578323,0.07743688366774393,True,False,2024
2024-05-15,EXXO34,AUTOENCODER,73.2115249633789,72.22079244522365,72.97541524726438,72.50339415507214,73.23844562575145,0.9907325181552551,0.026920662372546644,True,True,2024
2024-05-16,EXXO34,AUTOENCODER,72.73938751220703,72.35270483833449,71.83742933631834,73.13722453905737,72.07741094772386,0.3866826738725422,0.6619765644831688,False,True,2024
2024-05-17,EXXO34,AUTOENCODER,73.30789184570312,72.48604124757935,72.4282262803212,72.73906687900981,73.0568479538487,0.821850598123774,0.25104389185442244,True,False,2024
2024-05-20,EXXO34,AUTOENCODER,72.84537506103516,72.6483584489431,72.79614849170888,73.21599762644122,73.38581548569954,0.19701661209205668,0.5404404246643821,False,False,2024
2024-05-21,EXXO34,AUTOENCODER,72.75865936279297,72.77890358018612,72.29798605866972,73.01884967736252,72.40942204846024,0.02024421739315585,0.34923731433272565,False,True,2024
2024-05-22,EXXO34,AUTOENCODER,71.6794662475586,72.84537314487682,72.32658899851145,72.92954764539614,72.73374960487976,1.165906897318223,1.054283357321168,True,True,2024
2024-05-23,EXXO34,AUTOENCODER,70.60027313232422,72.84019302821537,72.7820955890047,72.03342654141429,72.30818417525272,2.2399198958911484,1.707911042928501,True,False,2024
2024-05-24,EXXO34,AUTOENCODER,70.67736053466797,72.73179237975216,72.2138171234746,71.29637923542717,70.77949784736481,2.0544318450841956,0.1021373126968399,True,True,2024
2024-05-27,EXXO34,AUTOENCODER,71.11096954345703,72.52782270646821,72.46997441426038,71.14594308491438,71.45814094079104,1.416853163011183,0.3471713973340087,True,False,2024
2024-05-28,EXXO34,AUTOENCODER,71.56383514404297,72.32342479644831,72.916459654025,71.4977488346958,72.114451111007,0.7595896524053387,0.5506159669640311,True,True,2024
2024-05-29,EXXO34,AUTOENCODER,71.30367279052734,72.15640215046778,72.38575046855661,71.66100576799296,71.4726351138546,0.8527293599404402,0.16896232332724992,True,False,2024
2024-05-30,EXXO34,AUTOENCODER,71.30367279052734,72.00217501177849,71.17688003534202,71.52112374908718,70.53852141654048,0.6985022212511467,0.7651513739868676,False,True,2024
2024-05-31,EXXO34,AUTOENCODER,73.89566802978516,71.84470256095767,71.93343679683471,71.37755616950182,72.05778461081451,2.050965468827485,1.837883418970648,True,False,2024
2024-06-03,EXXO34,AUTOENCODER,71.9974365234375,71.89332548866435,71.2896111282241,73.45100367887916,72.76795838779701,0.10411103477315464,0.7705218643595089,False,True,2024
2024-06-04,EXXO34,AUTOENCODER,71.61202239990234,72.04946163448983,72.25865078618175,72.07512773428613,72.68427495898446,0.4374392345874867,1.0722525590821164,False,False,2024
2024-06-05,EXXO34,AUTOENCODER,72.0263442993164,72.11667932359876,71.98181385891354,71.81459297387967,71.50438281497443,0.09033502428235352,0.521961484341972,False,False,2024
2024-06-06,EXXO34,AUTOENCODER,72.19979095458984,72.15925534221458,72.15925534221458,72.10664146537131,72.21096968402905,0.04053561237526537,0.011178729439208723,True,False,2024
2024-06-07,EXXO34,AUTOENCODER,72.49848937988281,72.2026981532598,72.2026981532598,72.25102793525595,72.18388393829689,0.2957912266230096,0.3146054415859254,False,True,2024
2024-06-10,EXXO34,AUTOENCODER,73.10553741455078,72.26606171174512,73.02115752466807,72.58444287883084,73.32908877597087,0.8394757028056574,0.22355136142009258,True,True,2024
2024-06-11,EXXO34,AUTOENCODER,72.4792251586914,72.40300459663376,73.15953130251724,73.09113222067417,73.31051957302596,0.07622056205764238,0.8312944143345504,False,True,2024
2024-06-12,EXXO34,AUTOENCODER,72.4503173828125,72.52260131397679,71.94019247843984,72.55310638499334,71.40324866037061,0.07228393116429288,1.0470687224418924,False,True,2024
2024-06-13,EXXO34,AUTOENCODER,71.47711944580078,72.63176040581573,72.1144975489668,72.67619913500741,72.57361893939044,1.1546409600149445,1.0964994935896613,True,True,2024
2024-06-14,EXXO34,AUTOENCODER,70.2533950805664,72.65566943032684,72.13823630016698,71.95274706900014,71.75318160125414,2.4022743497604324,1.499786520687735,True,True,2024
2024-06-17,EXXO34,AUTOENCODER,71.01459503173828,72.54580348989964,73.14629166751962,71.01066812888779,71.94120852953878,1.531208458161359,0.9266134978005027,True,True,2024
2024-06-18,EXXO34,AUTOENCODER,71.83363342285156,72.36542811292327,73.1215621885064,71.46239184418916,71.78534143484913,0.5317946900717061,0.04829198800243262,True,True,2024
2024-06-19,EXXO34,AUTOENCODER,72.4503173828125,72.2386648796014,72.03135245545539,71.9069759732826,71.20101064180075,0.21165250321109852,1.2493067410117504,False,False,2024
2024-06-20,EXXO34,AUTOENCODER,73.56805419921875,72.16866623144813,71.92374316297018,72.33143592978297,72.26081412624843,1.3993879677706218,1.3072400729703162,True,False,2024
2024-06-21,EXXO34,AUTOENCODER,72.84537506103516,72.22922303349537,72.04242464797723,73.20565903939215,73.19037188243712,0.6161520275397834,0.3449968214019634,True,False,2024
2024-06-24,EXXO34,AUTOENCODER,74.43525695800781,72.31126390504289,72.9081490833182,72.8014471712854,73.49106021816223,2.12399305296492,0.9441967398455802,True,True,2024
2024-06-25,EXXO34,AUTOENCODER,75.25428009033203,72.47514442846682,72.34989670278883,73.95287551161029,73.40604015896791,2.7791356618652117,1.8482399313641196,True,False,2024
2024-06-26,EXXO34,AUTOENCODER,76.32383728027344,72.76832664875587,73.43088375899633,74.73085312960445,75.47732056431465,3.5555106315175635,0.846516715958785,True,True,2024
2024-06-27,EXXO34,AUTOENCODER,75.94805145263672,73.16552396057364,73.04510989450473,75.59602883603532,74.99208843661599,2.782527492063082,0.955963016020732,True,False,2024
2024-06-28,EXXO34,AUTOENCODER,77.54757690429688,73.5942456875323,74.1376087048079,75.55711913822685,76.17441479000082,3.9533312167645818,1.3731621142960506,True,True,2024
2024-07-01,EXXO34,AUTOENCODER,78.24132537841797,74.1600341268695,74.93491973608931,76.96563573355974,77.33232560480998,4.081291251548464,0.908999773607988,True,True,2024
2024-07-02,EXXO34,AUTOENCODER,77.77882385253906,74.79175554510778,74.57711619408938,77.58083857165958,76.81246111613146,2.9870683074312865,0.9663627364076035,True,False,2024
2024-07-03,EXXO34,AUTOENCODER,76.56473541259766,75.42955482930938,75.17356509044582,77.4515328894874,77.34151777222218,1.1351805832882746,0.7767823596245194,True,False,2024
2024-07-04,EXXO34,AUTOENCODER,75.52408599853516,75.89412461459847,75.69784810278072,76.6376950545876,76.58706476908961,0.37003861606331157,1.0629787705544516,False,False,2024
2024-07-05,EXXO34,AUTOENCODER,74.64724731445312,76.13988090625003,76.13988090625003,75.86584222375946,75.9806807349908,1.4926335917969027,1.3334334205376734,True,False,2024
2024-07-08,EXXO34,AUTOENCODER,73.79930114746094,76.2505775227554,76.49862191608379,75.33459666311727,75.55670535882632,2.4512763752944693,1.7574042113653832,True,True,2024
2024-07-09,EXXO34,AUTOENCODER,72.55631256103516,76.14376599374611,75.948794284736,74.47012456783142,74.09689505297723,3.5874534327109586,1.5405824919420752,True,False,2024
2024-07-10,EXXO34,AUTOENCODER,72.93209838867188,75.87139195124155,75.7191911204765,73.42463768784262,73.42562710050116,2.9392935625696737,0.4935287118292848,True,False,2024
2024-07-11,EXXO34,AUTOENCODER,74.04019165039062,75.50162758791873,75.44294403161477,73.54925763739492,73.61052630655428,1.4614359375281083,0.4296653438363478,True,False,2024
2024-07-12,EXXO34,AUTOENCODER,74.13655853271484,75.17905181721108,75.17905181721108,74.25563605416568,74.31262185627253,1.0424932844962314,0.17606332355768473,True,False,2024
2024-07-15,EXXO34,AUTOENCODER,75.88059997558594,74.97189358606181,75.60917351742269,74.40548059078564,75.0368938290348,0.9087063895241272,0.843706146551142,True,True,2024
2024-07-16,EXXO34,AUTOENCODER,75.79388427734375,74.90569747374468,74.37224028018301,75.69145525796948,74.70121112679104,0.8881868035990692,1.092673150552713,False,True,2024
2024-07-17,EXXO34,AUTOENCODER,77.69210052490234,74.94446579704561,75.67442286594644,75.65277746760286,76.78290718677904,2.7476347278567346,0.9091933381233019,True,True,2024
2024-07-18,EXXO34,AUTOENCODER,80.06246185302734,75.15307384172263,75.70871311312871,77.19159460842906,77.1849981142834,4.9093880113047135,2.8774637387439412,True,True,2024
2024-07-19,EXXO34,AUTOENCODER,78.57857513427734,75.62250901546963,74.8520396798782,79.12643513849619,77.98830351949347,2.956066118807712,0.5902716147838731,True,True,2024
2024-07-22,EXXO34,AUTOENCODER,77.23922729492188,76.15075192796883,75.57421984502798,78.16117427468298,78.12680965896236,1.0884753669530483,0.8875823640404832,True,True,2024
2024-07-23,EXXO34,AUTOENCODER,76.56473541259766,76.53643328322448,75.86100686963755,77.25096254471134,76.89650283522806,0.028302129373173557,0.3317674226304064,False,True,2024
2024-07-24,EXXO34,AUTOENCODER,78.41476440429688,76.79030027546548,77.38170894527569,76.8790697011399,77.89990084401444,1.6244641288313915,0.5148635602824356,True,True,2024
2024-07-25,EXXO34,AUTOENCODER,79.9950180053711,77.07007301049248,77.74169419795204,78.34604112690823,78.55472942594373,2.924944994878615,1.44028857942736,True,True,2024
2024-07-26,EXXO34,AUTOENCODER,79.95647430419922,77.44609582153475,78.15124411626745,79.54350338804409,79.78917273294756,2.510378482664464,0.1673015712516559,True,True,2024
2024-07-29,EXXO34,AUTOENCODER,79.03144836425781,77.84892728414366,77.37209183529424,79.6259696875181,78.65475132336161,1.1825210801141566,0.3766970408962038,True,True,2024
2024-07-30,EXXO34,AUTOENCODER,80.25518035888672,78.21404811659465,78.21569065630818,78.94943220836402,79.30826602050615,2.041132242292065,0.9469143383805658,True,False,2024
2024-07-31,EXXO34,AUTOENCODER,81.42108917236328,78.57114080011615,79.44484768743557,80.09306638974113,80.93258649790384,2.849948372247127,0.48850267445943985,True,True,2024
2024-08-01,EXXO34,AUTOENCODER,80.97785186767578,79.0971909341481,78.53274028592948,81.04331678085775,79.84448931805453,1.880660933527679,1.1333625496212534,True,False,2024
2024-08-02,EXXO34,AUTOENCODER,80.26481628417969,79.55723585657654,78.94132851727701,80.89600100051335,80.70616479550934,0.7075804276031477,0.44134851132965025,True,True,2024
2024-08-05,EXXO34,AUTOENCODER,79.15672302246094,79.93201523324092,78.9846714171073,80.48300515573284,79.91589821199636,0.7752922107799805,0.7591751895354264,True,True,2024
2024-08-06,EXXO34,AUTOENCODER,77.88481903076172,80.16144177465992,79.62457225569698,79.7093718216552,79.78925192719541,2.2766227438982014,1.9044328964336898,True,True,2024
2024-08-07,EXXO34,AUTOENCODER,78.72311401367188,80.16661157236388,80.81257930498118,78.71206222629186,79.66148229815089,1.4434975586920018,0.9383682844790115,True,True,2024
2024-08-08,EXXO34,AUTOENCODER,78.71348571777344,80.10556461983572,80.88708505536103,79.22917266063166,79.4936269072448,1.3920789020622806,0.7801411894713652,True,True,2024
2024-08-09,EXXO34,AUTOENCODER,79.22416687011719,80.00617758074259,80.744921298222,79.19666358560906,79.39828190737465,0.7820107106254,0.17411503725746513,True,True,2024
2024-08-12,EXXO34,AUTOENCODER,78.5689468383789,79.91346690714738,80.46223587182874,79.54743536577952,79.60921540494492,1.3445200687684746,1.040268566566013,True,True,2024
2024-08-13,EXXO34,AUTOENCODER,77.8173599243164,79.85073796454787,79.03580040931514,79.05378111648221,77.86815341829174,2.0333780402314687,0.05079349397533406,True,True,2024
2024-08-14,EXXO34,AUTOENCODER,78.65926361083984,79.76466238062062,79.82273708327236,78.40122675575941,79.07185488439606,1.105398769780777,0.4125912735562167,True,False,2024
2024-08-15,EXXO34,AUTOENCODER,79.09540557861328,79.64276969523542,79.44002213408123,78.97116075897935,78.68502750423652,0.5473641166221341,0.41037807437676577,True,False,2024
2024-08-16,EXXO34,AUTOENCODER,78.49449920654297,79.53228461735864,79.63869914511329,79.21565563743245,79.47576301614082,1.0377854108156725,0.9812638095978485,True,False,2024
2024-08-19,EXXO34,AUTOENCODER,77.8645248413086,79.39776152800209,78.45967279934428,78.80392498708888,77.7572772940073,1.533236686693499,0.1072475473012986,True,True,2024
2024-08-20,EXXO34,AUTOENCODER,76.43013763427734,79.28071875263856,79.20108676225294,78.25492687919007,78.85157963810919,2.8505811183612195,2.4214420038318423,True,False,2024
2024-08-21,EXXO34,AUTOENCODER,75.91646575927734,79.07812150070117,78.43069973547234,77.23805116441989,76.55696287348309,3.1616557414238287,0.6404971142057434,True,True,2024
2024-08-22,EXXO34,AUTOENCODER,77.90330505371094,78.77133889443644,79.3675654296109,76.76876986999554,77.82212060525559,0.8680338407255022,0.08118444845534611,True,True,2024
2024-08-23,EXXO34,AUTOENCODER,77.45747375488281,78.53971957455019,79.0699179523777,78.16923724054284,78.25085073172451,1.0822458196673779,0.7933769768416994,True,True,2024
2024-08-26,EXXO34,AUTOENCODER,78.7852554321289,78.35859607315558,79.03311826484645,77.7424288859683,78.05313904340873,0.42665935897332474,0.732116388720172,False,True,2024
2024-08-27,EXXO34,AUTOENCODER,78.43636322021484,78.31964716809853,77.51156875997992,78.7925070485009,77.53859143449166,0.11671605211631686,0.8977717857231795,False,True,2024
2024-08-28,EXXO34,AUTOENCODER,78.65926361083984,78.37000368066401,78.25047246254124,78.43697409532975,78.93628368175476,0.28925993017583096,0.2770200709149151,True,False,2024
2024-08-29,EXXO34,AUTOENCODER,80.83023834228516,78.41604170951871,79.12736347413997,78.72879135158387,79.46389297063642,2.4141966327664477,1.366345371648734,True,True,2024
2024-08-30,EXXO34,AUTOENCODER,81.08222961425781,78.56313328910164,78.59991680569605,80.27573283959606,79.81264964167794,2.5190963251561698,1.2695799725798764,True,False,2024
2024-09-02,EXXO34,AUTOENCODER,80.45226287841797,78.88969733688032,78.73295843030036,80.57449204209479,80.42528371408848,1.5625655415376514,0.026979164329489436,True,False,2024
2024-09-03,EXXO34,AUTOENCODER,78.70771789550781,79.24129001605809,78.61581110086094,80.35003278312438,79.81039439634574,0.533572120550275,1.10267650083793,False,True,2024
2024-09-04,EXXO34,AUTOENCODER,77.82576751708984,79.48467294748627,79.85005894541966,79.03596682275872,79.80398183548095,1.6589054303964303,1.9782143183911103,False,False,2024
2024-09-05,EXXO34,AUTOENCODER,76.43013763427734,79.56857123138252,79.56857123138252,78.42442685162793,78.09352194072547,3.138433597105177,1.6633843064481226,True,False,2024
2024-09-06,EXXO34,AUTOENCODER,76.16845703125,79.47831131019188,78.89612861332778,77.44660789331584,76.85982782282039,3.3098542789418843,0.6913707915703924,True,True,2024
2024-09-09,EXXO34,AUTOENCODER,77.79667663574219,79.21341851186969,79.80956051841225,77.13958718248257,78.15466283243472,1.416741876127503,0.3579861966925364,True,True,2024
2024-09-10,EXXO34,AUTOENCODER,75.76139068603516,79.00260736976793,78.14177347263646,78.29754228291843,76.97937542687222,3.241216683732773,1.2179847408370676,True,True,2024
2024-09-11,EXXO34,AUTOENCODER,74.91820526123047,78.8003506434278,79.36754717628324,76.62995206755522,77.82435464693206,3.8821453821973364,2.906149385701596,True,True,2024
2024-09-12,EXXO34,AUTOENCODER,75.75170135498047,78.46865807377515,79.02224040183631,75.97483795652423,76.03355840682198,2.716956718794677,0.2818570518415129,True,True,2024
2024-09-13,EXXO34,AUTOENCODER,74.78251647949219,78.14945144268893,78.04476679306025,76.45543856778241,75.98020385844313,3.3669349631967407,1.1976873789509455,True,True,2024
2024-09-16,EXXO34,AUTOENCODER,75.44156646728516,77.80623259751667,77.87502188345205,75.52456723583713,75.69948527583297,2.3646661302315124,0.2579188085478137,True,False,2024
2024-09-17,EXXO34,AUTOENCODER,75.83892822265625,77.4761497852329,77.57954214827689,75.94190815066678,76.0098032125385,1.6372215625766557,0.17087498988225036,True,False,2024
2024-09-18,EXXO34,AUTOENCODER,75.6741714477539,77.21452293695722,76.7072386547803,76.27132191278831,75.69904037531057,1.5403514892033172,0.024868927556667586,True,True,2024
2024-09-19,EXXO34,AUTOENCODER,76.57550811767578,77.01915411474363,76.5883181276373,75.99053147901304,75.9431715115495,0.443645997067847,0.6323366061262874,False,False,2024
2024-09-20,EXXO34,AUTOENCODER,76.7305908203125,76.90988667385102,76.90988667385102,76.66061460430414,76.96330394989543,0.17929585353851962,0.23271312958293322,False,False,2024
2024-09-23,EXXO34,AUTOENCODER,79.16324615478516,76.85424169557041,77.39095868584907,76.85684444279629,77.35647746899821,2.309004459214748,1.806768685786949,True,True,2024
2024-09-24,EXXO34,AUTOENCODER,77.30240631103516,76.99401197481211,77.79850933754678,78.76576488743538,79.21188178506345,0.3083943362230457,1.909475474028298,False,True,2024
2024-09-25,EXXO34,AUTOENCODER,76.05216217041016,77.21772181378003,76.45432189397873,77.42138022603558,76.05058640890816,1.1655596433698747,0.0015757615019964533,True,True,2024
2024-09-26,EXXO34,AUTOENCODER,74.23977661132812,77.31222282650026,76.81637206737182,76.57380981172227,76.65044378501439,3.0724462151721355,2.4106671736862637,True,True,2024
2024-09-27,EXXO34,AUTOENCODER,76.0909194946289,77.17739532789767,77.81908356208827,75.14331964178105,76.040802084501,1.0864758332687643,0.05011741012791049,True,True,2024
2024-09-30,EXXO34,AUTOENCODER,77.12796020507812,77.007669115054,76.98716663915839,76.40329123073555,75.90817574285067,0.12029109002412497,1.2197844622274516,False,False,2024
2024-10-01,EXXO34,AUTOENCODER,79.39584350585938,76.99738111443355,77.53821732986648,77.24194417818221,77.85856576440247,2.3984623914258236,1.5372777414569043,True,True,2024
2024-10-02,EXXO34,AUTOENCODER,80.26811981201172,77.26035974614081,77.52198344233285,78.98237609566719,78.879822156636,3.0077600658709116,1.3882976553757231,True,False,2024
2024-10-03,EXXO34,AUTOENCODER,80.95623779296875,77.6990908618676,77.61775468333019,79.75177249706202,79.50332364724578,3.257146931101147,1.4529141457229713,True,True,2024
2024-10-04,EXXO34,AUTOENCODER,82.2937240600586,78.28578034960674,78.56503561175414,80.45812605180933,80.81803105736147,4.007943710451855,1.4756930026971276,True,False,2024
2024-10-07,EXXO34,AUTOENCODER,83.08845520019531,78.98827433781025,79.86706195905656,81.73565714615661,82.38764791525004,4.100180862385059,0.7008072849452702,True,True,2024
2024-10-08,EXXO34,AUTOENCODER,82.28402709960938,79.7485028931867,79.09494402420198,82.56552877864144,81.26668155579742,2.5355242064226786,1.017345543811956,True,True,2024
2024-10-09,EXXO34,AUTOENCODER,82.77831268310547,80.38517225154283,80.65404085743488,81.98121076205935,82.76891523085602,2.3931404315626423,0.009397452249444882,True,False,2024
2024-10-10,EXXO34,AUTOENCODER,83.20475006103516,80.91823411719122,81.60790230963268,82.59184299534634,83.01197879770609,2.2865159438439377,0.1927712633290639,True,True,2024
2024-10-11,EXXO34,AUTOENCODER,84.4162368774414,81.44051783173825,81.49691053114044,82.96928214948359,82.51745312494366,2.9757190457031584,1.8987837524977493,True,False,2024
2024-10-14,EXXO34,AUTOENCODER,83.92195129394531,81.99088458910228,81.23853476709897,84.10748690966871,83.37276087885294,1.9310667048430332,0.5491904150923688,True,True,2024
2024-10-15,EXXO34,AUTOENCODER,82.83646392822266,82.45212135112115,81.66634211451277,83.77069800673263,83.51733702497013,0.3843425771015063,0.6808730967474759,False,True,2024
2024-10-16,EXXO34,AUTOENCODER,83.18537902832031,82.80159348453412,82.55977252372409,82.98788505140122,83.22846693167843,0.383785543786189,0.04308790335811352,True,False,2024
2024-10-17,EXXO34,AUTOENCODER,82.51663208007812,83.10148302719358,83.23362878890491,83.38385266288212,83.62109218117706,0.5848509471154557,1.1044601010989368,False,False,2024
2024-10-18,EXXO34,AUTOENCODER,82.97215270996094,83.31491518449855,83.23187680177263,82.89436791716052,82.66189131710094,0.3427624745376079,0.3102613928599993,True,False,2024
2024-10-21,EXXO34,AUTOENCODER,83.03999328613281,83.46526755464924,83.46526755464924,83.28023038475487,83.34663182024164,0.42527426851643213,0.3066385341088278,True,False,2024
2024-10-22,EXXO34,AUTOENCODER,83.65058135986328,83.62905004797699,84.37905457764033,83.4482707404099,84.1797181454853,0.021531311886292315,0.5291367856220148,False,True,2024
2024-10-23,EXXO34,AUTOENCODER,82.9527587890625,83.75934752424018,83.62234864288523,83.8280979153367,83.12905650231964,0.8065887351776837,0.17629771325714216,True,False,2024
2024-10-24,EXXO34,AUTOENCODER,82.33248901367188,83.83248829495005,83.65857427013607,83.27350109382068,83.23458673486631,1.4999992812781784,0.902097721194437,True,False,2024
2024-10-25,EXXO34,AUTOENCODER,83.10784149169922,83.84229130456833,84.35554015176997,82.91351001071244,83.52059097665428,0.7344498128691157,0.41274948495505726,True,True,2024
2024-10-28,EXXO34,AUTOENCODER,82.35186767578125,83.81675704425209,83.02482341016146,83.48553735127645,82.30337939163647,1.4648893684708355,0.048488284144781346,True,True,2024
2024-10-29,EXXO34,AUTOENCODER,82.65231323242188,83.67301912585435,83.55008240728363,82.68045309677059,83.16139487524177,1.0207058934324778,0.5090816428198934,True,False,2024
2024-10-30,EXXO34,AUTOENCODER,81.57652282714844,83.56729108738182,84.11795251236425,83.02414554599531,83.60130785941683,1.9907682602333807,2.0247850322683973,False,True,2024
2024-10-31,EXXO34,AUTOENCODER,82.15802764892578,83.46356492666291,81.93915980776765,82.10431381074892,80.12543338621256,1.3055372777371304,2.032594262713218,False,False,2024
2024-11-01,EXXO34,AUTOENCODER,82.0417251586914,83.40709443178287,82.73326369158917,82.68911467144676,83.200849247818,1.36536927309146,1.1591240891265926,True,True,2024
2024-11-04,EXXO34,AUTOENCODER,83.18537902832031,83.37781438989668,83.90469942850672,82.57290363059492,83.47005770597042,0.1924353615763721,0.28467867765010624,False,True,2024
2024-11-05,EXXO34,AUTOENCODER,82.93338012695312,83.3556957045106,82.69960645922127,83.31984012280424,82.22554494394144,0.4223155775574696,0.7078351830116816,False,False,2024
2024-11-06,EXXO34,AUTOENCODER,83.50521087646484,83.42172671350784,83.31660432433975,83.1444121721827,83.54697352778325,0.08348416295700645,0.04176265131840751,True,False,2024
2024-11-07,EXXO34,AUTOENCODER,83.6312026977539,83.596937452259,82.89957337486439,83.78595481527685,83.11445459051433,0.034265245494907504,0.5167481072395788,False,True,2024
2024-11-08,EXXO34,AUTOENCODER,84.17394256591797,83.71453745132715,82.755763782717,83.8354148767297,83.37437466470814,0.45940511459082245,0.7995679012098265,False,True,2024
2024-11-11,EXXO34,AUTOENCODER,84.0770263671875,83.8798419908851,83.07988343289405,84.31199401187611,84.16389559301317,0.1971843763024026,0.08686922582566581,True,True,2024
2024-11-12,EXXO34,AUTOENCODER,84.27085876464844,84.05414982085563,83.91562187967929,84.18465888389696,84.54554957847553,0.2167089437928098,0.2746908138270925,False,False,2024
2024-11-13,EXXO34,AUTOENCODER,86.63286590576172,84.30305855402128,85.12519611063315,84.54885430753454,85.40455604872774,2.329807351740442,1.2283098570339774,True,True,2024
2024-11-14,EXXO34,AUTOENCODER,85.258056640625,84.56494337623428,84.57404291627768,86.26085176626931,85.66585441216175,0.6931132643907176,0.40779777153674956,True,False,2024
2024-11-15,EXXO34,AUTOENCODER,85.258056640625,84.87090562537833,84.02307415786062,85.32418512540963,84.50418252968085,0.3871510152466726,0.7538741109441531,False,True,2024
2024-11-18,EXXO34,AUTOENCODER,84.44876861572266,85.16655407650819,85.74447127563313,85.50533139023013,86.6971175340562,0.7177854607855352,2.248348918333548,False,True,2024
2024-11-19,EXXO34,AUTOENCODER,83.23971557617188,85.37284551522805,84.97603686166745,84.85052849145919,83.93236676269849,2.1331299390561753,0.6926511865266178,True,False,2024
2024-11-20,EXXO34,AUTOENCODER,83.23971557617188,85.43002285869636,85.27270292433762,83.95559757665042,84.10621238693983,2.1903072825244863,0.8664968107679556,True,False,2024
2024-11-21,EXXO34,AUTOENCODER,86.46711730957031,85.40467949909373,86.04853435095232,84.05554580409694,84.77665624354734,1.062437810476581,1.6904610660229764,False,True,2024
2024-11-22,EXXO34,AUTOENCODER,86.61337280273438,85.54650325087653,86.4191515093757,86.54848937472403,86.98020411756292,1.0668695518578488,0.3668313148285449,True,True,2024
2024-11-25,EXXO34,AUTOENCODER,85.42381286621094,85.76690586396796,85.10104729314378,86.55605617546802,85.28718240285946,0.34309299775702584,0.1366304633514801,True,True,2024
2024-11-26,EXXO34,AUTOENCODER,83.80523681640625,85.96599467035776,86.49469657167666,85.6796153060961,86.72878715048,2.160757853951509,2.9235503340737523,False,False,2024
2024-11-27,EXXO34,AUTOENCODER,85.20930480957031,85.96297121581233,85.96638819714587,84.46143405580423,83.97241329652573,0.7536664062420186,1.2368915130445828,False,False,2024
2024-11-28,EXXO34,AUTOENCODER,86.203857421875,85.91592708860207,85.7451009627222,85.53200513161647,85.41305912787644,0.28793033327292505,0.7907982939985629,False,False,2024
2024-11-29,EXXO34,AUTOENCODER,86.52562713623047,85.94074418137257,85.94074418137257,86.21973702144057,86.34877723135725,0.5848829548579033,0.17684990487322239,True,False,2024
2024-12-02,EXXO34,AUTOENCODER,87.34466552734375,86.1145309039897,86.1145309039897,86.54686800922335,86.52690816450682,1.230134623354047,0.8177573628369288,True,False,2024
2024-12-03,EXXO34,AUTOENCODER,87.40316009521484,86.35480782921252,87.19137085783863,87.29332325153834,88.13320192886958,1.0483522660023255,0.7300418336547381,True,True,2024
2024-12-04,EXXO34,AUTOENCODER,83.87348937988281,86.64322785061857,85.84189204751411,87.41187397974488,85.98908949844399,2.76973847073576,2.1156001185611757,True,True,2024
2024-12-05,EXXO34,AUTOENCODER,84.09774780273438,86.74953891018946,87.57447649238091,84.80054487154088,86.205611435358,2.6517911074550824,2.1078636326236193,True,True,2024
2024-12-06,EXXO34,AUTOENCODER,84.0685043334961,86.65359324342022,86.0422237891207,85.0087396923073,83.71830275906305,2.5850889099241243,0.35020157443304356,True,True,2024
2024-12-09,EXXO34,AUTOENCODER,83.6979751586914,86.48249460923,87.36469078842492,84.88514451208366,86.2741897105027,2.784519450538596,2.57621455181129,True,True,2024
2024-12-10,EXXO34,AUTOENCODER,83.49322509765625,86.2817289722476,86.4963381291214,84.48961953328899,83.98215188941982,2.788503874591356,0.4889267917635749,True,False,2024
2024-12-11,EXXO34,AUTOENCODER,81.77715301513672,86.03987324652837,86.91755430533078,84.2958299067252,85.07113514073737,4.262720231391654,3.2939821256006496,True,True,2024
2024-12-12,EXXO34,AUTOENCODER,82.16716003417969,85.70444521426327,84.85166127126828,82.89637497788635,81.36433911712066,3.537285180083586,0.802820917059023,True,True,2024
2024-12-13,EXXO34,AUTOENCODER,81.89414978027344,85.26345940632427,85.46719839869188,83.01032588548192,83.90756687278535,3.3693096260508355,2.013417092511915,True,False,2024
2024-12-16,EXXO34,AUTOENCODER,82.21591186523438,84.83006835110007,84.83006835110007,82.65129318305326,82.41575224007362,2.614156485865692,0.19984037483924055,True,False,2024
2024-12-17,EXXO34,AUTOENCODER,80.38282775878906,84.42555489841982,83.8032302925004,82.823018171904,82.217035453698,4.042727139630756,1.8342076949089403,True,True,2024
2024-12-18,EXXO34,AUTOENCODER,82.2744140625,83.97009675259699,84.63324925586318,81.28842266076285,82.37526356167234,1.6956826900969872,0.10084949917234098,True,True,2024
2024-12-19,EXXO34,AUTOENCODER,78.93975830078125,83.61159037189896,82.88893312329343,82.70413582537887,81.47421327755985,4.671832071117706,2.534454976778605,True,True,2024
2024-12-20,EXXO34,AUTOENCODER,78.54973602294922,83.19675280224703,83.32295313490275,79.94017981445036,80.58268908099153,4.6470167792978145,2.0329530580423096,True,False,2024
2024-12-23,EXXO34,AUTOENCODER,80.42183685302734,82.66968625090203,82.99695294977167,79.63902673523778,79.80946946989842,2.2478493978746883,0.6123673831289267,True,True,2024
2024-12-24,EXXO34,AUTOENCODER,80.42183685302734,82.21612163377915,82.29190546734901,80.86366274766651,80.73785229965412,1.7942847807518092,0.3160154466267784,True,False,2024
2024-12-26,EXXO34,AUTOENCODER,80.30482482910156,81.81433754535578,81.81433754535578,80.66992988476473,80.62656137342087,1.5095127162542212,0.3217365443193074,True,False,2024
2024-12-27,EXXO34,AUTOENCODER,80.548583984375,81.53006058538313,81.53006058538313,80.5650064872836,80.5575671069713,0.9814766010081257,0.008983122596305293,True,False,2024
2024-12-30,EXXO34,AUTOENCODER,80.13906860351562,81.36188737564214,81.36188737564214,80.76028180854745,80.75381488488917,1.2228187721265158,0.6147462813735416,True,False,2024
2024-12-31,EXXO34,AUTOENCODER,80.13906860351562,81.25699517272653,81.25699517272653,80.45520963475916,80.43157420446364,1.1179265692109084,0.2925056009480187,True,False,2024
2025-01-02,EXXO34,AUTOENCODER,80.48033142089844,81.16638956645988,81.16638956645988,80.44976944840798,80.43390035815167,0.6860581455614465,0.046431062746762564,True,False,2025
2025-01-03,EXXO34,AUTOENCODER,80.45108795166016,81.15691676348138,81.15691676348138,80.7438527087726,80.73594542928673,0.7058288118212204,0.28485747762657354,True,False,2025
2025-01-06,EXXO34,AUTOENCODER,80.3243179321289,81.18411753543273,81.18411753543273,80.73525458251692,80.71752874345704,0.8597996033038271,0.3932108113281316,True,False,2025
2025-01-07,EXXO34,AUTOENCODER,80.9581069946289,81.22676062727226,81.22676062727226,80.75220847875958,80.64859883732161,0.26865363264334974,0.30950815730729175,False,True,2025
2025-01-08,EXXO34,AUTOENCODER,79.07626342773438,81.25409554567102,80.64396506519805,81.17168243547069,80.56824666023556,2.1778321179366458,1.491983232501184,True,True,2025
2025-01-09,EXXO34,AUTOENCODER,77.11641693115234,81.23819919165317,80.66837232526302,79.76446896896078,79.59305844081031,4.121782260500822,2.4766415096579664,True,True,2025
2025-01-10,EXXO34,AUTOENCODER,79.71979522705078,81.02323982863925,81.59308462985811,78.25004965568161,79.14303538455557,1.3034446015884669,0.576759842495207,True,True,2025
2025-01-13,EXXO34,AUTOENCODER,80.87035369873047,80.93436264775266,80.19691248464666,80.21872057470323,79.06876727162464,0.06400894902219534,1.801586427105832,False,False,2025
2025-01-14,EXXO34,AUTOENCODER,80.50957489013672,80.93843863596237,80.80463777860786,80.9701820553214,81.42443935163094,0.4288637458256517,0.9148644614942185,False,False,2025
2025-01-15,EXXO34,AUTOENCODER,81.53338623046875,80.96972055560218,81.60515505537556,80.73580669835555,81.4038248332315,0.56366567486657,0.12956139723725357,True,True,2025
2025-01-16,EXXO34,AUTOENCODER,81.83563995361328,81.05378910229706,80.77007508147706,81.47696267263987,80.71435545198648,0.7818508513162215,1.1212845016268034,False,True,2025
2025-01-17,EXXO34,AUTOENCODER,83.09346008300781,81.21624560958696,81.16339163154865,81.76609387325928,81.94909918042335,1.8772144734208496,1.1443609025844665,True,False,2025
2025-01-20,EXXO34,AUTOENCODER,82.78144073486328,81.43368668187793,81.57519766329345,82.74995964108037,82.91728360853173,1.3477540529853513,0.1358428736684516,True,False,2025
2025-01-21,EXXO34,AUTOENCODER,82.23541259765625,81.74860578612584,81.8332941178668,82.64149011318227,82.59176279952747,0.48680681153041405,0.3563502018712228,True,False,2025
2025-01-22,EXXO34,AUTOENCODER,79.2127685546875,82.05126596887214,81.46088845190775,82.40327628988862,81.73844805406702,2.838497414184644,2.525679499379521,True,True,2025
2025-01-23,EXXO34,AUTOENCODER,79.16401672363281,82.13190862167937,81.7253537123319,80.10547265591308,80.03916133344379,2.9678918980465596,0.8751446098109739,True,True,2025
2025-01-24,EXXO34,AUTOENCODER,78.4132308959961,82.01547982428667,82.01687175730669,80.06178131208988,80.29427149901811,3.602248928290578,1.881040603022015,True,False,2025
2025-01-27,EXXO34,AUTOENCODER,79.03726196289062,81.7641254981952,81.25985694197568,79.56307984624671,79.01654725960995,2.726863535304574,0.020714703280674485,True,True,2025
2025-01-28,EXXO34,AUTOENCODER,77.22367095947266,81.46430302875945,80.87858789682959,79.76807298585499,79.56099152444028,4.240632069286789,2.3373205649676265,True,True,2025
2025-01-29,EXXO34,AUTOENCODER,77.7112045288086,81.09362027821976,80.63369023549946,78.21893558589615,78.08577136920162,3.382415749411166,0.37456684039302957,True,True,2025
2025-01-30,EXXO34,AUTOENCODER,78.14022064208984,80.6404013461729,80.5712846008566,78.45998810076743,78.67368937688452,2.50018070408305,0.5334687347946812,True,True,2025
2025-01-31,EXXO34,AUTOENCODER,75.84886169433594,80.24642354909292,79.71052448205536,78.68667897871948,78.18078915614683,4.397561854756987,2.331927461810892,True,True,2025
2025-02-03,EXXO34,AUTOENCODER,76.26812744140625,79.86368309672275,79.86368309672275,76.84524025615733,77.17902802203045,3.5955556553165025,0.910900580624201,True,False,2025
2025-02-04,EXXO34,AUTOENCODER,77.01891326904297,79.44857207469727,79.44857207469727,77.08875780443661,77.05244678821815,2.4296588056542987,0.03353351917517955,True,False,2025
2025-02-05,EXXO34,AUTOENCODER,77.93546295166016,79.04767541661829,78.40481832923537,77.52899128335773,76.90618907698482,1.1122124649581338,1.02927387467534,True,True,2025
2025-02-06,EXXO34,AUTOENCODER,76.20963287353516,78.73335481190497,78.2056003601042,78.10564562773023,78.07576340636315,2.5237219383698175,1.8661305328279951,True,True,2025
2025-02-07,EXXO34,AUTOENCODER,76.87265014648438,78.47189306694918,77.87201679612768,76.77088257975292,76.48296183140705,1.5992429204648033,0.38968831507732204,True,True,2025
2025-02-10,EXXO34,AUTOENCODER,78.0232162475586,78.2244031904388,78.2244031904388,77.210649226919,77.62208028936195,0.20118694288021288,0.4011359581966474,False,False,2025
2025-02-11,EXXO34,AUTOENCODER,78.39154052734375,78.08356489909659,78.08356489909659,78.02369475170566,77.99975488876683,0.3079756282471635,0.39178563857691984,False,False,2025
2025-02-12,EXXO34,AUTOENCODER,76.49774169921875,78.13304945975392,77.46461370642383,78.41157819746704,77.75098399916342,1.63530776053517,1.2532422999446737,True,True,2025
2025-02-13,EXXO34,AUTOENCODER,76.34074401855469,78.14849177964209,78.14849177964209,76.98572510098434,77.41805535492783,1.8077477610873984,1.0773113363731426,True,False,2025
2025-02-14,EXXO34,AUTOENCODER,75.50668334960938,78.04752594005254,78.04752594005254,76.80991109064156,76.71251182335901,2.5408425904431624,1.2058284737496336,True,True,2025
2025-02-17,EXXO34,AUTOENCODER,75.55574035644531,77.91259009239627,77.91259009239627,76.19263108029146,76.16177191838993,2.3568497359509593,0.6060315619446186,True,False,2025
2025-02-18,EXXO34,AUTOENCODER,76.48792266845703,77.75119643772814,77.75119643772814,76.19285508221729,76.18296549501196,1.263273769271109,0.3049571734450751,True,False,2025
2025-02-19,EXXO34,AUTOENCODER,77.20423889160156,77.62233329655646,77.62233329655646,76.8360513699587,76.84652868269659,0.4180944049548998,0.35771020890497596,True,False,2025
2025-02-20,EXXO34,AUTOENCODER,78.3719253540039,77.56818972659107,77.56818972659107,77.33963641766096,77.34399238843079,0.8037356274128342,1.0279329655731146,False,False,2025
2025-02-21,EXXO34,AUTOENCODER,77.66542053222656,77.60632859348493,77.05405966367154,78.24613164433006,77.71833597917127,0.059091938741630656,0.05291544694470929,True,True,2025
2025-02-24,EXXO34,AUTOENCODER,78.63685607910156,77.69879161210031,77.08767137876009,77.75167911078807,77.52587487104985,0.9380644670012543,1.1109812080517116,False,True,2025
2025-02-25,EXXO34,AUTOENCODER,77.62616729736328,77.83515663536934,77.16161644351584,78.54663431565399,78.30011320024437,0.208989338006063,0.673945902881087,False,True,2025
2025-02-26,EXXO34,AUTOENCODER,77.85186004638672,77.96470082773556,77.9268398841811,77.7902329412602,78.16391102613794,0.11284078134883657,0.31205097975121987,False,False,2025
2025-02-27,EXXO34,AUTOENCODER,78.93122863769531,78.04441477436842,78.48273930658904,78.0206886999235,78.43979272563533,0.8868138633268927,0.49143591205998405,True,True,2025
2025-02-28,EXXO34,AUTOENCODER,80.10871887207031,78.18688346099452,78.37228449538597,78.84437746736165,78.71234780924968,1.92183541107579,1.3963710628206343,True,False,2025
2025-03-03,EXXO34,AUTOENCODER,80.10871887207031,78.42638646440537,77.74814177305468,79.80295430534679,79.03887298003703,1.6823324076649442,1.0698458920332854,True,True,2025
2025-03-04,EXXO34,AUTOENCODER,80.10871887207031,78.69138761178124,78.56958573948656,79.82507019647832,80.19429897630769,1.4173312602890746,0.08558010423737983,True,False,2025
2025-03-05,EXXO34,AUTOENCODER,74.08387756347656,78.94981042375537,78.32922237119423,79.88998796169852,79.27521082442102,4.865932860278804,5.191333260944461,False,True,2025
2025-03-06,EXXO34,AUTOENCODER,75.75199127197266,78.94327852366234,79.55138438753515,75.45667110116702,76.38579066216423,3.191287251689687,0.6337993901915695,True,True,2025
2025-03-07,EXXO34,AUTOENCODER,77.37104797363281,78.73920050132472,79.36371016483407,76.7610893249731,76.93802980145891,1.3681525276919047,0.43301817217390237,True,True,2025
2025-03-10,EXXO34,AUTOENCODER,80.14796447753906,78.62011973185633,78.49867716169616,77.82190571360981,77.32483191512561,1.527844745682728,2.8231325624134485,False,True,2025
2025-03-11,EXXO34,AUTOENCODER,77.84204864501953,78.6813008308319,78.11248889751718,79.87763906215746,79.50484244422901,0.83925218581237,1.6627937992094814,False,True,2025
2025-03-12,EXXO34,AUTOENCODER,77.67523956298828,78.80608282431513,79.4465773496091,78.19996341542316,79.18370189980224,1.130843261326845,1.5084623368139631,False,True,2025
2025-03-13,EXXO34,AUTOENCODER,76.84117126464844,78.85883333501897,78.89189896348233,78.1117955157315,77.63320713339712,2.017662070370534,0.7920358687486839,True,False,2025
2025-03-14,EXXO34,AUTOENCODER,78.3719253540039,78.85787883145088,79.2071720878844,77.53348205178361,77.87996464845381,0.4859534774469694,0.49196070555009896,False,True,2025
2025-03-17,EXXO34,AUTOENCODER,79.20597839355469,78.85361194252755,78.9931058497724,78.61196634082512,78.52514491543474,0.3523664510271374,0.6808334781199505,False,False,2025
2025-03-18,EXXO34,AUTOENCODER,79.25503540039062,78.94525976350099,78.78906612457932,79.22146549174595,78.99362142043634,0.3097756368896398,0.26141397995428406,True,False,2025
2025-03-19,EXXO34,AUTOENCODER,79.9124755859375,79.10145266359268,78.74322258143268,79.3123001001492,79.0622914497856,0.8110229223448187,0.8501841361518956,False,False,2025
2025-03-20,EXXO34,AUTOENCODER,80.63858795166016,79.30145985719935,78.98874718451634,79.86682228445271,79.79963721194261,1.3371280944608088,0.8389507397175464,True,False,2025
2025-03-21,EXXO34,AUTOENCODER,80.54045867919922,79.54951727637183,79.54951727637183,80.46396472296195,80.66212655962666,0.9909414028273886,0.12166788042743804,True,False,2025
2025-03-24,EXXO34,AUTOENCODER,81.64927673339844,79.82248465893224,79.82248465893224,80.4719227008667,80.42791996329727,1.8267920744661978,1.221356770101167,True,False,2025
2025-03-25,EXXO34,AUTOENCODER,81.5217056274414,80.16377385905332,80.16377385905332,81.4177484259469,81.4194838685658,1.3579317683880845,0.1022217588756007,True,False,2025
2025-03-26,EXXO34,AUTOENCODER,82.88563537597656,80.53105651309909,81.20731973825447,81.43334982385895,82.07990823667947,2.3545788628774744,0.8057271392970904,True,True,2025
2025-03-27,EXXO34,AUTOENCODER,83.28794860839844,80.98213426146617,80.80843217294117,82.5961855043044,81.93578986354589,2.305814346932266,1.3521587448525452,True,False,2025
2025-03-28,EXXO34,AUTOENCODER,83.10151672363281,81.45477863099347,81.6364673468709,82.99029102834942,83.32025253374553,1.646738092639339,0.2187358101127188,True,False,2025
2025-03-31,EXXO34,AUTOENCODER,83.71968841552734,81.8782222111945,81.94345390152507,82.9536446316853,82.84301601872167,1.8414662043328462,0.8766723968056738,True,False,2025
2025-04-01,EXXO34,AUTOENCODER,82.7090072631836,82.33413439114702,82.15243148046186,83.57707945701819,83.34556511164502,0.37487287203657615,0.6365578484614218,False,False,2025
2025-04-02,EXXO34,AUTOENCODER,82.7482681274414,82.72612062943085,82.72612062943085,82.92832824993299,83.01745886809607,0.022147498010554045,0.26919074065466475,False,False,2025
2025-04-03,EXXO34,AUTOENCODER,77.25331115722656,83.02420435452905,82.302184165024,83.07755469264762,82.3312531168791,5.770893197302485,5.077941959652534,True,True,2025
2025-04-04,EXXO34,AUTOENCODER,74.42731475830078,82.97164474453882,82.34912818826334,78.94660674679734,78.74029226365883,8.54432998623804,4.312977505358049,True,True,2025
2025-04-07,EXXO34,AUTOENCODER,74.72168731689453,82.5394506883838,81.84545808352287,76.8411765455105,76.51274592617582,7.817763371489264,1.7910586092812935,True,True,2025
2025-04-08,EXXO34,AUTOENCODER,72.60220336914062,81.758940222055,81.19821493720566,76.70883304051993,76.65564121798207,9.156736852914378,4.05343784884144,True,True,2025
2025-04-09,EXXO34,AUTOENCODER,75.64405059814453,80.86426596950321,81.59587603390246,74.72196884921776,75.82615206028845,5.220215371358677,0.18210146214391898,True,True,2025
2025-04-10,EXXO34,AUTOENCODER,71.43453216552734,80.07294639520057,79.49661727807133,76.9196303183294,75.82761375618358,8.63841422967323,4.393081590656237,True,True,2025
2025-04-11,EXXO34,AUTOENCODER,74.054443359375,79.18395272874864,79.90595487587477,73.18424527456594,74.36334317134393,5.129509369373636,0.3088998119689279,True,True,2025
2025-04-14,EXXO34,AUTOENCODER,73.9465103149414,78.33013122891134,78.2548592128227,75.10331045760574,74.50908725452105,4.383620913969935,0.5625769395796425,True,False,2025
2025-04-15,EXXO34,AUTOENCODER,74.42731475830078,77.65914101793373,76.96853278163235,74.79245887771437,74.2396781117936,3.2318262596329532,0.1876366465071868,True,True,2025
2025-04-16,EXXO34,AUTOENCODER,74.57450103759766,77.12133759131734,77.36664490102139,75.02743306923631,75.82311308687153,2.546836553719686,1.2486120492738735,True,False,2025
2025-04-17,EXXO34,AUTOENCODER,76.16412353515625,76.74511356060395,77.52906435464017,75.1071713867217,75.66774738359558,0.5809900254477043,0.4963761515606677,True,True,2025
2025-04-21,EXXO34,AUTOENCODER,76.16412353515625,76.54922879051571,75.94271973928329,76.25973997745295,75.09175975466968,0.3851052553594627,1.0723637804865689,False,True,2025
2025-04-22,EXXO34,AUTOENCODER,75.77162170410156,76.46066633783266,76.83146662582581,76.22176087460014,77.11322382991389,0.6890446337311005,1.3416021258123294,False,False,2025
2025-04-23,EXXO34,AUTOENCODER,74.85906982421875,76.42015927019418,75.87671482120564,75.96768586913491,75.08390407541722,1.5610894459754263,0.2248342511984731,True,True,2025
2025-04-24,EXXO34,AUTOENCODER,75.42819213867188,76.38871740671323,76.64263969944578,75.24944278570096,75.88342777685524,0.9605252680413514,0.45523563818336754,True,True,2025
2025-04-25,EXXO34,AUTOENCODER,75.87957000732422,76.32899644022291,76.56246416301508,75.72766391320091,75.7298719843671,0.4494264328986901,0.14969802295712498,True,False,2025
2025-04-28,EXXO34,AUTOENCODER,74.94737243652344,76.32595750724124,75.74254632494772,76.08499917416768,75.35729821633136,1.3785850707178042,0.4099257798079208,True,True,2025
2025-04-29,EXXO34,AUTOENCODER,74.77074432373047,76.33008509023841,75.76783583484873,75.37686177954173,75.25244640155375,1.559340766507944,0.4817020778232859,True,True,2025
2025-04-30,EXXO34,AUTOENCODER,73.21057891845703,76.28951094937622,75.73869345645778,75.26079786216484,75.08031975437932,3.0789320309191908,1.8697408359222862,True,True,2025
2025-05-01,EXXO34,AUTOENCODER,73.21057891845703,76.21440441726395,76.09200794331598,74.05795350835312,74.27026312969757,3.0038254988069184,1.059684211240537,True,False,2025
2025-05-02,EXXO34,AUTOENCODER,74.4175033569336,76.0469793319412,76.17897363065909,74.04057961220965,74.2217398079923,1.6294759750076082,0.19576354894130077,True,False,2025
2025-05-05,EXXO34,AUTOENCODER,71.9251480102539,75.89771045232726,75.30229865458716,74.9131355903324,74.24124266184396,3.972562442073354,2.316094651590049,True,True,2025
2025-05-06,EXXO34,AUTOENCODER,73.22038269042969,75.58620176353077,76.12021527151127,72.79399584115166,73.74502676388985,2.365819073101079,0.5246440734601663,True,True,2025
2025-05-07,EXXO34,AUTOENCODER,73.50495147705078,75.35086245946832,74.72103669346649,73.87689557600318,72.8367838901656,1.8459109824175357,0.6681675868851755,True,True,2025
2025-05-08,EXXO34,AUTOENCODER,73.71101379394531,75.18289046939844,75.77903737387958,73.98927934254937,75.11323814815432,1.4718766754531316,1.402224354209011,True,True,2025
2025-05-09,EXXO34,AUTOENCODER,74.19182586669922,75.07547528137582,74.74784253939048,74.10586590902966,73.2853317979513,0.8836494146765972,0.9064940687479179,False,False,2025
2025-05-12,EXXO34,AUTOENCODER,75.92861938476562,75.0181534725026,75.64138531036802,74.47764959738068,75.40740453302193,0.910465912263021,0.521214851743693,True,True,2025
2025-05-13,EXXO34,AUTOENCODER,76.04637908935547,75.17698286623374,75.7904383941976,75.91400558369322,76.06565422999809,0.8693962231217256,0.019275140642619704,True,True,2025
2025-05-14,EXXO34,AUTOENCODER,75.29574584960938,75.4937284259579,75.41050130974753,76.07356010411647,75.5715207434315,0.19798257634852234,0.27577489382213116,False,False,2025
2025-05-15,EXXO34,AUTOENCODER,75.80916595458984,75.73860760622256,75.24214343871479,75.56017092800307,75.14976881632425,0.07055834836728536,0.6593971382655894,False,True,2025
2025-05-16,EXXO34,AUTOENCODER,75.51296997070312,75.9142053058797,76.18424850394622,75.97676436737547,76.61252824724373,0.4012353351765796,1.0995582765406056,False,False,2025
2025-05-19,EXXO34,AUTOENCODER,74.49598693847656,76.05863459442946,76.06174578888405,75.76053853119198,75.50629799262718,1.562647655952901,1.0103110541506197,True,False,2025
2025-05-20,EXXO34,AUTOENCODER,73.62711334228516,76.13912762235304,75.98333892335312,75.0176687326413,74.85556871333291,2.5120142800678877,1.2284553710477581,True,False,2025
2025-05-21,EXXO34,AUTOENCODER,72.31393432617188,76.0880539422418,76.0880539422418,74.33699833860734,74.43566700263436,3.7741196160699246,2.1217326764624858,True,False,2025
2025-05-22,EXXO34,AUTOENCODER,71.85974884033203,75.92256366144898,75.42538857500188,73.33299641244324,72.80129731071759,4.062814821116945,0.9415484703855554,True,True,2025
2025-05-23,EXXO34,AUTOENCODER,70.99087524414062,75.59026743278298,75.1674244678172,72.81945085075986,72.77372469556349,4.599392188642355,1.7828494514228623,True,False,2025
2025-05-26,EXXO34,AUTOENCODER,73.06431579589844,75.16374880324906,75.69260803763314,72.04915722367991,72.85348482568965,2.099433007350626,0.21083097020878938,True,True,2025
2025-05-27,EXXO34,AUTOENCODER,71.72151947021484,74.79794691960353,75.04291332403236,73.52518170381119,73.38651474802398,3.0764274493886887,1.6649952778091404,True,False,2025
2025-05-28,EXXO34,AUTOENCODER,71.4549331665039,74.45077591371148,74.45077591371148,72.29635619629921,72.1358151736396,2.9958427472075755,0.6808820071356934,True,False,2025
2025-05-29,EXXO34,AUTOENCODER,71.75113677978516,74.13677519668045,74.55247658466452,72.086626644353,72.47707791294756,2.38563841689529,0.7259411331624079,True,True,2025
2025-05-30,EXXO34,AUTOENCODER,71.94861602783203,73.80350382653137,73.2368594343862,72.24945515623234,71.38277135256678,1.8548877986993375,0.5658446752652537,True,True,2025
2025-06-02,EXXO34,AUTOENCODER,72.0374755859375,73.59083527208088,74.24088741784779,72.38034035039254,73.49809237676887,1.5533596861433807,1.4606167908313665,True,True,2025
2025-06-03,EXXO34,AUTOENCODER,71.9584732055664,73.43817145545177,74.14263219151424,72.41666636372054,72.57957964891028,1.4796982498853595,0.6211064433438764,True,True,2025
2025-06-04,EXXO34,AUTOENCODER,71.12910461425781,73.31847154853381,72.65914320345796,72.31659095761158,71.15561495411995,2.189366934275995,0.02651033986214202,True,True,2025
2025-06-05,EXXO34,AUTOENCODER,70.33921813964844,73.22687016286909,73.22687016286909,71.6788541759135,72.21790527005074,2.887652023220653,1.878687130402298,True,False,2025
2025-06-06,EXXO34,AUTOENCODER,71.72151947021484,73.03826541729211,73.6470697950805,71.060058307524,71.60090641421233,1.3167459470772656,0.1206130560025116,True,True,2025
2025-06-09,EXXO34,AUTOENCODER,72.27442932128906,72.86631030962997,73.04761109859376,72.04410445887255,71.79247497268766,0.591880988340904,0.4819543486014055,True,False,2025
2025-06-10,EXXO34,AUTOENCODER,73.44938659667969,72.78282478403344,73.43684686626409,72.43014101866203,73.00018566787861,0.6665618126462505,0.4492009288010763,True,True,2025
2025-06-11,EXXO34,AUTOENCODER,74.24913787841797,72.8439388097853,73.38934652565932,73.38467235001875,73.4715402121563,1.405199068632669,0.7775976662616699,True,True,2025
2025-06-12,EXXO34,AUTOENCODER,74.84156799316406,73.0629380446577,73.63734030909207,74.03222089443398,74.23131296367765,1.7786299485063637,0.6102550294864102,True,True,2025
2025-06-13,EXXO34,AUTOENCODER,76.23373413085938,73.41286937167911,74.02968858266159,74.65127422427403,74.87944704396644,2.8208647591802674,1.3542870868929384,True,True,2025
2025-06-16,EXXO34,AUTOENCODER,75.7992935180664,74.09865696770157,74.13444415955931,76.04037889763048,75.66479303697525,1.700636550364834,0.13450048109115187,True,False,2025
2025-06-17,EXXO34,AUTOENCODER,77.12235260009766,74.6574955891673,75.2901127932813,75.75007534815235,76.37744266534297,2.464857010930359,0.7449099347546877,True,True,2025
2025-06-18,EXXO34,AUTOENCODER,76.984130859375,75.23130185847651,75.4184252095577,76.91815790881947,76.63026439706843,1.7528290008984868,0.35386646230656993,True,False,2025
2025-06-20,EXXO34,AUTOENCODER,78.59351348876953,75.65480219294375,76.22061207180035,76.81137615969706,77.26580075888248,2.938711295825783,1.327712729887054,True,True,2025
2025-06-23,EXXO34,AUTOENCODER,75.90789794921875,76.21416192176287,75.39754684147447,78.29395302402294,77.07700223524081,0.30626397254411586,1.169104286022062,False,True,2025
2025-06-24,EXXO34,AUTOENCODER,73.67648315429688,76.66297465896025,75.99816984833895,76.26259706784059,76.1985548826268,2.986491504663377,2.5220717283299194,True,True,2025
2025-06-25,EXXO34,AUTOENCODER,74.32814025878906,76.74732181750744,76.45622736881347,74.55466971321682,74.63427011622974,2.4191815587183783,0.30612985744068055,True,False,2025
2025-06-26,EXXO34,AUTOENCODER,74.38737487792969,76.64968384170936,76.00397063416261,75.07009309574234,74.59207033529837,2.262308963779674,0.2046954573686861,True,True,2025
2025-06-27,EXXO34,AUTOENCODER,73.68635559082031,76.4803136328992,76.58569637189991,74.95475810473792,75.5186590838721,2.7939580420788843,1.832303493051782,True,False,2025
2025-06-30,EXXO34,AUTOENCODER,72.18557739257812,76.27174686405215,75.67185069097489,74.36772415073338,73.62238699465425,4.086169471474022,1.4368096020761243,True,True,2025
2025-07-01,EXXO34,AUTOENCODER,73.52837371826172,76.01201354447642,75.9652133008457,73.15187893525456,73.5397311224146,2.4836398262146986,0.011357404152875006,True,False,2025
2025-07-02,EXXO34,AUTOENCODER,74.05168151855469,75.72169483489165,76.43956631912627,74.16227712719183,74.89536054632681,1.6700133163369628,0.8436790277721258,True,True,2025
2025-07-03,EXXO34,AUTOENCODER,75.07852172851562,75.5401121398886,75.71923700468473,74.44792077409589,74.08440372438211,0.4615904113729812,0.9941180041335116,False,False,2025
2025-07-04,EXXO34,AUTOENCODER,76.67804718017578,75.40203932915449,76.04728822349387,75.18043888559173,75.77083364796778,1.2760078510212907,0.9072135322080044,True,True,2025
2025-07-07,EXXO34,AUTOENCODER,74.75270080566406,75.4107898051085,74.76769323640426,76.39275534999747,75.30406713491584,0.6580889994444306,0.5513663292517776,True,True,2025
2025-07-08,EXXO34,AUTOENCODER,76.76690673828125,75.4993367793553,76.18692633662958,74.9295757229555,76.11911842346113,1.2675699589259466,0.6477883148201187,True,True,2025
2025-07-09,EXXO34,AUTOENCODER,76.77677917480469,75.66299028571439,75.77852136793987,76.62787911378226,76.18862602308346,1.1137888890903014,0.5881531517212295,True,False,2025
2025-07-10,EXXO34,AUTOENCODER,78.42566680908203,75.86506643029838,75.53190437363187,76.6013444834803,76.22283416492535,2.560600378783647,2.202832644156686,True,True,2025
2025-07-11,EXXO34,AUTOENCODER,78.85022735595703,76.25173324599461,76.93103527326451,78.07679244119088,79.0401046662591,2.5984941099624166,0.1898773103020659,True,True,2025
2025-07-14,EXXO34,AUTOENCODER,78.34667205810547,76.71946579175528,76.51903836672417,78.4525030500818,77.69632773935699,1.6272062663501856,0.6503443187484805,True,False,2025
2025-07-15,EXXO34,AUTOENCODER,77.65552520751953,77.21826871852716,77.4006743770344,78.23095265561203,78.59363148157729,0.4372564889923751,0.938106274057759,False,False,2025
2025-07-16,EXXO34,AUTOENCODER,76.97425079345703,77.63957627452714,77.70508214818317,77.83496279503163,77.71153239025622,0.6653254810701128,0.7372815967991926,False,False,2025
2025-07-17,EXXO34,AUTOENCODER,76.27322387695312,77.95071348085389,78.64515117348773,77.43977334183515,78.07639581268822,1.6774896039007672,1.8031719357350937,False,True,2025
2025-07-18,EXXO34,AUTOENCODER,74.20965576171875,78.11092045541034,77.48318781183981,76.92805917433863,75.75628324994366,3.901264693691587,1.5466274882249138,True,True,2025
2025-07-21,EXXO34,AUTOENCODER,74.60459899902344,78.03061832820038,78.46607606657372,75.23174277077426,76.15892341440336,3.4260193291769383,1.5543244153799236,True,False,2025
2025-07-22,EXXO34,AUTOENCODER,74.52560424804688,77.79827152181088,77.79827152181088,75.51503905187744,75.12359083219383,3.272667273764,0.5979865841469518,True,False,2025
2025-07-23,EXXO34,AUTOENCODER,74.73295593261719,77.52282758945216,77.52282758945216,75.30372982304776,75.30466576609571,2.7898716568349755,0.571709833478522,True,True,2025
2025-07-24,EXXO34,AUTOENCODER,75.24637603759766,77.23956188731381,77.23956188731381,75.37812530327706,75.3786990772502,1.9931858497161556,0.13232303965254744,True,False,2025
2025-07-25,EXXO34,AUTOENCODER,76.84589385986328,77.00709641291314,77.28173431813728,75.72748082462631,76.00575245535207,0.1612025530498613,0.8401414045112148,False,True,2025
2025-07-28,EXXO34,AUTOENCODER,77.44818115234375,76.88713853205786,77.53470940559694,76.92208890094741,77.39433300249883,0.5610426202858889,0.053848149844924365,True,True,2025
2025-07-29,EXXO34,AUTOENCODER,77.3395767211914,76.92619578616859,77.71735288682189,77.35676262134375,77.68058755006426,0.4133809350228148,0.3410108288728537,True,True,2025
2025-07-30,EXXO34,AUTOENCODER,76.79652404785156,77.02848245231723,77.04943268850407,77.26916510887939,76.73261681031519,0.23195840446567217,0.06390723753636962,True,False,2025
2025-07-31,EXXO34,AUTOENCODER,77.01374053955078,77.13275551778327,76.69432756453459,76.90380190169314,76.50152008328338,0.11901497823248519,0.5122204562674,False,False,2025
2025-08-01,EXXO34,AUTOENCODER,74.86131286621094,77.26917213583977,76.7040580361259,77.2030071741619,76.97338896504256,2.4078592696288297,2.112076098831622,True,True,2025
2025-08-04,EXXO34,AUTOENCODER,72.72862243652344,77.32160275886133,76.739975920073,75.53800099785508,75.29969344156841,4.592980322337894,2.5710710050449705,True,True,2025
2025-08-05,EXXO34,AUTOENCODER,72.62001037597656,77.07948905920478,77.5096389247296,73.81073969162404,74.58582548755984,4.4594786832282125,1.9658151115832823,True,False,2025
2025-08-06,EXXO34,AUTOENCODER,71.92886352539062,76.7050760055314,76.32538404725041,73.71731960425473,72.91532347310962,4.776212480140771,0.9864599477189984,True,True,2025
2025-08-07,EXXO34,AUTOENCODER,70.76378631591797,76.25706814701846,76.25836235064186,72.99828914602026,73.32486768645488,5.493281831100489,2.561081370536911,True,False,2025
2025-08-08,EXXO34,AUTOENCODER,71.75113677978516,75.74295188732708,76.4340826207658,71.95349030603921,72.55230443297943,3.9918151075419246,0.8011676531942697,True,True,2025
2025-08-11,EXXO34,AUTOENCODER,71.0797348022461,75.21220662763585,74.90455617280976,72.61289947180434,71.78710993525311,4.132471825389757,0.7073751330070195,True,False,2025
2025-08-12,EXXO34,AUTOENCODER,70.56631469726562,74.71697921963528,74.9823651366708,71.8871179364894,72.44754256080115,4.150664522369652,1.8812278635355284,True,False,2025
2025-08-13,EXXO34,AUTOENCODER,71.31670379638672,74.2123564008374,74.2123564008374,71.36944635078045,71.12410132731154,2.8956526044506745,0.19260246907518308,True,False,2025
2025-08-14,EXXO34,AUTOENCODER,71.93929290771484,73.76831102200174,73.76831102200174,71.87328110413222,71.91309226775209,1.829018114286896,0.026200639962752348,True,False,2025
2025-08-15,EXXO34,AUTOENCODER,71.16415405273438,73.38324364471691,73.38324364471691,72.19797773371317,72.20858273585993,2.219089591982538,1.0444286831255596,True,False,2025
2025-08-18,EXXO34,AUTOENCODER,71.79022979736328,73.08494838099011,72.54591849125872,71.55056949632012,71.0000810791182,1.2947185836268318,0.7901487182450779,True,True,2025
2025-08-19,EXXO34,AUTOENCODER,73.15170288085938,72.87010252650862,72.33265720842728,72.06337287483183,71.95666490965093,0.2816003543507577,1.1950379712084498,False,True,2025
2025-08-20,EXXO34,AUTOENCODER,73.84733581542969,72.80675444645954,72.88703980844241,73.08266803254399,73.54576603634857,1.0405813689701517,0.30156977908112026,True,False,2025
2025-08-21,EXXO34,AUTOENCODER,74.01628875732422,72.90465039619494,72.90465039619494,73.62719171501668,73.51645930590848,1.1116383611292804,0.4998294514157351,True,False,2025
2025-08-22,EXXO34,AUTOENCODER,75.0299301147461,73.0860576689206,73.23026007064054,73.79250502006724,73.90036260803255,1.943872445825491,1.129567506713542,True,True,2025
2025-08-25,EXXO34,AUTOENCODER,74.84111022949219,73.3928918699728,73.24267796150366,74.73577600038413,74.47879377547383,1.4482183595193874,0.3623164540183552,True,False,2025
2025-08-26,EXXO34,AUTOENCODER,75.10943603515625,73.74169843062748,74.37227829851626,74.65108512155784,75.37391006468559,1.3677376045287701,0.26447402952933885,True,True,2025
2025-08-27,EXXO34,AUTOENCODER,75.67588806152344,74.08222402789409,74.13599254296749,74.96286410880265,74.50016918536832,1.5936640336293522,1.1757188761551163,True,False,2025
2025-08-28,EXXO34,AUTOENCODER,76.05352020263672,74.40590392705349,74.13667214434255,75.46416045415916,75.20864722548046,1.647616275583232,0.8448729771562569,True,False,2025
2025-08-29,EXXO34,AUTOENCODER,76.49078369140625,74.76509135894605,74.76509135894605,75.84802379067267,76.05245325599002,1.7256923324601985,0.4383304354162334,True,False,2025
2025-09-01,EXXO34,AUTOENCODER,77.10691833496094,75.15650489508903,75.15650489508903,76.29611594335617,76.26066294256105,1.9504134398719088,0.8462553923998826,True,False,2025
2025-09-02,EXXO34,AUTOENCODER,77.86219024658203,75.58292549452676,75.58292549452676,76.88876985055931,76.8821545983926,2.279264752055269,0.9800356481894283,True,False,2025
2025-09-03,EXXO34,AUTOENCODER,75.61625671386719,76.12185884698863,75.28296611447222,77.6849669347355,76.84690303587526,0.5056021331214424,1.2306463220080701,False,True,2025
2025-09-04,EXXO34,AUTOENCODER,75.78520202636719,76.48758849793171,76.34221820027211,75.89105135982507,76.33668589636355,0.7023864715645232,0.5514838699963605,True,False,2025
2025-09-05,EXXO34,AUTOENCODER,73.39020538330078,76.71811400832371,76.09366093982182,76.22474804356531,75.62137086745395,3.3279086250229284,2.2311654841531663,True,True,2025
2025-09-08,EXXO34,AUTOENCODER,73.5889663696289,76.74890061800386,76.66901947943387,74.24837458087151,74.58627808823034,3.1599342483749524,0.9973117186014377,True,False,2025
2025-09-09,EXXO34,AUTOENCODER,74.54298400878906,76.5943226347598,76.5943226347598,74.44723798620343,74.44081573225732,2.051338625970743,0.10216827653174221,True,False,2025
2025-09-10,EXXO34,AUTOENCODER,75.33799743652344,76.45271558108436,76.45271558108436,75.13361179878571,75.13817887110345,1.1147181445609249,0.19981856541998866,True,False,2025
2025-09-11,EXXO34,AUTOENCODER,75.01006317138672,76.3627084743523,76.3627084743523,75.6624202220652,75.67132111216769,1.352645302965584,0.6612579407809704,True,False,2025
2025-09-12,EXXO34,AUTOENCODER,74.47341918945312,76.29244669278296,76.29244669278296,75.33063559379386,75.31783056661553,1.8190275033298349,0.8444113771624018,True,False,2025
2025-09-15,EXXO34,AUTOENCODER,73.88709259033203,76.23641991307511,76.23641991307511,74.93851406947906,74.92163702547424,2.349327322743079,1.0345444351422088,True,False,2025
2025-09-16,EXXO34,AUTOENCODER,75.66594696044922,76.09511210916696,76.64086373523843,74.46126708615328,74.99374696543465,0.42916514871774325,0.6721999950145658,False,True,2025
2025-09-17,EXXO34,AUTOENCODER,75.91439056396484,76.02829169992151,75.74062130058681,75.86737897176606,75.18170095387951,0.11390113595666662,0.7326896100853304,False,False,2025
2025-09-18,EXXO34,AUTOENCODER,75.38768768310547,76.0318001454691,75.89696798326139,75.94546388958896,76.08594220923534,0.644112462363637,0.6982545261298725,False,False,2025
2025-09-19,EXXO34,AUTOENCODER,74.62248229980469,76.0452251091674,75.45315671193767,75.561225436914,75.03009039831127,1.4227428093627168,0.40760809850658575,True,True,2025
2025-09-22,EXXO34,AUTOENCODER,74.00634765625,76.03078372815605,76.18145310812143,74.9681601720151,75.54145764059841,2.0244360719060523,1.5351099843484093,True,False,2025
2025-09-23,EXXO34,AUTOENCODER,74.69205474853516,75.94345955037215,76.2388220356634,74.49114857583007,74.58982186232521,1.2514048018369976,0.10223288620994708,True,False,2025
2025-09-24,EXXO34,AUTOENCODER,75.77526092529297,75.87257863135324,76.54931839638292,75.08888491446473,75.56347725189775,0.09731770606026657,0.21178367339521742,False,True,2025
2025-09-25,EXXO34,AUTOENCODER,76.88829040527344,75.87381174677364,75.73052361144755,75.8678451655671,75.24154066355196,1.0144786584997973,1.6467497417214787,False,False,2025
2025-09-26,EXXO34,AUTOENCODER,77.70318603515625,75.9905913887211,75.9905913887211,76.72799620557456,76.91922040597797,1.71259464643515,0.783965629178283,True,False,2025
2025-09-29,EXXO34,AUTOENCODER,75.08955383300781,76.25308502942619,75.71853595639006,77.45599822496095,76.91432858120356,1.1635311964183757,1.8247747481957504,False,True,2025
2025-09-30,EXXO34,AUTOENCODER,74.16534423828125,76.42991584450374,75.99643643713644,75.37806518950883,75.27578513010258,2.264571606222489,1.1104408918213267,True,True,2025
2025-10-01,EXXO34,AUTOENCODER,74.29454040527344,76.54987372535902,76.80189875327103,74.92106850084373,75.41504328838032,2.255333320085583,1.1205028831068802,True,True,2025
2025-10-02,EXXO34,AUTOENCODER,73.68833923339844,76.52894172008462,76.5309770804418,74.98168859486935,74.73539853987208,2.84060248668618,1.047059306473642,True,False,2025
2025-10-03,EXXO34,AUTOENCODER,74.79142761230469,76.42547869278178,76.01644516899357,74.43323838968213,74.03177833029396,1.634051080477093,0.7596492820107272,True,False,2025
2025-10-06,EXXO34,AUTOENCODER,75.14918518066406,76.32621032169982,76.32621032169982,75.29882627719374,75.63425921164783,1.177025141035756,0.48507403098376756,True,False,2025
2025-10-07,EXXO34,AUTOENCODER,75.6063232421875,76.28659584388447,76.28659584388447,75.50182975740331,75.46078711294999,0.68027260169697,0.14553612923751302,True,False,2025
2025-10-08,EXXO34,AUTOENCODER,75.656005859375,76.27498701670493,76.27498701670493,75.82718282849612,75.82910665004326,0.6189811573299266,0.1731007906682578,True,False,2025
2025-10-09,EXXO34,AUTOENCODER,75.2684326171875,76.31231584543559,76.31231584543559,75.86759112366983,75.86114767410298,1.0438832282480917,0.5927150569154804,True,False,2025
2025-10-10,EXXO34,AUTOENCODER,75.73551177978516,76.37467330556535,75.7177932491994,75.62610214756486,74.95867686152572,0.6391615257801959,0.7768349182594392,False,True,2025
2025-10-13,EXXO34,AUTOENCODER,75.81501770019531,76.45879860652644,76.62315675492711,76.02876071999043,76.70403270208875,0.6437809063311306,0.8890150018934406,False,False,2025
2025-10-14,EXXO34,AUTOENCODER,76.08332824707031,76.56147739305982,75.87536265277303,76.11766787931373,75.23065305725194,0.4781491459895051,0.8526751898183704,False,True,2025
2025-10-15,EXXO34,AUTOENCODER,75.61625671386719,76.66493010140516,76.02490931747836,76.34688351504478,76.25627905800079,1.0486733875379741,0.6400223441335982,True,True,2025
2025-10-16,EXXO34,AUTOENCODER,74.70198822021484,76.7410994861392,76.75508426945879,75.95123629383663,76.37169353004441,2.0391112659243618,1.6697053098295669,True,False,2025
2025-10-17,EXXO34,AUTOENCODER,75.1988754272461,76.71959477872394,77.43753317234105,75.24640257572281,75.85930237915534,1.520719351477851,0.660426951909244,True,True,2025
2025-10-20,EXXO34,AUTOENCODER,74.95043182373047,76.69805395495746,76.20614053776681,75.70961931751555,74.67186249765034,1.74762213122699,0.27856932608013096,True,True,2025
2025-10-21,EXXO34,AUTOENCODER,75.28831481933594,76.65228937847633,76.27705781726111,75.42253890885843,75.4938838757372,1.363974559140388,0.20556905640125933,True,False,2025
2025-10-22,EXXO34,AUTOENCODER,77.24604797363281,76.63061956774118,77.3747769249488,75.73410476278079,76.72483160060678,0.6154284058916346,0.5212163730260357,True,True,2025
2025-10-23,EXXO34,AUTOENCODER,77.4448013305664,76.73888091027823,77.72603191013006,77.29111838622656,77.67306273587067,0.7059204202881801,0.22826140530426642,True,True,2025
2025-10-24,EXXO34,AUTOENCODER,77.11685943603516,77.03862598753278,77.89178915813795,77.4830209325869,77.64047076980422,0.0782334485023739,0.5236113337690682,False,False,2025
2025-10-27,EXXO34,AUTOENCODER,77.06716918945312,77.29997422395616,77.29997422395616,77.26168020901422,76.6830263652994,0.23280503450303058,0.38414282415372725,False,False,2025
2025-10-28,EXXO34,AUTOENCODER,76.44108581542969,77.50750909705391,77.50750909705391,77.28745854195284,77.36244869768763,1.0664232816242247,0.921362882257938,True,False,2025
2025-10-29,EXXO34,AUTOENCODER,78.25969696044922,77.64382768501423,78.19957253835975,76.84262005886545,77.38096013911024,0.6158692754349886,0.8787368213389755,False,True,2025
2025-10-30,EXXO34,AUTOENCODER,76.65972137451172,77.7631509499837,76.84205255439103,78.3079608961153,76.98389138729294,1.1034295754719778,0.3241700127812237,True,True,2025
2025-10-31,EXXO34,AUTOENCODER,76.68952941894531,77.83324762823315,77.67192530814195,76.90650696564407,77.47659471418622,1.1437182092878402,0.7870652952409074,True,False,2025
2025-11-03,EXXO34,AUTOENCODER,76.51065063476562,77.89312853856461,77.99069719605117,77.08760963727428,77.202982146034,1.3824779037989856,0.6923315112683781,True,False,2025
2025-11-04,EXXO34,AUTOENCODER,76.29202270507812,77.83095166019098,77.83095166019098,76.8474605259227,76.73984547077167,1.5389289551128513,0.4478227656935445,True,False,2025
2025-11-05,EXXO34,AUTOENCODER,75.76531982421875,77.80125886000508,78.41749349042516,76.7277722080004,77.3329396710615,2.0359390357863276,1.5676198468427458,True,True,2025
2025-11-06,EXXO34,AUTOENCODER,75.78520202636719,77.74655290685632,77.57248946985233,76.2988122530204,75.62683679904282,1.9613508804891353,0.1583652273243672,True,False,2025
2025-11-07,EXXO34,AUTOENCODER,77.60380554199219,77.66070949947266,78.35256364044042,76.33641129723799,77.2310048563398,0.056903957480471945,0.3728006856523933,False,True,2025
2025-11-10,EXXO34,AUTOENCODER,77.53424072265625,77.68943747713297,77.48647602862755,77.77692159977582,77.04272369060426,0.15519675447671943,0.4915170320519877,False,False,2025
2025-11-11,EXXO34,AUTOENCODER,78.2000732421875,77.77940330803506,77.74467878387236,77.63064804522877,77.79946932068226,0.4206699341524427,0.4006039215052368,True,True,2025
2025-11-12,EXXO34,AUTOENCODER,77.45474243164062,77.96094472720813,77.12057740781505,78.27541270522877,77.44988186151262,0.5062022955675047,0.0048605701280024505,True,True,2025
2025-11-13,EXXO34,AUTOENCODER,78.4000015258789,78.12754945541019,78.0687356973474,77.66947872361571,78.22685042013426,0.27245207046871656,0.1731511057446511,True,False,2025
2025-11-14,EXXO34,AUTOENCODER,78.62999725341797,78.28017199620933,78.9710574073505,78.51304265880681,79.17379566401374,0.3498252572086358,0.5437984105957696,False,True,2025
2025-11-17,EXXO34,AUTOENCODER,78.18000030517578,78.51864310387089,78.43224937544701,78.72208476294101,78.07986722690305,0.33864279869510483,0.10013307827273366,True,False,2025
2025-11-18,EXXO34,AUTOENCODER,79.0199966430664,78.72552272316784,78.9670743676464,78.40263091123211,78.75566875096679,0.2944739198985644,0.26432789209961527,True,False,2025
2025-11-19,EXXO34,AUTOENCODER,78.58000183105469,78.93641641692955,78.00699454625182,79.17004758737177,78.05658542961486,0.35641458587485886,0.5234164014398317,False,True,2025
2025-11-20,EXXO34,AUTOENCODER,78.58000183105469,79.1131801587834,79.1401728890069,78.78179709049672,79.5278624166073,0.5331783277287059,0.9478605855526183,False,False,2025
2025-11-21,EXXO34,AUTOENCODER,78.94999694824219,79.27706584168607,78.88967260990148,78.86875227895631,78.3448039385717,0.32706889344387946,0.6051930096704865,False,False,2025
2025-11-24,EXXO34,AUTOENCODER,77.83999633789062,79.43992994779694,79.43992994779694,79.20240557650561,79.49579582469674,1.5999336099063157,1.6557994868061172,False,False,2025
2025-11-25,EXXO34,AUTOENCODER,78.30999755859375,79.55450133284091,79.039557768055,78.35638988084145,77.77483733210582,1.244503774247164,0.5351602264879318,True,True,2025
2025-11-26,EXXO34,AUTOENCODER,76.93000030517578,79.58045351093563,79.19088787558087,78.73763328200619,78.74324894954964,2.6504532057598453,1.8132486443738571,True,False,2025
2025-11-27,EXXO34,AUTOENCODER,76.20999908447266,79.47496796796418,79.56874203842575,77.5385136705451,77.84020085689806,3.2649688834915196,1.6302017724254085,True,False,2025
2025-11-28,EXXO34,AUTOENCODER,77.08999633789062,79.29647064125152,79.29647064125152,77.01111485557766,76.87647309046422,2.206474303360892,0.2135232474264086,True,False,2025
2025-12-01,EXXO34,AUTOENCODER,77.86000061035156,79.12205446222731,79.12205446222731,77.6890220901278,77.71000402522692,1.2620538518757485,0.1499965851246401,True,False,2025
2025-12-02,EXXO34,AUTOENCODER,76.68000030517578,79.02606236014935,79.02606236014935,78.21822629923004,78.22507678845636,2.3460620549735722,1.5450764832805817,True,False,2025
2025-12-03,EXXO34,AUTOENCODER,78.41999816894531,78.92015373992069,79.58741185576206,77.23634571494544,77.88690122530073,0.5001555709753802,0.5330969436445798,False,True,2025
2025-12-04,EXXO34,AUTOENCODER,77.56999969482422,78.88398579390798,78.98815232654823,78.66096441673396,78.27006482198219,1.3139860990837633,0.7000651271579699,True,False,2025
2025-12-05,EXXO34,AUTOENCODER,79.37999725341797,78.90296751621622,79.44725511886111,77.9337228367018,78.454389826508,0.4770297372017467,0.9256074269099628,False,True,2025
2025-12-08,EXXO34,AUTOENCODER,78.3499984741211,79.00083766855789,78.43098443812181,79.45453198812248,78.5088078661263,0.6508391944367986,0.15880939200521027,True,True,2025
2025-12-09,EXXO34,AUTOENCODER,80.0999984741211,79.10351645509127,79.80822409653946,78.5506593760832,79.7338225380805,0.9964820190298269,0.36617593604059095,True,True,2025
2025-12-10,EXXO34,AUTOENCODER,81.47000122070312,79.351568714785,79.14426499563695,80.1158108929116,79.31660441193377,2.118432505918122,2.153396808769358,False,False,2025
2025-12-11,EXXO34,AUTOENCODER,80.47000122070312,79.75555074115437,79.94394998907816,81.22211013489503,81.6483822868269,0.7144504795487592,1.1783810661237766,False,False,2025
2025-12-12,EXXO34,AUTOENCODER,81.37000274658203,80.18066599246924,80.24831582813536,80.49299627496013,80.34749773695137,1.1893367541127873,1.0225050096306632,True,False,2025
2025-12-15,EXXO34,AUTOENCODER,79.44999694824219,80.58198056832668,79.91794221872426,81.40188929398778,80.71304997252052,1.1319836200844975,1.263053024278335,False,True,2025
2025-12-16,EXXO34,AUTOENCODER,78.18000030517578,80.84287993009912,80.25790722770962,79.87007562287256,79.76209268316556,2.6628796249233346,1.582092377989781,True,True,2025
2025-12-17,EXXO34,AUTOENCODER,81.0,80.94049726798221,81.50208342553147,79.01149705710418,79.92973696307705,0.05950273201779055,1.0702630369229524,False,True,2025
2025-12-18,EXXO34,AUTOENCODER,81.0999984741211,81.10603398408375,80.75027797561704,81.3262429763164,80.51825832655396,0.00603550996265767,0.5817401475671318,False,False,2025
2025-12-19,EXXO34,AUTOENCODER,81.0999984741211,81.26237134958035,81.09322901130716,81.2030233988959,81.35035733333588,0.16237287545925483,0.25035885921478496,False,False,2025
2025-12-22,EXXO34,AUTOENCODER,82.55000305175781,81.43655535206096,82.13669763518094,81.29901053413674,82.0888525181534,1.1134476996968488,0.4611505336044104,True,True,2025
2025-12-23,EXXO34,AUTOENCODER,82.98999786376953,81.66882992574801,82.18108619797256,82.48222288188713,82.44478697837336,1.3211679380215173,0.5452108853961732,True,True,2025
2025-12-24,EXXO34,AUTOENCODER,82.98999786376953,81.99166882987174,82.09514370121576,82.8414821651395,82.61146718197247,0.9983290338977895,0.3785306817970593,True,False,2025
2025-12-26,EXXO34,AUTOENCODER,83.38999938964844,82.30742376967657,81.64421701282906,82.93212026118783,82.23344552564159,1.0825756199718626,1.1565538640068525,False,True,2025
2025-12-29,EXXO34,AUTOENCODER,83.79000091552734,82.6358813461552,83.19754818658005,83.3503917726698,84.4328924242365,1.154119569372142,0.6428915087091553,True,True,2025
2025-12-30,EXXO34,AUTOENCODER,82.9000015258789,82.99108050097675,82.88336574337674,83.71914190509692,83.09770456022159,0.0910789750978438,0.19770303434268044,False,False,2025
2025-12-31,EXXO34,AUTOENCODER,82.9000015258789,83.35790912089283,83.35505847153281,83.14713492621449,83.24644377618765,0.4579075950139213,0.34644225030874054,True,False,2025
2026-01-02,EXXO34,AUTOENCODER,82.25,83.66399003804804,83.17583312723957,83.27836995268444,82.76249952049707,1.4139900380480412,0.512499520497073,True,False,2026
2026-01-05,EXXO34,AUTOENCODER,84.33999633789062,83.80705722420873,83.10489407854806,82.77064088792285,82.42338619887605,0.5329391136818913,1.9166101390145798,False,True,2026
2026-01-06,EXXO34,AUTOENCODER,81.72000122070312,84.08805791517739,84.04275164768492,84.56461182543522,85.02112661869361,2.3680566944742623,3.3011253979904893,False,True,2026
2026-01-07,EXXO34,AUTOENCODER,80.1500015258789,84.28476820186506,83.99489106505678,82.42833023636517,82.0227925047553,4.134766675986157,1.8727909788763952,True,True,2026
2026-01-08,EXXO34,AUTOENCODER,82.55000305175781,84.31183482736901,83.56329292384586,81.389870217726,80.82468308020394,1.7618317756111992,1.7253199715538727,True,True,2026
2026-01-09,EXXO34,AUTOENCODER,83.30000305175781,84.28747692820696,84.88432244416452,83.27964852626958,84.46075521209664,0.987473876449144,1.1607521603388307,False,True,2026
2026-01-12,EXXO34,AUTOENCODER,83.47000122070312,84.31478604921199,84.30056530001436,83.66628313378429,83.13484418610818,0.8447848285088639,0.3351570345949426,True,False,2026
2026-01-13,EXXO34,AUTOENCODER,84.76000213623047,84.38369604734976,84.96121846615489,83.81634867366701,84.46053750264525,0.3763060888807104,0.2994646335852167,True,True,2026
2026-01-14,EXXO34,AUTOENCODER,88.26000213623047,84.54071962351964,85.30380317522298,84.86542291742903,85.20279937551531,3.7192825127108335,3.057202760715157,True,True,2026
2026-01-15,EXXO34,AUTOENCODER,87.66999816894531,84.97688131883069,84.19169780089454,87.88284542872657,86.69835799855737,2.6931168501146203,0.9716401703879427,True,True,2026
2026-01-16,EXXO34,AUTOENCODER,86.83000183105469,85.45354492230149,85.45354492230149,87.11109474416722,87.7513005125768,1.3764569087531981,0.9212986815221171,True,False,2026
2026-01-19,EXXO34,AUTOENCODER,87.33000183105469,85.93389755307601,85.93389755307601,86.69616327348633,86.58698262000874,1.3961042779786794,0.7430192110459473,True,False,2026
2026-01-20,EXXO34,AUTOENCODER,88.19000244140625,86.39856020898253,86.39856020898253,87.27682468604979,87.26418087289382,1.7914422324237194,0.9258215685124327,True,False,2026
2026-01-21,EXXO34,AUTOENCODER,89.30000305175781,86.87623507028762,86.2942610794885,88.06119763747353,87.4494259356515,2.423767981470192,1.850577116106308,True,True,2026
2026-01-22,EXXO34,AUTOENCODER,87.69839477539062,82.81494621552997,82.83838824707284,84.45464302240876,84.9135076272912,4.883448559860653,2.784887148099429,True,True,2026
2026-01-23,EXXO34,AUTOENCODER,88.43485260009766,81.60041007809116,81.62431251982593,85.03146345701585,85.01587345069649,6.834442522006498,3.418979149401167,True,True,2026
2026-01-26,EXXO34,AUTOENCODER,88.3751449584961,81.62910193940024,81.61592275435294,86.30499295237568,86.29593750433517,6.7460430190958505,2.0792074541609225,True,False,2026
2026-01-27,EXXO34,AUTOENCODER,87.95714569091797,82.28601193287875,82.86506407311505,86.80481523879689,87.38843000515584,5.671133758039218,0.5687156857621289,True,True,2026
2026-01-28,EXXO34,AUTOENCODER,88.57418060302734,83.225243443885,83.9982372737275,86.94947736802509,87.24754079289885,5.348937159142338,1.3266398101284977,True,True,2026
2026-01-29,EXXO34,AUTOENCODER,91.0522689819336,84.25127286584302,84.62357244261003,87.8279330476657,87.6405026916462,6.800996116090573,3.411766290287389,True,True,2026
2026-01-30,EXXO34,AUTOENCODER,92.32614135742188,85.36756220899167,85.42546904843364,90.04526714303901,89.88797659802721,6.9585791484302035,2.4381647593946667,True,False,2026
2026-02-02,EXXO34,AUTOENCODER,90.33570861816406,86.60529020339582,85.97696484685295,91.36693742088954,90.7142887261405,3.7304184147682378,0.3785801079764326,True,True,2026
2026-02-03,EXXO34,AUTOENCODER,93.85877227783205,87.70287643608854,87.92117252945044,90.00266754419508,90.71035346124383,6.155895841743501,3.1484188165882188,True,True,2026
2026-02-04,EXXO34,AUTOENCODER,96.07810974121094,88.78879708733551,89.17157799853833,93.17583314147505,93.3640280982858,7.289312653875427,2.7140816429251373,True,True,2026
2026-02-05,EXXO34,AUTOENCODER,95.39141082763672,90.0046076160247,89.16538595085868,95.10375851009921,93.99570522447922,5.386803211612019,1.395705603157495,True,True,2026
2026-02-06,EXXO34,AUTOENCODER,96.28710174560548,91.16762119870133,91.39004648371336,94.74158751680176,95.58512818507104,5.119480546904157,0.7019735605344408,True,True,2026
2026-02-09,EXXO34,AUTOENCODER,97.65055084228516,92.27635190548641,92.49367105149365,95.74001434918351,95.70607436347065,5.374198936798749,1.944476478814508,True,False,2026
2026-02-10,EXXO34,AUTOENCODER,98.0486297607422,93.3065759836653,93.60464014882437,96.98964823386375,97.13089222260444,4.7420537770769045,0.9177375381377573,True,False,2026
2026-02-11,EXXO34,AUTOENCODER,100.75,94.24944492718781,95.09167222195646,97.51747165232476,98.12714352160017,6.50055507281219,2.622856478399825,True,True,2026
2026-02-12,EXXO34,AUTOENCODER,97.87999725341795,95.72901832835372,95.95830782990332,100.36907180276711,99.99425861111246,2.150978925064237,2.1142613576945024,True,True,2026
2026-02-13,EXXO34,AUTOENCODER,97.3000030517578,96.49949876799938,96.49949876799938,97.70648397619885,97.49634239406271,0.8005042837584142,0.1963393423049098,True,False,2026
2026-02-17,EXXO34,AUTOENCODER,97.3000030517578,97.04392696532624,97.04392696532624,97.48763993275212,97.46753825286424,0.25607608643156254,0.16753520110644615,True,False,2026
2026-02-18,EXXO34,AUTOENCODER,98.25,97.50515856786636,98.30498418424804,97.66506845034719,98.44866478926554,0.7448414321336401,0.19866478926553555,True,True,2026
2026-02-19,EXXO34,AUTOENCODER,98.38999938964844,97.85102422563556,98.44229769891791,98.4122190862991,98.39624624907712,0.5389751640128821,0.006246859428685525,True,True,2026
2026-02-20,EXXO34,AUTOENCODER,95.6500015258789,98.24281956320577,97.41037664068861,98.61045536195844,97.37359407303231,2.5928180373268646,1.7235925471534017,True,True,2026
2026-02-23,EXXO34,AUTOENCODER,97.91000366210938,98.34584403481516,99.12940605705705,96.3956556377643,97.79592537161847,0.43584037270578335,0.11407829049090878,True,True,2026
2026-02-24,EXXO34,AUTOENCODER,95.87000274658205,98.31993313255042,98.84901831633535,98.16081360727631,98.06679119422073,2.449930385968372,2.1967884476386814,True,True,2026
2026-02-25,EXXO34,AUTOENCODER,95.8000030517578,98.24720512014026,98.30919548025214,96.38588392316396,96.01666589435152,2.4472020683824667,0.21666284259372048,True,True,2026
2026-02-26,EXXO34,AUTOENCODER,95.47000122070312,98.01979077543238,97.28103836634973,96.3457593241079,95.6001010623304,2.5497895547292586,0.1300998416272705,True,True,2026
2026-02-27,EXXO34,AUTOENCODER,98.4499969482422,97.72968360447622,98.59000678955597,95.97848617139552,97.40832549376086,0.7203133437659801,1.041671454481346,False,True,2026
2026-03-02,EXXO34,AUTOENCODER,99.7699966430664,97.7068064757144,98.42063632120947,98.40387474921363,98.47104420093956,2.063190167352005,1.298952442126847,True,True,2026
2026-03-03,EXXO34,AUTOENCODER,99.87000274658205,98.16797100503082,98.7566930800209,99.68056421488382,99.82016484977233,1.7020317415512238,0.04983789680971995,True,True,2026
2026-03-04,EXXO34,AUTOENCODER,97.9499969482422,98.76413329574847,98.96043763839006,99.9306439896007,99.71929211204414,0.8141363475062633,1.7692951638019423,False,True,2026
2026-03-05,EXXO34,AUTOENCODER,98.68000030517578,99.03307112540789,99.90334233096337,98.34613135079526,99.04728895386457,0.3530708202321051,0.36728864868878475,False,True,2026
2026-03-06,EXXO34,AUTOENCODER,98.63999938964844,99.14346849214597,100.24247450329008,98.94309710855983,99.39401204746063,0.5034691024975331,0.7540126578121971,False,True,2026
2026-03-09,EXXO34,AUTOENCODER,97.04000091552734,99.30746252410232,99.95116475012954,98.96996447823294,98.82985355448614,2.267461608574976,1.7898526389587914,True,True,2026
2026-03-10,EXXO34,AUTOENCODER,95.33000183105467,99.22436395941178,98.76838853848557,97.58226733935702,96.66798744506342,3.894362128357102,1.337985614008744,True,True,2026
2026-03-11,EXXO34,AUTOENCODER,97.16999816894533,98.9029851877733,99.76403908047743,96.14842354154021,97.3624865962851,1.73298701882797,0.192488427339768,True,True,2026
2026-03-12,EXXO34,AUTOENCODER,100.47000122070312,98.41982064108196,98.9880030299903,97.36707376856126,97.28082211666626,2.05018057962117,3.1891791040368673,False,True,2026
2026-03-13,EXXO34,AUTOENCODER,104.16999816894533,98.13405775123032,97.73595736997036,99.7580470481278,99.1024106476179,6.035940417715011,5.067587521327425,True,True,2026
2026-03-16,EXXO34,AUTOENCODER,102.47000122070312,98.15058356165524,97.80402327414771,102.53203070287877,102.64345120302333,4.319417659047886,0.17344998232020714,True,True,2026
2026-03-17,EXXO34,AUTOENCODER,103.6999969482422,98.2966793618401,97.74907503752607,101.13389711331958,100.7629022073131,5.403317586402096,2.9370947409290977,True,True,2026
2026-03-18,EXXO34,AUTOENCODER,103.62000274658205,98.53663639938064,98.6661944759738,102.31512870441519,102.86517135903985,5.083366347201405,0.7548313875421968,True,True,2026
2026-03-19,EXXO34,AUTOENCODER,102.9000015258789,98.80131765907423,99.2322865491176,102.21057887475105,102.46748282257414,4.098683866804677,0.4325187033047655,True,False,2026
2026-03-20,EXXO34,AUTOENCODER,106.29000091552734,99.03000639503249,99.53434137906098,101.78850788749222,101.9312337202337,7.259994520494857,4.3587671952936375,True,True,2026
2026-03-23,EXXO34,AUTOENCODER,105.12000274658205,99.2961890630413,98.5358467333114,104.51774411297131,103.481913538966,5.823813683540749,1.6380892076160478,True,True,2026
2026-03-24,EXXO34,AUTOENCODER,108.9000015258789,99.51126193458764,99.19187315993716,103.46395259135102,103.74153938203021,9.38873959129127,5.158462143848695,True,True,2026
2026-03-25,EXXO34,AUTOENCODER,106.37000274658205,99.97573884925929,99.1512036700697,106.76373738640606,106.21893587941027,6.394263897322759,0.15106686717177809,True,True,2026
2026-03-26,EXXO34,AUTOENCODER,106.37000274658205,100.4717040627206,100.34711793185782,104.69956666479489,105.10978611931732,5.898298683861441,1.2602166272647253,True,False,2026
