Date,Ativo,Modelo,Real,Pred_Base,Pred_SeqOnly,Pred_ResidualOnly,Pred_Hibrido,ErroAbs_Base,ErroAbs_Hibrido,Hybrid_Better,Event_Day,Year
2020-12-29,PETR4,AUTOENCODER,8.374804496765137,7.329435821800416,7.3821991941608305,7.329435821800416,7.3821991941608305,1.0453686749647204,0.9926053026043062,True,True,2020
2020-12-30,PETR4,AUTOENCODER,8.39554214477539,7.381442287729269,7.434580045866933,7.381442287729269,7.434580045866933,1.014099857046122,0.9609620989084577,True,True,2020
2020-12-31,PETR4,AUTOENCODER,8.39554214477539,7.4321015684542715,7.4321015684542715,7.4321015684542715,7.4321015684542715,0.9634405763211191,0.9634405763211191,False,False,2020
2021-01-04,PETR4,AUTOENCODER,8.564399719238281,7.477754351228548,7.477754351228548,7.477754351228548,7.477754351228548,1.0866453680097337,1.0866453680097337,False,True,2021
2021-01-05,PETR4,AUTOENCODER,8.899155616760254,7.50791504198771,7.545196828246356,7.50791504198771,7.545196828246356,1.391240574772544,1.3539587885138982,True,True,2021
2021-01-06,PETR4,AUTOENCODER,8.91693115234375,7.524836222903907,7.640230002771932,7.524836222903907,7.640230002771932,1.3920949294398426,1.2767011495718181,True,True,2021
2021-01-07,PETR4,AUTOENCODER,9.183548927307127,7.555580381464942,7.653489087104479,7.555580381464942,7.653489087104479,1.6279685458421849,1.5300598402026484,True,True,2021
2021-01-08,PETR4,AUTOENCODER,9.219101905822754,7.625209588028046,7.718935392330529,7.625209588028046,7.718935392330529,1.5938923177947082,1.5001665134922249,True,True,2021
2021-01-11,PETR4,AUTOENCODER,9.142075538635254,7.722433118281817,7.82297670782107,7.722433118281817,7.82297670782107,1.419642420353437,1.319098830814184,True,True,2021
2021-01-12,PETR4,AUTOENCODER,9.073939323425291,7.828208900448471,7.905902416657378,7.828208900448471,7.905902416657378,1.2457304229768198,1.168036906767913,True,True,2021
2021-01-13,PETR4,AUTOENCODER,8.635499000549316,7.934854429193635,7.984067462396585,7.934854429193635,7.984067462396585,0.7006445713556815,0.6514315381527318,True,True,2021
2021-01-14,PETR4,AUTOENCODER,8.724373817443848,8.013128855280929,8.094414929402038,8.013128855280929,8.094414929402038,0.7112449621629189,0.6299588880418092,True,True,2021
2021-01-15,PETR4,AUTOENCODER,8.330368995666504,8.0689890207803,8.039249769951317,8.0689890207803,8.039249769951317,0.26137997488620357,0.2911192257151871,False,True,2021
2021-01-18,PETR4,AUTOENCODER,8.315555572509766,8.081958694052265,7.996763796180531,8.081958694052265,7.996763796180531,0.23359687845750088,0.3187917763292347,False,True,2021
2021-01-19,PETR4,AUTOENCODER,8.499228477478027,8.072655939968103,8.160968383244143,8.072655939968103,8.160968383244143,0.42657253750992474,0.3382600942338847,True,True,2021
2021-01-20,PETR4,AUTOENCODER,8.35702896118164,8.054315351075635,8.015905205283003,8.054315351075635,8.015905205283003,0.3027136101060055,0.3411237558986375,False,True,2021
2021-01-21,PETR4,AUTOENCODER,8.16150951385498,8.036854036021017,8.034293819575154,8.036854036021017,8.034293819575154,0.12465547783396325,0.12721569427982615,False,True,2021
2021-01-22,PETR4,AUTOENCODER,8.025236129760742,8.01521240543252,7.904969111755448,8.253369744652094,8.141606027969761,0.010023724328222627,0.11636989820901888,False,True,2021
2021-01-25,PETR4,AUTOENCODER,8.025236129760742,7.971946508454,7.96643516785231,8.43565175972277,8.52584204970318,0.05328962130674242,0.5006059199424371,False,False,2021
2021-01-26,PETR4,AUTOENCODER,7.99857759475708,7.916655673532963,7.916655673532963,8.373829262567622,8.418173346477076,0.0819219212241169,0.41959575171999575,False,False,2021
2021-01-27,PETR4,AUTOENCODER,8.117073059082031,7.855266777972076,7.855266777972076,8.334341182310427,8.30703142105657,0.26180628110995485,0.1899583619745382,True,True,2021
2021-01-28,PETR4,AUTOENCODER,8.22372055053711,7.788356374626916,7.875472105584886,7.952913767103819,8.032317235321598,0.43536417591019294,0.19140331521551168,True,True,2021
2021-01-29,PETR4,AUTOENCODER,7.906741142272949,7.728460185473033,7.674322336813552,8.363544737832314,8.211193522142105,0.17828095679991662,0.3044523798691561,False,True,2021
2021-02-01,PETR4,AUTOENCODER,8.155584335327148,7.6681391112856545,7.745473184936637,7.830759426772429,7.939240557942694,0.48744522404149393,0.21634377738445476,True,True,2021
2021-02-02,PETR4,AUTOENCODER,8.490339279174805,7.624742137658465,7.708142657704153,7.941788168987516,7.985086174422072,0.8655971415163393,0.5052531047527324,True,True,2021
2021-02-03,PETR4,AUTOENCODER,8.573287963867188,7.597701777998809,7.688310144110653,8.2501204046467,8.280472077058285,0.9755861858683783,0.2928158868089028,True,True,2021
2021-02-04,PETR4,AUTOENCODER,8.537740707397461,7.617602839771976,7.716416759170475,8.442137843978132,8.469434344396257,0.9201378676254848,0.06830636300120396,True,True,2021
2021-02-05,PETR4,AUTOENCODER,8.54366397857666,7.658860329015317,7.761259069959575,8.467598348726252,8.493860204059871,0.8848036495613432,0.04980377451678919,True,True,2021
2021-02-08,PETR4,AUTOENCODER,8.327406883239746,7.68858261217934,7.777100379835176,8.473694938158834,8.480859456635992,0.6388242710604057,0.15345257339624574,True,True,2021
2021-02-09,PETR4,AUTOENCODER,8.158546447753906,7.7067298899064784,7.706719763385717,8.319670835084334,8.24959488634098,0.4518165578474278,0.09104843858707312,True,True,2021
2021-02-10,PETR4,AUTOENCODER,8.23556900024414,7.726357888133707,7.825631360151223,8.187791760095331,8.275956008115983,0.5092111121104335,0.040387007871842684,True,True,2021
2021-02-11,PETR4,AUTOENCODER,8.31851863861084,7.749900206960646,7.7117350700382294,8.237797128796307,8.122688156741226,0.5686184316501937,0.1958304818696135,True,True,2021
2021-02-12,PETR4,AUTOENCODER,8.425166130065918,7.783311998137037,7.863892986207861,8.317317067378104,8.408360821029241,0.6418541319288806,0.016805309036676874,True,True,2021
2021-02-16,PETR4,AUTOENCODER,8.425166130065918,7.8311191708460655,7.902259222652948,8.425175752423932,8.437459470896536,0.5940469592198525,0.012293340830618504,True,True,2021
2021-02-17,PETR4,AUTOENCODER,8.76584529876709,7.884735820436209,7.928280162461835,8.552926059080526,8.524191038968153,0.881109478330881,0.24165425979893662,True,True,2021
2021-02-18,PETR4,AUTOENCODER,8.671048164367676,7.950767871936359,7.955398314591597,8.825444520932637,8.769598496999803,0.7202802924313172,0.09855033263212754,True,False,2021
2021-02-19,PETR4,AUTOENCODER,8.096334457397461,8.015284781870413,7.961898861353671,8.733485914116994,8.666807328586664,0.08104967552704778,0.5704728711892031,False,True,2021
2021-02-22,PETR4,AUTOENCODER,6.419597148895264,7.982407131878986,8.080735952110482,8.271733189428604,8.406797435712813,1.5628099829837225,1.987200286817549,False,True,2021
2021-02-23,PETR4,AUTOENCODER,7.127616882324219,7.668337032415181,7.6418046858754565,6.755714278702401,6.730154030338337,0.5407201500909622,0.3974628519858818,True,True,2021
2021-02-24,PETR4,AUTOENCODER,7.228343486785889,7.339311210270588,7.425545545808764,7.234028307609586,7.2907989755373475,0.1109677234846993,0.06245548875145879,True,True,2021
2021-02-25,PETR4,AUTOENCODER,6.869887351989746,7.112477845122287,6.924253615477863,7.239549061994722,6.960683429941348,0.24259049313254089,0.09079607795160172,True,True,2021
2021-02-26,PETR4,AUTOENCODER,6.588456630706787,6.939115685193713,6.831981183166408,6.984677487105974,6.986704097771114,0.35065905448692547,0.39824746706432723,False,True,2021
2021-03-01,PETR4,AUTOENCODER,6.517357349395752,6.789757301508201,6.803375728553818,6.731637518114978,6.843719968457751,0.2723999521124494,0.3263626190619995,False,True,2021
2021-03-02,PETR4,AUTOENCODER,6.514395236968994,6.68920184279828,6.65173414800842,6.637746734145045,6.62721490051898,0.17480660582928564,0.11281966354998563,True,True,2021
2021-03-03,PETR4,AUTOENCODER,6.277400970458984,6.57484568793714,6.650887700132786,6.574540454537197,6.686839362118073,0.2974447174781556,0.4094383916590889,False,True,2021
2021-03-04,PETR4,AUTOENCODER,6.582530975341797,6.428897755764602,6.507152929422308,6.3569275776701035,6.411828372892751,0.15363321957719478,0.17070260244904567,False,True,2021
2021-03-05,PETR4,AUTOENCODER,6.632892608642578,6.309551468325635,6.3908087094439505,6.472768512865664,6.508376936061963,0.32334114031694305,0.12451567258061491,True,True,2021
2021-03-08,PETR4,AUTOENCODER,6.250738620758057,6.229689985230772,6.158578362979088,6.5442624427026335,6.416574802197881,0.02104863552728453,0.1658361814398246,False,True,2021
2021-03-09,PETR4,AUTOENCODER,6.395896434783936,6.154338583775351,6.207688699042595,6.32700500825492,6.404965637847861,0.24155785100858562,0.009069203063925002,True,True,2021
2021-03-10,PETR4,AUTOENCODER,6.618079662322998,6.096205552261363,6.108909585501978,6.344324838264961,6.337172521015266,0.5218741100616349,0.28090714130773176,True,True,2021
2021-03-11,PETR4,AUTOENCODER,6.899511337280273,6.069417664974232,6.1304693992380646,6.4908819354648735,6.53498640444525,0.8300936723060417,0.36452493283502374,True,True,2021
2021-03-12,PETR4,AUTOENCODER,6.863964080810547,6.075947832924818,6.111763055436865,6.67984299442117,6.682095597158963,0.7880162478857287,0.18186848365158426,True,False,2021
2021-03-15,PETR4,AUTOENCODER,7.006158351898193,6.15614415308586,6.1263255079872,6.800191129876275,6.727031078121778,0.8500141988123335,0.27912727377641566,True,True,2021
2021-03-16,PETR4,AUTOENCODER,6.896549224853516,6.315338971044078,6.258355108051845,6.985907094488096,6.921724068530607,0.5812102538094379,0.025174843677091552,True,True,2021
2021-03-17,PETR4,AUTOENCODER,7.133544921875,6.451956182016325,6.540667652885102,6.987820077523704,7.092178779966905,0.6815887398586753,0.041366141908095067,True,True,2021
2021-03-18,PETR4,AUTOENCODER,6.884700775146484,6.556258465960131,6.53393454480101,7.119302500873036,7.040616017398856,0.32844230918635375,0.1559152422523713,True,True,2021
2021-03-19,PETR4,AUTOENCODER,7.10984468460083,6.644289881270469,6.745129243957631,7.02771733513094,7.121941224684505,0.46555480333036137,0.012096540083675222,True,True,2021
2021-03-22,PETR4,AUTOENCODER,6.967647552490234,6.713495278458391,6.659183808433774,7.1388107992681205,7.023540271482786,0.2541522740318438,0.05589271899255177,True,True,2021
2021-03-23,PETR4,AUTOENCODER,6.754352569580078,6.779545308818909,6.673635263438196,7.102158663316305,7.009887082057398,0.025192739238830697,0.25553451247732006,False,True,2021
2021-03-24,PETR4,AUTOENCODER,6.760275840759277,6.833865592610994,6.924947353947326,6.983303722028667,7.132576207125853,0.07358975185171701,0.3723003663665754,False,True,2021
2021-03-25,PETR4,AUTOENCODER,6.872849464416504,6.87251061514387,6.840019635202686,7.149692369529123,7.054622999496875,0.00033884927263372333,0.18177353508037086,False,True,2021
2021-03-26,PETR4,AUTOENCODER,6.949873447418213,6.8683879241624535,6.984391326556041,6.995555068767151,7.124640403809571,0.08148552325575942,0.17476695639135809,False,True,2021
2021-03-29,PETR4,AUTOENCODER,7.059484004974365,6.865913910043373,6.953382812806573,7.037300348501282,7.063804274390393,0.1935700949309922,0.004320269416028033,True,True,2021
2021-03-30,PETR4,AUTOENCODER,7.059484004974365,6.880404410503942,6.88225376673265,7.124003881382846,7.070737546118195,0.17907959447042288,0.011253541143830148,True,True,2021
2021-03-31,PETR4,AUTOENCODER,7.139469623565674,6.9082542798766,6.819266205396163,7.149215034328723,7.049766906327835,0.23121534368907426,0.08970271723783885,True,True,2021
2021-04-01,PETR4,AUTOENCODER,7.07725715637207,6.9296627999422,6.999046089491537,7.196421621792611,7.309950357473806,0.1475943564298703,0.23269320110173553,False,True,2021
2021-04-05,PETR4,AUTOENCODER,7.121692657470703,6.954280930747256,6.897417126847445,7.1777560033539105,7.085259435632083,0.16741172672344717,0.03643322183862008,True,True,2021
2021-04-06,PETR4,AUTOENCODER,7.115769386291504,6.972645645119021,7.061474266031821,7.198368822566143,7.31035086624259,0.1431237411724826,0.19458147995108632,False,True,2021
2021-04-07,PETR4,AUTOENCODER,7.10984468460083,6.99247694276734,6.99247694276734,7.248877517068427,7.2248336404375655,0.11736774183349041,0.11498895583673541,True,False,2021
2021-04-08,PETR4,AUTOENCODER,7.020973205566406,7.005300787505204,6.9446589574480235,7.199844979434882,7.130646584243259,0.01567241806120201,0.10967337867685245,False,True,2021
2021-04-09,PETR4,AUTOENCODER,7.006158351898193,7.007903726956329,6.996944503321817,7.153510444369185,7.210475615462575,0.0017453750581353233,0.2043172635643815,False,False,2021
2021-04-12,PETR4,AUTOENCODER,7.07725715637207,7.007070860091396,7.0908595029456585,7.123134300691229,7.218911570977001,0.0701862962806743,0.14165441460493078,False,True,2021
2021-04-13,PETR4,AUTOENCODER,7.100956916809082,7.015454540980141,7.099343433604645,7.16929483513995,7.209476402873753,0.08550237582894127,0.10851948606467055,False,True,2021
2021-04-14,PETR4,AUTOENCODER,7.213528633117676,7.018815204879786,7.0814985913425765,7.183965546218317,7.191350301324175,0.19471342823788973,0.022178331793500483,True,True,2021
2021-04-15,PETR4,AUTOENCODER,7.070477485656738,7.01761354087909,6.928381025991841,7.245892144699905,7.112888152601396,0.05286394477764844,0.042410666944658004,True,True,2021
2021-04-16,PETR4,AUTOENCODER,7.027606964111328,7.026912914322841,7.063669254013571,7.1869177051955955,7.2817534415745655,0.0006940497884873054,0.2541464774632374,False,False,2021
2021-04-19,PETR4,AUTOENCODER,7.434871196746826,7.039993073070061,7.129679672353109,7.150781720831718,7.225362965832611,0.3948781236767651,0.20950823091421533,True,True,2021
2021-04-20,PETR4,AUTOENCODER,7.294012546539307,7.0001898738654145,6.971842159833216,7.32371774088827,7.244340075643774,0.29382267267389217,0.049672470895532506,True,True,2021
2021-04-21,PETR4,AUTOENCODER,7.294012546539307,6.989132567407857,7.00831114145681,7.292796372767139,7.315959388990319,0.3048799791314494,0.02194684245101275,True,True,2021
2021-04-22,PETR4,AUTOENCODER,7.260330200195312,6.994982919304853,6.99951607265808,7.328357111346522,7.317103855379679,0.26534728089045867,0.056773655184366945,True,False,2021
2021-04-23,PETR4,AUTOENCODER,7.25420618057251,7.0309930399681715,7.009261365065907,7.3438604950875375,7.311146487591784,0.22321314060433828,0.056940307019273995,True,False,2021
2021-04-26,PETR4,AUTOENCODER,7.281764507293701,7.067505954059914,7.067505954059914,7.343058003298483,7.351769383890824,0.21425855323378684,0.07000487659712284,True,False,2021
2021-04-27,PETR4,AUTOENCODER,7.073538780212402,7.118221245849911,7.089395556271315,7.3637504083564185,7.334004744597778,0.044682465637508884,0.26046596438537595,False,True,2021
2021-04-28,PETR4,AUTOENCODER,7.330758571624756,7.147686139346266,7.257018692662144,7.250231323544463,7.373013331188244,0.18307243227848957,0.04225475956348834,True,True,2021
2021-04-29,PETR4,AUTOENCODER,7.232770919799805,7.172387095841396,7.264277372670903,7.3783693252619384,7.412948952147409,0.06038382395840891,0.18017803234760432,False,True,2021
2021-04-30,PETR4,AUTOENCODER,7.232770919799805,7.20824309003506,7.194177384954097,7.365243231191878,7.291005468201626,0.02452782976474488,0.05823454840182141,False,True,2021
2021-05-03,PETR4,AUTOENCODER,7.174590110778809,7.236995283066552,7.3182310675964635,7.361286464440665,7.444575166588532,0.06240517228774323,0.2699850558097232,False,True,2021
2021-05-04,PETR4,AUTOENCODER,7.009234428405762,7.26332555457439,7.307328314213764,7.331765724427996,7.329654465854803,0.2540911261686283,0.3204200374490416,False,True,2021
2021-05-05,PETR4,AUTOENCODER,7.297077178955078,7.2875337058968555,7.398744790806055,7.235626580829167,7.314825345355839,0.009543473058222673,0.017748166400760823,False,True,2021
2021-05-06,PETR4,AUTOENCODER,7.196024417877197,7.299732593155074,7.299732593155074,7.37581470983211,7.317931296654939,0.10370817527787679,0.12190687877774131,False,False,2021
2021-05-07,PETR4,AUTOENCODER,7.465491771697998,7.31370846794578,7.4134881637876395,7.348200542165442,7.436063060924724,0.15178330375221805,0.029428710773274247,True,True,2021
2021-05-10,PETR4,AUTOENCODER,7.563482284545898,7.330709862239006,7.269119030341467,7.497653427335601,7.378224307486339,0.23277242230689232,0.1852579770595595,True,True,2021
2021-05-11,PETR4,AUTOENCODER,7.701277732849121,7.3716634011762885,7.309728487657775,7.607838080320736,7.568379512269507,0.3296143316728326,0.1328982205796141,True,True,2021
2021-05-12,PETR4,AUTOENCODER,7.587979316711426,7.404316699576793,7.476210000527381,7.703773428583387,7.808461946067493,0.18366261713463317,0.22048262935606733,False,True,2021
2021-05-13,PETR4,AUTOENCODER,7.652283668518066,7.436485644405661,7.356149443054986,7.661854338066809,7.538661567347874,0.21579802411240578,0.11362210117019256,True,True,2021
2021-05-14,PETR4,AUTOENCODER,8.053422927856445,7.465192045126129,7.561451710592138,7.695716140468629,7.826526774925224,0.5882308827303167,0.22689615293122145,True,True,2021
2021-05-17,PETR4,AUTOENCODER,8.163661003112793,7.460161575361577,7.554989835475336,7.901676206043486,7.941959693251231,0.7034994277512157,0.22170130986156167,True,True,2021
2021-05-18,PETR4,AUTOENCODER,8.068734169006348,7.495357115351278,7.495357115351278,8.20833563564093,8.108542870241157,0.5733770536550695,0.03980870123480962,True,True,2021
2021-05-19,PETR4,AUTOENCODER,8.007493019104004,7.570608250085414,7.496342103606778,8.051817096264243,7.956544791111805,0.4368847690185902,0.050948227992199335,True,True,2021
2021-05-20,PETR4,AUTOENCODER,7.940125465393066,7.635313707555127,7.536760503927768,8.031667196647524,7.960917026632107,0.304811757837939,0.020791561239041023,True,True,2021
2021-05-21,PETR4,AUTOENCODER,7.946248531341553,7.693141866770217,7.774964133694791,8.004664813290425,8.135478708274206,0.25310666457133557,0.18923017693265365,True,True,2021
2021-05-24,PETR4,AUTOENCODER,8.080982208251953,7.74100435904961,7.869115490619144,8.009882279711658,8.09168443715253,0.3399778492023433,0.010702228900576927,True,True,2021
2021-05-25,PETR4,AUTOENCODER,7.9125657081604,7.794421704520968,7.717217285443258,8.111252432070536,7.947297473026546,0.11814400363943278,0.034731764866145376,True,True,2021
2021-05-26,PETR4,AUTOENCODER,7.989119529724121,7.843848664983364,7.824824779602331,8.030905788323668,8.045243354131767,0.14527086474075723,0.05612382440764563,True,False,2021
2021-05-27,PETR4,AUTOENCODER,7.933998584747314,7.8943013424796025,7.933418825964239,8.077661533133687,8.135640939180814,0.0396972422677111,0.20164235443349998,False,True,2021
2021-05-28,PETR4,AUTOENCODER,8.264711380004883,7.9416293862430845,8.083704643885918,8.080412769814666,8.195861516847247,0.32308199376179836,0.06884986315763619,True,True,2021
2021-05-31,PETR4,AUTOENCODER,8.227967262268066,7.961027500922354,7.974790266815231,8.230637619779664,8.159159398864173,0.2669397613457125,0.06880786340389378,True,False,2021
2021-06-01,PETR4,AUTOENCODER,8.356575965881348,8.003390459580146,8.111283293429391,8.280003105562697,8.363852411115738,0.3531855063012017,0.007276445234390749,True,True,2021
2021-06-02,PETR4,AUTOENCODER,8.534180641174316,8.04756052420318,8.162660384538855,8.371875137895646,8.416345973719144,0.48662011697113705,0.11783466745517224,True,True,2021
2021-06-03,PETR4,AUTOENCODER,8.534180641174316,8.091490870687966,8.121168466518832,8.478526765239444,8.428403275151839,0.44268977048634994,0.10577736602247789,True,False,2021
2021-06-04,PETR4,AUTOENCODER,8.727092742919922,8.134356315443236,8.134356315443236,8.505748243368258,8.471293326088995,0.5927364274766855,0.2557994168309268,True,False,2021
2021-06-07,PETR4,AUTOENCODER,8.662789344787598,8.196445464565654,8.09734648013988,8.669540143964017,8.554428756537135,0.4663438802219435,0.1083605882504628,True,True,2021
2021-06-08,PETR4,AUTOENCODER,8.77608871459961,8.261194102033347,8.206082919324293,8.668562878660826,8.656357150712875,0.5148946125662626,0.11973156388673445,True,True,2021
2021-06-09,PETR4,AUTOENCODER,8.77608871459961,8.326662508577671,8.326662508577671,8.75509313589528,8.791613629826141,0.44942620602193806,0.015524915226531988,True,False,2021
2021-06-10,PETR4,AUTOENCODER,8.782212257385254,8.415079931556775,8.568477089906068,8.813911815751975,8.9563396584778,0.36713232582847866,0.1741274010925462,True,True,2021
2021-06-11,PETR4,AUTOENCODER,8.748529434204102,8.5217744795879,8.516541038836477,8.863208271978369,8.763277201697447,0.22675495461620088,0.014747767493345165,True,False,2021
2021-06-14,PETR4,AUTOENCODER,8.803646087646484,8.620892551461184,8.620892551461184,8.878637669833108,8.86625734674944,0.18275353618530055,0.0626112591029564,True,False,2021
2021-06-15,PETR4,AUTOENCODER,8.889388084411621,8.703847781528683,8.796071520009455,8.933331271261238,9.01692723420584,0.18554030288293788,0.12753914979421843,True,True,2021
2021-06-16,PETR4,AUTOENCODER,8.92307186126709,8.790905111404186,8.788997932080887,9.002344103898896,8.944721816358996,0.132166749862904,0.021649955091906037,True,False,2021
2021-06-17,PETR4,AUTOENCODER,8.613795280456543,8.861050019295465,8.771247441267471,9.058391291064137,8.957544684769658,0.24725473883892235,0.3437494043131153,False,True,2021
2021-06-18,PETR4,AUTOENCODER,8.671975135803223,8.898451580818925,8.912458438820526,8.928404026448197,8.985951137449447,0.2264764450157024,0.31397600164622474,False,True,2021
2021-06-21,PETR4,AUTOENCODER,8.864890098571777,8.900495024282002,9.032252039299697,8.862049579208373,8.98985483712336,0.03560492571022422,0.12496473855158285,False,True,2021
2021-06-22,PETR4,AUTOENCODER,8.910823822021484,8.91869885090329,8.87383391656353,8.956507334012967,8.844010599379155,0.00787502888180569,0.06681322264232925,False,False,2021
2021-06-23,PETR4,AUTOENCODER,8.972065925598145,8.962856775953938,9.037126796665817,9.028025303489958,9.127815325599283,0.009209149644206605,0.15574940000113813,False,False,2021
2021-06-24,PETR4,AUTOENCODER,9.079241752624512,9.014421069483557,9.014421069483557,9.089450456216657,9.05380292183367,0.06482068314095457,0.02543883079084175,True,False,2021
2021-06-25,PETR4,AUTOENCODER,8.910823822021484,9.074513489446762,9.118854959016078,9.210869178833493,9.250907512865815,0.16368966742527746,0.340083690844331,False,True,2021
2021-06-28,PETR4,AUTOENCODER,8.895511627197266,9.115888532777127,9.02536231637156,9.127744334970819,9.006087441304407,0.22037690557986167,0.11057581410714157,True,True,2021
2021-06-29,PETR4,AUTOENCODER,8.935318946838379,9.156805345666307,9.162941610389026,9.077908995205073,9.139930226742655,0.22148639882792764,0.20461127990427563,True,False,2021
2021-06-30,PETR4,AUTOENCODER,9.011873245239258,9.195165165080859,9.324888285677792,9.14685489590389,9.277547323849747,0.18329191984160076,0.2656740786104894,False,True,2021
2021-07-01,PETR4,AUTOENCODER,8.89857292175293,9.21995785986351,9.33854015244005,9.186970363499002,9.231465389885347,0.32138493811057955,0.33289246813241746,False,True,2021
2021-07-02,PETR4,AUTOENCODER,8.935318946838379,9.239549285708108,9.407975565242408,9.130602839621536,9.21674044211655,0.30423033886972917,0.2814214952781704,True,True,2021
2021-07-05,PETR4,AUTOENCODER,8.834268569946289,9.265667498862882,9.259977214287312,9.113605699591757,8.998075068471795,0.43139892891659315,0.16380649852550633,True,False,2021
2021-07-06,PETR4,AUTOENCODER,8.47293758392334,9.280055504452804,9.291591155814297,9.08381834771571,9.083733171265658,0.8071179205294641,0.6107955873423183,True,True,2021
2021-07-07,PETR4,AUTOENCODER,8.589298248291016,9.251678101510532,9.154068603503607,8.797180194607288,8.688233019512893,0.662379853219516,0.09893477122187733,True,True,2021
2021-07-08,PETR4,AUTOENCODER,8.417819023132324,9.210214239536636,9.090555971661823,8.806824599481303,8.749424433793068,0.7923952164043122,0.3316054106607442,True,True,2021
2021-07-09,PETR4,AUTOENCODER,8.417819023132324,9.156334821987262,9.206831921218711,8.671336221864314,8.808786554436914,0.7385157988549373,0.3909675313045895,True,True,2021
2021-07-12,PETR4,AUTOENCODER,8.49130916595459,9.100935960238541,9.0892511285097,8.576771163867242,8.550736988197551,0.6096267942839511,0.05942782224296117,True,False,2021
2021-07-13,PETR4,AUTOENCODER,8.543366432189941,9.05157953222836,9.139857773440491,8.654468293549101,8.743777354215727,0.508213100038418,0.20041092202578525,True,True,2021
2021-07-14,PETR4,AUTOENCODER,8.47293758392334,9.021568357974655,8.951164135973428,8.701183866130929,8.571353223857807,0.5486307740513148,0.09841563993446734,True,True,2021
2021-07-15,PETR4,AUTOENCODER,8.292268753051758,9.004310188675653,8.930883256311448,8.66189222826499,8.622402132025295,0.7120414356238953,0.330133378973537,True,True,2021
2021-07-16,PETR4,AUTOENCODER,8.169785499572754,8.970742580709402,8.86173709937187,8.50881668915594,8.454428635775713,0.800957081136648,0.2846431362029591,True,True,2021
2021-07-19,PETR4,AUTOENCODER,8.035050392150879,8.92689321592901,8.833284940372216,8.367851130361672,8.359787597890566,0.8918428237781306,0.32473720573968734,True,True,2021
2021-07-20,PETR4,AUTOENCODER,8.142226219177246,8.850803912871115,9.01214381461701,8.2154416467546,8.457150215256107,0.7085776936938686,0.31492399607886057,True,True,2021
2021-07-21,PETR4,AUTOENCODER,8.255525588989258,8.777016825933224,8.837187763710114,8.241119077395915,8.206771060414653,0.5214912369439659,0.04875452857460516,True,True,2021
2021-07-22,PETR4,AUTOENCODER,8.237153053283691,8.722084185230297,8.782982685939734,8.33714829802907,8.334866646621958,0.4849311319466061,0.09771359333826624,True,True,2021
2021-07-23,PETR4,AUTOENCODER,8.188159942626953,8.685442499471984,8.687143443254804,8.316526277701612,8.271016230157727,0.49728255684503075,0.0828562875307739,True,False,2021
2021-07-26,PETR4,AUTOENCODER,8.411691665649414,8.663548396510961,8.802650963197062,8.304076179402818,8.435193270616077,0.25185673086154736,0.02350160496666298,True,True,2021
2021-07-27,PETR4,AUTOENCODER,8.313704490661621,8.655585912684353,8.532934344952354,8.466074456141127,8.248261919307257,0.3418814220227322,0.06544257135436382,True,True,2021
2021-07-28,PETR4,AUTOENCODER,8.485184669494629,8.657279920861294,8.779414689193693,8.435376174670537,8.619915578174094,0.17209525136666493,0.13473090867946524,True,True,2021
2021-07-29,PETR4,AUTOENCODER,8.515804290771484,8.671955127220691,8.73885817697299,8.553688967764318,8.550738680440267,0.15615083644920702,0.03493438966878237,True,True,2021
2021-07-30,PETR4,AUTOENCODER,8.240214347839355,8.70399345639731,8.599828442992138,8.615156309807517,8.448651397289783,0.46377910855795434,0.20843704945042774,True,True,2021
2021-08-02,PETR4,AUTOENCODER,8.087106704711914,8.719532262716287,8.623633262189102,8.418398971227328,8.382555961517644,0.632425558004373,0.2954492568057301,True,True,2021
2021-08-03,PETR4,AUTOENCODER,8.221839904785156,8.71069864932191,8.713824597745877,8.252613138668178,8.326135092101945,0.4888587445367545,0.10429518731678833,True,False,2021
2021-08-04,PETR4,AUTOENCODER,8.047298431396484,8.683273818648221,8.534998418534485,8.311101767303725,8.170819180617986,0.6359753872517366,0.1235207492215018,True,True,2021
2021-08-05,PETR4,AUTOENCODER,8.681161880493164,8.63459290405838,8.727968997897941,8.170196819680609,8.363307494370074,0.046568976434784304,0.3178543861230896,False,True,2021
2021-08-06,PETR4,AUTOENCODER,8.693408966064453,8.556922383280899,8.541843057716461,8.520147595628885,8.455527929454192,0.1364865827835544,0.23788103661026128,False,False,2021
2021-08-09,PETR4,AUTOENCODER,8.63216781616211,8.54506033074001,8.499183036452916,8.795393109083454,8.72625021566917,0.08710748542209856,0.09408239950706054,False,True,2021
2021-08-10,PETR4,AUTOENCODER,8.65972900390625,8.552812292868287,8.670820170944353,8.647806336205248,8.793694965003255,0.10691671103796274,0.13396596109700454,False,True,2021
2021-08-11,PETR4,AUTOENCODER,8.779150009155273,8.570193855542296,8.466841515111728,8.677273434283617,8.495565197174272,0.20895615361297715,0.28358481198100094,False,True,2021
2021-08-12,PETR4,AUTOENCODER,8.910823822021484,8.581639935647138,8.47814956109651,8.757932058720307,8.705293749029128,0.3291838863743468,0.2055300729923566,True,True,2021
2021-08-13,PETR4,AUTOENCODER,8.98737621307373,8.5969928067435,8.561987941704489,8.836245363049212,8.877702081176627,0.39038340633022983,0.10967413189710307,True,False,2021
2021-08-16,PETR4,AUTOENCODER,8.769965171813965,8.62817229959021,8.52412076752082,8.948682802928284,8.873175128389748,0.14179287222375514,0.10320995657578358,True,True,2021
2021-08-17,PETR4,AUTOENCODER,8.769933700561523,8.648536048103287,8.613321311514069,8.779705284081976,8.816022643204334,0.12139765245823675,0.04608894264281105,True,False,2021
2021-08-18,PETR4,AUTOENCODER,8.692066192626953,8.659895460881224,8.71060614056596,8.778487078938918,8.864260588915863,0.0321707317457296,0.1721943962889103,False,True,2021
2021-08-19,PETR4,AUTOENCODER,8.64339828491211,8.664964116515874,8.56798852188347,8.729688276190071,8.598832994830385,0.02156583160376435,0.044565290081724385,False,True,2021
2021-08-20,PETR4,AUTOENCODER,8.63042163848877,8.657834653219671,8.555563962273101,8.675712038239787,8.631355999158728,0.027413014730901963,0.0009343606699587781,True,True,2021
2021-08-23,PETR4,AUTOENCODER,8.76668930053711,8.640843708178625,8.776966160368184,8.65156648703597,8.861667731690757,0.12584559235848403,0.09497843115364724,True,True,2021
2021-08-24,PETR4,AUTOENCODER,8.948384284973145,8.640301730054526,8.727026557220805,8.751564147137323,8.75532314177331,0.30808255491861836,0.19306114319983436,True,True,2021
2021-08-25,PETR4,AUTOENCODER,8.997050285339355,8.671186646189044,8.657698672023013,8.88237494473764,8.796557771527883,0.32586363915031136,0.20049251381147215,True,False,2021
2021-08-26,PETR4,AUTOENCODER,8.919182777404785,8.72573404755057,8.642169922512245,8.996484241701562,8.913348135052315,0.19344872985421446,0.005834642352469999,True,True,2021
2021-08-27,PETR4,AUTOENCODER,9.243635177612305,8.795896626971272,8.932984853305907,8.988471336983201,9.17690263411125,0.4477385506410325,0.06673254350105395,True,True,2021
2021-08-30,PETR4,AUTOENCODER,9.181987762451172,8.846357756068539,8.84607460494027,9.155346553450821,9.073475030058503,0.3356300063826332,0.10851273239266845,True,False,2021
2021-08-31,PETR4,AUTOENCODER,8.821847915649414,8.915696534887228,8.815914820686615,9.215080469969191,9.096896151836992,0.09384861923781429,0.2750482361875779,False,True,2021
2021-09-01,PETR4,AUTOENCODER,8.77318000793457,8.950955385051902,8.848004567326004,8.959893645897996,8.914643797645699,0.1777753771173316,0.14146378971112838,True,True,2021
2021-09-02,PETR4,AUTOENCODER,8.63042163848877,8.969329165686588,9.035055864937156,8.880262528018436,9.01738452764529,0.3389075271978186,0.38696288915652133,False,True,2021
2021-09-03,PETR4,AUTOENCODER,8.54281997680664,8.980599913486468,8.872298277003749,8.77454938725478,8.624897666599049,0.43777993667982784,0.08207768979240804,True,True,2021
2021-09-06,PETR4,AUTOENCODER,8.584996223449707,8.977443010004333,9.135632337051712,8.682499552362762,8.908669677457603,0.3924467865546255,0.3236734540078956,True,True,2021
2021-09-07,PETR4,AUTOENCODER,8.584996223449707,8.986395867805939,8.978544189652926,8.674870808163766,8.575160622980851,0.401399644356232,0.009835600468855787,True,False,2021
2021-09-08,PETR4,AUTOENCODER,8.101564407348633,9.00042614017417,9.00042614017417,8.685543148230419,8.68628881509009,0.8988617328255373,0.584724407741458,True,False,2021
2021-09-09,PETR4,AUTOENCODER,8.273523330688477,8.97173249368798,9.095442102723775,8.35859807004011,8.468984793594354,0.698209162999504,0.19546146290587707,True,True,2021
2021-09-10,PETR4,AUTOENCODER,8.221611022949219,8.877938469465864,8.846011276724294,8.35506449133653,8.232077349953027,0.6563274465166451,0.010466327003808118,True,True,2021
2021-09-13,PETR4,AUTOENCODER,8.510372161865234,8.802993052190729,8.902406870947152,8.324386663657311,8.430370859840542,0.29262089032549454,0.08000130202469258,True,True,2021
2021-09-14,PETR4,AUTOENCODER,8.396814346313477,8.753785526024112,8.734325722604602,8.46143899724046,8.383708337872763,0.3569711797106354,0.013106008440713524,True,False,2021
2021-09-15,PETR4,AUTOENCODER,8.54281997680664,8.716512736167223,8.795638037023048,8.480716832743019,8.560223197594752,0.17369275936058237,0.017403220788111184,True,True,2021
2021-09-16,PETR4,AUTOENCODER,8.468194961547852,8.696721698872892,8.714227756996648,8.51300630428149,8.48371913080501,0.22852673732504059,0.015524169257158604,True,False,2021
2021-09-17,PETR4,AUTOENCODER,8.088586807250977,8.687533118235343,8.57906325486701,8.54845915970154,8.416236633358432,0.5989463109843669,0.3276498261074554,True,True,2021
2021-09-20,PETR4,AUTOENCODER,7.997740745544434,8.642788805738832,8.663349751870372,8.236107781255038,8.32593555027037,0.645048060194398,0.32819480472593554,True,True,2021
2021-09-21,PETR4,AUTOENCODER,8.17943286895752,8.580372963820317,8.679019113551917,8.117096265597691,8.203112547898863,0.400940094862797,0.023679678941343596,True,True,2021
2021-09-22,PETR4,AUTOENCODER,8.387083053588867,8.545552367585309,8.630913174832642,8.246553251496175,8.256542915341274,0.15846931399644149,0.1305401382475928,True,True,2021
2021-09-23,PETR4,AUTOENCODER,8.708290100097656,8.536350571717062,8.63665652274848,8.425953702502296,8.453943740692324,0.17193952838059445,0.2543463594053321,False,True,2021
2021-09-24,PETR4,AUTOENCODER,8.727757453918457,8.548444659122534,8.685207705097486,8.67942020435624,8.736460084058297,0.17931279479592277,0.008702630139840295,True,True,2021
2021-09-27,PETR4,AUTOENCODER,8.805624961853027,8.599918136357472,8.670114881677389,8.764066035526021,8.726303268635453,0.20570682549555563,0.07932169321757421,True,True,2021
2021-09-28,PETR4,AUTOENCODER,8.747222900390625,8.654598304687873,8.550228087939805,8.841374931264637,8.673320392610481,0.09262459570275183,0.07390250778014362,True,True,2021
2021-09-29,PETR4,AUTOENCODER,8.886738777160645,8.698641902626434,8.787320024008931,8.807781927247406,8.958866952563934,0.1880968745342102,0.07212817540328942,True,True,2021
2021-09-30,PETR4,AUTOENCODER,8.834826469421387,8.774164180088093,8.837203897626878,8.94379078581519,8.943462961950175,0.060662289333293984,0.10863649252878815,False,True,2021
2021-10-01,PETR4,AUTOENCODER,9.084654808044434,8.868369720447532,8.974131863253064,8.954011571038222,9.003191036021526,0.21628508759690135,0.08146377202290722,True,True,2021
2021-10-04,PETR4,AUTOENCODER,9.340970993041992,8.954838818891492,9.071384392191698,9.142519964858192,9.174014490326616,0.38613217415050016,0.16695650271537588,True,True,2021
2021-10-05,PETR4,AUTOENCODER,9.54537582397461,9.030338353863112,9.141969563062274,9.345767372354056,9.36273676809197,0.5150374701114977,0.18263905588263896,True,True,2021
2021-10-06,PETR4,AUTOENCODER,9.292303085327148,9.121253609109647,9.037404818319866,9.535923135102424,9.360583436736189,0.171049476217501,0.06828035140904021,True,True,2021
2021-10-07,PETR4,AUTOENCODER,9.279324531555176,9.212306855951148,9.239451022407263,9.305964632321736,9.395687291330661,0.06701767560402772,0.11636275977548571,False,False,2021
2021-10-08,PETR4,AUTOENCODER,9.448040008544922,9.313261691226007,9.40086455513631,9.400464751580785,9.466952852452103,0.134778317318915,0.018912843907180843,True,True,2021
2021-10-11,PETR4,AUTOENCODER,9.51292896270752,9.421214144821032,9.546265718576494,9.553389782734135,9.609414711394212,0.09171481788648705,0.09648574868669257,False,True,2021
2021-10-12,PETR4,AUTOENCODER,9.51292896270752,9.529671850492054,9.565959672872202,9.550393171245776,9.500710492753697,0.016742887784534588,0.012218469953822364,True,False,2021
2021-10-13,PETR4,AUTOENCODER,9.613508224487305,9.629518450373943,9.629518450373943,9.573412114896518,9.546680941354781,0.016010225886638807,0.06682728313252362,False,False,2021
2021-10-14,PETR4,AUTOENCODER,9.62973403930664,9.726713398849693,9.83154564458198,9.749451933702648,9.844733688440703,0.09697935954305237,0.21499964913406266,False,True,2021
2021-10-15,PETR4,AUTOENCODER,9.603776931762695,9.815342419185441,9.844534681184047,9.696065717845087,9.657031926237654,0.21156548742274595,0.053254994474958295,True,False,2021
2021-10-18,PETR4,AUTOENCODER,9.555109024047852,9.889517665108723,9.787999512506117,9.761534397659783,9.627618464752084,0.33440864106087176,0.07250944070423238,True,True,2021
2021-10-19,PETR4,AUTOENCODER,9.087898254394531,9.952243603952226,10.045856891213399,9.739311392526835,9.89392346353928,0.8643453495576949,0.8060252091447495,True,True,2021
2021-10-20,PETR4,AUTOENCODER,9.246878623962402,9.9686206554277,9.988585277120714,9.290220199840432,9.25595050925989,0.7217420314652969,0.00907188529748737,True,False,2021
2021-10-21,PETR4,AUTOENCODER,8.906204223632812,9.978124864947272,9.878013584712372,9.453700167107298,9.322419233854289,1.0719206413144597,0.41621501022147633,True,True,2021
2021-10-22,PETR4,AUTOENCODER,8.818603515625,9.946430131768807,9.897406455764196,9.076232040578182,9.11325931276137,1.1278266161438069,0.2946557971363699,True,False,2021
2021-10-25,PETR4,AUTOENCODER,9.42208480834961,9.863737823326012,9.96429349049492,9.017619924940412,9.150524230237004,0.44165301497640286,0.2715605781126058,True,True,2021
2021-10-26,PETR4,AUTOENCODER,9.331235885620115,9.791478171192075,9.883579258668199,9.429634475724676,9.441985215110519,0.4602422855719599,0.11074932949040317,True,True,2021
2021-10-27,PETR4,AUTOENCODER,9.308526039123535,9.771544071342163,9.627591347828037,9.450964185933124,9.223591364718173,0.4630180322186277,0.08493467440536229,True,True,2021
2021-10-28,PETR4,AUTOENCODER,9.396127700805664,9.782703258008475,9.67123945953028,9.45745411735429,9.433694395802855,0.38657555720281067,0.03756669499719045,True,True,2021
2021-10-29,PETR4,AUTOENCODER,8.808868408203125,9.792100823689623,9.65769132926706,9.50351728363263,9.450144365552443,0.9832324154864978,0.6412759573493183,True,True,2021
2021-11-01,PETR4,AUTOENCODER,9.084654808044434,9.753449039875925,9.858101901309933,9.060055881254687,9.260177968325884,0.668794231831491,0.17552316028145043,True,True,2021
2021-11-02,PETR4,AUTOENCODER,9.084654808044434,9.707734176250462,9.736606395617155,9.114578391550937,9.08830901805818,0.623079368206028,0.0036542100137459954,True,False,2021
2021-11-03,PETR4,AUTOENCODER,8.711533546447754,9.663593461732816,9.665612919253146,9.196483021973311,9.162118311565397,0.9520599152850622,0.4505847651176431,True,True,2021
2021-11-04,PETR4,AUTOENCODER,8.435749053955078,9.618614963055094,9.490696354878995,8.927349181495527,8.783643634532815,1.1828659091000162,0.34789458057773714,True,True,2021
2021-11-05,PETR4,AUTOENCODER,8.387083053588867,9.556723427731256,9.710868799470557,8.662470473211945,8.89736748077297,1.1696403741423893,0.5102844271841036,True,True,2021
2021-11-08,PETR4,AUTOENCODER,8.474684715270996,9.482234396911629,9.576716145705781,8.557950875114154,8.540013496162706,1.0075496816406329,0.06532878089170957,True,True,2021
2021-11-09,PETR4,AUTOENCODER,8.64339828491211,9.418983844142502,9.418627229073824,8.615985601682468,8.521583595346204,0.7755855592303931,0.12181468956590535,True,True,2021
2021-11-10,PETR4,AUTOENCODER,8.575264930725098,9.378827368014889,9.30018831694451,8.751203243532272,8.655962055505283,0.8035624372897914,0.08069712478018509,True,True,2021
2021-11-11,PETR4,AUTOENCODER,8.58175277709961,9.344820584126133,9.260929931408997,8.717246126143394,8.68306174326559,0.7630678070265233,0.10130896616598051,True,True,2021
2021-11-12,PETR4,AUTOENCODER,8.756956100463867,9.331782376053106,9.438404580031776,8.73312632642332,8.901224808067376,0.5748262755892384,0.14426870760350852,True,True,2021
2021-11-15,PETR4,AUTOENCODER,8.756956100463867,9.319632354415376,9.282330274290176,8.782821137097779,8.687881053734419,0.5626762539515084,0.06907504672944853,True,False,2021
2021-11-16,PETR4,AUTOENCODER,8.847803115844727,9.2968963183265,9.2968963183265,8.78466565168118,8.814201809454518,0.4490932024817731,0.03360130639020831,True,False,2021
2021-11-17,PETR4,AUTOENCODER,8.623931884765625,9.288672449529919,9.166717394101083,8.933880791199751,8.808579932794014,0.6647405647642941,0.1846480480283894,True,True,2021
2021-11-18,PETR4,AUTOENCODER,8.610953330993652,9.279117837735125,9.173391874937058,8.780403059576972,8.753549215371988,0.6681645067414728,0.14259588437833592,True,True,2021
2021-11-19,PETR4,AUTOENCODER,8.468194961547852,9.272247454426797,9.1913629194667,8.747650346934632,8.746445800818707,0.8040524928789452,0.27825083927085537,True,True,2021
2021-11-22,PETR4,AUTOENCODER,8.552553176879883,9.250732751519191,9.253415786643245,8.554081684221295,8.637690210066452,0.6981795746393082,0.08513703318656951,True,False,2021
2021-11-23,PETR4,AUTOENCODER,9.01976203918457,9.233420491973611,9.325998333356825,8.671282954102407,8.763139411560047,0.2136584527890406,0.25662262762452315,False,True,2021
2021-11-24,PETR4,AUTOENCODER,9.204700469970703,9.215904472010521,9.227066647665886,9.007855329292747,8.949983921955633,0.011204002039818306,0.25471654801506993,False,True,2021
2021-11-25,PETR4,AUTOENCODER,9.61026668548584,9.23596427021754,9.351560423873023,9.217871522964408,9.31302108632405,0.3743024152682999,0.2972455991617906,True,True,2021
2021-11-26,PETR4,AUTOENCODER,9.23714542388916,9.285545664480537,9.179746463236398,9.565940468045342,9.3694624547594,0.04840024059137704,0.13231703087024016,False,True,2021
2021-11-29,PETR4,AUTOENCODER,9.561596870422363,9.322505284102974,9.392767170475878,9.305223129366142,9.43834235734579,0.23909158631938965,0.12325451307657254,True,True,2021
2021-11-30,PETR4,AUTOENCODER,9.548619270324709,9.376861371950323,9.270021722545092,9.55641890708547,9.39975622429757,0.17175789837438593,0.14886304602713807,True,True,2021
2021-12-01,PETR4,AUTOENCODER,9.603776931762695,9.415514385087807,9.28401422822404,9.55430992826089,9.490027834448593,0.1882625466748884,0.11374909731410199,True,True,2021
2021-12-02,PETR4,AUTOENCODER,10.336551666259766,9.435497965220101,9.537550165997681,9.592275357043476,9.791566954647015,0.9010537010396646,0.5449847116127504,True,True,2021
2021-12-03,PETR4,AUTOENCODER,10.482341766357422,9.441595718529005,9.424805145271042,10.039559544374438,9.97818479147502,1.0407460478284172,0.5041569748824024,True,False,2021
2021-12-06,PETR4,AUTOENCODER,10.529725074768066,9.499136062312726,9.591428113174828,10.32165015345493,10.420489852086257,1.0305890124553407,0.10923522268180896,True,True,2021
2021-12-07,PETR4,AUTOENCODER,10.701027870178224,9.60996144559535,9.606517037734555,10.419339243888544,10.3437850820549,1.0910664245828752,0.3572427881233242,True,True,2021
2021-12-08,PETR4,AUTOENCODER,10.697383880615234,9.734881640744963,9.62396272019764,10.618218294789886,10.504883123610814,0.9625022398702718,0.19250075700442082,True,True,2021
2021-12-09,PETR4,AUTOENCODER,10.67551612854004,9.883813910073194,9.827641307891861,10.604863462139228,10.649645488657399,0.7917022184668472,0.025870639882642266,True,False,2021
2021-12-10,PETR4,AUTOENCODER,10.806727409362791,10.030738078997192,10.20144719393512,10.616915101215604,10.851500883311815,0.7759893303655989,0.04477347394902331,True,False,2021
2021-12-13,PETR4,AUTOENCODER,10.74112033843994,10.196594756216559,10.196594756216559,10.764199135526272,10.645969465785498,0.5445255822233808,0.09515087265444144,True,False,2021
2021-12-14,PETR4,AUTOENCODER,10.613554000854492,10.353384863184125,10.235418737306555,10.818411742861496,10.687098619139787,0.260169137670367,0.07354461828529502,True,True,2021
2021-12-15,PETR4,AUTOENCODER,10.679160118103027,10.484439691356219,10.42485355737645,10.647657945522711,10.68516213384758,0.19472042674680878,0.0060020157445528355,True,False,2021
2021-12-16,PETR4,AUTOENCODER,10.821307182312012,10.579038307996193,10.759078724985429,10.679090918961412,10.91864443333627,0.242268874315819,0.09733725102425872,True,False,2021
2021-12-17,PETR4,AUTOENCODER,10.566173553466797,10.664930238922683,10.542049378516921,10.873169151852162,10.61277837131036,0.09875668545588567,0.04660481784356385,True,True,2021
2021-12-20,PETR4,AUTOENCODER,10.26365566253662,10.711815726123248,10.586811781436213,10.668444093992493,10.62178593143301,0.44816006358662897,0.35813026889639055,True,True,2021
2021-12-21,PETR4,AUTOENCODER,10.278236389160156,10.704436710098513,10.855558915430105,10.383357208457928,10.622186057110614,0.42620032093835647,0.3439496679504579,True,True,2021
2021-12-22,PETR4,AUTOENCODER,10.26365566253662,10.704613118061786,10.694883580545937,10.310480582301047,10.19257037233116,0.44095745552516696,0.07108529020545973,True,False,2021
2021-12-23,PETR4,AUTOENCODER,10.325617790222168,10.71066999635481,10.804171139274507,10.376985302232608,10.467016557276956,0.3850522061326416,0.14139876705478827,True,True,2021
2021-12-27,PETR4,AUTOENCODER,10.478694915771484,10.723285931707387,10.838859003489608,10.43109786319898,10.468908328239834,0.24459101593590304,0.00978658753165007,True,True,2021
2021-12-28,PETR4,AUTOENCODER,10.489631652832031,10.725426799080495,10.654205277905966,10.531962992962098,10.365469934679425,0.23579514624846354,0.12416171815260668,True,True,2021
2021-12-29,PETR4,AUTOENCODER,10.402156829833984,10.7430632927746,10.7430632927746,10.499358378893774,10.556031992382906,0.340906462940616,0.1538751625489212,True,False,2021
2021-12-30,PETR4,AUTOENCODER,10.369352340698242,10.763060088137593,10.8906247983877,10.497057276792587,10.62143788727475,0.39370774743935044,0.2520855465765077,True,True,2021
2021-12-31,PETR4,AUTOENCODER,10.369352340698242,10.77797608829355,10.661147161134524,10.481574226053592,10.26094949165102,0.40862374759530695,0.10840284904722175,True,True,2021
2022-01-03,PETR4,AUTOENCODER,10.602619171142578,10.789423244056703,10.674671659117124,10.40703944722496,10.378401303429532,0.18680407291412493,0.22421786771304575,False,False,2022
2022-01-04,PETR4,AUTOENCODER,10.64271354675293,10.80129144321652,10.966281201523751,10.659443739294183,10.912373698536342,0.15857789646359066,0.2696601517834125,False,True,2022
2022-01-05,PETR4,AUTOENCODER,10.230853080749512,10.823885185077181,10.743728248002654,10.711527953801275,10.506504029564134,0.5930321043276692,0.27565094881462215,True,True,2022
2022-01-06,PETR4,AUTOENCODER,10.223565101623535,10.827382611248005,10.968098351305358,10.389805437233766,10.577424756888114,0.60381750962447,0.3538596552645785,True,True,2022
2022-01-07,PETR4,AUTOENCODER,10.27094841003418,10.821888148587021,10.962532481046866,10.353769604869777,10.384660469305675,0.5509397385528416,0.11371205927149575,True,True,2022
2022-01-10,PETR4,AUTOENCODER,10.208984375,10.812231502918,10.780743019933437,10.31802501138991,10.170974121661539,0.6032471279179994,0.0380102533384612,True,False,2022
2022-01-11,PETR4,AUTOENCODER,10.511499404907228,10.81337446670792,10.913689198729589,10.34504498254669,10.45896868653551,0.30187506180069157,0.05253071837171852,True,True,2022
2022-01-12,PETR4,AUTOENCODER,10.83223819732666,10.820546341674735,10.95094209278686,10.576025695050646,10.63055065452267,0.01169185565192521,0.20168754280398993,False,True,2022
2022-01-13,PETR4,AUTOENCODER,11.050925254821776,10.837743966777282,10.985766784631956,10.842965369975138,10.890024989268408,0.21318128804449366,0.16090026555336756,True,True,2022
2022-01-14,PETR4,AUTOENCODER,11.462782859802246,10.879194920851425,11.05192163817721,11.051275243147538,11.106576261500898,0.5835879389508207,0.35620659830134827,True,True,2022
2022-01-17,PETR4,AUTOENCODER,11.48100757598877,10.94582150406752,11.03846369172728,11.340475539565034,11.30251150125175,0.5351860719212489,0.17849607473701923,True,False,2022
2022-01-18,PETR4,AUTOENCODER,11.53203582763672,11.06674547492019,11.170498215821112,11.502388809518019,11.52895878516362,0.4652903527165311,0.0030770424730999224,True,True,2022
2022-01-19,PETR4,AUTOENCODER,11.477361679077148,11.191726214266257,11.112892316498199,11.71349950295451,11.51396261441205,0.2856354648108912,0.03660093533490105,True,True,2022
2022-01-20,PETR4,AUTOENCODER,11.561192512512209,11.317298873015226,11.317298873015226,11.489957245438562,11.54966919394873,0.24389363949698328,0.011523318563478213,True,False,2022
2022-01-21,PETR4,AUTOENCODER,11.579416275024414,11.426358332679435,11.304488673890985,11.626711606418523,11.501619135422178,0.15305794234497938,0.07779713960223589,True,True,2022
2022-01-24,PETR4,AUTOENCODER,11.64501953125,11.535600346925847,11.598779935910365,11.602544181131039,11.76134654840882,0.10941918432415321,0.11632701715882021,False,False,2022
2022-01-25,PETR4,AUTOENCODER,12.024077415466309,11.629638699250407,11.776689698572067,11.72923255913699,11.82304530797624,0.39443871621590176,0.20103210749006806,True,True,2022
2022-01-26,PETR4,AUTOENCODER,12.344816207885742,11.714747243594346,11.827884719885507,12.032571076109088,12.032083219300068,0.6300689642913966,0.3127329885856742,True,True,2022
2022-01-27,PETR4,AUTOENCODER,12.348464012145996,11.825286809096752,11.825286809096752,12.265975400256103,12.17765158782731,0.5231772030492436,0.1708124243186866,True,False,2022
2022-01-28,PETR4,AUTOENCODER,11.860062599182127,11.944508473836926,11.781166062140144,12.370503122170966,12.204474013418924,0.08444587465479891,0.3444114142367969,False,True,2022
2022-01-31,PETR4,AUTOENCODER,11.790813446044922,12.028669824203845,11.977215267394667,11.916528130424542,11.986031406160665,0.23785637815892358,0.19521796011574288,True,False,2022
2022-02-01,PETR4,AUTOENCODER,12.027722358703612,12.106020720796998,12.310009770218567,11.93831678216814,12.177452222061262,0.07829836209338659,0.14972986335765093,False,True,2022
2022-02-02,PETR4,AUTOENCODER,11.85277271270752,12.180024168721204,12.044421266318802,12.124336928705588,11.826556634197221,0.3272514560136841,0.0262160785102985,True,True,2022
2022-02-03,PETR4,AUTOENCODER,11.68875789642334,12.261094384428532,12.226804357440644,11.954802848953321,12.017209980392677,0.5723364880051918,0.3284520839693368,True,False,2022
2022-02-04,PETR4,AUTOENCODER,11.892866134643556,12.316077120075732,12.507910691615997,11.888600849832988,12.096535771048416,0.42321098543217595,0.20366963640485913,True,True,2022
2022-02-07,PETR4,AUTOENCODER,11.71791934967041,12.357421122980504,12.396209164447319,11.96919111948318,11.84785774184709,0.6395017733100943,0.12993839217667968,True,False,2022
2022-02-08,PETR4,AUTOENCODER,11.601284980773926,12.385272068011474,12.35110021435659,11.902218043284597,11.82824461626591,0.7839870872375485,0.2269596354919834,True,True,2022
2022-02-09,PETR4,AUTOENCODER,11.64501953125,12.38790405023704,12.502062203256708,11.789997329443587,11.92184971904365,0.7428845189870401,0.27683018779364943,True,True,2022
2022-02-10,PETR4,AUTOENCODER,11.823614120483398,12.388913325065246,12.39037765892153,11.743311331666716,11.64373762545502,0.5652992045818479,0.17987649502837932,True,False,2022
2022-02-11,PETR4,AUTOENCODER,12.304720878601074,12.403126766677573,12.54078285656369,11.968629257843704,12.103565715279466,0.09840588807649908,0.20115516332160865,False,True,2022
2022-02-14,PETR4,AUTOENCODER,12.027722358703612,12.42755588895055,12.44232150105498,12.355908390051528,12.267035746130615,0.3998335302469389,0.23931338742700348,True,True,2022
2022-02-15,PETR4,AUTOENCODER,11.8381929397583,12.475722024205055,12.333176971950694,12.17911008290439,12.015112168128358,0.6375290844467543,0.1769192283700569,True,True,2022
2022-02-16,PETR4,AUTOENCODER,12.002211570739746,12.50175049672346,12.578822356478332,12.00868943194631,12.1860315004131,0.49953892598371397,0.18381992967335314,True,True,2022
2022-02-17,PETR4,AUTOENCODER,11.95482349395752,12.528715713966704,12.39886571751015,12.141717318100136,11.949818246279117,0.5738922200091849,0.005005247678402824,True,True,2022
2022-02-18,PETR4,AUTOENCODER,12.027722358703612,12.560220209289305,12.637652528124525,12.109738354003396,12.283059424724625,0.5324978505856937,0.25533706602101347,True,True,2022
2022-02-21,PETR4,AUTOENCODER,12.337525367736816,12.58956970001526,12.725448420355757,12.178283335294331,12.249165537515461,0.25204433227844447,0.0883598302213553,True,True,2022
2022-02-22,PETR4,AUTOENCODER,12.297432899475098,12.630746514885153,12.720646552364148,12.42489705854752,12.409374375869406,0.3333136154100558,0.11194147639430874,True,True,2022
2022-02-23,PETR4,AUTOENCODER,12.472382545471191,12.677838835812693,12.650760299094038,12.365097214850138,12.255482561231966,0.2054562903415018,0.21689998423922496,False,False,2022
2022-02-24,PETR4,AUTOENCODER,12.169867515563965,12.717077621734148,12.717687519197568,12.55322575918939,12.575185998934474,0.5472101061701835,0.40531848337050924,True,True,2022
2022-02-25,PETR4,AUTOENCODER,12.392197608947754,12.721034815000891,12.89279879856185,12.30892061227933,12.465064749191756,0.32883720605313727,0.07286714024400176,True,True,2022
2022-02-28,PETR4,AUTOENCODER,12.392197608947754,12.720910653298517,12.814871351357032,12.452333584013529,12.409061008575009,0.32871304435076354,0.016863399627254694,True,True,2022
2022-03-01,PETR4,AUTOENCODER,12.392197608947754,12.734184891538433,12.851300529551608,12.473968950984062,12.509641438232224,0.34198728259067934,0.11744382928447017,True,True,2022
2022-03-02,PETR4,AUTOENCODER,12.636396408081056,12.762719955256244,12.896397018896778,12.498947773106035,12.534029199355128,0.126323547175188,0.1023672087259282,True,True,2022
2022-03-03,PETR4,AUTOENCODER,12.479673385620115,12.845841912362204,12.782348288024906,12.738072613936152,12.56887171250021,0.3661685267420882,0.08919832688009421,True,True,2022
2022-03-04,PETR4,AUTOENCODER,12.476027488708496,12.924001089344571,13.130292854608092,12.650294992041609,12.894847581149154,0.4479736006360753,0.418820092440658,True,True,2022
2022-03-07,PETR4,AUTOENCODER,11.590351104736328,13.009231336743312,13.132521076712685,12.665424234390919,12.61965673092827,1.418880232006984,1.0293056261919418,True,True,2022
2022-03-08,PETR4,AUTOENCODER,11.830903053283691,13.028766521024707,13.057533451378813,11.93488059350372,11.837386173137135,1.1978634677410156,0.006483119853443853,True,True,2022
2022-03-09,PETR4,AUTOENCODER,11.867354393005373,13.012597225269047,12.863211131900858,12.060115952389356,11.879822769484122,1.1452428322636745,0.012468376478748766,True,True,2022
2022-03-10,PETR4,AUTOENCODER,12.282856941223145,12.983147544654543,13.13910531154503,12.074640416474578,12.341189586712096,0.700290603431398,0.05833264548895123,True,True,2022
2022-03-11,PETR4,AUTOENCODER,11.841840744018556,12.958772512628144,12.800458748890566,12.400948850801909,12.116747063461528,1.1169317686095876,0.2749063194429713,True,True,2022
2022-03-14,PETR4,AUTOENCODER,11.615864753723145,12.957148575906999,12.817610638925942,12.078885690436302,12.050969903189346,1.3412838221838541,0.43510514946620127,True,True,2022
2022-03-15,PETR4,AUTOENCODER,11.335216522216797,12.950633159841843,12.781430829153003,11.883353592760976,11.815351953656178,1.6154166376250458,0.48013543143938087,True,True,2022
2022-03-16,PETR4,AUTOENCODER,11.236808776855469,12.906146390678472,12.748475545815245,11.604102293447594,11.574057857016154,1.6693376138230036,0.3372490801606851,True,True,2022
2022-03-17,PETR4,AUTOENCODER,10.937938690185549,12.835199656347854,12.975282734230403,11.468457604911245,11.73363151798214,1.897260966162305,0.7956928277965911,True,True,2022
2022-03-18,PETR4,AUTOENCODER,11.156625747680664,12.692022773654159,12.873469882259325,11.123569967732443,11.177499122103125,1.535397025973495,0.020873374422460955,True,True,2022
2022-03-21,PETR4,AUTOENCODER,11.575773239135742,12.547422334016417,12.67380281349789,11.259161856094954,11.222941751587076,0.9716490948806751,0.35283148754866644,True,True,2022
2022-03-22,PETR4,AUTOENCODER,11.52474594116211,12.454531555445975,12.5607975432361,11.59310816532947,11.58247782143107,0.9297856142838654,0.05773188026896037,True,False,2022
2022-03-23,PETR4,AUTOENCODER,11.681468963623049,12.41136569469053,12.566809158666901,11.646414869573281,11.705710971974948,0.7298967310674822,0.024242008351899713,True,True,2022
2022-03-24,PETR4,AUTOENCODER,11.816327095031738,12.406367264177149,12.180882994400658,11.804121203249828,11.445442917158113,0.5900401691454107,0.3708841778736254,True,True,2022
2022-03-25,PETR4,AUTOENCODER,11.772586822509766,12.431948877499387,12.327317408027383,11.944760087973439,12.020019575037955,0.6593620549896215,0.24743275252818897,True,True,2022
2022-03-28,PETR4,AUTOENCODER,11.517457962036133,12.479755435546522,12.321129910186528,11.937752471683616,11.86061271944858,0.9622974735103895,0.3431547574124476,True,True,2022
2022-03-29,PETR4,AUTOENCODER,11.772586822509766,12.510454723789373,12.41779455623067,11.723396681741768,11.75578875351017,0.737867901279607,0.016798068999595017,True,True,2022
2022-03-30,PETR4,AUTOENCODER,12.024077415466309,12.53313759162451,12.75127133147412,11.919224673869522,12.21176682909141,0.5090601761582008,0.18768941362510105,True,True,2022
2022-03-31,PETR4,AUTOENCODER,12.19173526763916,12.566104367590412,12.417328741658807,12.137816452779564,11.812597517883466,0.37436909995125234,0.37913774975569403,False,True,2022
2022-04-01,PETR4,AUTOENCODER,12.031366348266602,12.60636840954929,12.624926088026756,12.289490481383346,12.423378645073987,0.5750020612826887,0.39201229680738514,True,True,2022
2022-04-04,PETR4,AUTOENCODER,11.918377876281738,12.65170832942006,12.761840022773866,12.24889946445491,12.32963395139761,0.733330453138322,0.4112560751158725,True,True,2022
2022-04-05,PETR4,AUTOENCODER,11.805390357971191,12.691296857958598,12.506101632322537,12.044931994603955,11.765071602210485,0.8859064999874064,0.04031875576070654,True,False,2022
2022-04-06,PETR4,AUTOENCODER,11.794456481933594,12.7303051456702,12.523533653221948,11.999311504436164,11.934504775792439,0.935848663736607,0.14004829385884499,True,True,2022
2022-04-07,PETR4,AUTOENCODER,12.406779289245604,12.751992261238776,12.887996848855536,11.977553616852408,12.279356515380929,0.34521297199317225,0.1274227738646747,True,True,2022
2022-04-08,PETR4,AUTOENCODER,12.46873950958252,12.763554666106856,12.731381227179039,12.460139503309485,12.316181467465357,0.29481515652433643,0.15255804211716217,True,True,2022
2022-04-11,PETR4,AUTOENCODER,12.373977661132812,12.803333125170312,12.925071665707593,12.551686500188563,12.691218779948843,0.42935546403749925,0.31724111881603,True,True,2022
2022-04-12,PETR4,AUTOENCODER,12.337525367736816,12.850960816606602,12.95574290106549,12.524336096799676,12.529316618292707,0.5134354488697852,0.19179125055589097,True,True,2022
2022-04-13,PETR4,AUTOENCODER,12.59995174407959,12.899503124939585,13.043856950140324,12.473147115432322,12.526952108854008,0.2995513808599952,0.07299963522558173,True,True,2022
2022-04-14,PETR4,AUTOENCODER,12.468467712402344,12.93680326725071,13.11598520271311,12.677579901262394,12.73437720098151,0.4683355548483661,0.2659094885791671,True,True,2022
2022-04-18,PETR4,AUTOENCODER,12.249159812927246,12.952455017692515,13.070434441145968,12.515354187359135,12.486370538405922,0.7032952047652685,0.2372107254786755,True,False,2022
2022-04-19,PETR4,AUTOENCODER,12.619986534118652,12.964311845607313,13.04885403058403,12.386004612355336,12.366517819534549,0.3443253114886602,0.2534687145841037,True,True,2022
2022-04-20,PETR4,AUTOENCODER,12.679798126220703,12.983666319292183,13.108593823086863,12.679696426761366,12.725978326277035,0.30386819307148016,0.046180200056332055,True,True,2022
2022-04-21,PETR4,AUTOENCODER,12.679798126220703,13.045937715665858,13.035973797223217,12.738902580710171,12.62687050330395,0.36613958944515446,0.052927622916753236,True,False,2022
2022-04-22,PETR4,AUTOENCODER,12.185365676879885,13.122710830079647,13.122710830079647,12.768183532510601,12.7702623477502,0.9373451531997627,0.5848966708703163,True,False,2022
2022-04-25,PETR4,AUTOENCODER,12.00593376159668,13.156285506657667,12.946014892891554,12.399581485925921,12.182815879269642,1.1503517450609877,0.17688211767296202,True,True,2022
2022-04-26,PETR4,AUTOENCODER,11.98599624633789,13.144872464629572,13.302590801102262,12.203977572894539,12.518640166282298,1.158876218291681,0.5326439199444071,True,True,2022
2022-04-27,PETR4,AUTOENCODER,11.98599624633789,13.126321968700665,13.319735990877783,12.166379113773925,12.227592432935491,1.1403257223627747,0.24159618659760085,True,True,2022
2022-04-28,PETR4,AUTOENCODER,12.065746307373049,13.105234148477706,13.226910661456449,12.159062658247716,12.10824428584283,1.0394878411046573,0.04249797846978076,True,True,2022
2022-04-29,PETR4,AUTOENCODER,12.07371997833252,13.090663588305581,12.966628289444653,12.220487272671331,11.980051132996513,1.0169436099730618,0.09366884533600661,True,True,2022
2022-05-02,PETR4,AUTOENCODER,11.954097747802734,13.080062514638058,13.106914502600231,12.233631932421,12.347978278312178,1.1259647668353239,0.3938805305094437,True,True,2022
2022-05-03,PETR4,AUTOENCODER,12.061756134033203,13.040763491851095,12.865688793332822,12.105125371631345,11.90333226343661,0.9790073578178919,0.15842387059659302,True,True,2022
2022-05-04,PETR4,AUTOENCODER,12.787452697753906,13.007607400022167,13.236317419727728,12.18541162783736,12.545544475855278,0.2201547022682604,0.24190822189862793,False,True,2022
2022-05-05,PETR4,AUTOENCODER,12.763529777526855,12.99100784094145,12.879101512054955,12.78915660304919,12.490238634353195,0.2274780634145941,0.27329114317366,False,True,2022
2022-05-06,PETR4,AUTOENCODER,13.18220329284668,13.000387581427702,13.185655054847073,12.803493223276027,13.067929501224075,0.18181571141897734,0.11427379162260465,True,True,2022
2022-05-09,PETR4,AUTOENCODER,12.823341369628906,13.032245507338743,12.897116931196235,13.164992531802655,12.874736084949937,0.20890413770983685,0.051394715321031015,True,True,2022
2022-05-10,PETR4,AUTOENCODER,12.934986114501951,13.080482943372829,12.856307159283839,12.899696841478047,12.779368645011743,0.14549682887087734,0.15561746949020794,False,True,2022
2022-05-11,PETR4,AUTOENCODER,13.385558128356934,13.152255168625665,13.396382404086824,13.02056804683859,13.441712823123163,0.2333029597312688,0.056154694766229696,True,True,2022
2022-05-12,PETR4,AUTOENCODER,13.489230155944824,13.235419537402237,13.394224300063435,13.406274876265611,13.369233820050411,0.25381061854258746,0.11999633589441316,True,True,2022
2022-05-13,PETR4,AUTOENCODER,13.664674758911133,13.319898667967806,13.480939812130101,13.513701601475546,13.540450390863173,0.34477609094332706,0.12422436804796,True,True,2022
2022-05-16,PETR4,AUTOENCODER,13.800247192382812,13.442872843564373,13.59472523375201,13.70520873532091,13.722572497569784,0.3573743488184391,0.07767469481302847,True,True,2022
2022-05-17,PETR4,AUTOENCODER,13.620814323425291,13.569354894583945,13.404920409838173,13.846891737309303,13.554886876685064,0.05145942884134591,0.06592744674022732,False,True,2022
2022-05-18,PETR4,AUTOENCODER,13.3975191116333,13.687896743270528,13.531917708561462,13.722625905199166,13.692428932202795,0.2903776316372273,0.2949098205694938,False,True,2022
2022-05-19,PETR4,AUTOENCODER,13.624802589416504,13.779523162327195,13.922517652894111,13.534995389586998,13.798658550463172,0.15472057291069063,0.17385596104666767,False,True,2022
2022-05-20,PETR4,AUTOENCODER,13.88796615600586,13.867527993510663,14.02794195520843,13.729223844416294,13.769803892815837,0.020438162495196366,0.11816226319002254,False,True,2022
2022-05-23,PETR4,AUTOENCODER,14.434233665466309,13.955231640366591,14.121098255849363,13.957678464945856,13.988233064935203,0.47900202509971734,0.44600060053110546,True,True,2022
2022-05-24,PETR4,AUTOENCODER,14.041210174560549,14.060723602404181,13.966538741051544,14.430562897530802,14.197080351613893,0.019513427843632414,0.1558701770533446,False,True,2022
2022-05-25,PETR4,AUTOENCODER,14.24116325378418,14.110698072947713,14.235992522844768,14.084584561370379,14.28048364026638,0.13046518083646674,0.03932038648220093,True,True,2022
2022-05-26,PETR4,AUTOENCODER,14.276710510253906,14.1806638068972,14.345672536862283,14.26953052601136,14.331991040030948,0.09604670335670562,0.055280529777041565,True,True,2022
2022-05-27,PETR4,AUTOENCODER,13.596867561340332,14.262894504258398,14.389012771655317,14.330099393154605,14.317694800883778,0.6660269429180659,0.7208272395434463,False,True,2022
2022-05-30,PETR4,AUTOENCODER,13.32581901550293,14.297941296070007,14.152121868729504,13.762119814866892,13.498110696481282,0.9721222805670777,0.17229168097835235,True,True,2022
2022-05-31,PETR4,AUTOENCODER,13.356921195983888,14.279069946632987,14.502714785062558,13.48901344247819,13.813481455946771,0.9221487506490984,0.45656025996288285,True,True,2022
2022-06-01,PETR4,AUTOENCODER,13.339149475097656,14.260135901682887,14.206633091193714,13.502360528519851,13.25320022412912,0.9209864265852303,0.085949250968536,True,True,2022
2022-06-02,PETR4,AUTOENCODER,13.223618507385254,14.242406594042947,14.373009131276936,13.48619719592553,13.64889979592645,1.0187880866576933,0.4252812885411963,True,True,2022
2022-06-03,PETR4,AUTOENCODER,13.454678535461426,14.226298764476581,14.059060873745933,13.389677989673714,13.100095704918392,0.7716202290151557,0.3545828305430341,True,True,2022
2022-06-06,PETR4,AUTOENCODER,13.463566780090332,14.20506219607553,14.260710850936402,13.555974787213657,13.744439004645303,0.7414954159851987,0.28087222455497063,True,True,2022
2022-06-07,PETR4,AUTOENCODER,13.623525619506836,14.206863155421843,14.327039229589419,13.589159777214187,13.653216726153497,0.5833375359150068,0.02969110664666097,True,True,2022
2022-06-08,PETR4,AUTOENCODER,13.556875228881836,14.208902603582615,14.335170803258274,13.718633232824928,13.738388744254028,0.6520273747007792,0.18151351537219185,True,True,2022
2022-06-09,PETR4,AUTOENCODER,13.36136245727539,14.221054469206024,14.082469691320235,13.672127292040258,13.418245432371128,0.8596920119306333,0.056882975095737365,True,True,2022
2022-06-10,PETR4,AUTOENCODER,13.174741744995115,14.231556582308784,14.270530492195308,13.461487447456285,13.60906968994555,1.0568148373136683,0.43432794495043403,True,False,2022
2022-06-13,PETR4,AUTOENCODER,13.005889892578123,14.219554694187252,14.044177025782528,13.348723531509982,13.126177607122665,1.213664801609129,0.12028771454454201,True,True,2022
2022-06-14,PETR4,AUTOENCODER,13.152524948120115,14.178006008872131,14.015635006590504,13.11063603359904,13.087045632803958,1.025481060752016,0.06547931531615703,True,False,2022
2022-06-15,PETR4,AUTOENCODER,12.921465873718262,14.14816171532236,13.99673439544641,13.283561701909775,13.254348483205423,1.2266958416040978,0.33288260948716086,True,True,2022
2022-06-16,PETR4,AUTOENCODER,12.921465873718262,14.104861243612362,14.104861243612362,13.021793898462848,13.142711552637119,1.1833953698941002,0.22124567891885683,True,False,2022
2022-06-17,PETR4,AUTOENCODER,12.134982109069824,14.066412912885227,13.901036502134179,13.073896774842714,12.89675388003062,1.9314308038154024,0.7617717709607952,True,True,2022
2022-06-20,PETR4,AUTOENCODER,12.272727012634276,13.916491959902203,13.970893102034163,12.233339969832139,12.417831650096229,1.6437649472679272,0.14510463746195335,True,False,2022
2022-06-21,PETR4,AUTOENCODER,12.028337478637695,13.752145506953788,13.60271909678563,12.368896119618784,12.16432656245105,1.7238080283160926,0.13598908381335484,True,True,2022
2022-06-22,PETR4,AUTOENCODER,11.992791175842283,13.610264946192302,13.455447995313328,12.165324107022448,12.122658468331732,1.6174737703500188,0.12986729248944862,True,True,2022
2022-06-23,PETR4,AUTOENCODER,11.770618438720703,13.492291045094795,13.333681814903453,12.128365070513873,12.093279829641892,1.7216726063740921,0.32266139092118884,True,True,2022
2022-06-24,PETR4,AUTOENCODER,11.681754112243652,13.379589099053028,13.53972279631174,11.925613460323202,12.211194001019729,1.6978349868093758,0.5294398887760767,True,True,2022
2022-06-27,PETR4,AUTOENCODER,12.432689666748049,13.277721798198101,13.410848331289303,11.830640852598837,11.820246054923468,0.8450321314500524,0.6124436118245811,True,True,2022
2022-06-28,PETR4,AUTOENCODER,12.58820915222168,13.191256080394552,13.345556851277866,12.455654138048857,12.49342305060962,0.6030469281728728,0.09478610161206014,True,True,2022
2022-06-29,PETR4,AUTOENCODER,12.477124214172363,13.169621211086877,13.014805140545509,12.653305085149974,12.361236891448048,0.6924969969145138,0.11588732272431557,True,True,2022
2022-06-30,PETR4,AUTOENCODER,12.410472869873049,13.172253193312443,12.976194007939261,12.585344998503183,12.509307145392317,0.7617803234393943,0.09883427551926793,True,True,2022
2022-07-01,PETR4,AUTOENCODER,12.677077293395996,13.184449314592143,12.996691454186033,12.53927786475608,12.507013643339889,0.5073720211961472,0.17006365005610746,True,True,2022
2022-07-04,PETR4,AUTOENCODER,12.948128700256348,13.2055113190156,13.352809959553328,12.766457843264401,13.067408841461184,0.2573826187592516,0.1192801412048361,True,True,2022
2022-07-05,PETR4,AUTOENCODER,12.454907417297363,13.263896822902112,13.116080250062877,13.031620820623122,12.759980571747755,0.8089894056047484,0.3050731544503922,True,True,2022
2022-07-06,PETR4,AUTOENCODER,12.294944763183594,13.295881369163098,13.09747711800115,12.619906801362365,12.528913898270007,1.0009366059795042,0.23396913508641326,True,True,2022
2022-07-07,PETR4,AUTOENCODER,12.654861450195312,13.308905440012587,13.436222292305983,12.464146630189681,12.744180903202125,0.654043989817275,0.08931945300681221,True,True,2022
2022-07-08,PETR4,AUTOENCODER,12.797049522399902,13.331438330345847,13.481511831487689,12.763541285317174,12.810602213350423,0.5343888079459447,0.013552690950520585,True,True,2022
2022-07-11,PETR4,AUTOENCODER,12.734843254089355,13.380930905965315,13.477972427349137,12.838959079501201,12.8188186006955,0.6460876518759591,0.08397534660614525,True,False,2022
2022-07-12,PETR4,AUTOENCODER,12.54377555847168,13.41952552622297,13.224798317880316,12.870094700395738,12.584921651739846,0.8757499677512897,0.041146093268165984,True,True,2022
2022-07-13,PETR4,AUTOENCODER,12.55266284942627,13.436430572264477,13.278478012357235,12.701294218963428,12.690026406482255,0.8837677228382077,0.1373635570559859,True,True,2022
2022-07-14,PETR4,AUTOENCODER,12.214963912963867,13.448698608985652,13.294647757338556,12.699038731781014,12.668569396360866,1.2337346960217843,0.45360548339699847,True,True,2022
2022-07-15,PETR4,AUTOENCODER,12.423802375793455,13.440588759970211,13.382206840338204,12.395197858352867,12.446009704116998,1.016786384176756,0.02220732832354244,True,True,2022
2022-07-18,PETR4,AUTOENCODER,12.708185195922852,13.423154490038883,13.562219856220707,12.549962874613179,12.734714671519914,0.714969294116031,0.026529475597062202,True,True,2022
2022-07-19,PETR4,AUTOENCODER,12.965899467468262,13.419258762961434,13.570320868593491,12.797198270807879,12.833776739159838,0.453359295493172,0.1321227283084241,True,True,2022
2022-07-20,PETR4,AUTOENCODER,12.961459159851074,13.426485957498613,13.52385785436517,12.94341798599713,12.92945427967624,0.46502679764753907,0.03200488017483494,True,False,2022
2022-07-21,PETR4,AUTOENCODER,12.89480686187744,13.451843219229929,13.614335145108178,13.046797822275098,13.121691852799328,0.557036357352489,0.22688499092188863,True,True,2022
2022-07-22,PETR4,AUTOENCODER,13.032553672790527,13.472265975284728,13.517592900108243,12.911194806586048,12.826536622298633,0.43971230249420046,0.20601705049189434,True,False,2022
2022-07-25,PETR4,AUTOENCODER,13.641301155090332,13.498385417763288,13.628559153036647,13.111166808489887,13.199629346886848,0.1429157373270442,0.44167180820348406,False,True,2022
2022-07-26,PETR4,AUTOENCODER,13.779046058654783,13.542153647173812,13.5437542907131,13.548533446236881,13.465141905404334,0.23689241148097118,0.3139041532504496,False,False,2022
2022-07-27,PETR4,AUTOENCODER,13.930120468139648,13.621499736271446,13.796971683440296,13.7907621046361,13.964865727889201,0.3086207318682028,0.03474525974955256,True,True,2022
2022-07-28,PETR4,AUTOENCODER,14.347805976867676,13.73010864876813,14.0270026499322,13.95885105967926,14.109141666488858,0.6176973280995455,0.23866431037881775,True,True,2022
2022-07-29,PETR4,AUTOENCODER,15.174281120300291,13.834486228793821,14.044550120082775,14.315783382073514,14.284343775788573,1.33979489150647,0.8899373445117185,True,True,2022
2022-08-01,PETR4,AUTOENCODER,14.965438842773438,13.955711076643084,13.787764343139488,15.034208779687354,14.702590621267015,1.0097277661303536,0.26284822150642206,True,True,2022
2022-08-02,PETR4,AUTOENCODER,15.03209114074707,14.117386823666678,13.95571005143779,14.859013057217162,14.84825247994306,0.9147043170803926,0.18383866080401035,True,False,2022
2022-08-03,PETR4,AUTOENCODER,15.040976524353027,14.304894351402936,14.129329532399014,15.044978605419457,15.005413552893394,0.7360821729500913,0.035562971459633275,True,True,2022
2022-08-04,PETR4,AUTOENCODER,15.200940132141112,14.493953285756973,14.26237600601096,15.087701400999215,15.00103874338445,0.7069868463841384,0.1999013887566612,True,True,2022
2022-08-05,PETR4,AUTOENCODER,15.494208335876465,14.681811170772207,14.869060999341132,15.249800541704703,15.633513125389161,0.8123971651042581,0.1393047895126962,True,True,2022
2022-08-08,PETR4,AUTOENCODER,16.276248931884766,14.854363974653253,15.076006587768198,15.5088760445575,15.57260283213632,1.4218849572315122,0.703646099748445,True,True,2022
2022-08-09,PETR4,AUTOENCODER,16.5428524017334,15.029691362319028,15.216641193225549,16.191899995979437,16.21017994051584,1.5131610394143706,0.3326724612175589,True,True,2022
2022-08-10,PETR4,AUTOENCODER,16.489532470703125,15.24149770400696,15.214623216097102,16.41188132267085,16.24446266387471,1.2480347666961649,0.24506980682841473,True,False,2022
2022-08-11,PETR4,AUTOENCODER,16.10739517211914,15.466068114563669,15.533375608255794,16.508516912161657,16.597237842048173,0.6413270575554719,0.4898426699290326,True,True,2022
2022-08-12,PETR4,AUTOENCODER,17.30353355407715,15.642736694479837,15.818828741339992,16.17724515315087,16.286371663821832,1.660796859597312,1.0171618902553163,True,True,2022
2022-08-15,PETR4,AUTOENCODER,17.308988571166992,15.772177113190125,15.556687780774038,17.139295282036194,16.800819073477687,1.5368114579768672,0.5081694976893054,True,True,2022
2022-08-16,PETR4,AUTOENCODER,17.467233657836914,15.937216290091882,15.749865631948216,17.24293796213927,17.23099105630254,1.5300173677450317,0.23624260153437504,True,True,2022
2022-08-17,PETR4,AUTOENCODER,17.876495361328125,16.143729163557822,16.325460939006685,17.44145271951934,17.796251412648548,1.732766197770303,0.08024394867957696,True,True,2022
2022-08-18,PETR4,AUTOENCODER,18.23664665222168,16.372700553267975,16.541610270783607,17.843129207044182,17.87436304288598,1.8639460989537042,0.36228360933569803,True,True,2022
2022-08-19,PETR4,AUTOENCODER,17.3144474029541,16.632421018834307,16.439895494043288,18.23080831672193,17.89481161973665,0.6820263841197942,0.5803642167825487,True,True,2022
2022-08-22,PETR4,AUTOENCODER,17.685508728027344,16.820162118089883,16.986742657615476,17.459365502729103,17.748164553402944,0.8653466099374612,0.06265582537560022,True,True,2022
2022-08-23,PETR4,AUTOENCODER,18.24756050109864,16.955050899819184,17.230094988631794,17.673790290170672,17.820369821617774,1.2925096012794555,0.42719067948086575,True,True,2022
2022-08-24,PETR4,AUTOENCODER,18.3566951751709,17.116041913494044,17.27299561977572,18.18031704492968,18.12497430553791,1.2406532616768544,0.2317208696329871,True,True,2022
2022-08-25,PETR4,AUTOENCODER,18.16025161743164,17.305618393161936,17.30766386738975,18.262706355921008,18.13904964328028,0.8546332242697048,0.021201974151360048,True,False,2022
2022-08-26,PETR4,AUTOENCODER,18.3566951751709,17.470183051082344,17.470183051082344,18.221866486866013,18.19120983327393,0.8865121240885543,0.16548534189696795,True,True,2022
2022-08-29,PETR4,AUTOENCODER,18.81507110595703,17.619228725529823,17.80317337395328,18.371569422347008,18.55636288692077,1.1958423804272087,0.2587082190362615,True,True,2022
2022-08-30,PETR4,AUTOENCODER,17.69642448425293,17.77271594681568,17.560160128520558,18.76430390625705,18.41671586813977,0.07629146256275021,0.7202913838868419,False,True,2022
2022-08-31,PETR4,AUTOENCODER,18.13296890258789,17.85355873762262,18.030104759706983,17.888525335413476,18.169699763066102,0.27941016496527027,0.036730860478211724,True,True,2022
2022-09-01,PETR4,AUTOENCODER,18.47128868103028,17.879346262678993,17.48294917117941,18.080879398473865,17.56385466320152,0.5919424183512874,0.9074340178287592,False,True,2022
2022-09-02,PETR4,AUTOENCODER,18.23664665222168,17.934167956910244,18.098623859983018,18.39759340860872,18.87943768067813,0.3024786953114358,0.6427910284564504,False,True,2022
2022-09-05,PETR4,AUTOENCODER,18.192989349365234,18.00579204864688,18.170936332959187,18.289117393501883,18.334757539170152,0.18719730071835272,0.14176818980491745,True,True,2022
2022-09-06,PETR4,AUTOENCODER,17.516345977783203,18.060137994572997,17.81822667560245,18.227675214972624,17.83979643291416,0.5437920167897943,0.32345045513095627,True,True,2022
2022-09-07,PETR4,AUTOENCODER,17.516345977783203,18.029645847388068,17.60159395031547,17.641117078652762,17.36072682578972,0.5132998696048645,0.1556191519934842,True,True,2022
2022-09-08,PETR4,AUTOENCODER,17.352645874023438,17.95313027630742,17.989743831859425,17.42298534746597,17.816812106223548,0.6004844022839819,0.46416623220011033,True,False,2022
2022-09-09,PETR4,AUTOENCODER,17.34718894958496,17.879137277635394,17.97370406859978,17.37026714391567,17.449685451812623,0.5319483280504329,0.10249650222766249,True,True,2022
2022-09-12,PETR4,AUTOENCODER,17.178024291992188,17.8353315538494,18.09118524185844,17.286277650731424,17.470762324624246,0.6573072618572127,0.2927380326320588,True,False,2022
2022-09-13,PETR4,AUTOENCODER,16.725112915039062,17.781235160651818,17.603409563870734,17.229906794255562,16.831653249513046,1.0561222456127553,0.10654033447398348,True,True,2022
2022-09-14,PETR4,AUTOENCODER,16.981584548950195,17.667675146607507,17.82971831358766,16.812466932646977,17.077035312099827,0.6860905976573122,0.09545076314963197,True,True,2022
2022-09-15,PETR4,AUTOENCODER,16.94883918762207,17.559935980689332,17.280673309967497,16.943702785983366,16.553329422014478,0.6110967930672615,0.3955097656075921,True,True,2022
2022-09-16,PETR4,AUTOENCODER,16.796049118041992,17.46954872000883,17.365147313548558,16.846940237422277,16.961254517590728,0.6734996019668387,0.1652053995487357,True,False,2022
2022-09-19,PETR4,AUTOENCODER,17.06343650817871,17.35042355718585,17.02782891678395,16.78527082873028,16.55362778514223,0.2869870490071378,0.5098087230364818,False,True,2022
2022-09-20,PETR4,AUTOENCODER,16.965213775634766,17.24338018853048,17.2785462820596,16.866970026773718,17.18845856662307,0.27816641289571464,0.22324479098830352,True,False,2022
2022-09-21,PETR4,AUTOENCODER,17.008865356445312,17.176479158779188,17.176479158779188,16.84266716473345,16.83992880512177,0.16761380233387513,0.16893655132354368,False,False,2022
2022-09-22,PETR4,AUTOENCODER,17.429040908813477,17.13762023390757,17.294771812885593,16.98066734037435,17.13805984006785,0.2914206749059076,0.29098106874562646,True,True,2022
2022-09-23,PETR4,AUTOENCODER,16.337675094604492,17.119147185377173,16.910867358444712,17.31334579765746,16.997949669913382,0.7814720907726809,0.6602745753088897,True,True,2022
2022-09-26,PETR4,AUTOENCODER,15.982987403869627,17.034381622369494,16.712030559325154,16.472705019200195,16.261864975205285,1.0513942184998673,0.2788775713356575,True,True,2022
2022-09-27,PETR4,AUTOENCODER,16.19034194946289,16.929149047650725,16.91161744083323,16.06482734377936,16.287758514513587,0.7388070981878343,0.09741656505069685,True,True,2022
2022-09-28,PETR4,AUTOENCODER,15.97207260131836,16.824087348938193,16.97839335541331,16.163014448920734,16.359215362945843,0.8520147476198332,0.3871427616274836,True,True,2022
2022-09-29,PETR4,AUTOENCODER,15.993897438049316,16.688942867861428,16.49275525434703,15.977344679203851,15.649781554345523,0.6950454298121116,0.3441158837037932,True,True,2022
2022-09-30,PETR4,AUTOENCODER,16.26128387451172,16.539725088083927,16.41247932959262,15.853721892070975,15.878049255220922,0.27844121357220786,0.3832346192907963,False,False,2022
2022-10-03,PETR4,AUTOENCODER,17.56000518798828,16.405181746338457,16.561020086427824,16.117690293135514,16.400409857602064,1.1548234416498246,1.1595953303862174,False,True,2022
2022-10-04,PETR4,AUTOENCODER,17.118000030517578,16.358929668218565,16.294156148655873,17.16291900071796,17.066681966269456,0.7590703622990134,0.051318064248121686,True,True,2022
2022-10-05,PETR4,AUTOENCODER,17.761905670166016,16.396642863321745,16.593356005204402,17.041364980695025,17.272179793445332,1.365262806844271,0.4897258767206836,True,True,2022
2022-10-06,PETR4,AUTOENCODER,18.367610931396484,16.48328560375046,16.642031966938607,17.562340097944556,17.600122918522622,1.8843253276460246,0.7674880128738621,True,True,2022
2022-10-07,PETR4,AUTOENCODER,18.35124015808105,16.642899774785135,16.788129619901685,18.156432404086416,18.201618087449937,1.7083403832959156,0.1496220706311142,True,True,2022
2022-10-10,PETR4,AUTOENCODER,18.14388084411621,16.86769761024223,16.709030064414705,18.304932482061304,18.025940155393624,1.2761832338739794,0.11794068872258734,True,True,2022
2022-10-11,PETR4,AUTOENCODER,18.007461547851562,17.094175931314624,16.797853475053817,18.1854392750411,18.00631273784989,0.913285616536939,0.0011488100016734393,True,True,2022
2022-10-12,PETR4,AUTOENCODER,18.007461547851562,17.28922167250589,17.07160007477258,18.062988779310263,18.087716820625793,0.7182398753456738,0.08025527277423095,True,True,2022
2022-10-13,PETR4,AUTOENCODER,18.520395278930664,17.453793706369012,17.66206124068784,18.051859934728064,18.447569957387206,1.0666015725616518,0.07282532154345844,True,True,2022
2022-10-14,PETR4,AUTOENCODER,18.23664665222168,17.594885655921857,17.28638746491013,18.44902508932242,18.00206282388804,0.6417609962998228,0.23458382833364055,True,True,2022
2022-10-17,PETR4,AUTOENCODER,18.22027587890625,17.744893890893678,17.78474388717887,18.231436839938173,18.50982891085433,0.4753819880125718,0.28955303194808124,True,False,2022
2022-10-18,PETR4,AUTOENCODER,18.667734146118164,17.84840787095979,18.031367741803244,18.245358494046382,18.398936542330162,0.8193262751583745,0.268797603788002,True,True,2022
2022-10-19,PETR4,AUTOENCODER,19.328004837036133,17.95846922950949,18.246125344136214,18.604834792490355,18.770874629837127,1.3695356075266432,0.5571302071990054,True,True,2022
2022-10-20,PETR4,AUTOENCODER,19.900972366333008,18.08972535945152,18.32162407987705,19.180797311053098,19.21596895357332,1.8112470068814872,0.6850034127596878,True,True,2022
2022-10-21,PETR4,AUTOENCODER,20.58307456970215,18.270627730486254,18.48411049435376,19.751830224989305,19.806110211271985,2.3124468392158946,0.7769643584301633,True,True,2022
2022-10-24,PETR4,AUTOENCODER,18.689563751220703,18.48575570504363,18.701229395499535,20.398646012716693,20.469941015152777,0.20380804617707327,1.780377263932074,False,True,2022
2022-10-25,PETR4,AUTOENCODER,18.29667091369629,18.616598782193606,18.304273362232465,18.908506583376653,18.321979268507423,0.3199278684973166,0.025308354811134137,True,True,2022
2022-10-26,PETR4,AUTOENCODER,17.849210739135742,18.644372894487958,18.869027420534035,18.420656164821324,18.857522269461885,0.7951621553522159,1.008311530326143,False,True,2022
2022-10-27,PETR4,AUTOENCODER,17.985631942749023,18.56675707861895,18.34849473625271,17.932030198475804,17.490071526919245,0.5811251358699252,0.49556041582977883,True,True,2022
2022-10-28,PETR4,AUTOENCODER,17.77281951904297,18.452297199563375,18.452297199563375,18.056671930092232,18.196086548484494,0.6794776805204066,0.4232670294415257,True,True,2022
2022-10-31,PETR4,AUTOENCODER,16.266740798950195,18.2968442895439,18.491887382522567,17.743855114772288,17.9250161742729,2.030103490593703,1.658275375322706,True,True,2022
2022-11-01,PETR4,AUTOENCODER,16.294023513793945,17.978212169510698,18.18950537090139,16.38478686405134,16.361897682679157,1.6841886557167527,0.06787416888521136,True,True,2022
2022-11-02,PETR4,AUTOENCODER,16.294023513793945,17.670669779349907,17.670669779349907,16.21977453434212,16.022187248525228,1.3766462655559621,0.2718362652687176,True,False,2022
2022-11-03,PETR4,AUTOENCODER,16.343135833740234,17.398163117086654,17.398163117086654,16.198794152326137,16.175076883892444,1.0550272833464192,0.16805894984779002,True,False,2022
2022-11-04,PETR4,AUTOENCODER,15.44276237487793,17.136449917663413,17.334342757030676,16.266136394570843,16.45921905386091,1.693687542785483,1.0164566789829799,True,True,2022
2022-11-07,PETR4,AUTOENCODER,14.815229415893556,16.857802783089696,16.88755473890845,15.501027840590355,15.34718222051813,2.0425733671961392,0.5319528046245736,True,True,2022
2022-11-08,PETR4,AUTOENCODER,14.924368858337402,16.557266309184627,16.7774841787929,14.8956794834171,15.056447594501424,1.6328974508472243,0.1320787361640221,True,True,2022
2022-11-09,PETR4,AUTOENCODER,14.678810119628906,16.26054688563471,16.10097036273912,14.894905246082363,14.543012656269664,1.581736766005804,0.1357974633592427,True,True,2022
2022-11-10,PETR4,AUTOENCODER,14.253178596496582,15.98377692848203,15.800231673023122,14.676108451493592,14.595883017844502,1.7305983319854477,0.34270442134791956,True,True,2022
2022-11-11,PETR4,AUTOENCODER,14.727922439575195,15.67845346775475,15.894558988165779,14.2549323140044,14.608006330756442,0.9505310281795545,0.11991610881875303,True,True,2022
2022-11-14,PETR4,AUTOENCODER,15.115355491638184,15.391165416290093,15.712967776712802,14.564897477956741,14.725027556822095,0.27580992465190945,0.39032793481608863,False,True,2022
2022-11-15,PETR4,AUTOENCODER,15.115355491638184,15.225195641282426,15.187582876186314,14.896634956776206,14.600098618620912,0.10984014964424205,0.5152568730172717,False,False,2022
2022-11-16,PETR4,AUTOENCODER,14.815229415893556,15.141118499594839,15.13327297399259,14.97377795093238,14.985756674094521,0.32588908370128244,0.17052725820096448,True,False,2022
2022-11-17,PETR4,AUTOENCODER,14.820684432983398,15.091359160713836,15.01857390440302,14.789290027462144,14.70610711379749,0.2706747277304373,0.11457731918590852,True,True,2022
2022-11-18,PETR4,AUTOENCODER,14.569677352905272,15.030084745930509,14.902547172546495,14.80329555587633,14.73416342305235,0.46040739302523725,0.1644860701470776,True,True,2022
2022-11-21,PETR4,AUTOENCODER,14.613326072692873,14.958583586572459,14.782737288898524,14.586994648899404,14.508990663736167,0.34525751387958614,0.10433540895670568,True,True,2022
2022-11-22,PETR4,AUTOENCODER,13.620107650756836,14.88550151682577,15.073592913216155,14.595769120708349,14.927631645208452,1.2653938660689334,1.307523994451616,False,True,2022
2022-11-23,PETR4,AUTOENCODER,13.684329986572266,14.698366474196632,14.797095886400722,13.653300904824606,13.565225796489596,1.0140364876243666,0.1191041900826697,True,True,2022
2022-11-24,PETR4,AUTOENCODER,14.157208442687988,14.522312556173404,14.672132660899337,13.681675357540927,13.741250340128499,0.3651041134854154,0.4159581025594896,False,True,2022
2022-11-25,PETR4,AUTOENCODER,13.929527282714844,14.391004794632366,14.227690821320408,14.055777680428381,13.77295466788892,0.46147751191752207,0.1565726148259241,True,True,2022
2022-11-28,PETR4,AUTOENCODER,14.221426010131836,14.3112524140235,14.479875824891389,13.93379338041138,14.22148680035573,0.08982640389166363,6.0790223894713336e-05,True,True,2022
2022-11-29,PETR4,AUTOENCODER,14.816905975341797,14.268651427547667,14.380483142552146,14.133684945405196,14.110191615539216,0.5482545477941301,0.7067143598025805,False,True,2022
2022-11-30,PETR4,AUTOENCODER,15.56417179107666,14.264218485975789,14.40910978515033,14.672289527745159,14.740197726127917,1.2999533051008711,0.823974064948743,True,True,2022
2022-12-01,PETR4,AUTOENCODER,14.93950366973877,14.315080528292725,14.040010574603402,15.32923394234463,14.954273069743671,0.6244231414460444,0.014769400004901456,True,True,2022
2022-12-02,PETR4,AUTOENCODER,15.126320838928224,14.417778237365013,14.417778237365013,14.863737208936067,15.080394524783063,0.7085426015632112,0.04592631414516113,True,False,2022
2022-12-05,PETR4,AUTOENCODER,14.957019805908203,14.525226053545936,14.385736901171386,15.05178689105832,14.916187727785802,0.43179375236226747,0.04083207812240097,True,True,2022
2022-12-06,PETR4,AUTOENCODER,14.9686918258667,14.623939524228192,14.462145902000767,14.973062208001222,14.925707507227687,0.3447523016385077,0.04298431863901264,True,True,2022
2022-12-07,PETR4,AUTOENCODER,14.799388885498049,14.708885797832394,14.537097832367,14.982561276441448,14.947590053127527,0.09050308766565429,0.14820116762947855,False,True,2022
2022-12-08,PETR4,AUTOENCODER,14.46662139892578,14.777866843429393,14.606095123376292,14.851638793814953,14.820521538901193,0.3112454445036139,0.3539001399754138,False,True,2022
2022-12-09,PETR4,AUTOENCODER,14.42575454711914,14.822421225400987,14.822421225400987,14.509935574807637,14.640700478656068,0.39666667828184643,0.21494593153692776,True,False,2022
2022-12-12,PETR4,AUTOENCODER,13.95871353149414,14.82886288203899,15.048913482361266,14.504726608191017,14.724618253172986,0.8701493505448497,0.7659047216788455,True,True,2022
2022-12-13,PETR4,AUTOENCODER,13.614272117614746,14.760226047102037,14.681693828928298,14.065655053251936,13.797354646950165,1.1459539294872911,0.1830825293354188,True,True,2022
2022-12-14,PETR4,AUTOENCODER,12.534235954284668,14.656791973082008,14.69616773992409,13.734383357427713,13.82376405070003,2.12255601879734,1.2895280964153617,True,True,2022
2022-12-15,PETR4,AUTOENCODER,12.867005348205566,14.335865934864358,14.538949673964082,12.626109941855535,12.757199157986761,1.468860586658792,0.109806190218805,True,True,2022
2022-12-16,PETR4,AUTOENCODER,12.87283992767334,14.007493882475643,13.69531401609559,12.804633019181459,12.323995087611564,1.1346539548023031,0.5488448400617756,True,True,2022
2022-12-19,PETR4,AUTOENCODER,13.065495491027832,13.740030521043956,13.78995269890052,12.74537580314881,13.03356950355209,0.6745350300161235,0.03192598747574138,True,False,2022
2022-12-20,PETR4,AUTOENCODER,13.468320846557615,13.55068761289538,13.751770930457708,12.994769286180535,13.158055985515357,0.08236676633776518,0.31026486104225803,False,True,2022
2022-12-21,PETR4,AUTOENCODER,13.76022243499756,13.431256348449715,13.57816787507659,13.350720775391302,13.344165547214352,0.32896608654784565,0.41605688778320804,False,True,2022
2022-12-22,PETR4,AUTOENCODER,14.005419731140137,13.379134863914146,13.221855846266283,13.629804944378897,13.364544590308578,0.6262848672259906,0.6408751408315592,False,True,2022
2022-12-23,PETR4,AUTOENCODER,14.665115356445312,13.381984436449812,13.528741507586965,13.86981229623292,14.161018373274063,1.2831309199955,0.5040969831712498,True,True,2022
2022-12-26,PETR4,AUTOENCODER,14.560028076171877,13.452042369683241,13.574130448863102,14.409682275702371,14.410581965398368,1.1079857064886358,0.14944611077350878,True,False,2022
2022-12-27,PETR4,AUTOENCODER,14.659278869628906,13.5862906737201,13.746898968727164,14.436504629698524,14.504614627753577,1.0729881959088061,0.154664241875329,True,True,2022
2022-12-28,PETR4,AUTOENCODER,14.478296279907228,13.740847406699672,13.84118408196668,14.584943119582393,14.567145340657534,0.7374488732075566,0.08884906075030585,True,True,2022
2022-12-29,PETR4,AUTOENCODER,14.3031587600708,13.887396324538031,13.728353476137036,14.39113534834057,14.145859218796247,0.4157624355327698,0.15729954127455414,True,False,2022
2022-12-30,PETR4,AUTOENCODER,14.3031587600708,14.015370159971766,14.21145331293027,14.312846421680021,14.64582824069706,0.2877886000990344,0.34266948062625957,False,True,2022
2023-01-02,PETR4,AUTOENCODER,13.380749702453612,14.127970072139306,14.193825104549527,14.277377721391492,14.162213036713887,0.747220369685694,0.781463334260275,False,False,2023
2023-01-03,PETR4,AUTOENCODER,13.042144775390623,14.15975546794698,13.95621646961582,13.522355503520968,13.2658027279288,1.1176106925563563,0.22365795253817744,True,True,2023
2023-01-04,PETR4,AUTOENCODER,13.456645011901855,14.10595042448665,14.176999524005526,13.202675126125332,13.439846149206383,0.6493054125847948,0.01679886269547204,True,True,2023
2023-01-05,PETR4,AUTOENCODER,13.941198348999023,14.020233364868702,14.16036281632233,13.519614541472329,13.591782059238074,0.0790350158696782,0.3494162897609492,False,True,2023
2023-01-06,PETR4,AUTOENCODER,13.859469413757324,13.961606913520157,13.797480619669372,13.912654750603263,13.643684904874833,0.10213749976283282,0.215784508882491,False,True,2023
2023-01-09,PETR4,AUTOENCODER,13.935362815856934,13.944582008409526,14.10833947363841,13.855950168632353,14.16837241236609,0.009219192552592403,0.23300959650915587,False,True,2023
2023-01-10,PETR4,AUTOENCODER,14.063802719116213,13.94669275734988,13.433490251502192,13.855867986445515,13.187573885928801,0.11710996176633337,0.8762288331874117,False,False,2023
2023-01-11,PETR4,AUTOENCODER,14.174720764160156,13.960045672312091,14.124103699773439,14.042009624253692,14.654741960186238,0.21467509184806488,0.4800211960260814,False,True,2023
2023-01-12,PETR4,AUTOENCODER,14.379051208496094,13.994877332461172,13.994877332461172,14.08220920838839,13.909304730550879,0.3841738760349216,0.46974647794521474,False,False,2023
2023-01-13,PETR4,AUTOENCODER,14.344024658203123,14.040819620987023,14.040819620987023,14.263809415505591,14.268541786698625,0.3032050372161006,0.07548287150449795,True,False,2023
2023-01-16,PETR4,AUTOENCODER,14.03460693359375,14.096590353180972,13.984719528395454,14.32365646552148,14.217766520408862,0.06198341958722153,0.1831595868151119,False,True,2023
2023-01-17,PETR4,AUTOENCODER,14.898636817932127,14.14624397021639,14.363139306297326,14.075737036559755,14.387566789164412,0.752392847715738,0.5110700287677155,True,True,2023
2023-01-18,PETR4,AUTOENCODER,14.635927200317385,14.199095058418877,14.199095058418877,14.736327816116939,14.554456588859576,0.43683214189850794,0.08147061145780832,True,False,2023
2023-01-19,PETR4,AUTOENCODER,15.11464500427246,14.279167063212071,14.456423986085364,14.605524444784935,14.797122223946563,0.8354779410603879,0.31752278032589665,True,True,2023
2023-01-20,PETR4,AUTOENCODER,15.39486598968506,14.370542700216419,14.367906594853071,14.959367559121446,14.81163205482581,1.0243232894686418,0.5832339348592512,True,False,2023
2023-01-23,PETR4,AUTOENCODER,15.640067100524902,14.467358094973278,14.467358094973278,15.196593003032463,15.211504005686962,1.1727090055516243,0.42856309483794064,True,False,2023
2023-01-24,PETR4,AUTOENCODER,15.52914333343506,14.60729079219604,14.382034300982498,15.53471293135574,15.323994544639385,0.921852541239021,0.20514878879567533,True,True,2023
2023-01-25,PETR4,AUTOENCODER,15.727636337280272,14.779656738861632,14.920876681760499,15.4474831246598,15.773281996834829,0.9479795984186392,0.04564565955455713,True,True,2023
2023-01-26,PETR4,AUTOENCODER,15.324810981750488,14.951953843395216,14.798319045630182,15.698576318891341,15.426114340152328,0.3728571383552719,0.10130335840183946,True,True,2023
2023-01-27,PETR4,AUTOENCODER,14.957019805908203,15.085884981895319,14.888320491813241,15.306138526806011,15.231375096056853,0.12886517598711578,0.2743552901486499,False,True,2023
2023-01-30,PETR4,AUTOENCODER,15.032912254333496,15.171973297296603,14.986183250441213,15.03625373948514,15.003177551697792,0.13906104296310673,0.02973470263570377,True,True,2023
2023-01-31,PETR4,AUTOENCODER,15.219730377197266,15.228577511017377,15.244751505906128,15.04423332114766,15.202459362801243,0.008847133820111708,0.017271014396023077,False,False,2023
2023-02-01,PETR4,AUTOENCODER,15.009557723999023,15.271194478702427,15.139998034442703,15.265943794912486,15.114658484928963,0.2616367547034031,0.1051007609299397,True,True,2023
2023-02-02,PETR4,AUTOENCODER,14.314833641052246,15.295020002996537,15.116802508303012,15.074418386415076,15.006095720583644,0.9801863619442912,0.6912620795313984,True,True,2023
2023-02-03,PETR4,AUTOENCODER,14.47246265411377,15.257483830518524,15.078960194278723,14.452577407549892,14.40244358647803,0.7850211764047543,0.07001906763573906,True,True,2023
2023-02-06,PETR4,AUTOENCODER,15.05042552947998,15.182680707471604,15.426448197365158,14.569589105959228,14.952790629039777,0.1322551779916239,0.09763490044020351,True,True,2023
2023-02-07,PETR4,AUTOENCODER,14.957019805908203,15.118758329253495,15.345627108706402,15.025875373750683,15.045454487682987,0.16173852334529215,0.08843468177478364,True,True,2023
2023-02-08,PETR4,AUTOENCODER,15.208050727844238,15.089954043626577,15.230125762572053,14.891862410806263,14.832619292539087,0.11809668421766162,0.3754314353051509,False,True,2023
2023-02-09,PETR4,AUTOENCODER,15.1379976272583,15.089260705011341,15.228823553953891,15.16499606607071,15.198136796882995,0.04873692224695958,0.06013916962469423,False,True,2023
2023-02-10,PETR4,AUTOENCODER,15.599198341369627,15.116062422191064,15.282760023456438,15.144916489271214,15.202700574551425,0.48313591917856336,0.3964977668182019,True,True,2023
2023-02-13,PETR4,AUTOENCODER,15.645903587341309,15.16335696688138,15.262811074159513,15.483590086615674,15.45752768288247,0.482546620459928,0.18837590445883912,True,False,2023
2023-02-14,PETR4,AUTOENCODER,15.587523460388184,15.231516824189413,15.136759581764933,15.53763935867967,15.353452910964217,0.3560066361987708,0.23407054942396677,True,True,2023
2023-02-15,PETR4,AUTOENCODER,15.610875129699709,15.311837152387355,15.250519230187708,15.508085776544771,15.53400976953307,0.29903797731235393,0.07686536016663936,True,False,2023
2023-02-16,PETR4,AUTOENCODER,15.675092697143556,15.372302672119574,15.372302672119574,15.527274254159074,15.575045417446244,0.3027900250239828,0.10004727969731242,True,False,2023
2023-02-17,PETR4,AUTOENCODER,15.435735702514648,15.436211527776038,15.261642828726234,15.66919721363265,15.496198473191049,0.00047582526138967296,0.06046277067640027,False,True,2023
2023-02-21,PETR4,AUTOENCODER,15.435735702514648,15.48242795550614,15.367359198598031,15.392430257843444,15.420480898307646,0.046692252991491046,0.015254804207001982,True,False,2023
2023-02-22,PETR4,AUTOENCODER,15.03874969482422,15.516426134128395,15.350246031631478,15.473913807621456,15.396079565576445,0.47767643930417414,0.3573298707522241,True,True,2023
2023-02-23,PETR4,AUTOENCODER,15.499956130981444,15.518358631119796,15.744430074225454,15.121922813698065,15.473285956421794,0.018402500138352096,0.026670174559649595,False,True,2023
2023-02-24,PETR4,AUTOENCODER,15.120479583740234,15.502609764098906,15.39459165926288,15.506029789640861,15.203043154114825,0.3821301803586721,0.08256357037459061,True,True,2023
2023-02-27,PETR4,AUTOENCODER,15.26643180847168,15.492010534417062,15.489888374128714,15.097708110191324,15.191436972957069,0.22557872594538253,0.07499483551461061,True,False,2023
2023-02-28,PETR4,AUTOENCODER,14.7351713180542,15.46167697000051,15.237591916028318,15.288564982729575,15.061531369225966,0.7265056519463116,0.3263600511717666,True,True,2023
2023-03-01,PETR4,AUTOENCODER,14.770201683044434,15.390317182877837,15.522247503361436,14.718104364590195,15.026211016926688,0.6201154998334033,0.256009333882254,True,False,2023
2023-03-02,PETR4,AUTOENCODER,14.38489055633545,15.275188551682746,15.128489641455822,14.791235283210579,14.514986428170962,0.8902979953472965,0.13009587183551297,True,True,2023
2023-03-03,PETR4,AUTOENCODER,15.003721237182615,15.13319919576621,15.348755928016736,14.420633031118816,14.757587268777183,0.12947795858359434,0.24613396840543267,False,True,2023
2023-03-06,PETR4,AUTOENCODER,15.155509948730469,15.01992561416401,15.131311580694645,14.871741450439165,14.799191898978252,0.13558433456645957,0.3563180497522165,False,False,2023
2023-03-07,PETR4,AUTOENCODER,14.653438568115234,14.973572731493675,14.878075580106886,15.088315113163137,14.9180646669497,0.3201341633784409,0.26462609883446575,True,True,2023
2023-03-08,PETR4,AUTOENCODER,14.840255737304688,14.940470729911326,14.799931820630452,14.668757644984222,14.605002226772235,0.10021499260663802,0.23525351053245203,False,True,2023
2023-03-09,PETR4,AUTOENCODER,14.776037216186523,14.917683984216282,14.742318483645164,14.845921034067953,14.788668944993804,0.14164676802975862,0.01263172880728014,True,True,2023
2023-03-10,PETR4,AUTOENCODER,14.583383560180664,14.908261217397524,14.793566868108671,14.710518879810742,14.736320444108578,0.32487765721685946,0.15293688392791438,True,False,2023
2023-03-13,PETR4,AUTOENCODER,14.12217903137207,14.897932438948573,14.742710683639388,14.605782990839884,14.523532380669817,0.7757534075765022,0.4013533492977466,True,True,2023
2023-03-14,PETR4,AUTOENCODER,13.87114143371582,14.857779036130424,14.722695278357207,14.195795736719784,14.15961695050167,0.9866376024146035,0.2884755167858497,True,True,2023
2023-03-15,PETR4,AUTOENCODER,13.625947952270508,14.785094037966573,14.611287204432468,14.003896736835944,13.922392882164647,1.1591460856960651,0.2964449298941396,True,True,2023
2023-03-16,PETR4,AUTOENCODER,13.579241752624512,14.654130487085581,14.541391252368603,13.652621087504723,13.667250813082404,1.0748887344610694,0.08800906045789247,True,False,2023
2023-03-17,PETR4,AUTOENCODER,13.72519302368164,14.512299713937423,14.377855461183014,13.67274145020055,13.616138503661897,0.7871066902557828,0.10905452001974325,True,True,2023
2023-03-20,PETR4,AUTOENCODER,13.386590003967283,14.35566173578836,14.180397910031358,13.750123053224778,13.68204278431291,0.9690717318210762,0.2954527803456273,True,True,2023
2023-03-21,PETR4,AUTOENCODER,13.66097354888916,14.216550226854565,14.466019004685085,13.446968289930654,13.82635509298121,0.555576677965405,0.16538154409204964,True,True,2023
2023-03-22,PETR4,AUTOENCODER,13.620107650756836,14.109751493632587,13.93999934558821,13.690241946349255,13.298920214244655,0.4896438428757506,0.3211874365121812,True,True,2023
2023-03-23,PETR4,AUTOENCODER,13.310693740844728,14.02459746430857,13.882087778003939,13.641135394749002,13.656847359123024,0.7139037234638419,0.3461536182782954,True,True,2023
2023-03-24,PETR4,AUTOENCODER,13.30485725402832,13.929618679287813,13.983401598662592,13.27465673347637,13.430220038887864,0.6247614252594929,0.12536278485954355,True,False,2023
2023-03-27,PETR4,AUTOENCODER,13.532540321350098,13.826941868719885,14.031473435506534,13.332131000333911,13.477838514332849,0.2944015473697874,0.05470180701724914,True,True,2023
2023-03-28,PETR4,AUTOENCODER,13.77189826965332,13.748204909558154,13.748204909558154,13.447103652065696,13.279666311838318,0.023693360095165872,0.49223195781500273,False,False,2023
2023-03-29,PETR4,AUTOENCODER,13.952874183654783,13.713189465503085,13.713189465503085,13.659454492949473,13.677329289930224,0.23968471815169856,0.27554489372455926,False,False,2023
2023-03-30,PETR4,AUTOENCODER,13.993741989135742,13.70680804573059,13.70680804573059,13.821431359148102,13.82866931730709,0.28693394340515255,0.1650726718286517,True,False,2023
2023-03-31,PETR4,AUTOENCODER,13.690166473388672,13.721904141821177,13.558577063496188,13.941118485128577,13.782814613045215,0.03173766843250547,0.09264813965654284,False,True,2023
2023-04-03,PETR4,AUTOENCODER,14.297321319580078,13.743357685870436,13.91534502938157,13.681999863414369,13.984985094409467,0.5539636337096425,0.3123362251706112,True,True,2023
2023-04-04,PETR4,AUTOENCODER,14.168883323669434,13.786225435607804,13.937299220473236,14.197244688532246,14.197470208715579,0.3826578880616296,0.028586885046145483,True,True,2023
2023-04-05,PETR4,AUTOENCODER,14.215588569641112,13.855240902270808,13.969810415650722,14.06488364729564,14.064818429408621,0.3603476673703039,0.15077014023249014,True,False,2023
2023-04-06,PETR4,AUTOENCODER,14.011255264282228,13.910676029071212,14.014782352476788,14.117575114970519,14.121136799161576,0.10057923521101664,0.1098815348793476,False,True,2023
2023-04-10,PETR4,AUTOENCODER,14.308996200561523,13.97842529223476,14.09465795402586,14.014088820919472,14.039255173640926,0.33057090832676295,0.2697410269205971,True,True,2023
2023-04-11,PETR4,AUTOENCODER,14.980366706848145,14.05627099165173,14.265270614500233,14.319622408826538,14.444397202289325,0.9240957151964153,0.5359695045588193,True,True,2023
2023-04-12,PETR4,AUTOENCODER,15.09129238128662,14.153755138548107,14.278438554024628,14.895273808766376,14.870001283284534,0.9375372427385127,0.22129109800208546,True,True,2023
2023-04-13,PETR4,AUTOENCODER,15.196374893188477,14.2822723350952,14.307547003111727,14.932676440636527,14.876107688375535,0.9141025580932762,0.32026720481294113,True,False,2023
2023-04-14,PETR4,AUTOENCODER,15.354002952575684,14.436267267104625,14.407903279488101,15.067180321481395,15.0356531129434,0.9177356854710581,0.31834983963228325,True,False,2023
2023-04-17,PETR4,AUTOENCODER,15.59335994720459,14.60638109259449,14.60638109259449,15.244453045834526,15.28233962806274,0.9869788546101006,0.3110203191418499,True,False,2023
2023-04-18,PETR4,AUTOENCODER,15.990345001220703,14.78265505957539,14.86072644737407,15.557478005760418,15.644758111323842,1.207689941645313,0.34558688989686104,True,True,2023
2023-04-19,PETR4,AUTOENCODER,15.47659683227539,14.944440216415927,14.844800769351084,15.900740874132442,15.750256357053502,0.5321566158594635,0.27365952477811106,True,True,2023
2023-04-20,PETR4,AUTOENCODER,15.581685066223145,15.086885651457024,14.917208952135857,15.47435703108356,15.38586937843918,0.49479941476612055,0.19581568778396452,True,True,2023
2023-04-21,PETR4,AUTOENCODER,15.581685066223145,15.208964879337472,15.234228611322902,15.522797162845169,15.693512798488403,0.37272018688567243,0.1118277322652581,True,False,2023
2023-04-24,PETR4,AUTOENCODER,15.879424095153809,15.310444328537955,15.310444328537955,15.525352216864768,15.495836088283935,0.568979766615854,0.38358800686987315,True,False,2023
2023-04-25,PETR4,AUTOENCODER,15.815207481384276,15.41104604055532,15.235532390160616,15.860162097684157,15.696952275238187,0.4041614408289558,0.1182552061460882,True,True,2023
2023-04-26,PETR4,AUTOENCODER,15.616711616516112,15.499231582335312,15.336218917182643,15.80664659274371,15.795179934211864,0.11748003418079911,0.1784683176957529,False,True,2023
2023-04-27,PETR4,AUTOENCODER,15.237244606018066,15.57190551658509,15.406364947079599,15.62848159918171,15.572635875993257,0.33466091056702396,0.3353912699751902,False,True,2023
2023-04-28,PETR4,AUTOENCODER,15.585893630981444,15.581032016371452,15.83404751784262,15.290611181156978,15.661775192648255,0.004861614609991349,0.07588156166681159,False,True,2023
2023-05-01,PETR4,AUTOENCODER,15.585893630981444,15.574886626765846,15.576803108031973,15.525781922624436,15.311351491534792,0.01100700421559786,0.27454213944665184,False,False,2023
2023-05-02,PETR4,AUTOENCODER,14.95456886291504,15.554549923376058,15.351705753405875,15.559635847705842,15.372226485825552,0.5999810604610172,0.4176576229105109,True,True,2023
2023-05-03,PETR4,AUTOENCODER,14.901954650878906,15.515737712808303,15.346697651131556,15.020881577639734,15.004292315500006,0.6137830619293965,0.10233766462109983,True,True,2023
2023-05-04,PETR4,AUTOENCODER,15.13870334625244,15.450965871854152,15.282536963430095,14.966762348988135,14.924457475968767,0.31226252560171197,0.2142458702836727,True,True,2023
2023-05-05,PETR4,AUTOENCODER,15.783184051513672,15.389611551024743,15.623288583505012,15.152439628266286,15.524339738129786,0.3935725004889292,0.2588443133838858,True,True,2023
2023-05-08,PETR4,AUTOENCODER,16.118574142456055,15.352581859946511,15.579760456737736,15.68210286041625,15.721713311802796,0.7659922825095435,0.3968608306532584,True,True,2023
2023-05-09,PETR4,AUTOENCODER,16.171186447143555,15.374071669047453,15.397092577528866,15.9129361007391,15.780431613369153,0.7971147780961019,0.3907548337744018,True,False,2023
2023-05-10,PETR4,AUTOENCODER,16.13172721862793,15.445025779320787,15.276661623049419,16.066467810222733,15.903378262458984,0.6867014393071429,0.22834895616894535,True,True,2023
2023-05-11,PETR4,AUTOENCODER,16.723602294921875,15.53551384455173,15.795205994696639,16.064679167777605,16.476288103885405,1.1880884503701452,0.24731419103646957,True,True,2023
2023-05-12,PETR4,AUTOENCODER,17.262859344482422,15.592968750332332,15.78956160730887,16.544504063939257,16.52969375004551,1.6698905941500897,0.7331655944369118,True,True,2023
2023-05-15,PETR4,AUTOENCODER,16.874855041503906,15.69493869972338,15.523850276196905,17.028110555171224,16.733645278020013,1.179916341780526,0.14120976348389291,True,True,2023
2023-05-16,PETR4,AUTOENCODER,17.29573631286621,15.818164886696053,16.018041304599,16.72647173417681,17.089066862127524,1.477571426170158,0.20666945073868703,True,True,2023
2023-05-17,PETR4,AUTOENCODER,16.874855041503906,15.953744548393018,16.177773549726712,17.1162762757456,17.174546510327378,0.9211104931108878,0.29969146882347175,True,True,2023
2023-05-18,PETR4,AUTOENCODER,16.97349739074707,16.083814380881677,16.105543892672447,16.71003401255027,16.554723497929846,0.8896830098653936,0.41877389281722444,True,False,2023
2023-05-19,PETR4,AUTOENCODER,16.947193145751953,16.20762449665264,16.231203070089624,16.831912579634725,16.869288815515993,0.7395686490993114,0.07790433023595966,True,False,2023
2023-05-22,PETR4,AUTOENCODER,16.848546981811523,16.317508832577175,16.14107073838576,16.896156783843395,16.703156740682616,0.5310381492343481,0.14539024112890786,True,True,2023
2023-05-23,PETR4,AUTOENCODER,17.262859344482422,16.425222182695848,16.6201402650461,16.8377474594216,17.185533269341978,0.8376371617865743,0.07732607514044432,True,True,2023
2023-05-24,PETR4,AUTOENCODER,17.525911331176758,16.529728227057163,16.740728581107152,17.202187381120115,17.24656970820126,0.996183104119595,0.27934162297549747,True,True,2023
2023-05-25,PETR4,AUTOENCODER,17.394384384155273,16.655126629159483,16.613116872056796,17.383918942662763,17.17028350544481,0.7392577549957906,0.22410087871046258,True,True,2023
2023-05-26,PETR4,AUTOENCODER,17.62455177307129,16.785222277447645,16.76717430864843,17.284859580217663,17.32892763142221,0.8393294956236446,0.29562414164907835,True,False,2023
2023-05-29,PETR4,AUTOENCODER,17.552217483520508,16.91506960233106,16.8783873721918,17.508147545992408,17.50683158179306,0.6371478811894491,0.045385901727446054,True,False,2023
2023-05-30,PETR4,AUTOENCODER,17.35492515563965,17.038417492358533,16.70336654024216,17.53962363302292,17.233798634624108,0.316507663281115,0.12112652101554033,True,True,2023
2023-05-31,PETR4,AUTOENCODER,17.1773681640625,17.125484349493377,17.160410006631434,17.289670351280375,17.619572376666937,0.05188381456912339,0.44220421260443743,False,False,2023
2023-06-01,PETR4,AUTOENCODER,17.729778289794922,17.179104994385824,17.362430049036234,17.21582668944702,17.336292499997363,0.5506732954090978,0.393485789797559,True,True,2023
2023-06-02,PETR4,AUTOENCODER,17.87445831298828,17.229515874873343,17.35815548364393,17.688736158773263,17.67959099264727,0.6449424381149385,0.19486732034101095,True,True,2023
2023-06-05,PETR4,AUTOENCODER,18.065168380737305,17.304744343950176,17.46193475981148,17.74618213057645,17.82344922967499,0.7604240367871284,0.24171915106231623,True,False,2023
2023-06-06,PETR4,AUTOENCODER,18.446596145629883,17.402387073614932,17.215740360657776,18.013873418574637,17.708454363809924,1.0442090720149508,0.7381417818199587,True,True,2023
2023-06-07,PETR4,AUTOENCODER,18.985855102539062,17.499002088594693,17.746347952477294,18.341417424148478,18.77661431855494,1.4868530139443692,0.2092407839841215,True,True,2023
2023-06-08,PETR4,AUTOENCODER,18.985855102539062,17.63866187593699,17.76946807643545,18.765427942851026,18.707807614368637,1.347193226602073,0.2780474881704258,True,False,2023
2023-06-09,PETR4,AUTOENCODER,19.91312026977539,17.792660495917772,17.90601725059986,18.78808101276326,18.824422948335453,2.1204597738576183,1.0886973214399376,True,False,2023
2023-06-12,PETR4,AUTOENCODER,20.261659622192383,17.982339009459892,17.819557718880677,19.715975984949033,19.495398621538627,2.2793206127324908,0.7662610006537562,True,True,2023
2023-06-13,PETR4,AUTOENCODER,20.22212600708008,18.199143781661206,18.418776743467415,20.04407417755997,20.434709977852094,2.0229822254188754,0.21258397077201252,True,True,2023
2023-06-14,PETR4,AUTOENCODER,21.090993881225582,18.45155345867292,18.66967223308802,20.07860947143031,20.102959031963564,2.6394404225526635,0.9880348492620179,True,True,2023
2023-06-15,PETR4,AUTOENCODER,20.593494415283203,18.717824990694197,18.515432738135818,20.89181875604427,20.53770345625094,1.875669424589006,0.05579095903226161,True,True,2023
2023-06-16,PETR4,AUTOENCODER,20.76866912841797,18.981645251086434,18.978316014476576,20.422319025932616,20.62681993812299,1.787023877331535,0.14184919029498033,True,False,2023
2023-06-19,PETR4,AUTOENCODER,21.315216064453125,19.214640217547768,19.437275866894655,20.669608248750517,20.89757683917086,2.1005758469053575,0.41763922528226516,True,True,2023
2023-06-20,PETR4,AUTOENCODER,21.42032051086425,19.474031224339484,18.757436846219246,21.142715315042118,20.267335991030528,1.9462892865247667,1.1529845198337227,True,False,2023
2023-06-21,PETR4,AUTOENCODER,22.317211151123047,19.747790567540548,20.017324704859693,21.346124041221987,22.266906305184044,2.569420583582499,0.05030484593900297,True,True,2023
2023-06-22,PETR4,AUTOENCODER,22.03693199157715,20.044634152792838,19.759937289573205,22.18299008257538,21.671487188135707,1.9922978387843102,0.3654448034414415,True,True,2023
2023-06-23,PETR4,AUTOENCODER,21.133031845092773,20.34898521840549,19.98920931852632,21.99056548762413,21.896035516814777,0.7840466266872852,0.7630036717220037,True,True,2023
2023-06-26,PETR4,AUTOENCODER,21.60950469970703,20.56732049872022,20.74554785132952,21.19974141935686,21.648894123354665,1.04218420098681,0.0393894236476342,True,True,2023
2023-06-27,PETR4,AUTOENCODER,21.44133949279785,20.736620511863833,20.50180248155882,21.599700062348127,21.205696156862057,0.7047189809340182,0.23564333593579434,True,True,2023
2023-06-28,PETR4,AUTOENCODER,21.644540786743164,20.87866887532209,21.12768999178363,21.455909878253166,21.91227411314951,0.7658719114210726,0.26773332640634706,True,True,2023
2023-06-29,PETR4,AUTOENCODER,21.742639541625977,20.99838288423851,20.802314831764214,21.58236758471599,21.176717140759322,0.7442566573874672,0.5659224008666541,True,False,2023
2023-06-30,PETR4,AUTOENCODER,20.69159698486328,21.10838154727513,21.37434296337712,21.72487367516282,22.177660247469085,0.41678456241184847,1.4860632626058035,False,True,2023
2023-07-03,PETR4,AUTOENCODER,21.07697868347168,21.13334665471875,21.13334665471875,20.728901210944624,20.444901102464875,0.05636797124707016,0.6320775810068042,False,False,2023
2023-07-04,PETR4,AUTOENCODER,21.12602424621582,21.126849678510382,21.126849678510382,21.046024398274554,21.082693637627386,0.0008254322945617787,0.04333060858843396,False,False,2023
2023-07-05,PETR4,AUTOENCODER,21.097999572753903,21.12245976327101,21.38559044044401,21.106497397619705,21.3632438395682,0.02446019051710735,0.265244266814296,False,True,2023
2023-07-06,PETR4,AUTOENCODER,20.77567481994629,21.111492965777188,20.881359410055257,21.104742546647984,20.646372120632023,0.3358181458308991,0.12930269931426608,True,True,2023
2023-07-07,PETR4,AUTOENCODER,20.67057228088379,21.073977691803535,21.273229331542016,20.78495216670724,21.173947240749115,0.4034054109197456,0.5033749598653259,False,True,2023
2023-07-10,PETR4,AUTOENCODER,20.70560646057129,21.02367867978053,21.19800524657085,20.65763899096486,20.657903171932205,0.3180722192092418,0.04770328863908446,True,False,2023
2023-07-11,PETR4,AUTOENCODER,20.425331115722656,20.951683332260558,21.11610877671603,20.70876930772627,20.72784065661093,0.5263522165379015,0.3025095408882734,True,True,2023
2023-07-12,PETR4,AUTOENCODER,20.439340591430664,20.87249766991698,21.177414295921224,20.457019948563044,20.61549530133255,0.43315707848631746,0.17615470990188697,True,True,2023
2023-07-13,PETR4,AUTOENCODER,20.76166343688965,20.793443545218494,20.797307158542907,20.457381109233886,20.201712108488756,0.03178010832884581,0.5599513284008921,False,True,2023
2023-07-14,PETR4,AUTOENCODER,20.355260848999023,20.72735141051831,20.492111748090107,20.72009677733766,20.498278512776047,0.3720905615192862,0.14301766377702307,True,True,2023
2023-07-17,PETR4,AUTOENCODER,20.313217163085938,20.675630070875044,20.620742757879434,20.329691989801912,20.474742719808408,0.36241290778910695,0.16152555672247004,True,False,2023
2023-07-18,PETR4,AUTOENCODER,20.20110511779785,20.58827432265052,20.810517365928842,20.30789897846815,20.56356752842153,0.38716920485266826,0.362462410623678,True,True,2023
2023-07-19,PETR4,AUTOENCODER,20.39029312133789,20.516759640730825,20.82427025722765,20.215983040097246,20.32690678388763,0.12646651939293463,0.06338633745026101,True,True,2023
2023-07-20,PETR4,AUTOENCODER,20.41131401062012,20.452452484167736,20.69227368435731,20.34346425273806,20.32814778929006,0.04113847354761546,0.08316622133006035,False,True,2023
2023-07-21,PETR4,AUTOENCODER,20.79669761657715,20.40899342968936,20.69987514964812,20.389361231332707,20.485809842823723,0.3877041868877882,0.310887773753425,True,True,2023
2023-07-24,PETR4,AUTOENCODER,21.231130599975582,20.401300321437333,20.69598457701621,20.733048156235355,20.798318670170268,0.8298302785382496,0.4328119298053146,True,True,2023
2023-07-25,PETR4,AUTOENCODER,21.72161865234375,20.439537208473297,20.59570867493963,21.12966850223666,21.058757379588112,1.282081443870453,0.662861272755638,True,True,2023
2023-07-26,PETR4,AUTOENCODER,21.72161865234375,20.524603955808516,19.76935119697067,21.525321140718646,20.67543388445293,1.1970146965352342,1.0461847678908214,True,False,2023
2023-07-27,PETR4,AUTOENCODER,20.593494415283203,20.646603277642882,20.791272017051213,21.606511734545943,22.41475297011152,0.05310886235967871,1.8212585548283151,False,True,2023
2023-07-28,PETR4,AUTOENCODER,20.852754592895508,20.71514053735318,20.655916236783913,20.599963617686186,20.358053761646623,0.13761405554232908,0.49470083124888475,False,False,2023
2023-07-31,PETR4,AUTOENCODER,21.79869842529297,20.74180579959267,21.063686305620827,20.872797879051355,21.24908110633219,1.0568926257003,0.5496173189607774,True,True,2023
2023-08-01,PETR4,AUTOENCODER,21.44133949279785,20.789222047337788,20.855749310101967,21.598141651469085,21.416708373095027,0.652117445460064,0.024631119702824833,True,False,2023
2023-08-02,PETR4,AUTOENCODER,21.392290115356445,20.84757435948208,20.586272087704785,21.386804057004866,21.072661218284747,0.544715755874364,0.3196288970716985,True,True,2023
2023-08-03,PETR4,AUTOENCODER,21.66556167602539,20.89790779257109,21.130471938092832,21.335416816997167,21.777993392301255,0.767653883454301,0.11243171627586435,True,True,2023
2023-08-04,PETR4,AUTOENCODER,21.02092170715332,20.975941578527298,20.86650490935345,21.59887954484165,21.299200513732895,0.04498012862602252,0.27827880657957493,False,True,2023
2023-08-07,PETR4,AUTOENCODER,21.154052734375,20.998601703872396,21.02033100420594,20.992856407193344,21.110171482602027,0.15545103050260423,0.04388125177297297,True,False,2023
2023-08-08,PETR4,AUTOENCODER,21.175073623657227,21.013560115698965,21.254795293531902,21.09571613216217,21.329888329235033,0.16151350795826147,0.15481470557780597,True,False,2023
2023-08-09,PETR4,AUTOENCODER,21.343244552612305,21.02993102055551,21.321913373228945,21.159723976471916,21.25060945617061,0.3133135320567959,0.09263509644169332,True,True,2023
2023-08-10,PETR4,AUTOENCODER,21.46236038208008,21.06000765630081,20.842051087406738,21.271096214143963,20.825952602025094,0.40235272577927006,0.6364077800549879,False,False,2023
2023-08-11,PETR4,AUTOENCODER,21.413311004638672,21.091426713620294,21.295760101417574,21.415021923493043,21.796102504199077,0.3218842910183781,0.3827914995604047,False,True,2023
2023-08-14,PETR4,AUTOENCODER,21.46936798095703,21.13808938588467,21.102614564698776,21.357484024665933,21.161113555058407,0.33127859507236224,0.3082544258986246,True,False,2023
2023-08-15,PETR4,AUTOENCODER,21.623523712158203,21.18268310621741,20.99830554197894,21.465473404579672,21.3101459746291,0.44084060594079233,0.3133777375291018,True,True,2023
2023-08-16,PETR4,AUTOENCODER,22.099994659423828,21.24561219081653,21.500756178430613,21.615981693215787,22.020337573970583,0.854382468607298,0.07965708545324546,True,True,2023
2023-08-17,PETR4,AUTOENCODER,22.029926300048828,21.31272589358278,21.65945098325567,22.005976432425815,22.147578659795414,0.7172004064660484,0.11765235974658594,True,True,2023
2023-08-18,PETR4,AUTOENCODER,22.08597946166992,21.417263900362528,21.380560018864823,21.95586008146691,21.64960066646372,0.6687155613073905,0.43637879520619904,True,False,2023
2023-08-21,PETR4,AUTOENCODER,21.931825637817383,21.51698049925406,21.51698049925406,22.01637959133009,22.05739661291382,0.4148451385633223,0.1255709750964371,True,False,2023
2023-08-22,PETR4,AUTOENCODER,22.265928268432617,21.6057192367377,21.6057192367377,21.901028139734166,21.911839741942615,0.6602090316949187,0.35408852649000266,True,False,2023
2023-08-23,PETR4,AUTOENCODER,23.45160675048828,21.69948590850558,21.55303217637406,22.227321016511514,22.078425188856116,1.752120841982702,1.3731815616321654,True,True,2023
2023-08-24,PETR4,AUTOENCODER,23.41522979736328,21.831940629138842,21.870102432059483,23.20409498460179,23.382999437514037,1.5832891682244394,0.03223035984924394,True,False,2023
2023-08-25,PETR4,AUTOENCODER,23.25520133972168,22.017508283940984,22.017508283940984,23.266656502365116,23.2546084485483,1.2376930557806958,0.0005928911733796838,True,False,2023
2023-08-28,PETR4,AUTOENCODER,23.51706886291504,22.22730959853415,22.22730959853415,23.198220891670857,23.213155129731206,1.2897592643808906,0.3039137331838333,True,False,2023
2023-08-29,PETR4,AUTOENCODER,23.5679874420166,22.42563394626235,22.42563394626235,23.43586813765681,23.45181508789453,1.14235349575425,0.11617235412207094,True,False,2023
2023-08-30,PETR4,AUTOENCODER,23.728015899658203,22.608441769165196,22.886323285175756,23.552110529434223,23.831657483940074,1.1195741304930067,0.10364158428187054,True,True,2023
2023-08-31,PETR4,AUTOENCODER,23.233381271362305,22.778899805315106,22.54736520959971,23.703459888160502,23.249499791890138,0.4544814660471985,0.016118520527832914,True,True,2023
2023-09-01,PETR4,AUTOENCODER,23.73529052734375,22.924777512366376,23.21358677189494,23.3157015215912,23.787038576735505,0.8105130149773743,0.05174804939175459,True,True,2023
2023-09-04,PETR4,AUTOENCODER,23.48797416687012,23.04894904933039,23.219877290476536,23.67198886874208,23.624115790650787,0.4390251175397317,0.13614162378066652,True,False,2023
2023-09-05,PETR4,AUTOENCODER,24.273569107055664,23.172221950606925,23.438041092688014,23.54837963567934,23.671956144272823,1.101347156448739,0.6016129627828413,True,True,2023
2023-09-06,PETR4,AUTOENCODER,24.38268280029297,23.29135203072505,23.250220105827943,24.150789660898376,23.906396669752844,1.091330769567918,0.4762861305401245,True,False,2023
2023-09-07,PETR4,AUTOENCODER,24.38268280029297,23.427283279024778,23.427283279024778,24.2838778169325,24.325573246403515,0.9553995212681912,0.057109553889453935,True,False,2023
2023-09-08,PETR4,AUTOENCODER,24.295394897460938,23.55703225800532,23.55703225800532,24.305853919458418,24.318334558655714,0.738362639455616,0.022939661194776306,True,False,2023
2023-09-11,PETR4,AUTOENCODER,24.273569107055664,23.68953615159002,23.48257942508764,24.30856190773037,24.10034550149569,0.5840329554656449,0.17322360555997562,True,True,2023
2023-09-12,PETR4,AUTOENCODER,24.38995742797852,23.81799188194782,24.09368837044681,24.302411293076332,24.741255543604765,0.5719655460307003,0.35129811562624624,True,True,2023
2023-09-13,PETR4,AUTOENCODER,24.02625274658203,23.94173438491056,23.9007041867582,24.377962600281307,24.128913315822388,0.08451836167147064,0.10266056924035638,False,False,2023
2023-09-14,PETR4,AUTOENCODER,24.63727188110352,24.02608197783104,24.32375821400662,24.118330577579698,24.44247570202046,0.6111899032724786,0.19479617908305968,True,True,2023
2023-09-15,PETR4,AUTOENCODER,24.65182304382324,24.098264182566467,23.928293041020016,24.562996870422023,24.165853762668394,0.5535588612567715,0.48596928115484417,True,False,2023
2023-09-18,PETR4,AUTOENCODER,24.826400756835938,24.174774836351972,23.786770605595414,24.627707282726966,24.36795589337198,0.6516259204839656,0.4584448634639564,True,True,2023
2023-09-19,PETR4,AUTOENCODER,24.88459587097168,24.264388852371155,24.210350999766174,24.766076559902455,25.039495075436065,0.6202070186005244,0.15489920446438532,True,False,2023
2023-09-20,PETR4,AUTOENCODER,24.94278907775879,24.370817559133584,24.370817559133584,24.84849382529008,24.9092647568924,0.5719715186252046,0.03352432086638757,True,False,2023
2023-09-21,PETR4,AUTOENCODER,24.557260513305664,24.478742352943428,24.12340564370192,24.932737889804336,24.57022917095322,0.07851816036223624,0.012968657647554949,True,True,2023
2023-09-22,PETR4,AUTOENCODER,24.7536563873291,24.54973580157791,24.596313101923084,24.592751157018785,24.936274294096926,0.20392058575119165,0.18261790676782397,True,False,2023
2023-09-25,PETR4,AUTOENCODER,24.913686752319336,24.609635832368625,24.609635832368625,24.7482529731337,24.72683599793587,0.3040509199507113,0.18685075438346743,True,False,2023
2023-09-26,PETR4,AUTOENCODER,24.339040756225582,24.65792121203036,24.393153493829107,24.92346897766742,24.65494210888891,0.3188804558047771,0.3159013526633281,True,True,2023
2023-09-27,PETR4,AUTOENCODER,25.110090255737305,24.660233570071597,24.93158365376752,24.431689241669517,24.90700525852402,0.4498566856657078,0.20308499721328488,True,True,2023
2023-09-28,PETR4,AUTOENCODER,25.05917358398437,24.667734903813027,24.40100741623486,25.044067425379378,24.560731437497626,0.3914386801713441,0.49844214648674523,False,True,2023
2023-09-29,PETR4,AUTOENCODER,25.197376251220703,24.68800153574702,24.683671447524958,24.97858535403963,25.19829195419397,0.5093747154736832,0.0009157029732662636,True,False,2023
2023-10-02,PETR4,AUTOENCODER,24.819128036499023,24.744020591345716,24.448470989518732,25.176449111929834,24.88389543575626,0.07510744515330714,0.06476739925723507,True,True,2023
2023-10-03,PETR4,AUTOENCODER,24.710018157958984,24.794147498038697,25.026261547488517,24.873600455277256,25.333970090980863,0.08412934007971273,0.6239519330218783,False,True,2023
2023-10-04,PETR4,AUTOENCODER,23.728015899658203,24.829465970406986,24.58030159407696,24.786510299777298,24.34731760587771,1.1014500707487827,0.6193017062195061,True,True,2023
2023-10-05,PETR4,AUTOENCODER,23.80803108215332,24.775369577209403,24.441589533146157,23.91782131712407,23.77265923719448,0.967338495056083,0.03537184495884205,True,True,2023
2023-10-06,PETR4,AUTOENCODER,24.37540626525879,24.678230870296858,24.997140985188427,23.917989938303062,24.501113618407008,0.30282460503806874,0.12570735314821846,True,True,2023
2023-10-09,PETR4,AUTOENCODER,25.4228744506836,24.589054493545447,24.828544450234006,24.318751513429543,24.29853878435494,0.8338199571381537,1.1243356663286619,False,True,2023
2023-10-10,PETR4,AUTOENCODER,25.612003326416016,24.577581214651843,25.017036988017608,25.20926445304286,25.484319619288687,1.0344221117641723,0.12768370712732846,True,False,2023
2023-10-11,PETR4,AUTOENCODER,25.546531677246094,24.63508283473631,24.343975924351394,25.484623117117337,24.83891675264727,0.9114488425097846,0.7076149245988255,True,True,2023
2023-10-12,PETR4,AUTOENCODER,25.546531677246094,24.73047836052048,24.798785124731964,25.43181654576234,25.76196133135511,0.8160533167256148,0.21542965410901616,True,False,2023
2023-10-13,PETR4,AUTOENCODER,26.390323638916016,24.848266019064425,25.160554224799807,25.494353975027547,25.740071690661583,1.5420576198515903,0.6502519482544322,True,True,2023
2023-10-16,PETR4,AUTOENCODER,26.68128967285156,25.019974277504573,24.968143088403252,26.23557430392524,25.954590494803014,1.6613153953469855,0.7266991780485448,True,False,2023
2023-10-17,PETR4,AUTOENCODER,27.401416778564453,25.220103272550446,25.54518340364478,26.57703811630011,26.948738286245906,2.181313506014007,0.4526784923185474,True,True,2023
2023-10-18,PETR4,AUTOENCODER,28.019716262817383,25.459280508330963,25.733140693003843,27.242652542536998,27.253358063963837,2.56043575448642,0.7663581988535455,True,True,2023
2023-10-19,PETR4,AUTOENCODER,27.88878631591797,25.751452663196915,25.27765897368561,27.80881145796431,27.133647726541234,2.137333652721054,0.7551385893767346,True,False,2023
2023-10-20,PETR4,AUTOENCODER,27.532358169555664,26.062351107293154,25.79917092398156,27.819060587303966,27.957946451148153,1.4700070622625105,0.4255882815924892,True,True,2023
2023-10-23,PETR4,AUTOENCODER,25.713836669921875,26.345088202102488,26.05540770717161,27.554627525536723,27.48046945741631,0.6312515321806131,1.7666327874944336,False,True,2023
2023-10-24,PETR4,AUTOENCODER,26.099363327026367,26.45039453624841,26.208091516235555,25.90871856936744,25.91864352389326,0.3510312092220431,0.18071980313310831,True,True,2023
2023-10-25,PETR4,AUTOENCODER,26.23756599426269,26.466983031415054,26.784184632619507,26.22351055140766,26.721527480518056,0.22941703715236272,0.48396148625536384,False,True,2023
2023-10-26,PETR4,AUTOENCODER,25.96842765808105,26.493687632015693,26.16346837999843,26.338795717483666,25.730868586454548,0.5252599739346415,0.23755907162650303,True,True,2023
2023-10-27,PETR4,AUTOENCODER,25.77930450439453,26.463746221886836,26.707775578791324,26.0386817785382,26.554649999283463,0.6844417174923052,0.7753454948889313,False,True,2023
2023-10-30,PETR4,AUTOENCODER,25.517438888549805,26.41806823797495,26.1854579071022,25.893767474595542,25.437125014350542,0.9006293494251452,0.08031387419926261,True,True,2023
2023-10-31,PETR4,AUTOENCODER,25.27012252807617,26.325895999157353,26.427411791232444,25.652014338358363,25.925372833581836,1.055773471081185,0.6552503055056675,True,True,2023
2023-11-01,PETR4,AUTOENCODER,25.546531677246094,26.207331407980732,25.906272555659765,25.387426382791123,24.983114730707566,0.660799730734638,0.5634169465385277,True,True,2023
2023-11-02,PETR4,AUTOENCODER,25.546531677246094,26.095942379742283,26.327324387951982,25.6061544344681,26.086950009604386,0.5494107024961892,0.5404183323582927,True,True,2023
2023-11-03,PETR4,AUTOENCODER,25.8520450592041,25.997728014517094,25.73318029279034,25.559019200914094,25.07813366258594,0.14568295531299214,0.7739113966181606,False,True,2023
2023-11-06,PETR4,AUTOENCODER,25.83022117614746,25.938362739573236,25.938362739573236,25.82209961439031,26.068671095292743,0.10814156342577519,0.2384499191452818,False,False,2023
2023-11-07,PETR4,AUTOENCODER,25.40105056762696,25.905260737990886,25.576621097332108,25.841275399249618,25.49682632033083,0.5042101703639261,0.09577575270386873,True,True,2023
2023-11-08,PETR4,AUTOENCODER,24.855493545532227,25.844103108967218,25.406525411061224,25.453280750142206,25.279983802941747,0.9886095634349914,0.42449025740951996,True,True,2023
2023-11-09,PETR4,AUTOENCODER,25.371957778930664,25.728177875958878,26.007809731764528,24.95105928755595,25.571551114264583,0.35622009702821344,0.199593335333919,True,True,2023
2023-11-10,PETR4,AUTOENCODER,25.255571365356445,25.61862299880896,26.02184953560864,25.37722837234104,25.52854283189087,0.363051633452514,0.2729714665344254,True,True,2023
2023-11-13,PETR4,AUTOENCODER,25.961156845092773,25.524338781727224,25.8540231632339,25.257190642558008,25.254806347173954,0.43681806336554985,0.7063504979188195,False,True,2023
2023-11-14,PETR4,AUTOENCODER,26.31758689880371,25.49012547144244,25.679157184085966,25.84509572401473,25.79521691011781,0.8274614273612713,0.5223699886859023,True,False,2023
2023-11-15,PETR4,AUTOENCODER,26.31758689880371,25.510519953050164,25.673047066563843,26.156936959687805,26.194123454325805,0.8070669457535473,0.12346344447790614,True,False,2023
2023-11-16,PETR4,AUTOENCODER,25.859317779541016,25.55496000790967,25.264510662297045,26.209905587807885,25.788250873075256,0.30435777163134503,0.07106690646575942,True,True,2023
2023-11-17,PETR4,AUTOENCODER,26.703109741210938,25.60698990782319,25.867226952472922,25.847998588251464,26.3493490557243,1.0961198333877462,0.3537606854866375,True,True,2023
2023-11-20,PETR4,AUTOENCODER,26.72493553161621,25.681839745173974,26.046505117458878,26.597205311344517,26.7324432566782,1.0430957864422368,0.007507725061987713,True,True,2023
2023-11-21,PETR4,AUTOENCODER,26.44851493835449,25.788038568388444,25.957733736984284,26.58919532555814,26.486000811484246,0.6604763699660445,0.03748587312975715,True,False,2023
2023-11-22,PETR4,AUTOENCODER,26.57796859741211,25.885807918403145,26.039835100923792,26.37517279051522,26.418781475437452,0.692160679008964,0.15918712197465723,True,False,2023
2023-11-23,PETR4,AUTOENCODER,26.585525512695312,25.973248489968896,25.973248489968896,26.500436573141688,26.39982568969301,0.6122770227264169,0.18569982300230237,True,False,2023
2023-11-24,PETR4,AUTOENCODER,26.661117553710938,26.07895927164037,26.07895927164037,26.540529469144087,26.566541678063473,0.5821582820705657,0.09457587564746461,True,False,2023
2023-11-27,PETR4,AUTOENCODER,26.50993537902832,26.156356267875495,25.969734379146807,26.568497013236136,26.36486176129922,0.3535791111528255,0.14507361772909988,True,True,2023
2023-11-28,PETR4,AUTOENCODER,26.91057014465332,26.215261775723434,26.503934710251553,26.504566379580638,26.938344591865143,0.6953083689298865,0.027774447211822206,True,True,2023
2023-11-29,PETR4,AUTOENCODER,26.630884170532227,26.288241811595896,26.387387229608787,26.828642006238123,26.705144728598047,0.342642358936331,0.07426055806581999,True,False,2023
2023-11-30,PETR4,AUTOENCODER,27.14490509033203,26.36632108253218,26.671511804819264,26.648906644170673,26.872542847436755,0.77858400779985,0.27236224289527655,True,True,2023
2023-12-01,PETR4,AUTOENCODER,26.963483810424805,26.465845906913117,26.223109290798877,27.117140212904072,26.62227326741193,0.4976379035116878,0.341210543012874,True,True,2023
2023-12-04,PETR4,AUTOENCODER,26.38899040222168,26.559548653844132,26.287038653227086,26.967056047970715,26.899422941539644,0.17055825162245242,0.5104325393179643,False,True,2023
2023-12-05,PETR4,AUTOENCODER,26.268041610717773,26.613760603477587,26.36666840820846,26.483766925165188,26.43742350393332,0.34571899275981366,0.1693818932155473,True,True,2023
2023-12-06,PETR4,AUTOENCODER,25.323150634765625,26.6199576246822,26.347672173209606,26.364995705652472,26.27716897919547,1.2968069899165755,0.9540183444298442,True,True,2023
2023-12-07,PETR4,AUTOENCODER,25.26267433166504,26.544289057690023,26.797602895943236,25.48062969445456,25.925771675436437,1.2816147260249835,0.6630973437713976,True,True,2023
2023-12-08,PETR4,AUTOENCODER,26.07150650024414,26.401903859514434,26.743607963078087,25.41440602417234,25.521243908362244,0.3303973592702931,0.5502625918818964,False,True,2023
2023-12-11,PETR4,AUTOENCODER,25.973237991333008,26.267712104371725,26.319522103967618,26.026533912093242,25.836828074386816,0.2944741130387172,0.1364099169461923,True,False,2023
2023-12-12,PETR4,AUTOENCODER,25.761585235595703,26.172803390806763,25.907274113018982,25.963718103444798,25.662641214634114,0.41121815521105987,0.09894402096158927,True,True,2023
2023-12-13,PETR4,AUTOENCODER,26.13197898864746,26.10011347534777,26.37778610188248,25.79438319960531,26.285458333900223,0.03186551329969234,0.1534793452527623,False,True,2023
2023-12-14,PETR4,AUTOENCODER,26.69891357421875,26.05133390752411,26.316742152912084,26.111579395919744,26.13151230028023,0.6475796666946394,0.5674012739385184,True,True,2023
2023-12-15,PETR4,AUTOENCODER,26.759389877319336,26.057570267089872,25.911398008956493,26.558135480150934,26.1947980310826,0.7018196102294638,0.5645918462367376,True,True,2023
2023-12-18,PETR4,AUTOENCODER,27.09198760986328,26.095669469861818,26.11415573021826,26.62943786436515,26.806327171268183,0.9963181400014633,0.28566043859509804,True,False,2023
2023-12-19,PETR4,AUTOENCODER,27.401912689208984,26.189824607946036,25.911965842150682,26.9633301934119,26.68975076404213,1.212088081262948,0.7121619251668534,True,False,2023
2023-12-20,PETR4,AUTOENCODER,27.50018119812012,26.31944819590042,26.132318371564196,27.241537383761216,27.271383784823406,1.1807330022197,0.22879741329671432,True,True,2023
2023-12-21,PETR4,AUTOENCODER,27.507741928100582,26.478603829162964,26.699345810679848,27.39043279239436,27.778090966021136,1.0291380989376187,0.2703490379205533,True,False,2023
2023-12-22,PETR4,AUTOENCODER,27.77231788635254,26.63824135734957,26.63824135734957,27.426875161146903,27.25401636682812,1.134076529002968,0.5183015195244174,True,False,2023
2023-12-26,PETR4,AUTOENCODER,28.21830177307129,26.79222276679735,27.03280384680094,27.670959085078085,27.90078412846208,1.4260790062739375,0.3175176446092074,True,True,2023
2023-12-27,PETR4,AUTOENCODER,28.24098014831543,26.972006453186935,26.922385993702324,28.095370326555845,27.871655696052876,1.2689736951284942,0.3693244522625534,True,False,2023
2023-12-28,PETR4,AUTOENCODER,28.15027236938477,27.1608453385833,27.173702106594845,28.14494399359456,28.232782761470833,0.989427030801469,0.08251039208606414,True,False,2023
2023-12-29,PETR4,AUTOENCODER,28.15027236938477,27.351388066746892,27.30266410173528,28.110401216192873,28.068760197637673,0.7988843026378767,0.08151217174709657,True,False,2023
2024-01-02,PETR4,AUTOENCODER,28.55846405029297,27.52531525462055,27.46592169133019,28.136752782697418,28.140287456357328,1.0331487956724175,0.418176593935641,True,False,2024
2024-01-03,PETR4,AUTOENCODER,29.45044136047364,27.699463720775668,27.933698995657966,28.543213814259257,28.81988716840968,1.7509776396979717,0.6305541920639612,True,True,2024
2024-01-04,PETR4,AUTOENCODER,29.200990676879883,27.903388867672334,28.342408219275313,29.304459377131632,29.578174758357274,1.2976018092075492,0.3771840814773917,True,False,2024
2024-01-05,PETR4,AUTOENCODER,29.269027709960938,28.137169372032844,28.137169372032844,29.14257463378809,28.80283235259993,1.1318583379280938,0.46619535736100914,True,False,2024
2024-01-08,PETR4,AUTOENCODER,29.04981231689453,28.366084212848847,28.066545067805393,29.264280592033924,28.969898444611605,0.6837281040456844,0.07991387228292623,True,True,2024
2024-01-09,PETR4,AUTOENCODER,28.800355911254883,28.53549732378076,28.920698196154465,29.082122274167716,29.703698973641444,0.26485858747412294,0.9033430623865613,False,True,2024
2024-01-10,PETR4,AUTOENCODER,28.535785675048828,28.679751094110884,28.4455278369565,28.895899565166452,28.316690139599075,0.14396541906205584,0.21909553544975324,False,True,2024
2024-01-11,PETR4,AUTOENCODER,28.77767944335937,28.766848684340374,29.07289204460592,28.660101139492905,29.165653087999843,0.010830759018997327,0.38797364464047135,False,True,2024
2024-01-12,PETR4,AUTOENCODER,28.8532657623291,28.82870825724578,29.06393845376041,28.84048512079703,28.83832499880827,0.02455750508332244,0.014940763520829847,True,False,2024
2024-01-15,PETR4,AUTOENCODER,29.163196563720703,28.893139575511242,29.257793037391334,28.93531879068446,29.108363071498527,0.2700569882094612,0.05483349222217626,True,True,2024
2024-01-16,PETR4,AUTOENCODER,28.800355911254883,28.95259704973904,28.65666807087261,29.196456525474446,28.599540874948424,0.15224113848415755,0.2008150363064587,False,True,2024
2024-01-17,PETR4,AUTOENCODER,28.6340560913086,29.017279150056822,29.53204225957706,28.878999468663512,29.68013015386795,0.3832230587482215,1.0460740625593488,False,False,2024
2024-01-18,PETR4,AUTOENCODER,28.52066802978516,29.040474031248777,29.040474031248777,28.729897938062823,28.314646255988112,0.5198060014636177,0.20602177379704756,True,False,2024
2024-01-19,PETR4,AUTOENCODER,28.36948585510254,29.036077969390476,29.036077969390476,28.620032839125066,28.666568825634773,0.666592114287937,0.29708297053223376,True,False,2024
2024-01-22,PETR4,AUTOENCODER,28.49799346923828,28.991419094897083,29.331999287137126,28.484224232242216,28.814051533686957,0.49342562565880144,0.3160580644486757,True,True,2024
2024-01-23,PETR4,AUTOENCODER,28.8532657623291,28.936709269130347,28.85680750139497,28.551663630911076,28.214789145624753,0.08344350680124535,0.6384766167043487,False,False,2024
2024-01-24,PETR4,AUTOENCODER,28.6340560913086,28.89344444781014,28.989708782818425,28.839452799474337,29.03997230588317,0.2593883565015389,0.4059162145745674,False,False,2024
2024-01-25,PETR4,AUTOENCODER,29.692338943481445,28.864260301133385,29.180470740478974,28.675580356963675,28.8991543658721,0.8280786423480606,0.7931845776093454,True,True,2024
2024-01-26,PETR4,AUTOENCODER,30.20635414123535,28.87512752340055,29.00741417448273,29.546503131309702,29.395500089749884,1.3312266178348011,0.8108540514854674,True,True,2024
2024-01-29,PETR4,AUTOENCODER,30.66747093200684,28.95491801304678,28.63764284718034,30.040674000251453,29.616616071670766,1.7125529189600606,1.0508548603360737,True,True,2024
2024-01-30,PETR4,AUTOENCODER,30.47849464416504,29.10667065847076,29.10667065847076,30.464416225720292,30.760939425672532,1.3718239856942773,0.2824447815074933,True,False,2024
2024-01-31,PETR4,AUTOENCODER,30.81109046936035,29.280951891594754,29.280951891594754,30.333564709744653,30.340851255974524,1.530138577765598,0.4702392133858275,True,False,2024
2024-02-01,PETR4,AUTOENCODER,31.423383712768555,29.48437547438678,29.08384557082889,30.71624074611813,30.305667425656786,1.9390082383817742,1.1177162871117687,True,True,2024
2024-02-02,PETR4,AUTOENCODER,31.015186309814453,29.73163182608809,29.73163182608809,31.27829061959973,31.635832611699108,1.2835544837263626,0.6206463018846549,True,False,2024
2024-02-05,PETR4,AUTOENCODER,31.151256561279297,29.985765015047605,29.985765015047605,30.963389565265448,30.976836146423054,1.1654915462316922,0.17442041485624316,True,False,2024
2024-02-06,PETR4,AUTOENCODER,31.4384994506836,30.22141163291508,30.584012535535912,31.15492646863184,31.50908054760082,1.2170878177685225,0.07058109691721981,True,True,2024
2024-02-07,PETR4,AUTOENCODER,31.89960670471192,30.45642637835661,30.45642637835661,31.416924875125478,31.137188501596533,1.4431803263553107,0.7624182031153879,True,False,2024
2024-02-08,PETR4,AUTOENCODER,31.642597198486328,30.691178048507965,31.012925851557092,31.863057717358572,32.18692428162754,0.9514191499783635,0.5443270831412121,True,True,2024
2024-02-09,PETR4,AUTOENCODER,31.21928977966309,30.93082734462226,30.61702678900119,31.682081543798187,31.094966699652595,0.2884624350408309,0.12432308001049464,True,True,2024
2024-02-12,PETR4,AUTOENCODER,31.21928977966309,31.124499931144697,31.16459338129452,31.322885490118615,31.65954441635151,0.094789848518392,0.4402546366884188,False,False,2024
2024-02-13,PETR4,AUTOENCODER,31.21928977966309,31.274551192449024,31.603758808486436,31.342596675791256,31.647781876369898,0.055261412785934994,0.4284920967068082,False,False,2024
2024-02-14,PETR4,AUTOENCODER,30.98495483398437,31.393820186154954,31.45574083629363,31.345288074021067,31.156482592317285,0.40886535217058295,0.171527758332914,True,False,2024
2024-02-15,PETR4,AUTOENCODER,31.97520065307617,31.44983063648715,31.755043572499737,31.13537470184755,31.398402631800415,0.5253700165890187,0.5767980212757529,False,True,2024
2024-02-16,PETR4,AUTOENCODER,32.2700080871582,31.504469161474304,31.50609592210409,31.966985104139756,31.728595481668762,0.7655389256838987,0.541412605489441,True,False,2024
2024-02-19,PETR4,AUTOENCODER,32.428749084472656,31.596488964142452,31.596488964142452,32.20925473711937,32.236577958190765,0.8322601203302042,0.1921711262818917,True,False,2024
2024-02-20,PETR4,AUTOENCODER,32.08858871459961,31.727261969836633,31.727261969836633,32.38542240353501,32.40282658999832,0.36132674476297666,0.3142378753987103,True,False,2024
2024-02-21,PETR4,AUTOENCODER,32.13393783569336,31.843123278008107,32.18258929139642,32.122766312306574,32.45499080606837,0.2908145576852519,0.321052970375014,False,True,2024
2024-02-22,PETR4,AUTOENCODER,31.89204406738281,31.936237178845687,31.95525089618174,32.16158375831981,31.91731705061776,0.044193111462877965,0.025272983234952306,True,False,2024
2024-02-23,PETR4,AUTOENCODER,31.672836303710938,31.999149052911804,31.607805106609092,31.970565039874074,31.5726999109336,0.3263127492008664,0.10013639277733688,True,True,2024
2024-02-26,PETR4,AUTOENCODER,32.2700080871582,32.00768301863337,32.12791673830786,31.737642249998263,32.20411657222409,0.26232506852483084,0.06589151493411549,True,False,2024
2024-02-27,PETR4,AUTOENCODER,32.22465515136719,32.018589579261686,32.313238057913686,32.25416073081341,32.44696216140043,0.20606557210550136,0.22230701003324072,False,False,2024
2024-02-28,PETR4,AUTOENCODER,30.561643600463867,32.040488753183325,31.806265332123967,32.18584283244593,31.69472711078156,1.4788451527194582,1.133083510317693,True,True,2024
2024-02-29,PETR4,AUTOENCODER,30.342418670654297,31.943760640415263,32.12233462254661,30.711915929096882,31.111714508719704,1.6013419697609663,0.7692958380654069,True,False,2024
2024-03-01,PETR4,AUTOENCODER,30.37266159057617,31.775259687732472,31.43814271303607,30.515936404476562,30.037760190291824,1.4025980971563037,0.3349014002843447,True,False,2024
2024-03-04,PETR4,AUTOENCODER,30.29707145690918,31.603225658489066,31.603225658489066,30.512037326707077,30.821484354725076,1.3061542015798864,0.5244128978158962,True,False,2024
2024-03-05,PETR4,AUTOENCODER,30.20635414123535,31.43240865979368,31.43240865979368,30.41116946732871,30.41610744953794,1.2260545185583283,0.20975330830258798,True,False,2024
2024-03-06,PETR4,AUTOENCODER,30.871566772460938,31.265348474587938,31.63537326172208,30.33708770123865,30.699162576905106,0.3937817021270007,0.1724041955558313,True,True,2024
2024-03-07,PETR4,AUTOENCODER,30.531400680541992,31.140815516430877,31.148051189000768,30.869414140486896,30.58583053547965,0.6094148358888845,0.05442985493765917,True,False,2024
2024-03-08,PETR4,AUTOENCODER,27.742074966430664,31.035905024544007,31.405985656179148,30.577138092862775,30.949750678167,3.2938300581133433,3.2076757117363357,True,True,2024
2024-03-11,PETR4,AUTOENCODER,26.94836807250977,30.58957443760511,30.27005739759876,27.970700646770922,27.310554663045814,3.6412063650953392,0.3621865905360444,True,True,2024
2024-03-12,PETR4,AUTOENCODER,27.8327865600586,30.04791716701405,30.549497407797872,27.19116768302426,27.944835340371114,2.215130606955448,0.11204878031251297,True,True,2024
2024-03-13,PETR4,AUTOENCODER,27.50018119812012,29.56305957262572,29.886584025942458,27.86909137659788,27.76656346608988,2.0628783745055976,0.2663822679697603,True,True,2024
2024-03-14,PETR4,AUTOENCODER,27.37923812866211,29.160819912591137,28.92542889775637,27.536567650814874,27.049066563195563,1.7815817839290276,0.33017156546654647,True,False,2024
2024-03-15,PETR4,AUTOENCODER,27.45483016967773,28.82162735223912,28.878338510882255,27.417694790238233,27.68453424211823,1.3667971825613883,0.22970407244049795,True,False,2024
2024-03-18,PETR4,AUTOENCODER,27.469947814941406,28.51082479539818,28.39119942616157,27.436488561692396,27.280883025176387,1.0408769804567726,0.18906478976501973,True,False,2024
2024-03-19,PETR4,AUTOENCODER,27.265851974487305,28.250404844597682,28.575639273982414,27.427897992880318,27.835421765225192,0.9845528701103774,0.5695697907378872,True,True,2024
2024-03-20,PETR4,AUTOENCODER,27.742074966430664,28.024777215585118,27.761759415560757,27.28120955342534,26.739645628043085,0.28270224915445397,1.0024293383875786,False,True,2024
2024-03-21,PETR4,AUTOENCODER,26.986162185668945,27.871192877720176,27.602609073701696,27.688905405485613,27.644652613728898,0.885030692051231,0.6584904280599524,True,True,2024
2024-03-22,PETR4,AUTOENCODER,27.250730514526367,27.736977765425536,27.781733221614743,27.021962898203743,27.281370365203653,0.48624725089916865,0.030639850677285807,True,False,2024
2024-03-25,PETR4,AUTOENCODER,27.666486740112305,27.596660289857795,27.903123255317563,27.247463891421823,27.504610157171754,0.06982645025451006,0.1618765829405504,False,True,2024
2024-03-26,PETR4,AUTOENCODER,27.40947151184082,27.510735474520033,27.735211564610086,27.564006209418423,27.559333668576567,0.10126396267921223,0.14986215673574677,False,False,2024
2024-03-27,PETR4,AUTOENCODER,27.62869453430176,27.451668925256143,27.533357615351015,27.359828261893412,27.27812854953404,0.17702560904561793,0.35056598476772294,False,False,2024
2024-03-28,PETR4,AUTOENCODER,28.24098014831543,27.406805983014294,27.74518479293113,27.570081883481517,27.84379026566146,0.8341741653011354,0.3971898826539686,True,True,2024
2024-04-01,PETR4,AUTOENCODER,28.46019554138184,27.4253564789432,27.575969509651333,28.077699827120494,27.97790039535856,1.034839062438639,0.4822951460232794,True,False,2024
2024-04-02,PETR4,AUTOENCODER,29.193431854248047,27.554622333675894,27.86616106994714,28.383135332885626,28.579934153969607,1.6388095205721527,0.6134977002784403,True,True,2024
2024-04-03,PETR4,AUTOENCODER,29.042251586914062,27.734649426175082,27.736692605448813,29.019031138905703,28.793195698044176,1.3076021607389805,0.2490558888698864,True,False,2024
2024-04-04,PETR4,AUTOENCODER,28.70964813232422,27.942778860419452,27.942778860419452,28.94876023417043,28.96855629747322,0.766869271904767,0.25890816514900195,True,False,2024
2024-04-05,PETR4,AUTOENCODER,28.800355911254883,28.079162499872382,28.079162499872382,28.658197168695192,28.666912982751626,0.7211934113825009,0.133442928503257,True,False,2024
2024-04-08,PETR4,AUTOENCODER,29.200990676879883,28.18983606166745,28.18983606166745,28.74283328712688,28.756251873741157,1.0111546152124333,0.44473880313872627,True,False,2024
2024-04-09,PETR4,AUTOENCODER,29.27658462524414,28.328203829710787,28.328203829710787,29.115649961911807,29.133102269888276,0.9483807955333532,0.1434823553558644,True,False,2024
2024-04-10,PETR4,AUTOENCODER,29.926677703857425,28.48142428773511,28.77245323979689,29.239440166077884,29.525063341477143,1.4452534161223163,0.4016143623802826,True,True,2024
2024-04-11,PETR4,AUTOENCODER,29.70745849609375,28.672446452175194,28.63257392991087,29.807298688679715,29.550361670388284,1.035012043918556,0.1570968257054659,True,False,2024
2024-04-12,PETR4,AUTOENCODER,29.435321807861328,28.88313287989419,29.23067680743291,29.702875164985723,30.083157305611078,0.552188927967137,0.6478354977497496,False,True,2024
2024-04-15,PETR4,AUTOENCODER,29.715023040771484,29.081014671059478,29.008290140030585,29.4991945088171,29.150475960531985,0.6340083697120065,0.5645470802394996,True,False,2024
2024-04-16,PETR4,AUTOENCODER,29.85108184814453,29.243157561121706,29.109195837130347,29.73583442465549,29.683414387783536,0.6079242870228256,0.16766746036099534,True,False,2024
2024-04-17,PETR4,AUTOENCODER,30.070293426513672,29.37709976353588,29.111630993150737,29.871907089894954,29.706527687879177,0.6931936629777908,0.3637657386344948,True,True,2024
2024-04-18,PETR4,AUTOENCODER,30.12320709228516,29.517321351848324,29.555344492936364,30.05779184474336,30.321357829466837,0.6058857404368361,0.19815073718167753,True,False,2024
2024-04-19,PETR4,AUTOENCODER,30.63722419738769,29.665199168699218,29.97746614377128,30.134580062764663,30.422495416280352,0.9720250286884742,0.21472878110733973,True,False,2024
2024-04-22,PETR4,AUTOENCODER,31.370473861694336,29.81040443563961,30.176627842385937,30.596243227871504,30.709097356941008,1.5600694260547243,0.6613765047533278,True,True,2024
2024-04-23,PETR4,AUTOENCODER,31.30999565124512,29.991122408106463,30.256076504006504,31.178227378488153,31.142610416922484,1.3188732431386576,0.1673852343226372,True,True,2024
2024-04-24,PETR4,AUTOENCODER,31.166372299194336,30.199691940266177,30.319279740682106,31.228343398990376,31.154223437639434,0.9666803589281585,0.012148861554901913,True,False,2024
2024-04-25,PETR4,AUTOENCODER,31.91473197937012,30.400125807610948,30.722246737003662,31.170230341544386,31.39536448933477,1.5146061717591728,0.51936749003535,True,True,2024
2024-04-26,PETR4,AUTOENCODER,32.36545181274414,30.60713901585774,30.536758570029544,31.760407469519347,31.42222966750215,1.7583127968864005,0.9432221452419896,True,True,2024
2024-04-29,PETR4,AUTOENCODER,32.75399398803711,30.841344866248164,30.832664125491235,32.22627727742279,32.29493139239793,1.9126491217889452,0.45906259563918184,True,False,2024
2024-04-30,PETR4,AUTOENCODER,32.65297317504883,31.089092947463826,30.740154471484765,32.61538833768005,32.27046207818115,1.5638802275850026,0.38251109686768103,True,True,2024
2024-05-01,PETR4,AUTOENCODER,32.65297317504883,31.357592014185116,31.051276583774953,32.60376273585098,32.57484011578142,1.2953811608637125,0.0781330592674081,True,True,2024
2024-05-02,PETR4,AUTOENCODER,32.777305603027344,31.618515987737823,31.65637804467064,32.636581083723286,32.92690468582558,1.1587896152895212,0.14959908279823964,True,False,2024
2024-05-03,PETR4,AUTOENCODER,32.360347747802734,31.869010378291136,32.03604358843002,32.78197595637977,32.92266239672973,0.4913373695115979,0.5623146489269928,False,False,2024
2024-05-06,PETR4,AUTOENCODER,32.579383850097656,32.07175291570579,32.07175291570579,32.45036022261828,32.31774003434076,0.5076309343918695,0.2616438157568979,True,False,2024
2024-05-07,PETR4,AUTOENCODER,32.976890563964844,32.23000868395707,32.23000868395707,32.63171691460291,32.645517775375886,0.746881880007777,0.3313727885889577,True,False,2024
2024-05-08,PETR4,AUTOENCODER,33.479854583740234,32.38458385679343,32.38458385679343,32.97843795492845,32.990420776195,1.0952707269468078,0.48943380754523247,True,False,2024
2024-05-09,PETR4,AUTOENCODER,33.804351806640625,32.55269142586474,32.94803457905107,33.43773448120145,33.83074538533777,1.2516603807758884,0.02639357869714587,True,True,2024
2024-05-10,PETR4,AUTOENCODER,33.73134231567383,32.74122052166706,32.85839031439211,33.734227550195286,33.54098928117745,0.9901217940067681,0.19035303449637553,True,False,2024
2024-05-13,PETR4,AUTOENCODER,33.763790130615234,32.944331856217474,32.974741128576376,33.72583504320808,33.67740560148283,0.8194582743977605,0.08638452913240258,True,False,2024
2024-05-14,PETR4,AUTOENCODER,33.15536117553711,33.14077533855328,33.04244150772742,33.78959892898402,33.67723068108354,0.014585836983826539,0.5218695055464337,False,False,2024
2024-05-15,PETR4,AUTOENCODER,31.1516056060791,33.24721019193464,33.556180661737365,33.269151016366784,33.644609272109456,2.09560458585554,2.4930036660303543,False,True,2024
2024-05-16,PETR4,AUTOENCODER,30.24301147460937,33.10432097100684,32.87223682744237,31.44877714798263,30.938950224856136,2.861309496397471,0.6959387502467642,True,True,2024
2024-05-17,PETR4,AUTOENCODER,29.764379501342773,32.8395172515859,32.83501875739466,30.58678726705362,30.78931019803507,3.0751377502431296,1.024930696692298,True,False,2024
2024-05-20,PETR4,AUTOENCODER,29.81305694580078,32.468150829109874,32.468150829109874,30.06074608016886,30.053635439901345,2.6550938833090925,0.2405784941005642,True,False,2024
2024-05-21,PETR4,AUTOENCODER,29.756267547607425,32.070771915324656,31.71283477176666,30.049551316646514,29.677229863398747,2.3145043677172303,0.07903768420867863,True,True,2024
2024-05-22,PETR4,AUTOENCODER,30.16188621520996,31.696283010432495,31.454913359838294,29.93646912226377,29.98825267825822,1.5343967952225341,0.17363353695174055,True,True,2024
2024-05-23,PETR4,AUTOENCODER,29.86173439025879,31.367047972746093,31.265615338020535,30.22639607230164,30.313461325791657,1.5053135824873038,0.4517269355328679,True,False,2024
2024-05-24,PETR4,AUTOENCODER,29.699481964111328,31.08970269206162,30.736934813696706,29.945751140656192,29.655073520942814,1.3902207279502932,0.04440844316851411,True,True,2024
2024-05-27,PETR4,AUTOENCODER,30.023975372314453,30.849269087371937,30.653978396172054,29.773289744622993,29.879091192255355,0.8252937150574837,0.14488418005909764,True,False,2024
2024-05-28,PETR4,AUTOENCODER,30.66485977172852,30.65050710037596,30.92382090792377,30.071346097467192,30.478587430299875,0.014352671352558133,0.18627234142864424,False,True,2024
2024-05-29,PETR4,AUTOENCODER,30.6242904663086,30.531356121753475,30.483238042764622,30.602837883280504,30.316036024971964,0.09293434455512539,0.3082544413366364,False,False,2024
2024-05-30,PETR4,AUTOENCODER,30.6242904663086,30.452487624946656,29.987088997701463,30.543932718338898,30.13055436899763,0.171802841361945,0.4937360973109719,False,True,2024
2024-05-31,PETR4,AUTOENCODER,31.467981338500977,30.39546912911004,30.445523735432754,30.534596119258072,30.984478929506587,1.0725122093909363,0.48350240899439,True,False,2024
2024-06-03,PETR4,AUTOENCODER,31.29762840270996,30.412856684737505,30.40864010643594,31.310123808616385,31.217623733833612,0.8847717179724555,0.08000466887634872,True,True,2024
2024-06-04,PETR4,AUTOENCODER,30.948789596557617,30.495332017532093,30.24633974909899,31.166589850758932,30.933142617207633,0.45345757902552464,0.01564697934998449,True,False,2024
2024-06-05,PETR4,AUTOENCODER,30.98935317993164,30.590887355408427,30.590887355408427,30.91211637697322,31.129587873145795,0.398465824523214,0.14023469321415405,True,False,2024
2024-06-06,PETR4,AUTOENCODER,31.1353759765625,30.720608059941895,30.720608059941895,31.026152392724743,31.014250530844755,0.41476791662060464,0.12112544571774464,True,False,2024
2024-06-07,PETR4,AUTOENCODER,29.967191696166992,30.847739808582304,30.325912939093744,31.191881329123035,30.663797955883872,0.8805481124153118,0.6966062597168801,True,True,2024
2024-06-10,PETR4,AUTOENCODER,30.421480178833008,30.894670473432,31.251923851172037,30.142956748065004,30.929944853600553,0.473190294598993,0.508464674767545,False,True,2024
2024-06-11,PETR4,AUTOENCODER,30.55128669738769,30.902157055288,31.263149908930394,30.5909636030248,30.60070384875784,0.35087035790030896,0.049417151370146684,True,True,2024
2024-06-12,PETR4,AUTOENCODER,29.88650894165039,30.904192815477415,30.579610415485416,30.607371021214767,29.990188677214615,1.0176838738270249,0.10367973556422427,True,True,2024
2024-06-13,PETR4,AUTOENCODER,29.58614158630371,30.871237103425585,30.568140637108023,30.063222294782555,30.050464273095976,1.2850955171218743,0.46432268679226496,True,True,2024
2024-06-14,PETR4,AUTOENCODER,28.935346603393555,30.774663885454544,30.488248521439026,29.787642086950097,29.722274281768613,1.839317282060989,0.7869276783750578,True,True,2024
2024-06-17,PETR4,AUTOENCODER,29.043811798095703,30.608110181648584,30.945916228204702,29.165514124081216,29.71104610313017,1.564298383552881,0.6672343050344658,True,True,2024
2024-06-18,PETR4,AUTOENCODER,29.953256607055664,30.398837476283347,30.745495674275034,29.22862863004036,29.25678644979711,0.44558086922768325,0.6964701572585525,False,True,2024
2024-06-19,PETR4,AUTOENCODER,29.978286743164062,30.24583092059777,30.195754341271233,29.979745110675395,29.68249251591312,0.26754417743370595,0.2957942272509442,False,False,2024
2024-06-20,PETR4,AUTOENCODER,30.453866958618164,30.167053393751104,30.167053393751104,29.97374750780954,30.05441440117053,0.2868135648670602,0.39945255744763486,False,False,2024
2024-06-21,PETR4,AUTOENCODER,30.61239051818848,30.16734351416457,30.16734351416457,30.43184027022266,30.44264011556208,0.44504700402390895,0.1697504026263985,True,False,2024
2024-06-24,PETR4,AUTOENCODER,30.921104431152344,30.18742083023554,30.87524001689391,30.549780232691447,31.230455520168395,0.7336836009168053,0.3093510890160509,True,True,2024
2024-06-25,PETR4,AUTOENCODER,30.896074295043945,30.24584813113077,30.383793935161286,30.83680066174322,30.39575516430722,0.6502261639131746,0.5003191307367238,True,False,2024
2024-06-26,PETR4,AUTOENCODER,30.94613647460937,30.33491509806524,30.707414875288652,30.848499700779954,31.15474319426513,0.6112213765441332,0.2086067196557586,True,True,2024
2024-06-27,PETR4,AUTOENCODER,31.46343231201172,30.416896242697902,30.416896242697902,30.887667166897423,30.58879403134228,1.0465360693138166,0.874638280669437,True,False,2024
2024-06-28,PETR4,AUTOENCODER,31.74711227416992,30.52675845079429,30.834937528357937,31.363369040430232,31.70021518925759,1.2203538233756284,0.04689708491232736,True,True,2024
2024-07-01,PETR4,AUTOENCODER,32.23103713989258,30.700090645955584,30.996917892311412,31.673496561540002,31.698278440057923,1.5309464939369946,0.5327586998346554,True,True,2024
2024-07-02,PETR4,AUTOENCODER,32.13091278076172,30.935479105828023,30.88324782233532,32.14500809838091,31.87471878499475,1.195433674933696,0.2561939957669672,True,False,2024
2024-07-03,PETR4,AUTOENCODER,31.571901321411133,31.191158784110172,31.191158784110172,32.09049838379527,32.16596252220994,0.38074253730096075,0.5940612007988051,False,False,2024
2024-07-04,PETR4,AUTOENCODER,31.138032913208008,31.402946685941316,31.402946685941316,31.634193447526872,31.631192319837442,0.2649137727333084,0.49315940662943447,False,False,2024
2024-07-05,PETR4,AUTOENCODER,31.30491065979004,31.537142129055383,31.537142129055383,31.28066639024793,31.285576932928375,0.23223146926534355,0.01933372686166379,True,False,2024
2024-07-08,PETR4,AUTOENCODER,32.072509765625,31.626875389481796,31.88667870697879,31.476772899079236,31.728154256901536,0.4456343761432038,0.34435550872346354,True,True,2024
2024-07-09,PETR4,AUTOENCODER,32.064170837402344,31.69896293628571,31.69919198216408,32.099215906718086,31.888818292760245,0.3652079011166336,0.1753525446420987,True,False,2024
2024-07-10,PETR4,AUTOENCODER,31.76379776000977,31.79227107028146,31.974414655424514,32.066696889861724,32.27901822350777,0.0284733102716892,0.5152204634980002,False,False,2024
2024-07-11,PETR4,AUTOENCODER,31.98073387145996,31.883914699871127,31.867598344730354,31.830105658840644,31.662435087797604,0.0968191715888338,0.31829878366235675,False,False,2024
2024-07-12,PETR4,AUTOENCODER,31.830551147460938,31.971875275398304,31.971875275398304,32.05626676113304,32.09478044366896,0.14132412793736648,0.26422929620802194,False,False,2024
2024-07-15,PETR4,AUTOENCODER,32.1225700378418,32.05810250438739,32.50147858249011,31.95561241846889,32.38728837847973,0.0644675334544047,0.2647183406379341,False,True,2024
2024-07-16,PETR4,AUTOENCODER,32.03913879394531,32.12902465224229,31.862694039890425,32.22083222876807,31.568750915425277,0.08988585829698081,0.47038787852003594,False,True,2024
2024-07-17,PETR4,AUTOENCODER,32.20600509643555,32.189509841155086,32.54734886768058,32.12826336599152,32.74338591984402,0.016495255280460697,0.5373808234084763,False,True,2024
2024-07-18,PETR4,AUTOENCODER,32.14760208129883,32.25438863327861,32.59066485405267,32.278786145265045,32.27808883767238,0.1067865519797806,0.1304867563735499,False,True,2024
2024-07-19,PETR4,AUTOENCODER,32.28110122680664,32.31008191807405,31.839041073415572,32.24339457087064,31.50778035809553,0.028980691267406655,0.7733208687111102,False,True,2024
2024-07-22,PETR4,AUTOENCODER,31.63864517211914,32.35223788933939,32.03831968498863,32.36169677700053,32.467021051557836,0.7135927172202514,0.8283758794386955,False,True,2024
2024-07-23,PETR4,AUTOENCODER,31.22981643676757,32.35545134171568,32.05970765721281,31.750971828064323,31.674850661547215,1.1256349049481074,0.4450342247796435,True,True,2024
2024-07-24,PETR4,AUTOENCODER,31.480121612548828,32.31353140061722,32.67274912953133,31.436256420471512,32.01563775990613,0.8334097880683942,0.5355161473572991,True,True,2024
2024-07-25,PETR4,AUTOENCODER,31.43840408325196,32.267119510405166,32.625821295283636,31.671494362980965,31.694060169957147,0.828715427153206,0.25565608670518714,True,True,2024
2024-07-26,PETR4,AUTOENCODER,31.405027389526367,32.218349777171795,32.53885345034628,31.60720607011967,31.64438875980612,0.8133223876454281,0.23936137027975235,True,True,2024
2024-07-29,PETR4,AUTOENCODER,30.77092170715332,32.14752105792462,31.78330654617182,31.548395866698446,30.933103613530527,1.3765993507713006,0.16218190637720653,True,True,2024
2024-07-30,PETR4,AUTOENCODER,30.579021453857425,32.019582872880676,31.764263437375334,30.918368450694082,31.00533759465786,1.4405614190232505,0.42631614080043434,True,False,2024
2024-07-31,PETR4,AUTOENCODER,31.21312713623047,31.836497222802222,32.23461142651214,30.74549536258853,31.324792639133566,0.6233700865717537,0.11166550290309729,True,True,2024
2024-08-01,PETR4,AUTOENCODER,30.737548828125,31.721181734391678,31.755526579816475,31.31078856698615,30.990580839821728,0.9836329062666778,0.2530320116967282,True,False,2024
2024-08-02,PETR4,AUTOENCODER,29.811412811279297,31.630809225596607,31.396589674371963,30.867685206365675,30.628315495705557,1.8193964143173105,0.8169026844262604,True,True,2024
2024-08-05,PETR4,AUTOENCODER,29.7863826751709,31.49766116634811,31.221614038485274,30.05901274680899,29.970542313331578,1.711278491177211,0.18415963816067915,True,True,2024
2024-08-06,PETR4,AUTOENCODER,30.303682327270508,31.290645499453746,30.92197947582873,29.999056800418888,29.840416702091016,0.9869631721832377,0.463265625179492,True,True,2024
2024-08-07,PETR4,AUTOENCODER,30.26196479797364,31.10854822569914,31.442770798217907,30.419500066725178,31.042716736672677,0.8465834277254984,0.7807519386990371,True,True,2024
2024-08-08,PETR4,AUTOENCODER,30.74588966369629,30.988453126409098,31.31849812760076,30.34458292080929,30.355202481939703,0.24256346271280904,0.39068718175658645,False,True,2024
2024-08-09,PETR4,AUTOENCODER,30.46220970153809,30.907477568633283,31.393948490266865,30.786157471617067,31.011261477712072,0.4452678670951933,0.5490517761739824,False,True,2024
2024-08-12,PETR4,AUTOENCODER,31.154720306396484,30.80849487604192,31.118819363487788,30.471808514390347,30.38675554844391,0.3462254303545649,0.7679647579525728,False,True,2024
2024-08-13,PETR4,AUTOENCODER,30.96282196044922,30.79729819500014,30.378218371176015,31.143962067757123,30.492975675165397,0.16552376544908043,0.4698462852838219,False,True,2024
2024-08-14,PETR4,AUTOENCODER,31.50514793395996,30.841433377560747,30.871373236796632,30.9502457775924,31.362252599213527,0.6637145563992135,0.14289533474643434,True,False,2024
2024-08-15,PETR4,AUTOENCODER,31.98908233642578,30.921041927286666,30.816087167206653,31.464077234824103,31.30674677517973,1.0680404091391154,0.6823355612460524,True,False,2024
2024-08-16,PETR4,AUTOENCODER,32.1225700378418,31.053267993695755,31.108667196081495,31.90148469583424,32.05495814138281,1.069302044146042,0.06761189645898469,True,False,2024
2024-08-19,PETR4,AUTOENCODER,32.072509765625,31.209227385115014,30.802438095310094,32.049823149938334,31.581508246343503,0.8632823805099861,0.4910015192814967,True,True,2024
2024-08-20,PETR4,AUTOENCODER,31.94736099243164,31.396133773519978,31.361178058311605,32.04229384388559,32.36289649428145,0.5512272189116629,0.4155355018498099,True,False,2024
2024-08-21,PETR4,AUTOENCODER,31.75545692443848,31.56564277170719,31.272224473373576,31.98408019700648,31.6796604845926,0.18981415273129087,0.07579643984588103,True,True,2024
2024-08-22,PETR4,AUTOENCODER,31.85259437561035,31.70597499916036,32.03653359600427,31.8222517617015,32.389850795187755,0.14661937644999057,0.5372564195774032,False,True,2024
2024-08-23,PETR4,AUTOENCODER,31.655229568481445,31.81533318450454,32.10170103567322,31.936395326118287,31.90886129086072,0.1601036160230933,0.253631722379275,False,True,2024
2024-08-26,PETR4,AUTOENCODER,33.954933166503906,31.89738071262164,32.34073328437166,31.770619834587627,31.989620049652125,2.0575524538822663,1.9653131168517817,True,True,2024
2024-08-27,PETR4,AUTOENCODER,33.500144958496094,32.04709759785621,31.635642264423566,33.82286084466738,33.045956260259146,1.4530473606398857,0.45418869823694763,True,True,2024
2024-08-28,PETR4,AUTOENCODER,33.980674743652344,32.2461103669045,32.220273308428055,33.31041221575744,33.668389434116555,1.7345643767478407,0.31228530953578826,True,False,2024
2024-08-29,PETR4,AUTOENCODER,33.748992919921875,32.46199929288534,32.82702800499967,33.83611850983034,34.183102930973426,1.2869936270365372,0.4341100110515512,True,True,2024
2024-08-30,PETR4,AUTOENCODER,33.7833137512207,32.69172057010488,32.82511885971474,33.64334368487969,33.46533367361714,1.091593181115826,0.31798007760356484,True,False,2024
2024-09-02,PETR4,AUTOENCODER,33.4658203125,32.91140318928893,32.86507764725133,33.73205456844697,33.60158819648346,0.5544171232110671,0.13576788398346196,True,False,2024
2024-09-03,PETR4,AUTOENCODER,33.0625114440918,33.11181492880556,32.70865304845771,33.519250130086974,33.155994820900524,0.04930348471376078,0.09348337680872731,False,True,2024
2024-09-04,PETR4,AUTOENCODER,33.07109069824219,33.267112944028014,33.397571279184355,33.178449181359625,33.64947039551845,0.1960222457858265,0.5783796972762616,False,False,2024
2024-09-05,PETR4,AUTOENCODER,32.86515045166016,33.38867339727082,33.59243378925822,33.224268893923586,33.29070923819569,0.523522945610658,0.42555878653552526,True,False,2024
2024-09-06,PETR4,AUTOENCODER,32.22157669067383,33.464945562241866,33.142722154475365,33.06344414004201,32.57385766026033,1.2433688715680375,0.3522809695865021,True,True,2024
2024-09-09,PETR4,AUTOENCODER,32.573394775390625,33.4589095824532,33.80774383857671,32.453418590485896,33.08479061188577,0.8855148070625773,0.5113958364951472,True,True,2024
2024-09-10,PETR4,AUTOENCODER,32.03279495239258,33.41345410614656,33.086025269221125,32.79257081253327,32.13637835938426,1.3806591537539816,0.10358340699168167,True,True,2024
2024-09-11,PETR4,AUTOENCODER,31.998470306396484,33.33045999871433,33.650338801204995,32.23363030337474,32.85540135196862,1.3319896923178476,0.8569310455721322,True,True,2024
2024-09-12,PETR4,AUTOENCODER,31.6380672454834,33.22823189132825,33.5407908572356,32.236771077305384,32.24381903802114,1.590164645844851,0.6057517925377383,True,True,2024
2024-09-13,PETR4,AUTOENCODER,31.49219512939453,33.10060595452592,33.31618612674814,31.831767416520496,31.796644010431745,1.6084108251313864,0.3044488810372137,True,True,2024
2024-09-16,PETR4,AUTOENCODER,31.92982292175293,32.94954664771717,33.07723176326461,31.705817575506636,31.685078101937314,1.0197237259642407,0.24474481981561524,True,False,2024
2024-09-17,PETR4,AUTOENCODER,31.7839469909668,32.81760332577883,32.80746869305214,32.07698532863226,31.98719552917434,1.033656334812033,0.2032485382075393,True,False,2024
2024-09-18,PETR4,AUTOENCODER,31.02024269104004,32.68223510777304,32.3300550403141,31.91099869539105,31.57365874406267,1.6619924167329998,0.5534160530226302,True,True,2024
2024-09-19,PETR4,AUTOENCODER,31.123214721679688,32.51514787744401,32.54750404931177,31.177103883482964,31.517822694191892,1.3919331557643204,0.3946079725122047,True,False,2024
2024-09-20,PETR4,AUTOENCODER,31.11462783813477,32.34578885675867,32.686272720870974,31.285496088163878,31.582484619874954,1.2311610186239044,0.46785678174018486,True,False,2024
2024-09-23,PETR4,AUTOENCODER,31.43212509155273,32.15926110007976,32.42897112809824,31.23502802585386,31.211712848449235,0.7271360085270295,0.22041224310349605,True,True,2024
2024-09-24,PETR4,AUTOENCODER,31.56084251403809,32.00132495601281,32.31119205837093,31.503906638736883,31.609406064397394,0.4404824419747193,0.048563550359304486,True,True,2024
2024-09-25,PETR4,AUTOENCODER,31.792526245117188,31.9085183861217,31.486327387271537,31.61480046796821,30.946408082124904,0.1159921410045115,0.8461181629922834,False,True,2024
2024-09-26,PETR4,AUTOENCODER,31.10605239868164,31.857422772285446,31.478060303548762,31.81656596781682,31.821948034635415,0.7513703736038053,0.7158956359537747,True,True,2024
2024-09-27,PETR4,AUTOENCODER,30.985918045043945,31.770802159684877,32.20391535814958,31.16346714984374,31.872843663519024,0.7848841146409313,0.8869256184750789,False,True,2024
2024-09-30,PETR4,AUTOENCODER,30.90010452270508,31.662820816980883,31.555113609387103,31.04812192114056,30.551783375108716,0.7627162942758012,0.3483211475963657,True,False,2024
2024-10-01,PETR4,AUTOENCODER,31.723880767822266,31.573343255901932,31.89419163850967,31.00941153641836,31.451956417677057,0.1505375119203336,0.2719243501452091,False,True,2024
2024-10-02,PETR4,AUTOENCODER,32.16150665283203,31.56809158468866,31.630976281421436,31.749563070591424,31.536892538058208,0.5934150681433721,0.6246141147738236,False,False,2024
2024-10-03,PETR4,AUTOENCODER,32.556236267089844,31.653809873630394,31.609629177688095,32.13063860562514,32.046506186660636,0.9024263934594501,0.5097300804292075,True,True,2024
2024-10-04,PETR4,AUTOENCODER,32.47042465209961,31.801643434824996,31.952897404310487,32.51220824267474,32.70906304907887,0.6687812172746135,0.2386383969792618,True,False,2024
2024-10-07,PETR4,AUTOENCODER,32.92521667480469,31.983509595707858,32.457954907198285,32.469039340632364,32.79817278397875,0.9417070790968296,0.12704389082593792,True,True,2024
2024-10-08,PETR4,AUTOENCODER,32.26448059082031,32.175303775485474,31.760902671672657,32.9389264489527,32.12408466288312,0.08917681533483801,0.1403959279371918,False,True,2024
2024-10-09,PETR4,AUTOENCODER,31.93840217590332,32.32279066737246,32.291583607688366,32.31175276453199,32.677653501869095,0.38438849146913867,0.7392513259657747,False,False,2024
2024-10-10,PETR4,AUTOENCODER,32.30738830566406,32.415366124391824,32.75756293557784,32.099910688748366,32.427941541547426,0.10797781872776113,0.12055323588336364,False,True,2024
2024-10-11,PETR4,AUTOENCODER,32.281639099121094,32.491480935918275,32.40869064213072,32.42919645398038,32.05672601239616,0.2098418367971817,0.22491308672493204,False,False,2024
2024-10-14,PETR4,AUTOENCODER,32.3588752746582,32.55632530697579,32.09977988790132,32.406147736061236,32.042702640031195,0.19745003231759028,0.3161726346270086,False,True,2024
2024-10-15,PETR4,AUTOENCODER,32.09286117553711,32.594136847981844,32.10091495270514,32.463296405157024,32.34179635292976,0.5012756724447343,0.24893517739265292,True,True,2024
2024-10-16,PETR4,AUTOENCODER,31.92982292175293,32.59879598513032,32.526150691545,32.18598206217906,32.497499975555186,0.6689730633773934,0.5676770538022566,True,False,2024
2024-10-17,PETR4,AUTOENCODER,31.68955421447754,32.591842929797394,32.601035778785445,32.063009323186,32.10069646275959,0.9022887153198553,0.41114224828205437,True,False,2024
2024-10-18,PETR4,AUTOENCODER,31.60374641418457,32.559418285621064,32.566827144006666,31.8447638304173,31.846567892288633,0.9556718714364933,0.2428214781040623,True,False,2024
2024-10-21,PETR4,AUTOENCODER,31.10605239868164,32.49141455243384,32.46490078375998,31.749704089040165,31.72561528294889,1.3853621537521974,0.6195628842672498,True,False,2024
2024-10-22,PETR4,AUTOENCODER,30.985918045043945,32.389660964029105,32.77696485621083,31.31076512477818,31.722026875690005,1.4037429189851593,0.7361088306460601,True,True,2024
2024-10-23,PETR4,AUTOENCODER,30.599767684936523,32.24656521670528,32.176240833134045,31.15815669702455,30.765400692334396,1.6467975317687547,0.16563300739787223,True,False,2024
2024-10-24,PETR4,AUTOENCODER,30.80571174621582,32.05416866827258,31.965505039194365,30.758043749135847,30.772188339746695,1.2484569220567607,0.03352340646912566,True,False,2024
2024-10-25,PETR4,AUTOENCODER,31.02024269104004,31.85805956200653,32.16933640866921,30.95324952280407,31.332714469230236,0.8378168709664919,0.3124717781901971,True,True,2024
2024-10-28,PETR4,AUTOENCODER,30.9687557220459,31.688653827017333,31.28944470035196,31.10039575122155,30.42599987920302,0.7198981049714348,0.5427558428428796,True,True,2024
2024-10-29,PETR4,AUTOENCODER,30.90010452270508,31.523575311754428,31.46182055979366,30.971578587643272,31.281436796508274,0.623470789049346,0.3813322738031921,True,False,2024
2024-10-30,PETR4,AUTOENCODER,30.762805938720703,31.398258045021976,31.684909469169263,30.94659876744981,31.248230677211538,0.6354521063012726,0.4854247384908348,True,True,2024
2024-10-31,PETR4,AUTOENCODER,30.81429481506348,31.293935169904756,30.531851978190364,30.7944835375783,29.787774993532587,0.4796403548412762,1.0265198215308935,False,False,2024
2024-11-01,PETR4,AUTOENCODER,30.39382553100586,31.211204137762707,30.888370701835477,30.874707739663826,31.216484813746085,0.8173786067568471,0.8226592827402257,False,True,2024
2024-11-04,PETR4,AUTOENCODER,30.462474822998047,31.13383787462223,31.438203560639952,30.494783377364858,31.010055274572768,0.6713630516241835,0.5475804515747207,True,True,2024
2024-11-05,PETR4,AUTOENCODER,30.36808586120605,31.062886222996468,30.841686956275588,30.548340913059878,30.0531438726715,0.694800361790417,0.31494198853454947,True,False,2024
2024-11-06,PETR4,AUTOENCODER,30.37666702270508,30.989537389988243,30.85761358209673,30.44200274870285,30.523568446467515,0.6128703672831612,0.14690142376243287,True,False,2024
2024-11-07,PETR4,AUTOENCODER,30.47105407714844,30.92269659710246,30.602847342119713,30.47656503231828,30.246951393868798,0.4516425199540173,0.2241026832796429,True,True,2024
2024-11-08,PETR4,AUTOENCODER,31.04598045349121,30.874711172444478,30.461230016696693,30.55909501111105,30.397045305345387,0.1712692810467331,0.6489351481458243,False,True,2024
2024-11-11,PETR4,AUTOENCODER,31.10605239868164,30.856701578981358,30.488734902060425,31.060119730416734,30.99737943744398,0.2493508197002825,0.10867296123766224,True,True,2024
2024-11-12,PETR4,AUTOENCODER,31.68955421447754,30.87650352652429,30.752269923009166,31.06074350532527,31.213636828141357,0.8130506879532504,0.47591738633618164,True,False,2024
2024-11-13,PETR4,AUTOENCODER,31.64665412902832,30.95360917302216,31.37458622225318,31.646137896480962,32.12407328353238,0.6930449560061618,0.47741915450406225,True,True,2024
2024-11-14,PETR4,AUTOENCODER,31.981306076049805,31.073401858660873,30.9674880729311,31.580402845656085,31.112030481754772,0.907904217388932,0.8692755942950328,True,False,2024
2024-11-15,PETR4,AUTOENCODER,31.981306076049805,31.21031164869416,30.794604457765903,31.942967756275095,31.634907053977106,0.7709944273556459,0.3463990220726991,True,True,2024
2024-11-18,PETR4,AUTOENCODER,32.77933883666992,31.341945181038454,31.616323481368337,31.9382230916156,32.54446502829925,1.4373936556314675,0.23487380837067207,True,True,2024
2024-11-19,PETR4,AUTOENCODER,32.43610000610352,31.50943317092168,31.31416084241873,32.66145282285841,32.18961350389318,0.926666835181841,0.2464865022103453,True,False,2024
2024-11-20,PETR4,AUTOENCODER,32.43610000610352,31.69792538701043,31.620096143467777,32.34930902053043,32.46334670014146,0.738174619093094,0.02724669403793456,True,False,2024
2024-11-21,PETR4,AUTOENCODER,32.530494689941406,31.878331111235667,32.18619743283117,32.447213826776355,32.7983977092594,0.6521635787057392,0.2679030193179912,True,True,2024
2024-11-22,PETR4,AUTOENCODER,33.82621765136719,32.04234257345243,32.550167400467885,32.55475609428247,32.79073595921537,1.7838750779147574,1.0354816921518193,True,True,2024
2024-11-25,PETR4,AUTOENCODER,33.62027740478516,32.24752900655341,31.913720476552005,33.73334204679234,32.96116442060919,1.3727483982317565,0.6591129841759766,True,True,2024
2024-11-26,PETR4,AUTOENCODER,33.577369689941406,32.48418612857287,32.750562014135994,33.48944247240296,34.07195491212285,1.0931835613685337,0.49458522218144196,True,False,2024
2024-11-27,PETR4,AUTOENCODER,33.45724105834961,32.708424621707394,32.71015814448355,33.51065623084108,33.27105029008493,0.7488164366422154,0.18619076826468017,True,False,2024
2024-11-28,PETR4,AUTOENCODER,33.11399841308594,32.893101016764774,32.80589947443104,33.42394760275521,33.3582334270685,0.22089739632116334,0.24423501398256064,False,False,2024
2024-11-29,PETR4,AUTOENCODER,33.380008697509766,33.02117688607274,33.02117688607274,33.12833145095763,33.213799191627366,0.35883181143702814,0.16620950588239936,True,False,2024
2024-12-02,PETR4,AUTOENCODER,33.59453201293945,33.13557529893902,33.13557529893902,33.40692841986297,33.39990696582592,0.45895671400043625,0.1946250471135329,True,False,2024
2024-12-03,PETR4,AUTOENCODER,33.894866943359375,33.243367325779985,33.683401806227195,33.62747799676169,34.056923853572165,0.6514996175793897,0.16205691021279023,True,True,2024
2024-12-04,PETR4,AUTOENCODER,33.68033981323242,33.37645883613433,33.07300888533519,33.91628733796526,33.2346051309812,0.30388097709808903,0.4457346822512207,False,True,2024
2024-12-05,PETR4,AUTOENCODER,34.01499938964844,33.50225799779085,33.845108151304665,33.7279999521953,34.35216690156158,0.5127413918575883,0.33716751191314387,True,True,2024
2024-12-06,PETR4,AUTOENCODER,33.49155807495117,33.62464455661777,33.30549045335663,34.059373263873184,33.4228897385496,0.1330864816665951,0.0686683364015721,True,True,2024
2024-12-09,PETR4,AUTOENCODER,34.35824203491211,33.71518671209529,34.02131533570407,33.57874267127336,34.18150427728412,0.6430553228168208,0.17673775762798982,True,True,2024
2024-12-10,PETR4,AUTOENCODER,34.48695755004883,33.81035112500771,33.764143987317716,34.3587461909031,34.01923957917222,0.6766064250411148,0.46771797087660616,True,False,2024
2024-12-11,PETR4,AUTOENCODER,34.83019256591797,33.94253293576051,34.329149494537404,34.48841952358206,34.92367452306659,0.887659630157458,0.09348195714861873,True,True,2024
2024-12-12,PETR4,AUTOENCODER,34.20720672607422,34.08990427121162,33.71287841229272,34.81312684366421,34.0978736108324,0.11730245486259605,0.10933311524181732,True,True,2024
2024-12-13,PETR4,AUTOENCODER,33.993072509765625,34.2087774226585,34.350556129046815,34.21895134780025,34.71555340704296,0.21570491289287475,0.722480897277336,False,False,2024
2024-12-16,PETR4,AUTOENCODER,33.85032272338867,34.28441525655603,34.49364207454352,34.07858494489221,34.15343808467588,0.43409253316735885,0.3031153612872046,True,False,2024
2024-12-17,PETR4,AUTOENCODER,34.17151641845703,34.31077687582041,33.985931428564356,33.93917527281255,33.4394866911126,0.13926045736337755,0.7320297273444325,False,True,2024
2024-12-18,PETR4,AUTOENCODER,33.28823471069336,34.31740784832144,34.00895652771585,34.25949248116682,34.22232284545891,1.029173137628078,0.9340881347655525,True,True,2024
2024-12-19,PETR4,AUTOENCODER,33.15439987182617,34.27984217207256,34.05136059353262,33.472113045177984,33.473020857897666,1.125442300246391,0.3186209860714939,True,True,2024
2024-12-20,PETR4,AUTOENCODER,32.8778190612793,34.20323808967933,34.28544823121022,33.32026893698418,33.58172588781842,1.3254190284000344,0.7039068265391251,True,False,2024
2024-12-23,PETR4,AUTOENCODER,32.88673782348633,34.071479166308876,33.72155195087785,33.05840213896136,32.633404492322,1.184741342822548,0.25333333116432755,True,True,2024
2024-12-24,PETR4,AUTOENCODER,32.88673782348633,33.91499116566169,34.047990181589476,33.00514402363421,33.43809173572781,1.0282533421753612,0.5513539122414812,True,False,2024
2024-12-26,PETR4,AUTOENCODER,33.13395690917969,33.74451591897878,33.95044790403447,32.95595645645801,33.0341150050829,0.6105590097990898,0.09984190409678462,True,False,2024
2024-12-27,PETR4,AUTOENCODER,33.032066345214844,33.6011374271842,33.476278725938265,33.15765033282641,32.8641804976914,0.569071081969355,0.1678858475234435,True,False,2024
2024-12-30,PETR4,AUTOENCODER,33.523006439208984,33.48500320913226,33.59212944259417,33.04046350697231,33.266732135685224,0.03800323007672546,0.25627430352376024,False,False,2024
2024-12-31,PETR4,AUTOENCODER,33.523006439208984,33.43306427917889,33.43306427917889,33.506669069338976,33.39526145873453,0.08994216003009115,0.12774498047445348,False,False,2024
2025-01-02,PETR4,AUTOENCODER,34.060264587402344,33.40161325944098,33.40161325944098,33.46574232261148,33.4719958821774,0.6586513279613655,0.5882687052249409,True,False,2025
2025-01-03,PETR4,AUTOENCODER,33.69900894165039,33.44342502004628,33.44342502004628,33.992581716715094,33.9750004077817,0.2555839216041136,0.275991466131309,False,False,2025
2025-01-06,PETR4,AUTOENCODER,33.54153823852539,33.52258855456171,33.52258855456171,33.67280587278031,33.68354809247363,0.018949683963683128,0.14200985394823817,False,False,2025
2025-01-07,PETR4,AUTOENCODER,34.25478744506836,33.60853795637519,33.620768211755774,33.618510463811575,33.59587977894463,0.6462494886931722,0.6589076661237314,False,True,2025
2025-01-08,PETR4,AUTOENCODER,33.97690200805664,33.70949740161424,33.31985277334447,34.279860918695945,33.85455450477657,0.2674046064423976,0.12234750328006783,True,True,2025
2025-01-09,PETR4,AUTOENCODER,34.12510681152344,33.823689288084495,33.51441054797998,34.01323743693912,34.029122758393996,0.3014175234389427,0.0959840531294418,True,True,2025
2025-01-10,PETR4,AUTOENCODER,34.21773910522461,33.93083223196652,34.23793596275052,34.18348848235199,34.71317754315002,0.28690687325808995,0.495438437925408,False,True,2025
2025-01-13,PETR4,AUTOENCODER,34.33816146850586,34.10383742700077,33.86585308350255,34.31474741014605,33.80422316307977,0.23432404150509,0.5339383054260907,False,False,2025
2025-01-14,PETR4,AUTOENCODER,34.10658264160156,34.290382394212685,34.21480095823605,34.45771278761988,34.599141582003064,0.18379975261112236,0.4925589404015014,False,False,2025
2025-01-15,PETR4,AUTOENCODER,34.54194641113281,34.43977227932021,34.77304301979423,34.28132403322891,34.667678809857534,0.10217413181260326,0.12573239872472186,False,True,2025
2025-01-16,PETR4,AUTOENCODER,34.31962966918945,34.57618050524886,34.32868276363819,34.66154666127747,34.12011828885795,0.25655083605940376,0.19951138033150073,True,True,2025
2025-01-17,PETR4,AUTOENCODER,34.458580017089844,34.69316049806548,34.66895261693827,34.45654875868249,34.66865549503171,0.23458048097563733,0.21007547794186365,True,False,2025
2025-01-20,PETR4,AUTOENCODER,34.54194641113281,34.760377464029744,34.760377464029744,34.57493548005236,34.58084531222814,0.218431052896932,0.03889890109532956,True,False,2025
2025-01-21,PETR4,AUTOENCODER,34.55120849609375,34.82038813396119,34.82038813396119,34.64681281477813,34.646246859979065,0.26917963786743826,0.09503836388531539,True,False,2025
2025-01-22,PETR4,AUTOENCODER,34.356685638427734,34.88919584490438,34.584396556469294,34.69830245778693,34.39176926669322,0.532510206476644,0.0350836282654825,True,True,2025
2025-01-23,PETR4,AUTOENCODER,34.1158447265625,34.93402928337537,34.683970045291396,34.48372610248528,34.48839094853281,0.8181845568128665,0.3725462219703104,True,True,2025
2025-01-24,PETR4,AUTOENCODER,33.93984603881836,34.938811352902434,34.91443206373378,34.278414878463025,34.45387073619229,0.9989653140840744,0.5140246973739337,True,False,2025
2025-01-27,PETR4,AUTOENCODER,34.4400520324707,34.89650048684007,34.89650048684007,33.99389700102716,33.96245687670019,0.4564484543693652,0.4775951557705156,False,True,2025
2025-01-28,PETR4,AUTOENCODER,34.39373779296875,34.851689176197226,34.509483657891536,34.569791310178765,34.2093976438979,0.45795138322847606,0.18434014907084872,True,True,2025
2025-01-29,PETR4,AUTOENCODER,34.180686950683594,34.8204913971592,34.5712448679984,34.450974504116544,34.48091421211972,0.6398044464756083,0.30022726143612743,True,True,2025
2025-01-30,PETR4,AUTOENCODER,34.63457489013672,34.77385822866569,35.10770464942659,34.2526580483409,34.77479285471679,0.13928333852896913,0.1402179645800743,False,True,2025
2025-01-31,PETR4,AUTOENCODER,34.9124641418457,34.72282899831387,35.02425079960461,34.71931440171378,34.709932182331684,0.18963514353183086,0.20253195951401892,False,True,2025
2025-02-03,PETR4,AUTOENCODER,34.73646926879883,34.73680640975931,34.73680640975931,34.90190862091225,34.665798498736976,0.00033714096048242936,0.0706707700618523,False,False,2025
2025-02-04,PETR4,AUTOENCODER,34.39373779296875,34.80527236869003,34.80527236869003,34.7794403743115,34.80360912512497,0.4115345757212765,0.4098713321562215,True,False,2025
2025-02-05,PETR4,AUTOENCODER,34.14363479614258,34.85708590761723,34.5530741801299,34.524043548481096,34.22867289218523,0.7134511114746545,0.085038096042652,True,True,2025
2025-02-06,PETR4,AUTOENCODER,34.07879638671875,34.85310535719856,34.54862136278804,34.29895339824552,34.25056292697314,0.7743089704798081,0.17176654025438864,True,True,2025
2025-02-07,PETR4,AUTOENCODER,33.88426971435547,34.83162661201169,34.50325368293138,34.25150587741715,34.15547892549974,0.9473568976562206,0.2712092111442743,True,True,2025
2025-02-10,PETR4,AUTOENCODER,34.1158447265625,34.78724064739876,34.69033530262704,34.03556389925141,34.20200828928615,0.671395920836261,0.08616356272364811,True,False,2025
2025-02-11,PETR4,AUTOENCODER,34.1158447265625,34.73417565685753,34.94614721868002,34.23349223999912,34.503037999850655,0.6183309302950306,0.38719327328815467,True,False,2025
2025-02-12,PETR4,AUTOENCODER,33.606380462646484,34.69352191925853,34.374876841078766,34.241799588580115,33.74103994389311,1.087141456612045,0.1346594812466222,True,True,2025
2025-02-13,PETR4,AUTOENCODER,33.643428802490234,34.62822515704781,34.68802437078136,33.741636751941215,34.096317619985385,0.9847963545575737,0.4528888174951504,True,False,2025
2025-02-14,PETR4,AUTOENCODER,34.68088912963867,34.543475575249346,34.64090442840131,33.832017920627656,33.86874832674817,0.137413554389326,0.8121408028905037,False,True,2025
2025-02-17,PETR4,AUTOENCODER,34.89393997192383,34.50820135853735,34.50815916144488,34.6985487032745,34.59367031907594,0.3857386133864793,0.30026965284788787,True,False,2025
2025-02-18,PETR4,AUTOENCODER,35.53309631347656,34.549196848148824,34.549196848148824,34.85421110960122,34.85138650590706,0.9838994653277382,0.6817098075695043,True,False,2025
2025-02-19,PETR4,AUTOENCODER,35.60719680786133,34.65570054366219,34.65570054366219,35.45209504061039,35.4307852180141,0.951496264199136,0.17641158984722694,True,False,2025
2025-02-20,PETR4,AUTOENCODER,35.662776947021484,34.788799429959255,34.788799429959255,35.50378348816965,35.49983772425869,0.8739775170622295,0.1629392227627946,True,False,2025
2025-02-21,PETR4,AUTOENCODER,35.560882568359375,34.94411465571471,34.63967312589302,35.61846504051997,35.306772430531936,0.6167679126446615,0.2541101378274391,True,True,2025
2025-02-24,PETR4,AUTOENCODER,35.3107795715332,35.078260925877345,34.70821769421266,35.53978031368976,35.419633641734215,0.23251864565585834,0.10885407020101212,True,True,2025
2025-02-25,PETR4,AUTOENCODER,35.1533088684082,35.17800334056838,34.772123356197014,35.33144218888121,35.21488835465347,0.02469447216017784,0.06157948624526455,False,True,2025
2025-02-26,PETR4,AUTOENCODER,35.1533088684082,35.247853518081996,35.22503093336019,35.19828352186223,35.49328033676892,0.09454464967379295,0.3399714683607158,False,False,2025
2025-02-27,PETR4,AUTOENCODER,33.91205978393555,35.29149205383311,35.69162743489865,35.22735736662963,35.61692843007356,1.3794322698975634,1.70486864613801,False,True,2025
2025-02-28,PETR4,AUTOENCODER,33.28217315673828,35.14377650772195,35.24593680614435,33.958680348390565,33.77141065324089,1.8616033509836711,0.4892374965026107,True,False,2025
2025-03-03,PETR4,AUTOENCODER,33.28217315673828,34.95929188717517,34.55618004000594,33.50834677367475,33.07042072845028,1.677118730436888,0.21175242828800123,True,True,2025
2025-03-04,PETR4,AUTOENCODER,33.28217315673828,34.77712085399341,34.70534818082732,33.50844118104387,33.787402552245695,1.494947697255128,0.5052293955074134,True,False,2025
2025-03-05,PETR4,AUTOENCODER,32.06870651245117,34.61582619734344,34.24815874380494,33.4733153792424,33.13098563938847,2.547119684892266,1.0622791269372982,True,True,2025
2025-03-06,PETR4,AUTOENCODER,31.7352352142334,34.37440913362505,34.730587291178985,32.32292776028113,33.024529894214155,2.639173919391652,1.289294679980756,True,True,2025
2025-03-07,PETR4,AUTOENCODER,32.07797622680664,34.09434704737379,34.47336145354708,32.0663865560297,32.14372175017871,2.016370820567147,0.06574552337207251,True,True,2025
2025-03-10,PETR4,AUTOENCODER,32.06870651245117,33.81071008755319,33.380913627266295,32.33473711453886,31.60609385987905,1.742003575102018,0.4626126525721226,True,True,2025
2025-03-11,PETR4,AUTOENCODER,31.58702850341797,33.52192963701248,33.183841816491366,32.225089912274875,32.27054140882938,1.9349011335945079,0.683512905411412,True,True,2025
2025-03-12,PETR4,AUTOENCODER,31.58702850341797,33.24542767244512,33.537256524701,31.752700378386418,32.316617054724716,1.658399169027149,0.7295885513067475,True,True,2025
2025-03-13,PETR4,AUTOENCODER,31.901975631713867,32.98537406013281,32.793746045124074,31.71978597627132,31.276471188519672,1.0833984284189455,0.6255044431941954,True,False,2025
2025-03-14,PETR4,AUTOENCODER,32.88386154174805,32.76305331210426,33.083479362186594,31.97704651987422,32.45523628303879,0.12080822964378513,0.4286252587092534,False,True,2025
2025-03-17,PETR4,AUTOENCODER,33.49522399902344,32.62126802393618,32.747054573271186,32.81843352413935,32.62796113471278,0.8739559750872559,0.8672628643106606,True,False,2025
2025-03-18,PETR4,AUTOENCODER,33.523006439208984,32.6040820774096,32.56158271503882,33.335850795212856,33.18048420700323,0.9189243617993839,0.3425222322057522,True,False,2025
2025-03-19,PETR4,AUTOENCODER,33.49522399902344,32.6732635027837,32.6692695166623,33.367390165694815,33.401056260403735,0.8219604962397398,0.09416773861970285,True,False,2025
2025-03-20,PETR4,AUTOENCODER,33.5693244934082,32.78075065732577,32.723728090408926,33.385888339601216,33.3285212856198,0.7885738360824348,0.24080320778840303,True,False,2025
2025-03-21,PETR4,AUTOENCODER,34.08805847167969,32.919969117428934,32.919969117428934,33.50701051647378,33.551486861345026,1.1680893542507533,0.5365716103346614,True,False,2025
2025-03-24,PETR4,AUTOENCODER,34.04174041748047,33.05550698211718,33.05550698211718,33.9783714053167,33.95414152808851,0.9862334353632889,0.08759888939195548,True,False,2025
2025-03-25,PETR4,AUTOENCODER,34.31036758422852,33.21693932303117,33.21693932303117,33.94184872085701,33.94289671680631,1.093428261197353,0.36747086742221313,True,False,2025
2025-03-26,PETR4,AUTOENCODER,34.63457489013672,33.39923574723909,33.72914271392172,34.2562733448312,34.568200045118274,1.2353391428976295,0.06637484501844426,True,True,2025
2025-03-27,PETR4,AUTOENCODER,34.89393997192383,33.61494765059476,33.996152565629295,34.5674448527375,34.66228765410847,1.2789923213290706,0.23165231781536022,True,False,2025
2025-03-28,PETR4,AUTOENCODER,34.671630859375,33.838689496919784,33.93938422069257,34.814555321797116,34.61306722629459,0.832941362455216,0.05856363308041068,True,False,2025
2025-03-31,PETR4,AUTOENCODER,34.42152404785156,34.03229815860536,34.03229815860536,34.61461098676372,34.569914302190504,0.38922588924620527,0.14839025433894193,True,False,2025
2025-04-01,PETR4,AUTOENCODER,34.55120849609375,34.22281384164566,34.22281384164566,34.464853738883264,34.48795998160082,0.3283946544480898,0.06324851449293334,True,False,2025
2025-04-02,PETR4,AUTOENCODER,34.458580017089844,34.4087908612685,34.4087908612685,34.64503353434486,34.64818959605946,0.04978915582134391,0.18960957896961617,False,False,2025
2025-04-03,PETR4,AUTOENCODER,33.34701156616211,34.56785798321846,34.22634982049028,34.58840607674074,34.25084472582742,1.2208464170563502,0.9038331596653109,True,True,2025
2025-04-04,PETR4,AUTOENCODER,32.00386428833008,34.62341112510231,34.26475900884712,33.56702477167979,33.541052032790724,2.61954683677223,1.5371877444606454,True,True,2025
2025-04-07,PETR4,AUTOENCODER,30.73483085632324,34.51930215232383,34.13231725853261,32.37616787910527,32.32831076793992,3.784471296000593,1.5934799116166793,True,True,2025
2025-04-08,PETR4,AUTOENCODER,29.641788482666016,34.273339049245266,33.92101596099443,31.23916163514078,31.26001655314443,4.63155056657925,1.6182280704784127,True,True,2025
2025-04-09,PETR4,AUTOENCODER,30.845985412597656,33.905104943775655,34.26805223290166,30.22370755769927,30.929017166179104,3.0591195311779984,0.08303175358144799,True,True,2025
2025-04-10,PETR4,AUTOENCODER,28.92853164672852,33.48441559236261,33.1737996539408,31.370819482483775,30.659301331045857,4.55588394563409,1.7307696843173375,True,True,2025
2025-04-11,PETR4,AUTOENCODER,29.50284194946289,33.01467376324544,33.35515550403794,29.271514824348497,30.013124558435216,3.5118318137825497,0.5102826089723251,True,True,2025
2025-04-14,PETR4,AUTOENCODER,29.39168357849121,32.503417669879155,32.44666548533675,29.892830570173913,29.503902363916414,3.1117340913879445,0.11221878542520258,True,False,2025
2025-04-15,PETR4,AUTOENCODER,28.715482711791992,32.02993377915777,31.67566369733612,29.667378127924415,29.3969863715467,3.3144510673657805,0.6815036597547071,True,True,2025
2025-04-16,PETR4,AUTOENCODER,28.715482711791992,31.541046461399333,31.491614059193374,28.913581229950186,29.211215768431334,2.8255637496073405,0.49573305663934164,True,False,2025
2025-04-17,PETR4,AUTOENCODER,29.28323554992676,31.06372708046601,31.429413634132473,28.916105215095488,29.297269172159606,1.7804915305392477,0.014033622232844323,True,True,2025
2025-04-21,PETR4,AUTOENCODER,29.28323554992676,30.65142909321537,30.305129899140727,29.35435784811419,28.65150638804248,1.3681935432886085,0.6317291618842802,True,True,2025
2025-04-22,PETR4,AUTOENCODER,29.34967994689941,30.29724861726592,30.494138734382798,29.27449914059922,29.811823616146572,0.9475686703665112,0.4621436692471619,True,False,2025
2025-04-23,PETR4,AUTOENCODER,29.017454147338867,30.018934629438178,29.729599402465286,29.34027082547634,28.83476038161808,1.0014804820993106,0.18269376572078855,True,True,2025
2025-04-24,PETR4,AUTOENCODER,28.884565353393555,29.809030051647,30.045632273140384,28.990475007635848,29.49301625890687,0.9244646982534448,0.6084509055133154,True,True,2025
2025-04-25,PETR4,AUTOENCODER,28.969995498657227,29.605876920087866,29.6275953613814,28.88517262162136,28.68194769226582,0.6358814214306392,0.2880478063914076,True,False,2025
2025-04-28,PETR4,AUTOENCODER,28.85608673095703,29.437820982615563,29.10473100294706,28.982884514545688,28.64588903229997,0.5817342516585313,0.21019769865706195,True,True,2025
2025-04-29,PETR4,AUTOENCODER,29.007963180541992,29.30834860148684,29.020500594008865,28.8650597400006,28.865341890845563,0.3003854209448491,0.14262128969642873,True,True,2025
2025-04-30,PETR4,AUTOENCODER,28.46691131591797,29.201227785432962,28.885659833487637,29.00567563498716,28.895042284510627,0.7343164695149937,0.428130968592658,True,True,2025
2025-05-01,PETR4,AUTOENCODER,28.46691131591797,29.134003443525984,29.254749685611788,28.49498598680297,28.885577221116773,0.6670921276080151,0.41866590519880376,True,False,2025
2025-05-02,PETR4,AUTOENCODER,29.24526596069336,29.080699964170293,29.25817017250902,28.558658960440248,28.610464140650485,0.16456599652306636,0.634801820042874,False,False,2025
2025-05-05,PETR4,AUTOENCODER,28.15367126464844,29.064704003068442,28.772621986156707,29.297308655206614,28.83303393223915,0.9110327384200012,0.6793626675907092,True,True,2025
2025-05-06,PETR4,AUTOENCODER,28.618783950805664,29.025065686916577,29.34071391151226,28.181996931318704,28.800031658065443,0.40628173611091256,0.18124770725977868,True,True,2025
2025-05-07,PETR4,AUTOENCODER,28.75167655944824,28.987109085703793,28.73306456582991,28.733415441113024,28.162393435278542,0.2354325262555541,0.5892831241696967,False,True,2025
2025-05-08,PETR4,AUTOENCODER,29.15034294128418,28.970643522915736,29.246055518190218,28.80481092730979,29.318941884904067,0.17969941836844328,0.16859894361988736,True,True,2025
2025-05-09,PETR4,AUTOENCODER,29.340187072753903,28.99783616505937,28.828655771574912,29.17526881390013,28.73836666447363,0.34235090769453436,0.6018204082802718,False,False,2025
2025-05-12,PETR4,AUTOENCODER,30.04260635375977,29.063396002560268,29.325465817512498,29.348848895123158,29.769630872751218,0.9792103511995016,0.27297548100855096,True,True,2025
2025-05-13,PETR4,AUTOENCODER,30.49822807312012,29.20896514934128,29.525492023023737,30.046575439448507,30.08818829689746,1.289262923778839,0.41003977622266063,True,True,2025
2025-05-14,PETR4,AUTOENCODER,30.28940200805664,29.379801817217242,29.396227144520587,30.406631314518627,30.161633205451597,0.9096001908393987,0.12776880260504342,True,False,2025
2025-05-15,PETR4,AUTOENCODER,30.25143241882324,29.563644730747797,29.3052597276671,30.222534991476625,29.97702944975483,0.6877876880754421,0.274402969068408,True,True,2025
2025-05-16,PETR4,AUTOENCODER,30.393814086914062,29.752668014712043,29.893783555856263,30.246033407513693,30.6200488199775,0.6411460722020195,0.2262347330634391,True,False,2025
2025-05-19,PETR4,AUTOENCODER,30.355846405029297,29.9058417584325,29.907472831433566,30.385018000837423,30.24322844345242,0.4500046465967955,0.11261796157687698,True,False,2025
2025-05-20,PETR4,AUTOENCODER,30.47924423217773,30.0385718475938,29.95662239227277,30.35157096440317,30.290483513569857,0.4406723845839302,0.1887607186078739,True,False,2025
2025-05-21,PETR4,AUTOENCODER,30.137527465820312,30.16635022054558,30.16635022054558,30.494789473504948,30.569901794597772,0.02882275472526885,0.43237432877745974,False,False,2025
2025-05-22,PETR4,AUTOENCODER,29.73885726928711,30.283108935080747,29.978547392398024,30.203832007811855,29.89805342241844,0.544251665793638,0.1591961531313295,True,True,2025
2025-05-23,PETR4,AUTOENCODER,29.80530166625977,30.332085194710146,30.358133654891773,29.831387078251208,30.147696350618734,0.5267835284503768,0.3423946843589647,True,False,2025
2025-05-26,PETR4,AUTOENCODER,29.710378646850582,30.315388519050344,30.62491284767954,29.897979819560103,30.148125591710674,0.6050098721997621,0.43774694486009125,True,True,2025
2025-05-27,PETR4,AUTOENCODER,29.928699493408203,30.29103315620452,30.245123211549124,29.79810750333753,29.50093968739892,0.36233366279631696,0.4277598060092842,False,False,2025
2025-05-28,PETR4,AUTOENCODER,29.833778381347656,30.262212889368385,30.262212889368385,29.99788027998334,30.07099731615804,0.4284345080207288,0.23721893481038236,True,False,2025
2025-05-29,PETR4,AUTOENCODER,29.65342712402344,30.223644084910234,30.427399606375587,29.837269914328587,30.02170195594096,0.5702169608867926,0.36827483191751753,True,True,2025
2025-05-30,PETR4,AUTOENCODER,29.3306941986084,30.157971149621034,29.853810773183273,29.70036971749803,29.222822073582176,0.8272769510126352,0.10787212502622268,True,True,2025
2025-06-02,PETR4,AUTOENCODER,29.501554489135746,30.09257358285987,30.412721001139648,29.42132651278586,30.031501278092225,0.5910190937241246,0.5299467889564795,True,True,2025
2025-06-03,PETR4,AUTOENCODER,29.510517120361328,30.04853674620213,30.451460943168154,29.62257888778614,29.71062268053771,0.5380196258408034,0.20010556017638237,True,True,2025
2025-06-04,PETR4,AUTOENCODER,28.69892883300781,29.967180098052694,29.668363788679788,29.559148815755705,28.938511560132923,1.268251265044885,0.2395827271251143,True,True,2025
2025-06-05,PETR4,AUTOENCODER,28.70870780944824,29.87549958874945,29.850816512850347,28.78599005384585,29.09624790366428,1.1667917793012101,0.3875400942160425,True,False,2025
2025-06-06,PETR4,AUTOENCODER,29.011831283569336,29.75264834553147,30.08680533380841,28.860739494153144,29.187577186168784,0.740817061962133,0.17574590259944856,True,True,2025
2025-06-09,PETR4,AUTOENCODER,28.52292251586914,29.641544520411344,29.60870641441783,29.106048667014022,28.780733307217105,1.1186220045422033,0.25781079134796414,True,False,2025
2025-06-10,PETR4,AUTOENCODER,29.383399963378903,29.49599012551576,29.80744348679887,28.581670036681544,28.96617163587318,0.11259016213685769,0.4172283275057218,False,True,2025
2025-06-11,PETR4,AUTOENCODER,30.361217498779297,29.391795100072272,29.6852171215041,29.429116270180163,29.41682576265667,0.9694223987070245,0.9443917361226255,True,True,2025
2025-06-12,PETR4,AUTOENCODER,31.045690536499023,29.405556150531396,29.67410779416527,30.25578007900031,30.255035006598654,1.6401343859676274,0.7906555299003699,True,True,2025
2025-06-13,PETR4,AUTOENCODER,31.808385848999023,29.532380568225335,29.85686988205523,30.88906654449768,30.97298211648774,2.2760052807736884,0.8354037325112849,True,True,2025
2025-06-16,PETR4,AUTOENCODER,31.495485305786133,29.89813143964747,29.876417223874146,31.72975314764755,31.422035913943642,1.5973538661386613,0.073449391842491,True,False,2025
2025-06-17,PETR4,AUTOENCODER,32.20928955078125,30.284630837927665,30.629582694659977,31.42937221231749,31.828657014316263,1.924658712853585,0.3806325364649865,True,True,2025
2025-06-18,PETR4,AUTOENCODER,32.17995834350586,30.67980926213616,30.671129156247453,32.19895058794434,31.865325526408167,1.500149081369699,0.3146328170976922,True,False,2025
2025-06-20,PETR4,AUTOENCODER,32.09195327758789,30.995098850795557,31.269373812586895,32.07785111315537,32.38472954020111,1.0968544267923335,0.29277626261321643,True,True,2025
2025-06-23,PETR4,AUTOENCODER,31.290143966674805,31.30502121180581,30.847876840231958,32.10284002899429,31.399240198065883,0.014877245131003747,0.10909623139107794,False,True,2025
2025-06-24,PETR4,AUTOENCODER,30.67411994934082,31.570328953978958,31.15300133805321,31.407071849914672,31.44624342351746,0.8962090046381377,0.7721234741766381,True,True,2025
2025-06-25,PETR4,AUTOENCODER,30.517667770385746,31.679028221773905,31.5948926618806,30.8485101598505,31.11286014757051,1.161360451388159,0.595192377184766,True,False,2025
2025-06-26,PETR4,AUTOENCODER,30.762121200561523,31.69063549696017,31.955471397586738,30.72246123133113,31.015021734585783,0.9285142963986459,0.2529005340242598,True,True,2025
2025-06-27,PETR4,AUTOENCODER,30.517667770385746,31.644929238601208,31.59071200608611,30.953171031807575,30.656765562845496,1.1272614682154618,0.13909779245975074,True,False,2025
2025-06-30,PETR4,AUTOENCODER,30.683897018432617,31.557327625619507,31.224473493358246,30.66246843534609,30.417511855969884,0.87343060718689,0.2663851624627327,True,True,2025
2025-07-01,PETR4,AUTOENCODER,30.79145622253418,31.464334198512944,31.60175418761985,30.817076198029067,31.245448830692926,0.6728779759787642,0.453992608158746,True,False,2025
2025-07-02,PETR4,AUTOENCODER,31.33903312683105,31.389492966428662,31.74546315710079,30.904158307843456,31.090881050783402,0.05045983959761102,0.24815207604764922,False,True,2025
2025-07-03,PETR4,AUTOENCODER,31.44659423828125,31.362182309201586,31.216658178646266,31.404918144485613,30.946326594257897,0.0844119290796641,0.5002676440233529,False,False,2025
2025-07-04,PETR4,AUTOENCODER,31.407480239868164,31.3365091112573,31.690949993735014,31.42340535994628,31.93916221367712,0.0709711286108643,0.5316819738089542,False,True,2025
2025-07-07,PETR4,AUTOENCODER,31.34881401062012,31.31311262096446,31.008463958777973,31.367010030892207,30.726375187717853,0.035701389655660165,0.6224388229022679,False,True,2025
2025-07-08,PETR4,AUTOENCODER,31.798608779907227,31.3223890982527,31.64427006851536,31.345838140020813,31.975149427028754,0.476219681654527,0.17654064712152717,True,True,2025
2025-07-09,PETR4,AUTOENCODER,31.60304450988769,31.363721422581506,31.478039202775957,31.782947220408396,31.561986669748823,0.239323087306186,0.04105784013886904,True,False,2025
2025-07-10,PETR4,AUTOENCODER,31.524822235107425,31.430050816772365,31.13504423674575,31.563502353478402,31.20407223909614,0.09477141833506053,0.32074999601128695,False,True,2025
2025-07-11,PETR4,AUTOENCODER,31.906169891357425,31.492795502803602,31.86313348618721,31.545824776229143,32.18751535836241,0.413374388553823,0.28134546700498575,True,True,2025
2025-07-14,PETR4,AUTOENCODER,31.485708236694336,31.563452116720754,31.695826309294578,31.91469743873488,31.676881275210764,0.07774388002641786,0.1911730385164283,False,False,2025
2025-07-15,PETR4,AUTOENCODER,31.241254806518555,31.64887782660145,31.708451729386656,31.500529068070698,31.5086215549936,0.4076230200828945,0.2673667484750446,True,False,2025
2025-07-16,PETR4,AUTOENCODER,31.08480262756348,31.723084727612218,31.690437934079444,31.344771116765195,31.29344790645727,0.6382821000487375,0.20864527889379048,True,False,2025
2025-07-17,PETR4,AUTOENCODER,30.77190017700196,31.755152867890644,32.18703111761203,31.23332600013448,31.705723412574667,0.9832526908886834,0.9338232355727065,True,True,2025
2025-07-18,PETR4,AUTOENCODER,30.302549362182617,31.742783411957134,31.429021528987622,30.938627270320715,30.25008909172841,1.4402340497745172,0.05246027045420831,True,True,2025
2025-07-21,PETR4,AUTOENCODER,30.361217498779297,31.660322831047978,31.840935501898343,30.46597924553955,31.004435813341473,1.299105332268681,0.6432183145621764,True,False,2025
2025-07-22,PETR4,AUTOENCODER,30.6545639038086,31.542725717690843,31.56336003703362,30.548272849611507,30.378923157815247,0.8881618138822418,0.2756407459933534,True,False,2025
2025-07-23,PETR4,AUTOENCODER,31.28036499023437,31.438535609542498,31.66190823026316,30.773787922255018,30.97867980746903,0.1581706193081267,0.30168518276533973,False,True,2025
2025-07-24,PETR4,AUTOENCODER,31.231475830078125,31.365791603836925,31.413848170935566,31.342048587174915,31.17542422945251,0.1343157737588001,0.056051600625615094,True,False,2025
2025-07-25,PETR4,AUTOENCODER,31.27058792114257,31.339609465845285,31.6723618245722,31.232660228775405,31.54260376096295,0.06902154470271427,0.27201583982038,False,True,2025
2025-07-28,PETR4,AUTOENCODER,31.30970001220703,31.336708261710612,31.71459920309014,31.294536004903545,31.376701564412038,0.027008249503580828,0.06700155220500648,False,True,2025
2025-07-29,PETR4,AUTOENCODER,31.720382690429688,31.346973115322697,31.77682894636908,31.324587456784116,31.452096536719722,0.37340957510699013,0.26828615370996545,True,True,2025
2025-07-30,PETR4,AUTOENCODER,32.04306411743164,31.378738841949797,31.390118043842477,31.71110811164125,31.376653726160363,0.6643252754818434,0.6664103912712775,False,False,2025
2025-07-31,PETR4,AUTOENCODER,31.91594696044922,31.42896409454565,31.19077153405781,31.966837631150234,31.76013245527531,0.4869828659035704,0.1558145051739075,True,False,2025
2025-08-01,PETR4,AUTOENCODER,31.495485305786133,31.521446122957286,31.204806478211214,31.868163178159296,31.75923188805574,0.025960817171153394,0.2637465822696079,False,True,2025
2025-08-04,PETR4,AUTOENCODER,31.44659423828125,31.626703284151773,31.29376655877626,31.528538844520615,31.455964594920108,0.18010904587052323,0.009370356638857658,True,True,2025
2025-08-05,PETR4,AUTOENCODER,31.59326934814453,31.69146406119185,31.742600343715413,31.512544453615728,31.829354805851604,0.09819471304732019,0.23608545770707323,False,False,2025
2025-08-06,PETR4,AUTOENCODER,31.63237762451172,31.748071962883984,31.510245116322288,31.661232787433846,31.322636016307026,0.11569433837226484,0.30974160820469265,False,True,2025
2025-08-07,PETR4,AUTOENCODER,31.808385848999023,31.8253128349983,31.816041165369327,31.7172612249675,31.930295523327416,0.016926985999276667,0.12190967432839273,False,False,2025
2025-08-08,PETR4,AUTOENCODER,29.852754592895508,31.904987768208656,32.10923764891097,31.869760166956205,32.03507691706403,2.052233175313148,2.182322324168524,False,True,2025
2025-08-11,PETR4,AUTOENCODER,30.038537979125977,31.83593419250829,31.82215536659894,29.924164009919977,29.821030983345928,1.7973962133823136,0.21750699578004884,True,False,2025
2025-08-12,PETR4,AUTOENCODER,30.116762161254883,31.681004974421597,31.71254462007612,30.323727314978086,30.400141660992826,1.5642428131667145,0.2833794997379435,True,False,2025
2025-08-13,PETR4,AUTOENCODER,29.891864776611328,31.497412842943362,31.497412842943362,30.31607401578874,30.29385814634481,1.6055480663320338,0.4019933697334821,True,False,2025
2025-08-14,PETR4,AUTOENCODER,29.510517120361328,31.296273343745497,31.296273343745497,30.03972774453861,30.060013265917476,1.785756223384169,0.549496145556148,True,False,2025
2025-08-15,PETR4,AUTOENCODER,29.5007381439209,31.07473936293991,31.07473936293991,29.65557115453406,29.67839147528754,1.57400121901901,0.17765333136664196,True,False,2025
2025-08-18,PETR4,AUTOENCODER,29.68652534484864,30.825312025432737,30.543800829263013,29.651385176573477,29.36656557502769,1.1387866805840972,0.31995976982095087,True,True,2025
2025-08-19,PETR4,AUTOENCODER,29.37362289428711,30.610780272911512,30.25761494481378,29.80498226725434,29.68451724471837,1.2371573786244028,0.310894350431262,True,True,2025
2025-08-20,PETR4,AUTOENCODER,29.54962921142578,30.401522319431706,30.383946603617034,29.414924205521096,29.6915855806847,0.8518931080059247,0.1419563692589172,True,False,2025
2025-08-21,PETR4,AUTOENCODER,29.618078231811523,30.232753374163593,30.22941689192951,29.61448046609583,29.583329516059862,0.6146751423520698,0.03474871575166105,True,False,2025
2025-08-22,PETR4,AUTOENCODER,30.46999931335449,30.090818108493636,30.169979002365146,29.591340990070137,29.652162458611386,0.3791812048608527,0.8178368547431027,False,True,2025
2025-08-25,PETR4,AUTOENCODER,30.64999961853028,30.011725874757786,29.929825506685102,30.434374504197308,30.24707921369202,0.6382737437724941,0.40292040483825886,True,False,2025
2025-08-26,PETR4,AUTOENCODER,30.43000030517578,30.01338300322115,30.355583512871213,30.509768161867896,30.907318178260788,0.41661730195463065,0.4773178730850063,False,True,2025
2025-08-27,PETR4,AUTOENCODER,30.65999984741211,30.03841695279678,30.067485933844996,30.302568899504482,30.03164713278098,0.6215828946153295,0.6283527146311307,False,False,2025
2025-08-28,PETR4,AUTOENCODER,30.93000030517578,30.084437918044927,29.939293757433294,30.571329083353294,30.431608970143053,0.8455623871308546,0.4983913350327285,True,False,2025
2025-08-29,PETR4,AUTOENCODER,31.100000381469727,30.159018533486602,30.159018533486602,30.82151592678342,30.94041735247143,0.9409818479831245,0.1595830289982949,True,False,2025
2025-09-01,PETR4,AUTOENCODER,31.170000076293945,30.26840376395407,30.26840376395407,30.985356304184233,30.962415610385214,0.9015963123398762,0.20758446590873092,True,False,2025
2025-09-02,PETR4,AUTOENCODER,31.32999992370605,30.388452148940246,30.388452148940246,31.055192285850577,31.054193093889214,0.9415477747658052,0.2758068298168368,True,False,2025
2025-09-03,PETR4,AUTOENCODER,31.059999465942383,30.54855927881306,30.682025684950176,31.258534806626276,31.374130955625446,0.5114401871293239,0.3141314896830636,True,True,2025
2025-09-04,PETR4,AUTOENCODER,31.059999465942383,30.697826231541995,30.52620976932144,31.005951256487606,30.735061242859327,0.3621732344003874,0.32493822308305553,True,False,2025
2025-09-05,PETR4,AUTOENCODER,30.59000015258789,30.83375502119415,30.497709719743273,31.087757717607357,30.913460911748846,0.24375486860625983,0.3234607591609553,False,True,2025
2025-09-08,PETR4,AUTOENCODER,30.709999084472656,30.913609435677245,30.883201884547063,30.614924445374864,30.889212125268354,0.20361035120458837,0.17921304079569822,True,False,2025
2025-09-09,PETR4,AUTOENCODER,30.950000762939453,30.96127769479847,31.17321108240732,30.79428543753692,30.998652995119137,0.011276931859015349,0.04865223217968406,False,False,2025
2025-09-10,PETR4,AUTOENCODER,31.51000022888184,31.01246673724245,31.23188098567678,31.016791621424602,31.04365293878001,0.4975334916393912,0.4663472901018295,True,False,2025
2025-09-11,PETR4,AUTOENCODER,31.38999938964844,31.078528138847986,31.2418887715107,31.5224169291244,31.497541247467016,0.3114712508004551,0.10754185781857473,True,False,2025
2025-09-12,PETR4,AUTOENCODER,31.18000030517578,31.159582373346097,31.159582373346097,31.353741960199333,31.245163519424995,0.020417931829683766,0.06516321424921401,False,False,2025
2025-09-15,PETR4,AUTOENCODER,31.450000762939453,31.251953762617006,31.251953762617006,31.20674653263568,31.24067538932968,0.19804700032244682,0.20932537360977221,False,False,2025
2025-09-16,PETR4,AUTOENCODER,31.530000686645508,31.31936496173944,31.596509347358637,31.47373777742598,31.732114335940334,0.2106357249060693,0.20211364929482656,True,True,2025
2025-09-17,PETR4,AUTOENCODER,31.71999931335449,31.398400646581138,31.42062472560757,31.54620920030533,31.32808584712697,0.321598666773351,0.39191346622751766,False,False,2025
2025-09-18,PETR4,AUTOENCODER,31.40999984741211,31.47248953250846,31.47248953250846,31.72026326695673,31.7288736569546,0.06248968509635233,0.31887380954249167,False,False,2025
2025-09-19,PETR4,AUTOENCODER,31.059999465942383,31.528836817557988,31.210152000877095,31.42122283340654,31.11434243197687,0.4688373516156048,0.054342966034486295,True,True,2025
2025-09-22,PETR4,AUTOENCODER,31.3700008392334,31.53087011909983,31.49870571899561,31.092892695334385,31.362223355172098,0.16086927986643218,0.007777484061300299,True,False,2025
2025-09-23,PETR4,AUTOENCODER,31.89999961853028,31.511798389885712,31.511798389885712,31.419491407338715,31.40395544253575,0.38820122864456863,0.49604417599453043,False,False,2025
2025-09-24,PETR4,AUTOENCODER,32.619998931884766,31.52510459054406,31.87895028398256,31.904975468980286,32.22412318181435,1.094894341340705,0.39587575007041664,True,True,2025
2025-09-25,PETR4,AUTOENCODER,32.36000061035156,31.612106293518252,31.610221525061526,32.54441792387766,32.20130985796449,0.7478943168333103,0.15869075238707353,True,False,2025
2025-09-26,PETR4,AUTOENCODER,32.25,31.73340367147088,31.73340367147088,32.23730322670265,32.292025330950004,0.5165963285291184,0.04202533095000405,True,False,2025
2025-09-29,PETR4,AUTOENCODER,31.809999465942383,31.85211209353045,31.50617935571036,32.20998944033976,31.863559541502678,0.04211262758806811,0.05356007556029496,False,True,2025
2025-09-30,PETR4,AUTOENCODER,31.459999084472656,31.920096157537102,31.68098066668247,31.773809106356083,31.848854238018163,0.46009707306444625,0.3888551535455065,True,True,2025
2025-10-01,PETR4,AUTOENCODER,31.3799991607666,31.94279193327199,32.23864666407495,31.50591137181157,31.980798298544222,0.5627927725053894,0.6007991377776207,False,True,2025
2025-10-02,PETR4,AUTOENCODER,31.07999992370605,31.936392073642708,31.974068405379032,31.4773672807689,31.24093340086795,0.8563921499366565,0.16093347716189754,True,False,2025
2025-10-03,PETR4,AUTOENCODER,31.0,31.906116287444092,31.73807246029106,31.193074072419716,31.0484831470155,0.9061162874440924,0.048483147015499384,True,False,2025
2025-10-06,PETR4,AUTOENCODER,30.71999931335449,31.853501229408494,31.853501229408494,31.14005049675107,31.304330253724913,1.133501916054005,0.5843309403704247,True,False,2025
2025-10-07,PETR4,AUTOENCODER,30.82999992370605,31.78264546503803,31.78264546503803,30.866175567676546,30.868082411182318,0.9526455413319788,0.038082487476266635,True,False,2025
2025-10-08,PETR4,AUTOENCODER,30.64999961853028,31.67717194285723,31.67717194285723,30.962864943985004,30.965892518194142,1.0271723243269477,0.31589289966386147,True,False,2025
2025-10-09,PETR4,AUTOENCODER,30.209999084472656,31.580552010582323,31.580552010582323,30.76823636329052,30.78245756114496,1.3705529261096672,0.5724584766723027,True,False,2025
2025-10-10,PETR4,AUTOENCODER,29.940000534057617,31.46332123571338,31.157211177654624,30.361523424549077,30.07128626178186,1.5233207016557628,0.13128572772424363,True,True,2025
2025-10-13,PETR4,AUTOENCODER,30.229999542236328,31.31206031980375,31.288422572839366,30.103426959490346,30.36914151017759,1.0820607775674205,0.13914196794126354,True,False,2025
2025-10-14,PETR4,AUTOENCODER,30.020000457763672,31.178838501128098,30.881092389086824,30.421103539303353,30.089754216679687,1.158838043364426,0.06975375891601487,True,True,2025
2025-10-15,PETR4,AUTOENCODER,29.75,31.037274491241476,30.723558251446434,30.138684801336268,30.086239729594634,1.287274491241476,0.33623972959463444,True,True,2025
2025-10-16,PETR4,AUTOENCODER,29.450000762939453,30.875925744344926,30.844429448001748,29.85100565611025,30.078672696433923,1.4259249814054726,0.6286719334944699,True,False,2025
2025-10-17,PETR4,AUTOENCODER,29.729999542236328,30.703343436693018,31.1783864311091,29.58809163153365,30.062973860277197,0.9733438944566899,0.3329743180408684,True,True,2025
2025-10-20,PETR4,AUTOENCODER,29.75,30.545338450494057,30.266384104224567,29.86927336951002,29.1515669127433,0.7953384504940573,0.5984330872567014,True,True,2025
2025-10-21,PETR4,AUTOENCODER,29.51000022888184,30.403826072206442,30.501288874655895,29.80314905992935,30.200056683719865,0.8938258433246027,0.6900564548380252,True,False,2025
2025-10-22,PETR4,AUTOENCODER,29.850000381469727,30.293558187260714,30.638611729423655,29.591944256791603,29.824010006083824,0.4435578057909879,0.025990375385902098,True,True,2025
2025-10-23,PETR4,AUTOENCODER,30.190000534057617,30.213025186047815,30.731229563753494,29.91565434874796,30.114476876342852,0.02302465199019821,0.07552365771476488,False,True,2025
2025-10-24,PETR4,AUTOENCODER,29.84000015258789,30.230380779256848,30.676762010033315,30.258398783056236,30.276092001115753,0.3903806266689571,0.4360918485278624,False,False,2025
2025-10-27,PETR4,AUTOENCODER,30.0,30.239281083466608,30.239281083466608,29.86311967854342,29.553415823711127,0.23928108346660792,0.4465841762888729,False,False,2025
2025-10-28,PETR4,AUTOENCODER,29.989999771118164,30.23593978141659,30.23593978141659,30.05570347537518,30.103909827682006,0.24594001029842616,0.11391005656384223,True,False,2025
2025-10-29,PETR4,AUTOENCODER,30.020000457763672,30.227113236633983,30.472402278074124,30.01083515039373,30.2450718266764,0.20711277887031088,0.2250713689127295,False,True,2025
2025-10-30,PETR4,AUTOENCODER,29.88999938964844,30.202519384973698,30.480016471584772,30.13295644228869,30.21446451407406,0.31251999532525687,0.32446512442561826,False,True,2025
2025-10-31,PETR4,AUTOENCODER,29.75,30.164466896505616,30.164466896505616,29.88850422285267,29.68443183667845,0.4144668965056155,0.0655681633215508,True,False,2025
2025-11-03,PETR4,AUTOENCODER,30.100000381469727,30.14128676719909,30.14128676719909,29.787953359702875,29.829085231388213,0.04128638572936438,0.2709151500815139,False,False,2025
2025-11-04,PETR4,AUTOENCODER,30.25,30.09027966467542,30.09027966467542,30.09653725376396,30.08401047545904,0.15972033532457885,0.1659895245409615,False,False,2025
2025-11-05,PETR4,AUTOENCODER,30.850000381469727,30.07415831254741,30.350153075263197,30.217207737447513,30.47437931417263,0.7758420689223158,0.37562106729709654,True,True,2025
2025-11-06,PETR4,AUTOENCODER,31.01000022888184,30.117415757924903,30.69851627191387,30.789142027726736,31.101338463615324,0.8925844709569368,0.09133823473348457,True,False,2025
2025-11-07,PETR4,AUTOENCODER,32.18000030517578,30.22453657397878,30.569550125625398,30.92284286625555,30.775710900134808,1.9554637311969998,1.4042894050409735,True,True,2025
2025-11-10,PETR4,AUTOENCODER,32.36000061035156,30.375743399641834,30.402423948291805,32.02647728066075,31.75977680128997,1.9842572107097283,0.6002238090615926,True,False,2025
2025-11-11,PETR4,AUTOENCODER,33.20000076293945,30.609570618306208,30.90298852857849,32.10410168116545,32.381917198527795,2.5904301446332454,0.8180835644116584,True,True,2025
2025-11-12,PETR4,AUTOENCODER,32.349998474121094,30.91680567752053,30.503429746503222,33.00332094899273,32.28268356968738,1.433192796600565,0.06731490443371513,True,True,2025
2025-11-13,PETR4,AUTOENCODER,32.4900016784668,31.216669711314722,31.18533685160476,32.11232532395543,32.52803761452471,1.2733319671520746,0.03803593605791633,True,False,2025
2025-11-14,PETR4,AUTOENCODER,32.70000076293945,31.481266904339634,31.852337153525117,32.42791937892342,32.773573993178104,1.218733858599819,0.07357323023865092,True,True,2025
2025-11-17,PETR4,AUTOENCODER,32.880001068115234,31.766843737094348,31.619537636993712,32.67922923195859,32.19815347419678,1.1131573310208864,0.6818475939184552,True,False,2025
2025-11-18,PETR4,AUTOENCODER,32.9900016784668,32.01028672641186,32.01028672641186,32.83393429191802,33.00512932704869,0.979714952054934,0.015127648581895414,True,False,2025
2025-11-19,PETR4,AUTOENCODER,32.81999969482422,32.23321967768578,31.727187765071182,32.96123273551126,32.43271014610271,0.5867800171384374,0.3872895487215118,True,True,2025
2025-11-20,PETR4,AUTOENCODER,32.81999969482422,32.41424252245153,32.42898846663011,32.788101880442625,33.26308407007961,0.40575717237268805,0.44308437525538835,False,False,2025
2025-11-21,PETR4,AUTOENCODER,32.56999969482422,32.5638807309638,32.351712989690306,32.83319301033917,32.55747514544352,0.0061189638604162155,0.012524549380700023,False,False,2025
2025-11-24,PETR4,AUTOENCODER,32.540000915527344,32.66832407981204,32.66832407981204,32.59542219312015,32.80320300047736,0.12832316428469426,0.2632020849500165,False,False,2025
2025-11-25,PETR4,AUTOENCODER,32.279998779296875,32.738904475654465,32.353399058453675,32.61783299436458,32.20868269927301,0.45890569635758993,0.07131608002386258,True,True,2025
2025-11-26,PETR4,AUTOENCODER,32.22999954223633,32.755488053525966,32.54932541216393,32.33607924147841,32.488374914802,0.5254885112896375,0.25837537256567344,True,False,2025
2025-11-27,PETR4,AUTOENCODER,32.400001525878906,32.73937407734067,32.73937407734067,32.312263600246126,32.456324874695746,0.33937255146176426,0.056323348816839314,True,False,2025
2025-11-28,PETR4,AUTOENCODER,31.790000915527344,32.71235354052706,32.71235354052706,32.46911685716272,32.440199422343376,0.9223526249997178,0.6501985068160323,True,False,2025
2025-12-01,PETR4,AUTOENCODER,31.850000381469727,32.63763524082137,32.63763524082137,31.82131744606661,31.85472291267694,0.7876348593516411,0.004722531207214331,True,False,2025
2025-12-02,PETR4,AUTOENCODER,32.06999969482422,32.54356738472595,32.54356738472595,31.94628643716878,31.946901326674467,0.4735676899017278,0.12309836814975128,True,False,2025
2025-12-03,PETR4,AUTOENCODER,32.310001373291016,32.45683859163222,32.9057898732429,32.144094633908885,32.5770537467074,0.14683721834120433,0.26705237341638366,False,True,2025
2025-12-04,PETR4,AUTOENCODER,32.52000045776367,32.41567837263344,32.41749165391307,32.34182797120136,31.936754518457057,0.10432208513023511,0.5832459393066145,False,False,2025
2025-12-05,PETR4,AUTOENCODER,31.3700008392334,32.421974969064706,32.76112112383378,32.53837080175215,32.911380194601726,1.051974129831308,1.5413793553683277,False,True,2025
2025-12-08,PETR4,AUTOENCODER,30.69980812072754,32.37133174638166,32.05999482872202,31.378639847207292,30.820150357043023,1.6715236256541175,0.12034223631548358,True,True,2025
2025-12-09,PETR4,AUTOENCODER,30.89374351501465,32.227065682813674,32.67277858766352,30.846894158868327,31.63589733959641,1.3333221677990252,0.7421538245817629,True,True,2025
2025-12-10,PETR4,AUTOENCODER,30.97131729125977,32.04561257472287,31.93638500577961,31.063929539060847,30.519653047841842,1.0742952834630977,0.45166424341792677,True,False,2025
2025-12-11,PETR4,AUTOENCODER,30.45738983154297,31.886444648222465,31.97676920674118,31.090274451768682,31.323579893239597,1.4290548166794963,0.8661900616966278,True,False,2025
2025-12-12,PETR4,AUTOENCODER,30.63193130493164,31.710599715242836,31.740332611087297,30.542782849037003,30.50433561720432,1.0786684103111952,0.12759568772732166,True,False,2025
2025-12-15,PETR4,AUTOENCODER,30.73859596252441,31.54060882213156,31.233205721436967,30.767811086535986,30.429977944000218,0.8020128596071494,0.3086180185241929,True,True,2025
2025-12-16,PETR4,AUTOENCODER,29.807710647583008,31.405196348469474,31.100570738779854,30.832534197735196,30.786969699331063,1.597485700886466,0.9792590517480555,True,True,2025
2025-12-17,PETR4,AUTOENCODER,30.13739967346192,31.241401247239025,31.566420878311174,29.876341125173063,30.467481297275008,1.1040015737771043,0.33008162381308637,True,True,2025
2025-12-18,PETR4,AUTOENCODER,29.96285820007324,31.076039987505368,31.00521665584991,30.28961899594373,29.88745869666446,1.1131817874321293,0.07539950340877866,True,False,2025
2025-12-19,PETR4,AUTOENCODER,30.069522857666016,30.913427495756935,30.874524039020777,30.041681734461747,30.108517398555005,0.843904638090919,0.03899454088898935,True,False,2025
2025-12-22,PETR4,AUTOENCODER,30.15679359436035,30.77320344879692,31.06661493378539,30.163801843923217,30.470201596256782,0.6164098544365686,0.3134080018964305,True,True,2025
2025-12-23,PETR4,AUTOENCODER,30.309999465942383,30.66325518803552,30.92132936409156,30.196803207521743,30.173633687699045,0.35325572209313805,0.13636577824333784,True,True,2025
2025-12-24,PETR4,AUTOENCODER,30.309999465942383,30.578036004550853,30.53573543122126,30.331344894855963,30.088219000499215,0.2680365386084702,0.22178046544316743,True,False,2025
2025-12-26,PETR4,AUTOENCODER,30.40999984741211,30.49949696651865,30.08405060776505,30.3031316181415,29.944324706656758,0.08949711910653946,0.46567514075535144,False,True,2025
2025-12-29,PETR4,AUTOENCODER,30.729999542236328,30.423817335612398,30.712215224708313,30.37869844445188,31.01027438940312,0.30618220662393014,0.2802748471667904,True,True,2025
2025-12-30,PETR4,AUTOENCODER,30.81999969482422,30.40095191319506,30.399300776507115,30.680195920931485,30.36463155886145,0.41904778162916045,0.45536813596276815,False,False,2025
2025-12-31,PETR4,AUTOENCODER,30.81999969482422,30.43450999390197,30.34383571898009,30.755767653047222,30.69431073880464,0.38548970092224977,0.1256889560195802,True,False,2025
2026-01-02,PETR4,AUTOENCODER,30.709999084472656,30.48777413489651,30.48777413489651,30.76056548666928,30.842713935700342,0.22222494957614458,0.13271485122768567,True,False,2026
2026-01-05,PETR4,AUTOENCODER,30.200000762939453,30.54218154701192,30.70806673867413,30.669198490753885,30.8205425404018,0.3421807840724682,0.6205417774623463,False,True,2026
2026-01-06,PETR4,AUTOENCODER,29.63999938964844,30.559878892233428,30.71256994515719,30.162083460059776,30.180084755915658,0.9198795025849869,0.5400853662672169,True,True,2026
2026-01-07,PETR4,AUTOENCODER,29.82999992370605,30.538043643148654,30.690625597237783,29.69253369366781,29.743736207317774,0.7080437194426032,0.08626371638827735,True,True,2026
2026-01-08,PETR4,AUTOENCODER,30.200000762939453,30.49724484534292,30.66197485047293,29.972364362606385,30.005494289187624,0.29724408240346634,0.1945064737518294,True,True,2026
2026-01-09,PETR4,AUTOENCODER,30.299999237060547,30.484956524779278,30.793175694642155,30.318463453631093,30.476320235962763,0.18495728771873132,0.17632099890221653,True,True,2026
2026-01-12,PETR4,AUTOENCODER,30.36000061035156,30.500950027233557,30.477162163229842,30.35912514835355,30.085061186056397,0.14094941688199825,0.2749394242951624,False,False,2026
2026-01-13,PETR4,AUTOENCODER,31.13999938964844,30.536811860715204,30.884947015004087,30.43214850241583,30.827551482517666,0.6031875289332369,0.31244790713077464,True,True,2026
2026-01-14,PETR4,AUTOENCODER,31.989999771118164,30.62104758517117,30.997868283948346,31.195942991034023,31.221929589992456,1.3689521859469949,0.768070181125708,True,True,2026
2026-01-15,PETR4,AUTOENCODER,31.790000915527344,30.798906150512067,30.41946501147079,32.07533416218219,31.40528826876778,0.9910947650152764,0.3847126467595636,True,True,2026
2026-01-16,PETR4,AUTOENCODER,32.040000915527344,30.98973162314641,30.98973162314641,31.669084157120327,32.05823439821008,1.050269292380932,0.01823348268273861,True,False,2026
2026-01-19,PETR4,AUTOENCODER,32.16999816894531,31.17506201845788,31.17506201845788,31.96959612998187,31.9196439704107,0.9949361504874332,0.2503541985346125,True,False,2026
2026-01-20,PETR4,AUTOENCODER,32.290000915527344,31.366910288482075,31.366910288482075,32.101955528323096,32.10024438848884,0.9230906270452692,0.18975652703850443,True,False,2026
2026-01-21,PETR4,AUTOENCODER,33.43000030517578,31.555311534610667,31.738849201142198,32.23269645607585,32.400274956344525,1.8746887705651147,1.0297253488312563,True,True,2026
2026-01-22,PETR4,AUTOENCODER,33.58000183105469,29.912381760973375,29.908878964067597,31.48185672150404,31.252313341361727,3.6676200700813126,2.32768848969296,True,True,2026
2026-01-23,PETR4,AUTOENCODER,35.040000915527344,29.482307751778933,29.447184135869268,32.57973805615384,32.46230718070847,5.557693163748411,2.5776937348188724,True,True,2026
2026-01-26,PETR4,AUTOENCODER,35.36000061035156,29.634308720607663,29.67628314088717,34.2416319774204,34.1952786085291,5.725691889743899,1.1647220018224616,True,False,2026
2026-01-27,PETR4,AUTOENCODER,36.130001068115234,30.160911692116855,30.506652078307592,34.672983167443626,34.92816631523403,5.969089375998379,1.2018347528812043,True,True,2026
2026-01-28,PETR4,AUTOENCODER,37.34000015258789,30.890564531987167,31.198946476326473,35.64160036386134,35.578093365863104,6.449435620600724,1.7619067867247864,True,True,2026
2026-01-29,PETR4,AUTOENCODER,37.70000076293945,31.75055765557903,32.08065723079262,36.991545501294986,37.00543283584935,5.949443107360423,0.6945679270901053,True,True,2026
2026-01-30,PETR4,AUTOENCODER,37.7599983215332,32.68497895846312,32.71454028565791,37.35025026449996,37.0984432763499,5.0750193630700835,0.6615550451833059,True,False,2026
2026-02-02,PETR4,AUTOENCODER,37.2400016784668,33.604141894516886,33.289903971690435,37.52200653789599,37.234554434629906,3.635859783949911,0.005447243836890436,True,True,2026
2026-02-03,PETR4,AUTOENCODER,37.58000183105469,34.40309663349231,34.615972123821024,37.06081808228828,37.68409183859079,3.1769051975623768,0.10409000753610087,True,True,2026
2026-02-04,PETR4,AUTOENCODER,37.52000045776367,35.13914441569676,35.22324446071734,37.57739726550012,37.42115224153796,2.3808560420669096,0.09884821622571138,True,True,2026
2026-02-05,PETR4,AUTOENCODER,37.0,35.78582035866785,35.34092112448855,37.52647392384308,37.054800696115755,1.2141796413321515,0.05480069611575544,True,True,2026
2026-02-06,PETR4,AUTOENCODER,36.650001525878906,36.30128565667698,36.656571322367924,37.02214081611527,37.85101043438556,0.348715869201925,1.201008908506651,False,True,2026
2026-02-09,PETR4,AUTOENCODER,37.31999969482422,36.709042521862585,36.62560756188011,36.78630158134069,36.34567917452051,0.6109571729616334,0.9743205203037064,False,False,2026
2026-02-10,PETR4,AUTOENCODER,37.34999847412109,37.01396399371188,36.96890129870832,37.53339569025013,37.6105621626238,0.3360344804092037,0.26056368850271383,True,False,2026
2026-02-11,PETR4,AUTOENCODER,38.08000183105469,37.26390764720912,37.47726160444677,37.45795155803029,37.69486386805947,0.8160941838455642,0.3851379629952163,True,True,2026
2026-02-12,PETR4,AUTOENCODER,37.11000061035156,37.710579986160496,37.28727715566138,38.46225200428296,37.795940138158564,0.600579375808934,0.6859395278070011,False,True,2026
2026-02-13,PETR4,AUTOENCODER,36.88999938964844,37.81053876183785,37.8160859373574,37.02694359892122,37.546182777724546,0.9205393721894097,0.6561833880761085,True,False,2026
2026-02-17,PETR4,AUTOENCODER,36.88999938964844,37.829792430972276,37.82561754062065,37.02748797245782,36.97779855457805,0.9397930413238385,0.08779916492961348,True,False,2026
2026-02-18,PETR4,AUTOENCODER,37.18999862670898,37.835110485669986,38.24892094123348,37.100031692492955,37.517791257842525,0.645111858961009,0.32779263113354773,True,True,2026
2026-02-19,PETR4,AUTOENCODER,37.810001373291016,37.83184048439955,38.065931958168626,37.42030835183189,37.27524258081595,0.02183911110853387,0.534758792475067,False,True,2026
2026-02-20,PETR4,AUTOENCODER,37.970001220703125,37.87301299663619,37.5782958085195,37.97095622270383,37.47524413467147,0.09698822406693353,0.4947570860316546,False,True,2026
2026-02-23,PETR4,AUTOENCODER,38.59000015258789,37.89547520085176,38.232278307642574,38.00536742035079,38.643007980985786,0.6945249517361276,0.053007828397895196,True,True,2026
2026-02-24,PETR4,AUTOENCODER,39.56999969482422,37.94990965809046,38.28034104335452,38.616403539460386,38.536647011640966,1.6200900367337567,1.033352683183253,True,True,2026
2026-02-25,PETR4,AUTOENCODER,39.56999969482422,38.09794728703352,38.27678622967171,39.55803233490972,39.410929800574095,1.4720524077906987,0.1590698942501234,True,True,2026
2026-02-26,PETR4,AUTOENCODER,39.61000061035156,38.2873418267811,37.90232878515814,39.42127479321615,38.91530501240701,1.3226587835704606,0.6946955979445519,True,True,2026
2026-02-27,PETR4,AUTOENCODER,39.33000183105469,38.469488273487144,38.92027529046846,39.48584411298259,40.32405955405884,0.8605135575675433,0.9940577230041541,False,True,2026
2026-03-02,PETR4,AUTOENCODER,41.130001068115234,38.723771439948536,39.09774788902683,39.3106009700286,39.20979390909132,2.406229628166699,1.9202071590239171,True,True,2026
2026-03-03,PETR4,AUTOENCODER,40.95000076293945,39.14872654489858,39.57720687761496,41.37769744883772,41.43273510942654,1.8012742180408736,0.482734346487085,True,True,2026
2026-03-04,PETR4,AUTOENCODER,40.5,39.70749846123664,39.84526117918654,41.03139357107236,40.8678239988365,0.7925015387633607,0.3678239988364993,True,True,2026
2026-03-05,PETR4,AUTOENCODER,40.68999862670898,40.18270094661068,40.56225095148705,40.61435699028558,40.97032672290548,0.5072976800982971,0.2803280961965058,True,True,2026
2026-03-06,PETR4,AUTOENCODER,42.15999984741211,40.58233198157163,41.07937455376396,40.93346110756584,41.103301994307735,1.577667865840482,1.0566978531043745,True,True,2026
2026-03-09,PETR4,AUTOENCODER,43.15999984741211,41.09011646456659,41.59133533283819,42.55232105215755,42.58246341221581,2.069883382845518,0.5775364351963006,True,True,2026
2026-03-10,PETR4,AUTOENCODER,42.93000030517578,41.70820817086843,41.57004501730346,43.44476478593467,42.87203098254507,1.22179213430735,0.05796932263071142,True,True,2026
2026-03-11,PETR4,AUTOENCODER,44.79999923706055,42.28837523837592,42.959387771724785,43.09733762791083,43.996370641975666,2.5116239986846267,0.8036285950848807,True,True,2026
2026-03-12,PETR4,AUTOENCODER,45.0,42.81356448753135,43.13606207918253,45.05596093004157,44.65236124528705,2.1864355124686483,0.34763875471295336,True,True,2026
2026-03-13,PETR4,AUTOENCODER,44.66999816894531,43.323389648010874,43.42491083504484,45.00170876851982,44.893886450944436,1.3466085209344385,0.22388828199912325,True,True,2026
2026-03-16,PETR4,AUTOENCODER,45.86000061035156,43.73025156548036,43.66670881856566,44.64967631378599,44.556588388920034,2.129749044871204,1.303412221431529,True,True,2026
2026-03-17,PETR4,AUTOENCODER,46.380001068115234,44.097639896185285,43.989246370527724,45.93662283282946,45.85423697452607,2.2823611719299493,0.5257640935891672,True,True,2026
2026-03-18,PETR4,AUTOENCODER,47.0,44.46063462367948,44.4136824918261,46.30812862599661,46.327677309582306,2.539365376320518,0.672322690417694,True,True,2026
2026-03-19,PETR4,AUTOENCODER,46.77999877929688,44.834189242494375,44.65303524590674,46.8722553302827,46.697219754500196,1.945809536802507,0.08277902479668597,True,False,2026
2026-03-20,PETR4,AUTOENCODER,45.66999816894531,45.200741633024904,45.175716511701914,46.65076879605281,46.79221216635278,0.46925653592040817,1.1222139974074707,False,True,2026
2026-03-23,PETR4,AUTOENCODER,46.02999877929688,45.42690278856054,44.97954647898567,45.54901596786165,45.1421321982444,0.6030959907363425,0.8878665810524851,False,True,2026
2026-03-24,PETR4,AUTOENCODER,47.27000045776367,45.54817558003745,45.99156229200546,46.066263205737236,46.90723109581266,1.7218248777262204,0.36276936195100973,True,True,2026
2026-03-25,PETR4,AUTOENCODER,47.5,45.72940249255166,45.189437933662866,47.301330155089246,46.2359743067719,1.7705975074483433,1.264025693228099,True,True,2026
2026-03-26,PETR4,AUTOENCODER,47.5,45.92346108674286,45.79453636894612,47.309577610367526,47.73436220514381,1.5765389132571386,0.23436220514381034,True,False,2026
