Date,Ativo,Modelo,Real,Pred_Base,Pred_SeqOnly,Pred_ResidualOnly,Pred_Hibrido,ErroAbs_Base,ErroAbs_Hibrido,Hybrid_Better,Event_Day,Year
2020-12-29,EXXO34,LSTM,23.04597854614257,25.64469251595152,25.82035183399935,25.64469251595152,25.82035183399935,2.598713969808948,2.774373287856779,False,True,2020
2020-12-30,EXXO34,LSTM,23.15255546569824,25.691795332232516,25.867777292034813,25.691795332232516,25.867777292034813,2.5392398665342775,2.715221826336574,False,True,2020
2020-12-31,EXXO34,LSTM,23.15255546569824,25.544792108723115,25.544792108723115,25.544792108723115,25.544792108723115,2.3922366430248765,2.3922366430248765,False,False,2020
2021-01-04,EXXO34,LSTM,23.45096206665039,25.288142867568084,25.288142867568084,25.288142867568084,25.288142867568084,1.837180800917693,1.837180800917693,False,True,2021
2021-01-05,EXXO34,LSTM,24.48688316345215,25.183377716816608,25.396669778951225,25.183377716816608,25.396669778951225,0.6964945533644595,0.9097866154990761,False,True,2021
2021-01-06,EXXO34,LSTM,25.10928726196289,25.19699422616337,25.496266643670552,25.19699422616337,25.496266643670552,0.08770696420047841,0.3869793817076612,False,True,2021
2021-01-07,EXXO34,LSTM,26.01731300354004,25.30891170432713,25.540312435651312,25.30891170432713,25.540312435651312,0.708401299212909,0.4770005678887266,True,True,2021
2021-01-08,EXXO34,LSTM,26.34556579589844,25.55075324147981,25.788012762617157,25.55075324147981,25.788012762617157,0.7948125544186304,0.5575530332812839,True,True,2021
2021-01-11,EXXO34,LSTM,27.59037399291992,25.810184731548873,26.03376273071236,25.810184731548873,26.03376273071236,1.7801892613710457,1.5566112622075572,True,True,2021
2021-01-12,EXXO34,LSTM,27.41559600830078,26.167317401030658,26.36758820947685,26.167317401030658,26.36758820947685,1.248278607270123,1.0480077988239316,True,True,2021
2021-01-13,EXXO34,LSTM,27.35164833068848,26.576345397614062,26.837124442940603,26.576345397614062,26.837124442940603,0.7753029330744177,0.5145238877478775,True,True,2021
2021-01-14,EXXO34,LSTM,27.986841201782227,26.978480975527035,27.250037558515373,26.978480975527035,27.250037558515373,1.008360226255192,0.7368036432668532,True,True,2021
2021-01-15,EXXO34,LSTM,28.545297622680664,27.34537731360166,27.37586519124706,27.34537731360166,27.37586519124706,1.1999203090790047,1.1694324314336058,True,True,2021
2021-01-18,EXXO34,LSTM,27.4454345703125,27.64652705894494,27.861199290658906,27.64652705894494,27.861199290658906,0.20109248863244034,0.4157647203464059,False,True,2021
2021-01-19,EXXO34,LSTM,27.9314193725586,27.899609165481635,28.155083720274888,27.899609165481635,28.155083720274888,0.03181020707696547,0.22366434771628718,False,True,2021
2021-01-20,EXXO34,LSTM,28.00814819335937,28.11146961657346,27.870206130943657,28.11146961657346,27.870206130943657,0.1033214232140871,0.13794206241571416,False,True,2021
2021-01-21,EXXO34,LSTM,27.53069305419922,28.33278158779396,28.474362531185196,28.33278158779396,28.474362531185196,0.8020885335947412,0.9436694769859777,False,True,2021
2021-01-22,EXXO34,LSTM,27.71826362609864,28.551415789545047,28.399441122383045,28.875970220445843,28.681417719123633,0.8331521634464067,0.9631540930249933,False,True,2021
2021-01-25,EXXO34,LSTM,27.71826362609864,28.708474192196462,28.787302783388558,27.491352650721762,27.501292057589218,0.9902105660978222,0.21697156850942179,True,False,2021
2021-01-26,EXXO34,LSTM,26.37541007995605,28.805354369553655,28.805354369553655,27.580640267634948,27.476252484853195,2.4299442895976036,1.1008424048971435,True,False,2021
2021-01-27,EXXO34,LSTM,26.23899269104004,28.840050574253937,28.840050574253937,26.95344300004205,27.139099141925527,2.6010578832138975,0.9001064508854881,True,True,2021
2021-01-28,EXXO34,LSTM,26.678083419799805,28.816563337130347,29.07386643266246,28.60144271156186,28.945704500113663,2.1384799173305424,2.267621080313859,False,True,2021
2021-01-29,EXXO34,LSTM,26.23046875,28.767193574875122,28.767193574875122,27.413368325749794,27.06445680496974,2.5367248248751224,0.8339880549697405,True,True,2021
2021-02-01,EXXO34,LSTM,26.643983840942383,28.75501978477284,29.017859875243857,27.688219071206,28.102230365224244,2.1110359438304585,1.4582465242818614,True,True,2021
2021-02-02,EXXO34,LSTM,26.19209671020508,28.702389876884695,28.97533290610147,28.051582205512293,28.161443429558346,2.510293166679613,1.9693467193532648,True,True,2021
2021-02-03,EXXO34,LSTM,27.17686080932617,28.635038041328357,28.900969927174835,27.2048574882715,27.33166138211172,1.458177232002189,0.15480057278555037,True,True,2021
2021-02-04,EXXO34,LSTM,27.961265563964844,28.633581778452168,28.92158884426498,28.119875019959768,28.06272821854121,0.6723162144873243,0.10146265457636616,True,True,2021
2021-02-05,EXXO34,LSTM,28.720081329345703,28.68297669316628,28.956448198500777,28.599018514931057,28.547138993574052,0.03710463617942139,0.1729423357716513,False,True,2021
2021-02-08,EXXO34,LSTM,29.892410278320312,28.82796320542066,29.087039640707495,29.143437214519032,29.110137392385127,1.0644470728996538,0.7822728859351855,True,True,2021
2021-02-09,EXXO34,LSTM,29.11654090881348,29.062950375058662,29.114760873177936,30.059414865952682,29.763577578841062,0.053590533754817926,0.6470366700275818,False,True,2021
2021-02-10,EXXO34,LSTM,29.257225036621094,29.382113795510378,29.620585283271836,29.15051200618279,29.459293379631468,0.12488875888928419,0.20206834301037446,False,True,2021
2021-02-11,EXXO34,LSTM,28.37903594970703,29.66030644017127,29.79482207622237,29.549184817502844,29.47865162905067,1.2812704904642374,1.0996156793436391,True,True,2021
2021-02-12,EXXO34,LSTM,29.027013778686523,29.839224264401764,30.07899187870757,28.83350363390614,29.109800682987593,0.8122104857152408,0.08278690430107005,True,True,2021
2021-02-16,EXXO34,LSTM,29.027013778686523,29.98295315371169,30.239686927362147,29.738930155445267,29.733259745902043,0.9559393750251672,0.7062459672155192,True,True,2021
2021-02-17,EXXO34,LSTM,30.544666290283203,30.100182315244936,30.224856051653287,29.373484436773012,29.298155872272165,0.444483975038267,1.246510418011038,False,True,2021
2021-02-18,EXXO34,LSTM,30.263303756713867,30.235107199008866,30.248313652679286,29.55735314753143,29.384403118657232,0.028196557705001624,0.8789006380566349,False,False,2021
2021-02-19,EXXO34,LSTM,30.190826416015625,30.39880778561151,30.229840609243304,30.11375186873803,29.91392841346095,0.20798136959588476,0.2768980025546739,False,True,2021
2021-02-22,EXXO34,LSTM,31.80225944519043,30.53045575543659,30.849719011538447,30.372743865089248,30.77509825417103,1.2718036897538383,1.027161191019399,True,True,2021
2021-02-23,EXXO34,LSTM,31.998353958129883,30.693601053139147,30.8141359194691,31.869084290498623,31.509501275053836,1.3047529049907354,0.4888526830760469,True,True,2021
2021-02-24,EXXO34,LSTM,32.88080596923828,30.96341470431578,31.273486855440535,31.76654322243857,31.998531305916526,1.9173912649225002,0.8822746633217555,True,True,2021
2021-02-25,EXXO34,LSTM,32.89786148071289,31.311796897843564,31.311796897843564,31.89731481369609,31.54582714681358,1.5860645828693265,1.3520343338993115,True,True,2021
2021-02-26,EXXO34,LSTM,32.88932800292969,31.60048134253539,31.396291556270548,32.37790287321066,32.2533782741285,1.2888466603942987,0.6359497288011866,True,True,2021
2021-03-01,EXXO34,LSTM,34.15971374511719,31.814960874025886,31.80696389804745,32.63181520222161,32.81482775641178,2.344752871091302,1.344885988705407,True,True,2021
2021-03-02,EXXO34,LSTM,34.13840103149414,32.05920672827442,31.905796253380025,34.071327791103144,33.85528823059385,2.0791943032197224,0.283112800900291,True,True,2021
2021-03-03,EXXO34,LSTM,34.117088317871094,32.386742047927115,32.632377717054204,33.91060425757344,34.32404899980619,1.730346269943979,0.20696068193509376,True,True,2021
2021-03-04,EXXO34,LSTM,35.515357971191406,32.743727672264626,33.000505281484955,33.99223653760749,33.97911884344236,2.7716302989267803,1.5362391277490488,True,True,2021
2021-03-05,EXXO34,LSTM,36.977577209472656,33.119536364938924,33.44718602690645,35.515343384260845,35.63999448602716,3.8580408445337326,1.3375827234454931,True,True,2021
2021-03-08,EXXO34,LSTM,36.6706428527832,33.62376125893849,33.471527020454396,36.94290841792288,36.49549948462214,3.0468815938447165,0.17514336816106635,True,True,2021
2021-03-09,EXXO34,LSTM,37.2802619934082,34.18496034193072,34.37863931972197,36.64018888723546,37.07797846225315,3.0953016514774845,0.2022835311550537,True,True,2021
2021-03-10,EXXO34,LSTM,37.42947006225586,34.71149288722546,34.90590222076983,37.314558327461626,37.35496771936678,2.7179771750303985,0.07450234288907609,True,True,2021
2021-03-11,EXXO34,LSTM,36.30828857421875,35.172923129697324,35.413057658723076,37.53646086424738,37.623289450706565,1.135365444521426,1.3150008764878152,False,True,2021
2021-03-12,EXXO34,LSTM,36.77721786499024,35.51835152164276,35.81433809031938,35.05084417357251,35.243533183134254,1.258866343347485,1.5336846818559877,False,False,2021
2021-03-15,EXXO34,LSTM,36.66211700439453,35.83475784563933,35.98976759838776,36.94638910921877,36.8180268842494,0.8273591587552005,0.15590987985486748,True,True,2021
2021-03-16,EXXO34,LSTM,35.45142364501953,36.01205430367375,36.027299776206895,36.79894959809448,36.64899984446165,0.5606306586542189,1.1975761994421177,False,True,2021
2021-03-17,EXXO34,LSTM,35.72425842285156,36.08707441451702,36.43775849154684,35.82077467721799,36.093813689398495,0.36281599166545675,0.36955526654693216,False,True,2021
2021-03-18,EXXO34,LSTM,34.10430145263672,35.91024617917884,35.729259515818924,35.99315962401688,35.441126171464326,1.8059447265421227,1.3368247188276072,True,True,2021
2021-03-19,EXXO34,LSTM,33.39236831665039,35.68453059284823,35.72328450445854,34.41863037216846,34.62512084033247,2.2921622761978426,1.2327525236820804,True,True,2021
2021-03-22,EXXO34,LSTM,33.02147674560547,35.16045266956712,35.07342549045175,33.597085316028505,33.34543846340576,2.1389759239616524,0.3239617178002945,True,True,2021
2021-03-23,EXXO34,LSTM,32.590919494628906,34.754775754429545,34.371909094004074,33.440489534869066,33.07650898960066,2.163856259800639,0.4855894949717552,True,True,2021
2021-03-24,EXXO34,LSTM,33.882625579833984,34.38872621580418,34.73947072166891,33.009113228437776,33.66967739688905,0.5061006359701992,0.21294818294493467,True,True,2021
2021-03-25,EXXO34,LSTM,34.09150695800781,34.140388894909705,34.01933545975846,34.80176488864335,34.27280698961451,0.048881936901892686,0.18130003160669617,False,True,2021
2021-03-26,EXXO34,LSTM,35.26384353637695,34.025297692382026,34.3843728954278,34.35509989811012,34.871626792331305,1.2385458439949275,0.39221674404564766,True,True,2021
2021-03-29,EXXO34,LSTM,35.17005920410156,34.012460909260824,34.353500032123044,35.37547076583079,35.29269147701738,1.1575982948407386,0.12263227291581558,True,True,2021
2021-03-30,EXXO34,LSTM,34.91853713989258,34.15206092570389,34.10254150585868,34.95062548655744,34.60919451464606,0.7664762141886854,0.309342625246515,True,True,2021
2021-03-31,EXXO34,LSTM,33.71210479736328,34.26094140569052,34.17274310971184,34.85318670619689,34.85485802226491,0.5488366083272354,1.1427532249016252,False,True,2021
2021-04-01,EXXO34,LSTM,34.965431213378906,34.32617914483049,34.662293043187105,33.841487054355625,34.1622990653115,0.6392520685484158,0.8031321480674052,False,True,2021
2021-04-05,EXXO34,LSTM,34.29187774658203,34.410833292363094,34.12036783852181,35.40868110407852,34.733884243154215,0.11895554578106271,0.4420064965721835,False,True,2021
2021-04-06,EXXO34,LSTM,33.74620056152344,34.43981021487292,34.78084762757415,34.30719755085695,34.951807220283754,0.6936096533494833,1.205606658760317,False,True,2021
2021-04-07,EXXO34,LSTM,34.08298110961914,34.42700696836357,34.456037175299564,33.08393781629947,32.77057727085946,0.3440258587444305,1.3124038387596784,False,False,2021
2021-04-08,EXXO34,LSTM,33.37106704711914,34.37903542484864,34.06331699721497,34.43961779828334,34.11607827442991,1.0079683777294974,0.7450112273107692,True,True,2021
2021-04-09,EXXO34,LSTM,33.92951202392578,34.31388410697767,34.19954603190261,32.78842670271699,33.10502048242095,0.3843720830518862,0.824491541504834,False,False,2021
2021-04-12,EXXO34,LSTM,33.972145080566406,34.268519390099385,34.65639082612291,34.288271153876934,34.64614274131834,0.29637430953297894,0.6739976607519367,False,True,2021
2021-04-13,EXXO34,LSTM,34.019039154052734,34.285816542596905,34.67388375805584,34.252772219494496,34.20791485041434,0.26677738854417044,0.18887569636160606,True,True,2021
2021-04-14,EXXO34,LSTM,34.556175231933594,34.26617311713943,34.485491237375655,34.29361137995785,34.173792019285514,0.29000211479416294,0.3823832126480795,False,True,2021
2021-04-15,EXXO34,LSTM,34.28334426879883,34.33249434681616,34.04220151125132,34.8442934467211,34.37666737804653,0.049150078017333954,0.09332310924769871,False,True,2021
2021-04-16,EXXO34,LSTM,33.852783203125,34.411332471931814,34.44037905951503,33.76410230254645,34.138275771699604,0.5585492688068143,0.2854925685746039,True,False,2021
2021-04-19,EXXO34,LSTM,33.44352340698242,34.48733030399754,34.82883828050691,34.1019363184542,34.31742969460125,1.0438068970151164,0.8739062876188299,True,True,2021
2021-04-20,EXXO34,LSTM,32.84670639038086,34.486927864655314,34.220828446048486,33.88175057710189,33.28310341922498,1.6402214742744547,0.43639702884411946,True,True,2021
2021-04-21,EXXO34,LSTM,32.84670639038086,34.4154587650593,34.49611900125722,33.2626023954574,33.589656883314184,1.5687523746784393,0.7429504929333248,True,True,2021
2021-04-22,EXXO34,LSTM,32.26266860961914,34.298112870319414,34.379613866237676,32.652028533756784,32.559034163408434,2.035444260700274,0.2963655537892933,True,False,2021
2021-04-23,EXXO34,LSTM,32.68470001220703,34.15946864731413,34.121085864874914,32.0692019823579,31.9229383638303,1.4747686351070968,0.76176164837673,True,False,2021
2021-04-26,EXXO34,LSTM,32.411869049072266,34.05296797689931,34.05296797689931,32.590660395304525,32.59631216530621,1.641098927827045,0.18444311623394327,True,False,2021
2021-04-27,EXXO34,LSTM,32.991641998291016,33.95366348946612,33.69167871223178,32.91893025282516,32.601749003726525,0.9620214911751077,0.3898929945644909,True,True,2021
2021-04-28,EXXO34,LSTM,33.18347930908203,33.90672384170048,34.26345817084326,33.49198304785282,34.027447730518034,0.7232445326184518,0.8439684214360028,False,True,2021
2021-04-29,EXXO34,LSTM,33.50320816040039,33.89282162621814,34.27765767367056,33.52858378419179,33.48164591968567,0.3896134658177459,0.021562240714722236,True,True,2021
2021-04-30,EXXO34,LSTM,33.27301025390625,33.914559800046675,33.86492577097679,33.72685378024543,33.33176279800656,0.6415495461404248,0.05875254410030806,True,True,2021
2021-05-03,EXXO34,LSTM,34.05739974975586,33.97221181555966,34.302326560031624,33.5334103872096,33.935181246916585,0.08518793419619897,0.12221850283927438,False,True,2021
2021-05-04,EXXO34,LSTM,34.41123580932617,34.04518361334058,34.244666103306315,34.371097996631605,34.20351305268603,0.36605219598558847,0.20772275664014472,True,True,2021
2021-05-05,EXXO34,LSTM,34.999542236328125,34.17728690716504,34.506956057494065,34.63938113730587,34.80744187324027,0.8222553291630845,0.19210036308785305,True,True,2021
2021-05-06,EXXO34,LSTM,34.7394905090332,34.36804573511867,34.255028574215736,34.54098500921224,34.18718723061315,0.3714447739145328,0.5523032784200552,False,False,2021
2021-05-07,EXXO34,LSTM,34.87590789794922,34.5456878782291,34.9154393119443,34.84718391826484,35.35837117166847,0.33022001972011594,0.48246327371925446,False,True,2021
2021-05-10,EXXO34,LSTM,34.8375358581543,34.67880500962724,34.41122507652167,35.0511199658507,34.39329650384159,0.15873084852705688,0.4442393543127068,False,True,2021
2021-05-11,EXXO34,LSTM,33.622581481933594,34.82868786721201,34.55995144543864,35.051750049457794,35.06418718370973,1.2061063852784173,1.4416057017761332,False,True,2021
2021-05-12,EXXO34,LSTM,34.43690872192383,34.88799349566324,35.22451801862029,33.879871171945624,34.38158946831669,0.45108477373941014,0.05531925360713785,True,True,2021
2021-05-13,EXXO34,LSTM,34.0174674987793,34.94050925008412,34.667027728153286,34.93295018390696,34.23382136501863,0.9230417513048224,0.21635386623933073,True,True,2021
2021-05-14,EXXO34,LSTM,34.46284866333008,34.92808780500201,35.23021177568165,34.31281449992289,34.89260546736734,0.4652391416719297,0.429756804037261,True,True,2021
2021-05-17,EXXO34,LSTM,35.435760498046875,34.9263439011857,35.2389057800063,34.780661071523525,34.713333737776736,0.5094165968611719,0.7224267602701389,False,True,2021
2021-05-18,EXXO34,LSTM,34.49311447143555,35.01146240180549,35.10955616664072,35.61537552728258,35.44769856206611,0.5183479303699414,0.9545840906305614,False,True,2021
2021-05-19,EXXO34,LSTM,34.00017547607422,35.010331186090326,34.736303163557956,34.56720447951924,34.23502220961826,1.0101557100161074,0.23484673354403895,True,True,2021
2021-05-20,EXXO34,LSTM,33.51587677001953,34.968719990000096,34.69501766086717,34.30936719619088,34.242280975011596,1.452843219980565,0.7264042049920647,True,True,2021
2021-05-21,EXXO34,LSTM,34.108280181884766,34.85808786697905,35.136144071387406,33.873067897541,34.293029528001526,0.7498076850942823,0.1847493461167602,True,True,2021
2021-05-24,EXXO34,LSTM,34.458534240722656,34.78102460255218,35.14696358401818,34.46253482387175,34.46670326272917,0.32249036182952295,0.008169022006512705,True,True,2021
2021-05-25,EXXO34,LSTM,33.658573150634766,34.76034541173635,34.48757024353514,34.736446595212385,34.13592970585038,1.101772261101587,0.47735655521561426,True,True,2021
2021-05-26,EXXO34,LSTM,33.926666259765625,34.76322827048594,34.93775086076876,33.38257094803276,33.86056405336719,0.8365620107203142,0.06610220639843334,True,False,2021
2021-05-27,EXXO34,LSTM,33.364540100097656,34.77099199612968,34.96386002404478,34.08566518729516,34.02028118680943,1.4064518960320243,0.655741086711771,True,True,2021
2021-05-28,EXXO34,LSTM,32.836997985839844,34.72827538171802,35.05045605004228,33.748259110615905,33.87291291601634,1.891277395878177,1.0359149301764958,True,True,2021
2021-05-31,EXXO34,LSTM,32.815372467041016,34.69299615591939,34.608504767935315,32.827620213475996,32.433140035480484,1.8776236888783728,0.38223243156053144,True,False,2021
2021-06-01,EXXO34,LSTM,33.745052337646484,34.62140709844252,35.03391376105319,33.393581175386366,33.88188652438795,0.8763547607960334,0.13683418674146708,True,True,2021
2021-06-02,EXXO34,LSTM,33.489933013916016,34.55928955407447,34.91921617336154,34.201728563613955,34.14229374911014,1.0693565401584522,0.6523607351941223,True,True,2021
2021-06-03,EXXO34,LSTM,33.489933013916016,34.52805277987369,34.4051295863046,33.34317197017603,32.9272405369165,1.0381197659576742,0.5626924769995156,True,False,2021
2021-06-04,EXXO34,LSTM,33.35157012939453,34.54210204050031,34.54210204050031,33.415217639108924,33.54297600162414,1.1905319111057793,0.19140587222960903,True,False,2021
2021-06-07,EXXO34,LSTM,33.139678955078125,34.55595653080425,34.328662181926006,33.77070423266173,33.469982489683396,1.4162775757261272,0.33030353460527095,True,True,2021
2021-06-08,EXXO34,LSTM,33.727760314941406,34.55590751575616,34.36227365800357,33.45412570990985,33.40155512883998,0.8281472008147546,0.3262051861014257,True,True,2021
2021-06-09,EXXO34,LSTM,34.2509651184082,34.596468757921485,34.96889419947954,33.68729926718273,34.177642990242276,0.3455036395132822,0.07332212816592687,True,False,2021
2021-06-10,EXXO34,LSTM,34.40663146972656,34.68542849046801,35.01673604373455,34.505223727320775,34.439756532578734,0.2787970207414503,0.03312506285217154,True,True,2021
2021-06-11,EXXO34,LSTM,34.59257888793945,34.80303493888459,34.897351942731134,34.22047299707632,34.0551474061171,0.2104560509451403,0.5374314818223525,False,False,2021
2021-06-14,EXXO34,LSTM,34.06935119628906,34.92881529150526,34.92881529150526,34.39318490504658,34.33542751622804,0.8594640952161967,0.26607631993897485,True,False,2021
2021-06-15,EXXO34,LSTM,34.968772888183594,35.008738197027355,35.39244087180949,34.3768783601747,34.72733549640977,0.039965308843761704,0.24143739177382173,False,True,2021
2021-06-16,EXXO34,LSTM,34.95146560668945,35.115931527463886,35.13062503379661,34.83663066913743,34.485501282400875,0.16446592077443256,0.4659643242885778,False,False,2021
2021-06-17,EXXO34,LSTM,33.70181655883789,35.247358929572556,34.96652692781108,35.18493536224926,34.92518949745605,1.5455423707346654,1.2233729386181622,True,True,2021
2021-06-18,EXXO34,LSTM,32.99699020385742,35.280264795147815,35.28749600120726,33.77633183202704,33.92925019293425,2.283274591290393,0.932259989076826,True,True,2021
2021-06-21,EXXO34,LSTM,33.89638900756836,35.192057056628585,35.50015448879779,33.57054587464903,33.75015297037558,1.2956680490602253,0.14623603719277867,True,True,2021
2021-06-22,EXXO34,LSTM,34.181793212890625,35.11864283354515,35.331062521559524,33.92964817710427,33.86334701785203,0.9368496206545274,0.3184461950385966,True,False,2021
2021-06-23,EXXO34,LSTM,34.324485778808594,35.0734677275108,35.0734677275108,34.03288578708461,33.88304641761205,0.7489819487022089,0.4414393611965437,True,False,2021
2021-06-24,EXXO34,LSTM,34.108280181884766,35.06920341832685,35.06920341832685,34.15224115852266,34.18566034900683,0.9609232364420848,0.0773801671220653,True,False,2021
2021-06-25,EXXO34,LSTM,34.43690872192383,35.08688495199098,34.954438267063075,34.22017288709156,34.01220397879752,0.6499762300671534,0.4247047431263056,True,True,2021
2021-06-28,EXXO34,LSTM,33.390480041503906,35.14211072262344,34.84238755023314,34.75475333724392,34.522204543072306,1.7516306811195363,1.1317245015683994,True,True,2021
2021-06-29,EXXO34,LSTM,33.41210174560547,35.144709810041974,35.263099078038,33.36797616148782,33.69184928910652,1.732608064436505,0.2797475435010526,True,False,2021
2021-06-30,EXXO34,LSTM,34.02611541748047,35.111521463005346,35.443929224901474,33.915253918221985,34.03282288643355,1.085406045524877,0.006707468953081275,True,True,2021
2021-07-01,EXXO34,LSTM,34.39799118041992,35.077796530179086,35.387623816404066,34.290655433357955,34.285608923564155,0.6798053497591638,0.11238225685576708,True,True,2021
2021-07-02,EXXO34,LSTM,34.415287017822266,35.10376418671004,35.4390675901649,34.64918848171672,34.726465422547065,0.688477168887772,0.3111784047247994,True,True,2021
2021-07-05,EXXO34,LSTM,34.59257888793945,35.11190971378102,35.20706377518255,34.24647902403826,34.09181695692951,0.5193308258415641,0.50076193100994,True,False,2021
2021-07-06,EXXO34,LSTM,34.670406341552734,35.15518097215792,35.172050357540904,34.86633102061533,34.8133445466262,0.48477463060518744,0.1429382050734631,True,True,2021
2021-07-07,EXXO34,LSTM,34.34609603881836,35.21964220974655,35.064650622440524,34.711680990640865,34.50386719115516,0.8735461709281935,0.1577711523367995,True,True,2021
2021-07-08,EXXO34,LSTM,34.2120475769043,35.22564397339838,35.01662795355017,34.49737805757066,34.3619601990536,1.01359639649408,0.14991262214930146,True,True,2021
2021-07-09,EXXO34,LSTM,34.2120475769043,35.19462389730495,35.34019740869687,34.51462647939476,34.76311939903865,0.9825763204006535,0.5510718221343538,True,True,2021
2021-07-12,EXXO34,LSTM,34.385009765625,35.17210793205538,35.138239424091175,34.12853092806337,33.93093313104098,0.7870981664303827,0.4540766345840197,True,False,2021
2021-07-13,EXXO34,LSTM,34.07368850708008,35.176269051664406,35.43356937863186,34.68475577728775,34.948742444918956,1.1025805445843275,0.875053937838878,True,True,2021
2021-07-14,EXXO34,LSTM,32.759159088134766,35.1937803225299,34.91083296075298,34.430921556241216,33.86818954550288,2.434621234395138,1.1090304573681138,True,True,2021
2021-07-15,EXXO34,LSTM,32.72024154663086,35.10197642732439,34.77966263519577,33.27906114092525,33.142537630031164,2.3817348806935286,0.42229608340030467,True,True,2021
2021-07-16,EXXO34,LSTM,31.65219688415528,34.88792771230922,34.57660289705952,33.24675874088137,33.10857660302934,3.2357308281539403,1.4563797188740608,True,True,2021
2021-07-19,EXXO34,LSTM,31.32789802551269,34.61677904600694,34.43525585619677,32.0425931825119,31.996565292321655,3.288881020494248,0.6686672668089635,True,True,2021
2021-07-20,EXXO34,LSTM,31.708415985107425,34.2571943342509,34.58441148942532,31.783703265055948,32.155438560034135,2.548778349143472,0.4470225749267094,True,True,2021
2021-07-21,EXXO34,LSTM,32.5126953125,33.84225486489373,34.08050311182433,32.03051485161537,31.884509417303146,1.3295595523937322,0.6281858951968537,True,True,2021
2021-07-22,EXXO34,LSTM,32.2359504699707,33.58834530695307,33.72945325324495,32.817462307612736,32.75518006768214,1.35239483698237,0.519229597711437,True,True,2021
2021-07-23,EXXO34,LSTM,32.08461380004883,33.4600019832651,33.42316531554579,32.1491132716098,32.0078929253946,1.3753881832162733,0.07672087465422806,True,False,2021
2021-07-26,EXXO34,LSTM,32.776466369628906,33.39109327499702,33.68029713887769,32.27954307546162,32.56734059239601,0.6146269053681124,0.2091257772328987,True,True,2021
2021-07-27,EXXO34,LSTM,32.19270706176758,33.38837809930669,33.057703718151565,33.04008268586786,32.42730026996739,1.195671037539114,0.23459320819981144,True,True,2021
2021-07-28,EXXO34,LSTM,32.274871826171875,33.43164032859579,33.74814432144765,32.42854968628165,33.03115282528653,1.1567685024239154,0.756280999114658,True,True,2021
2021-07-29,EXXO34,LSTM,32.227298736572266,33.48420896767382,33.83353667598477,32.64057606832506,32.628618231968865,1.256910231101557,0.4013194953965993,True,True,2021
2021-07-30,EXXO34,LSTM,32.49972915649414,33.54056853376082,33.31995297420912,32.60469505626138,32.082005835074,1.0408393772666784,0.4177233214201408,True,True,2021
2021-08-02,EXXO34,LSTM,32.227298736572266,33.62276547954042,33.34843477226369,32.88687019440797,32.82505105060752,1.3954667429681535,0.5977523140352545,True,True,2021
2021-08-03,EXXO34,LSTM,32.54728698730469,33.67250285465633,33.641808837888505,32.306366176471535,32.45365700561648,1.125215867351642,0.0936299816882098,True,False,2021
2021-08-04,EXXO34,LSTM,32.050025939941406,33.67991315600594,33.378770546112925,32.876271305785714,32.5328738835483,1.6298872160645317,0.48284794360689176,True,True,2021
2021-08-05,EXXO34,LSTM,32.29648208618164,33.64591348093643,33.64591348093643,32.334468778090844,32.55472439110711,1.349431394754788,0.2582423049254672,True,True,2021
2021-08-06,EXXO34,LSTM,32.815372467041016,33.56963445727902,33.56963445727902,32.31280420801754,32.2527360676724,0.7542619902380068,0.5626363993686141,True,False,2021
2021-08-09,EXXO34,LSTM,32.57322311401367,33.562425375600526,33.42728122157923,33.593568433099286,33.47993949040881,0.9892022615868541,0.9067163763951385,True,True,2021
2021-08-10,EXXO34,LSTM,32.759159088134766,33.57970446992243,33.79966500948463,32.677052088222936,32.96953708332492,0.8205453817876673,0.2103779951901572,True,True,2021
2021-08-11,EXXO34,LSTM,33.02293395996094,33.597622049739215,33.26487534229097,32.978487372391896,32.41552431139459,0.5746880897782773,0.607409648566346,False,True,2021
2021-08-12,EXXO34,LSTM,33.09975051879883,33.64214577158182,33.30895810668056,33.208341924901326,33.16443443815254,0.5423952527829954,0.06468391935371187,True,True,2021
2021-08-13,EXXO34,LSTM,32.76177978515625,33.707094579911995,33.6955636097566,32.99360291642227,33.21675563721806,0.9453147947557454,0.454975852061807,True,False,2021
2021-08-16,EXXO34,LSTM,32.4984245300293,33.7634631750868,33.429073997575124,32.981010775144924,32.599061653691344,1.2650386450575013,0.10063712366204669,True,True,2021
2021-08-17,EXXO34,LSTM,32.15605545043945,33.77253353872308,33.760980182340376,32.4882509064674,32.74799060484158,1.6164780882836283,0.5919351544021296,True,False,2021
2021-08-18,EXXO34,LSTM,32.22188949584961,33.731137750870516,33.90665434929748,32.29395314798945,32.38878261691559,1.509248255020907,0.1668931210659821,True,True,2021
2021-08-19,EXXO34,LSTM,31.42741203308105,33.67939849800098,33.48514491836283,32.525286040545986,32.15033995276539,2.251986464919927,0.7229279196843414,True,True,2021
2021-08-20,EXXO34,LSTM,31.260629653930664,33.557691553850646,33.28607927736544,31.7455488116084,31.63053634986297,2.2970618999199814,0.3699066959323076,True,True,2021
2021-08-23,EXXO34,LSTM,32.450130462646484,33.388290388168,33.67709528703893,31.662037575447428,32.13350690465124,0.9381599255215178,0.3166235579952428,True,True,2021
2021-08-24,EXXO34,LSTM,32.01998519897461,33.28081973574885,33.52602243988643,32.70845991963393,32.66222714878415,1.2608345367742402,0.642241949809538,True,True,2021
2021-08-25,EXXO34,LSTM,31.78295516967773,33.264153329528085,33.32226559530534,31.975376152149362,31.839070545020558,1.4811981598503543,0.05611537534282718,True,False,2021
2021-08-26,EXXO34,LSTM,31.695167541503903,33.27039371907193,33.01794922324773,31.98862494158589,31.67569092324458,1.5752261775680303,0.01947661825932201,True,True,2021
2021-08-27,EXXO34,LSTM,31.90585899353028,33.23649078422892,33.55433042318203,32.02926840830088,32.5362762712045,1.3306317906986393,0.6304172776742192,True,True,2021
2021-08-30,EXXO34,LSTM,31.61177444458008,33.21759032371094,33.10835636320714,31.93541983734958,31.522548948805024,1.605815879130855,0.08922549577505734,True,False,2021
2021-08-31,EXXO34,LSTM,31.12017250061035,33.23741433092454,32.96447902856323,31.87878114644233,31.690548078404955,2.1172418303141853,0.5703755777946036,True,True,2021
2021-09-01,EXXO34,LSTM,30.711963653564453,33.230908228225246,32.96922623988495,31.560892078994584,31.46970803246618,2.518944574660793,0.7577443789017266,True,True,2021
2021-09-02,EXXO34,LSTM,31.22551727294922,33.150093377814855,33.33228478064914,31.213946737236192,31.543299358802226,1.9245761048656362,0.3177820858530076,True,True,2021
2021-09-03,EXXO34,LSTM,31.335243225097656,33.055806483462604,32.728425850597134,31.647575193103865,31.103671126279036,1.7205632583649475,0.23157209881862073,True,True,2021
2021-09-06,EXXO34,LSTM,31.207958221435547,32.91625032258888,33.04533534602212,31.39482245993937,31.7710658706525,1.708292101153333,0.5631076492169527,True,True,2021
2021-09-07,EXXO34,LSTM,31.207958221435547,32.853738078096725,32.99595777680875,31.246083536362434,31.247804206392086,1.6457798566611785,0.03984598495653913,True,False,2021
2021-09-08,EXXO34,LSTM,31.61177444458008,32.82183702100734,32.82183702100734,31.26368374687842,31.16235288793931,1.2100625764272586,0.44942155664077177,True,False,2021
2021-09-09,EXXO34,LSTM,31.18161392211914,32.78152601356122,33.129096333020215,31.837740709103826,32.168341044323896,1.5999120914420786,0.9867271222047549,True,True,2021
2021-09-10,EXXO34,LSTM,31.13334083557129,32.74996161246004,32.425610029497726,31.470453980549557,30.823939677529793,1.6166207768887517,0.3094011580414957,True,True,2021
2021-09-13,EXXO34,LSTM,31.778568267822266,32.72243966295672,33.005668245650874,31.461755548684287,32.018329215221925,0.9438713951344511,0.23976094739965959,True,True,2021
2021-09-14,EXXO34,LSTM,31.54593849182129,32.74795199548829,32.786880949756714,31.76265221422305,31.545527866289568,1.202013503667004,0.0004106255317211094,True,False,2021
2021-09-15,EXXO34,LSTM,32.51597595214844,32.791220674125825,33.05313267653972,31.81015792754019,32.03975604764878,0.27524472197738703,0.4762199044996578,False,True,2021
2021-09-16,EXXO34,LSTM,32.37112808227539,32.884513078949695,32.90574351187102,32.42966366474161,32.24678594709114,0.5133849966743043,0.12434213518424997,True,False,2021
2021-09-17,EXXO34,LSTM,32.037532806396484,33.01795009803011,32.74681696764783,32.426074450124695,32.13298865709305,0.9804172916336285,0.09545585069656681,True,True,2021
2021-09-20,EXXO34,LSTM,31.51959609985352,33.135857086083675,33.38973196947238,32.07762701623381,32.50892657989721,1.6162609862301558,0.9893304800436873,True,True,2021
2021-09-21,EXXO34,LSTM,31.291353225708008,33.1854338724236,33.513453101892544,31.823339442497737,31.882327490972703,1.8940806467155937,0.5909742652646948,True,True,2021
2021-09-22,EXXO34,LSTM,32.041927337646484,33.200911018793306,33.55098915813954,31.715650404627144,31.781765034723946,1.1589836811468217,0.26016230292253795,True,True,2021
2021-09-23,EXXO34,LSTM,33.345550537109375,33.244676297260185,33.50996774819593,32.39090822838162,32.361037814947636,0.10087423984919042,0.9845127221617389,False,True,2021
2021-09-24,EXXO34,LSTM,33.95127487182617,33.3704037652237,33.50545314467434,33.21595480250494,33.101304582542284,0.5808711066024728,0.8499702892838883,False,True,2021
2021-09-27,EXXO34,LSTM,35.09687805175781,33.590802508706076,33.90817036570155,33.97376745396799,34.1925737197114,1.506075543051736,0.904304332046415,True,True,2021
2021-09-28,EXXO34,LSTM,35.5753288269043,33.88424012319308,33.54865478567466,35.001015239261655,34.403146859896,1.6910887037112161,1.1721819670082994,True,True,2021
2021-09-29,EXXO34,LSTM,35.860618591308594,34.27221357688185,34.640664866114285,35.38984435829969,36.08984336020375,1.5884050144267405,0.22922476889515764,True,True,2021
2021-09-30,EXXO34,LSTM,35.1627197265625,34.4866982678511,34.27874477689589,35.54320795340374,34.95790798488186,0.6760214587114035,0.20481174168064342,True,True,2021
2021-10-01,EXXO34,LSTM,36.04497528076172,34.74697204282552,35.08878469656735,35.02338970546228,35.58860698764234,1.2980032379362,0.4563682931193753,True,True,2021
2021-10-04,EXXO34,LSTM,36.7121467590332,35.03830587985365,35.29892386437411,35.93067729777282,35.84392910375369,1.6738408791795507,0.8682176552795156,True,True,2021
2021-10-05,EXXO34,LSTM,37.20375061035156,35.39661491048963,35.70316310128983,36.532689004818906,36.63917387021467,1.8071356998619308,0.5645767401368929,True,True,2021
2021-10-06,EXXO34,LSTM,36.523399353027344,35.72641266157265,35.395553061283834,37.01442773776462,36.442045521299804,0.7969866914546913,0.08135383172754018,True,True,2021
2021-10-07,EXXO34,LSTM,36.808712005615234,36.00124390583022,36.08817239350662,36.07459213551196,36.524658954490675,0.8074680997850123,0.2840530511245589,True,False,2021
2021-10-08,EXXO34,LSTM,37.572452545166016,36.252274474630354,36.58070437182222,36.787185578119605,36.988668032050114,1.3201780705356612,0.5837845131159014,True,True,2021
2021-10-11,EXXO34,LSTM,37.55051040649414,36.41995624402074,36.735366961228,37.32753141835206,37.358969898317895,1.130554162473402,0.1915405081762458,True,True,2021
2021-10-12,EXXO34,LSTM,37.55051040649414,36.685461730444075,36.785321432445606,37.16128837904191,37.04345518898427,0.8650486760500655,0.5070552175098726,True,False,2021
2021-10-13,EXXO34,LSTM,37.067684173583984,36.968682287143395,36.968682287143395,37.24196859528181,37.20762797549592,0.09900188644058971,0.139943801911933,False,False,2021
2021-10-14,EXXO34,LSTM,37.642677307128906,37.18349718475241,37.50552045783755,37.05942235804855,37.3589000585459,0.45918012237649464,0.28377724858300724,True,True,2021
2021-10-15,EXXO34,LSTM,37.647064208984375,37.37671966380748,37.47846100523716,37.41948529696129,37.259860105128716,0.2703445451768971,0.38720410385565884,False,False,2021
2021-10-18,EXXO34,LSTM,38.037715911865234,37.565185103458305,37.429731494264416,37.473505358071925,37.239318983045024,0.47253080840692974,0.7983969288202104,False,True,2021
2021-10-19,EXXO34,LSTM,39.10431289672852,37.77123791628614,38.11348394852394,38.106376291274536,38.567771499755764,1.3330749804423832,0.5365413969727584,True,True,2021
2021-10-20,EXXO34,LSTM,38.757568359375,37.99048480613837,38.04166085311732,38.74396594474113,38.52320213835821,0.7670835532366311,0.23436622101679205,True,False,2021
2021-10-21,EXXO34,LSTM,38.89362716674805,38.23793598655814,37.859232181857095,38.71775754155334,38.31290385244052,0.6556911801899048,0.5807233143075266,True,True,2021
2021-10-22,EXXO34,LSTM,39.1701545715332,38.487151708709206,38.47398551318715,38.637482311516266,39.00040865940707,0.6830028628239972,0.16974591212613177,True,False,2021
2021-10-25,EXXO34,LSTM,39.271114349365234,38.6164663042712,38.96472799941612,39.05684707750093,39.351303163262244,0.6546480450940351,0.08018881389700994,True,True,2021
2021-10-26,EXXO34,LSTM,40.29381942749024,38.59812564719721,38.9415892663487,39.05820536082803,39.08210205080916,1.695693780293034,1.2117173766810794,True,True,2021
2021-10-27,EXXO34,LSTM,39.32378005981445,38.55762760864653,38.17575761752636,39.91139999321022,39.28141915319797,0.7661524511679261,0.042360906616480065,True,True,2021
2021-10-28,EXXO34,LSTM,39.74076843261719,38.515339230970824,38.15884765682899,38.98308487583467,38.97714126613943,1.2254292016463637,0.763627166477761,True,True,2021
2021-10-29,EXXO34,LSTM,40.162139892578125,38.49070529969583,38.49070529969583,39.39812183385715,39.608995882433234,1.6714345928822922,0.5531440101448908,True,True,2021
2021-11-01,EXXO34,LSTM,41.0180549621582,38.66467905341753,38.974765467370986,39.95510847394002,40.24280163736876,2.3533759087406736,0.7752533247894462,True,True,2021
2021-11-02,EXXO34,LSTM,41.0180549621582,38.98102991301758,39.01633991602824,40.52823520124816,40.34866872917057,2.037025049140624,0.6693862329876339,True,False,2021
2021-11-03,EXXO34,LSTM,39.05603790283203,39.35568675206173,39.350297058327314,40.85021415105588,40.843326851847145,0.2996488492296976,1.7872889490151138,False,True,2021
2021-11-04,EXXO34,LSTM,39.78026580810547,39.602868349717,39.298588519071366,39.08964337363093,38.689885323708936,0.17739745838846943,1.0903804843965332,False,True,2021
2021-11-05,EXXO34,LSTM,39.27549743652344,39.71112582264499,40.02507773212659,39.81307646339027,40.38226233427367,0.4356283861215502,1.1067648977502316,False,True,2021
2021-11-08,EXXO34,LSTM,40.11824417114258,39.730691855921265,40.01969385697537,39.34695918190763,39.29610271670344,0.3875523152213134,0.8221414544391408,False,True,2021
2021-11-09,EXXO34,LSTM,39.83293914794922,39.7968105760572,39.42845791627652,40.14755447295418,39.58160175972312,0.036128571892021455,0.25133738822609786,False,True,2021
2021-11-10,EXXO34,LSTM,39.37446212768555,39.84734638050912,39.63889725494164,39.8129204948831,39.9282000166051,0.47288425282357593,0.5537378889195566,False,True,2021
2021-11-11,EXXO34,LSTM,38.5956916809082,39.957439338001166,39.587396520291804,39.55875487143367,39.31314976530981,1.3617476570929625,0.7174580844016063,True,True,2021
2021-11-12,EXXO34,LSTM,38.77814483642578,39.95230049716969,40.031805858385596,38.819659235376825,39.15555459419318,1.1741556607439065,0.3774097577673956,True,True,2021
2021-11-15,EXXO34,LSTM,38.77814483642578,39.86677439772893,40.07511878436781,38.67915742381127,38.79714463931155,1.0886295613031507,0.01899980288576586,True,False,2021
2021-11-16,EXXO34,LSTM,39.86397171020508,39.76562281690451,39.76562281690451,38.63153765813149,38.47700363061243,0.0983488933005674,1.3869680795926485,False,False,2021
2021-11-17,EXXO34,LSTM,39.37001037597656,39.74233937919141,39.480931215188214,39.89851502070698,39.66033619683041,0.3723290032148441,0.2903258208538446,True,True,2021
2021-11-18,EXXO34,LSTM,39.36556243896485,39.755539905564234,39.364174312993896,39.41334500989903,39.22698512155222,0.38997746659938315,0.1385773174126328,True,True,2021
2021-11-19,EXXO34,LSTM,37.97267532348633,39.72490421063742,39.37947040561031,39.40893873162512,39.35627850669741,1.752228887151091,1.3836031832110791,True,True,2021
2021-11-22,EXXO34,LSTM,38.34648513793945,39.62720561096407,39.70782371870943,37.91820139205218,38.25695081844861,1.2807204730246156,0.0895343194908449,True,False,2021
2021-11-23,EXXO34,LSTM,39.298805236816406,39.459508363137445,39.83105617816338,38.52476976925693,38.778483057058814,0.16070312632103878,0.5203221797575921,False,True,2021
2021-11-24,EXXO34,LSTM,39.59251403808594,39.34102351346428,39.16355078134515,39.26112011986468,38.78954538800278,0.25149052462165855,0.8029686500831588,False,True,2021
2021-11-25,EXXO34,LSTM,39.205352783203125,39.327215458469055,39.66740561701232,39.445644442790226,39.94806357531019,0.12186267526593042,0.7427107921070615,False,True,2021
2021-11-26,EXXO34,LSTM,37.883670806884766,39.39736889098472,39.03824480912817,39.23852458566326,38.574839622218214,1.513698084099957,0.6911688153334481,True,True,2021
2021-11-29,EXXO34,LSTM,38.68024444580078,39.29479329402628,39.59607234882975,38.02539896847456,38.617082459803896,0.6145488482254962,0.06316198599688505,True,True,2021
2021-11-30,EXXO34,LSTM,37.58997344970703,39.13125587593899,38.74441878743936,38.70480153618023,38.03639256281522,1.5412824262319589,0.4464191131081918,True,True,2021
2021-12-01,EXXO34,LSTM,38.03498077392578,38.940068811249404,38.57790158954843,37.63445984963901,37.57324735045449,0.9050880373236225,0.4617334234712942,True,True,2021
2021-12-02,EXXO34,LSTM,38.62239074707031,38.16479650571796,38.539798656543404,37.47742369965934,38.10180046109504,0.4575942413523535,0.520590285975274,False,True,2021
2021-12-03,EXXO34,LSTM,38.45328521728516,37.730561875718706,37.83093354692179,37.867181913862254,37.68265205144596,0.7227233415664571,0.7706331658392003,False,False,2021
2021-12-06,EXXO34,LSTM,39.08074951171875,37.51837573253101,37.84432190002224,37.970071662178874,38.24090672669578,1.5623737791877375,0.8398427850229666,True,True,2021
2021-12-07,EXXO34,LSTM,39.049598693847656,37.51770886990303,37.623855742611234,38.47357354142526,38.27682769396789,1.5318898239446241,0.7727709998797678,True,True,2021
2021-12-08,EXXO34,LSTM,38.528934478759766,37.58997381909569,37.23544003664515,38.65480993236086,38.25728227519259,0.938960659664076,0.2716522035671787,True,True,2021
2021-12-09,EXXO34,LSTM,39.16085433959961,37.76642412261569,37.82749886157044,38.14055936711597,38.539353883205706,1.3944302169839204,0.6215004563939033,True,False,2021
2021-12-10,EXXO34,LSTM,39.60141754150391,37.95383702860224,37.95383702860224,38.754164821277776,38.715835716485984,1.6475805129016763,0.8855818250179297,True,False,2021
2021-12-13,EXXO34,LSTM,39.33885192871094,38.198358914963706,38.198358914963706,39.20063681241941,39.24983467321363,1.140493013747232,0.08901725549731054,True,False,2021
2021-12-14,EXXO34,LSTM,38.88493728637695,38.42052091030769,38.05815373581576,39.18228062714758,38.82406429673077,0.46441637606926633,0.06087298964618526,True,True,2021
2021-12-15,EXXO34,LSTM,38.537845611572266,38.487147839100146,38.549388111034666,38.547664073704574,38.93393448065739,0.050697772472119595,0.3960888690851263,False,False,2021
2021-12-16,EXXO34,LSTM,39.02734756469727,38.54901127913993,38.54901127913993,38.32588513026948,38.252771156695715,0.4783362855573401,0.7745764080015576,False,False,2021
2021-12-17,EXXO34,LSTM,38.057228088378906,38.650071279216604,38.31993415548456,38.99584559168395,38.68455690498805,0.5928431908376979,0.6273288166091433,False,True,2021
2021-12-20,EXXO34,LSTM,37.794681549072266,38.711883124468926,38.448880843243415,38.15678878811212,38.13910548821601,0.9172015753966605,0.3444239391437449,True,True,2021
2021-12-21,EXXO34,LSTM,38.66244888305664,38.664715169768755,39.03446476787059,37.93211580943739,38.46758090277021,0.0022662867121141517,0.19486798028643193,False,True,2021
2021-12-22,EXXO34,LSTM,38.58234024047852,38.69346378534405,38.56622275871648,38.536003135931495,38.1214584313459,0.11112354486552789,0.4608818091326228,False,False,2021
2021-12-23,EXXO34,LSTM,38.77369689941406,38.8153332530749,39.06946847686622,38.68987402694519,39.0760103591271,0.0416363536608344,0.3023134597130408,False,True,2021
2021-12-27,EXXO34,LSTM,38.91164779663086,38.89699103332549,39.2005685470718,38.78382684333096,38.84614691906708,0.014656763305367804,0.0655008775637782,False,True,2021
2021-12-28,EXXO34,LSTM,38.787052154541016,38.9716409515687,38.69202782139661,38.805484771332104,38.25715451751687,0.18458879702768627,0.529897637024149,False,True,2021
2021-12-29,EXXO34,LSTM,39.00064849853516,39.08250267139397,39.08250267139397,38.71264691441811,38.99263123658054,0.08185417285880447,0.00801726195462038,True,False,2021
2021-12-30,EXXO34,LSTM,37.43421173095703,39.2142615700121,39.12970984317171,38.995527994335774,38.85262440808252,1.7800498390550672,1.4184126771254881,True,True,2021
2021-12-31,EXXO34,LSTM,37.43421173095703,39.22441155457608,38.900696771526526,37.77046617757581,37.464584115400406,1.790199823619048,0.030372384443374756,True,True,2021
2022-01-03,EXXO34,LSTM,40.19772720336914,39.15011119101794,38.83225002720338,37.61282344723012,37.55072463685807,1.0476160123511988,2.6470025665110697,False,False,2022
2022-01-04,EXXO34,LSTM,41.59060287475586,39.14789261515696,39.45134249675069,39.97959355640309,40.54786498408469,2.442710259598897,1.0427378906711695,True,True,2022
2022-01-05,EXXO34,LSTM,42.5473747253418,38.927193332037604,38.798628042716885,40.67146164669668,40.349611572946806,3.6201813933041933,2.197763152394991,True,True,2022
2022-01-06,EXXO34,LSTM,43.51749420166016,38.99763698523276,39.34254598649185,41.65067376560928,42.23782257737312,4.519857216427404,1.2796716242870403,True,True,2022
2022-01-07,EXXO34,LSTM,43.232688903808594,39.28377264742383,39.59997898475337,42.59896210332517,42.68696721773054,3.948916256384763,0.5457216860780534,True,True,2022
2022-01-10,EXXO34,LSTM,43.23714447021485,39.72694349461196,39.91142158120897,42.34143722767365,42.37169248762764,3.510200975602892,0.86545198258721,True,False,2022
2022-01-11,EXXO34,LSTM,44.398624420166016,40.26037942246947,40.613879544071814,42.767105740051484,43.055685432170826,4.138244997696546,1.3429389879951898,True,True,2022
2022-01-12,EXXO34,LSTM,43.82899856567383,40.88045589717697,41.19419260346856,44.00563279628483,44.083999700920074,2.948542668496856,0.25500113524624624,True,True,2022
2022-01-13,EXXO34,LSTM,43.44184875488281,41.481238501112074,41.845596620087235,43.56481949291068,43.714395583114545,1.9606102537707386,0.27254682823173226,True,True,2022
2022-01-14,EXXO34,LSTM,44.41197204589844,41.97115422574316,42.32006428318538,43.311839894371964,43.384432836577766,2.4408178201552744,1.0275392093206719,True,True,2022
2022-01-17,EXXO34,LSTM,44.65227508544922,42.42162057587879,42.528776316623556,44.13956491184605,44.02881174815099,2.230654509570428,0.6234633372982259,True,False,2022
2022-01-18,EXXO34,LSTM,45.5289421081543,42.8727344405971,43.22781756104617,44.534774260890316,44.85232785589859,2.6562076675571973,0.6766142522557104,True,True,2022
2022-01-19,EXXO34,LSTM,44.56326675415039,43.20866036256123,42.96585127769994,45.219568819601236,44.69571453768861,1.354606391589158,0.1324477835382183,True,True,2022
2022-01-20,EXXO34,LSTM,44.69232177734375,43.49844248635637,43.49844248635637,44.249742045030594,44.51476347757874,1.1938792909873825,0.17755829976501047,True,False,2022
2022-01-21,EXXO34,LSTM,43.815650939941406,43.745625373881325,43.480170086043614,44.526823790628555,44.226313842538026,0.0700255660600817,0.41066290259661997,False,True,2022
2022-01-24,EXXO34,LSTM,44.6300163269043,43.90041231601461,43.88787719219421,43.68580173504174,43.90557229120866,0.7296040108896875,0.7244440356956403,True,False,2022
2022-01-25,EXXO34,LSTM,45.63129425048828,44.01019441491218,44.50492393537573,44.640072318574035,45.124651683278344,1.6210998355761035,0.5066425672099371,True,True,2022
2022-01-26,EXXO34,LSTM,44.861427307128906,44.223069348512524,44.61656779518263,45.52162990622605,45.512233202932535,0.6383579586163819,0.6508058958036287,False,True,2022
2022-01-27,EXXO34,LSTM,44.90592193603516,44.43704325108587,44.3274698628338,44.709185221434176,44.30199910450844,0.46887868494929563,0.6039228315267238,False,False,2022
2022-01-28,EXXO34,LSTM,44.825828552246094,44.15197431112563,43.805344366352855,44.38989372289156,44.16500356197808,0.6738542411204662,0.6608249902680114,True,True,2022
2022-01-31,EXXO34,LSTM,44.79022979736328,44.10568604755173,44.10568604755173,44.52282025072823,44.8290740433698,0.684543749811553,0.038844246006519256,True,False,2022
2022-02-01,EXXO34,LSTM,47.61603546142578,44.20474803948383,44.563136729022645,44.72779303164539,45.056697292638624,3.4112874219419496,2.559338168787157,True,True,2022
2022-02-02,EXXO34,LSTM,47.1710319519043,44.36670407733533,44.20418573092739,46.98453891678359,46.57510084000226,2.804327874568969,0.5959311119020398,True,True,2022
2022-02-03,EXXO34,LSTM,46.699317932128906,44.69772591475095,44.738220764353386,46.70286396466422,46.9568991871085,2.001592017377959,0.2575812549795913,True,False,2022
2022-02-04,EXXO34,LSTM,48.84426498413086,45.08341500922472,45.409614727765664,46.547484822905574,46.84542953915787,3.7608499749061366,1.9988354449729897,True,True,2022
2022-02-07,EXXO34,LSTM,48.39925765991211,45.48186865411725,45.41670573553387,48.436490619357606,48.17552977273799,2.9173890057948597,0.22372788717412107,True,False,2022
2022-02-08,EXXO34,LSTM,46.83727264404297,45.95646588635009,45.86136799801907,48.18701821882518,48.20137141929268,0.8808067576928806,1.3640987752497082,False,True,2022
2022-02-09,EXXO34,LSTM,46.36726760864258,46.32501261268874,46.73185101253098,46.922980685579205,47.373560802512586,0.04225499595384008,1.0062931938700075,False,True,2022
2022-02-10,EXXO34,LSTM,46.106422424316406,46.55736973803573,46.532533882323456,46.48415695969197,46.090803110805034,0.4509473137193254,0.015619313511372468,True,False,2022
2022-02-11,EXXO34,LSTM,47.44661712646485,46.62793076937237,47.02789215917464,46.27587778976761,46.712391437029446,0.8186863570924814,0.7342256894354051,True,True,2022
2022-02-14,EXXO34,LSTM,46.39874649047852,46.18589500750846,46.08820222446755,46.89008240777604,46.484520415179304,0.21285148297005918,0.08577392470078138,True,True,2022
2022-02-15,EXXO34,LSTM,45.06304550170898,45.99427712634355,45.56503333534976,46.13340421377181,45.80447180450752,0.9312316246345702,0.7414263027985442,True,True,2022
2022-02-16,EXXO34,LSTM,44.97310256958008,45.7866158460165,45.86023319129459,44.83427559249175,45.18117826637207,0.8135132764364243,0.2080756967919939,True,True,2022
2022-02-17,EXXO34,LSTM,45.30590057373047,45.663134041177386,45.250177034122075,45.07375610332044,44.55663690833006,0.35723346744691753,0.7492636654004059,False,True,2022
2022-02-18,EXXO34,LSTM,44.63130569458008,45.62128808880419,45.694639614249084,45.17932568463707,45.574730120353124,0.9899823942241142,0.9434244257730455,True,True,2022
2022-02-21,EXXO34,LSTM,43.92972946166992,45.49298217133713,45.87007717438096,44.68961728073319,44.93831961518708,1.5632527096672106,1.0085901535171615,True,True,2022
2022-02-22,EXXO34,LSTM,43.21015930175781,45.36770486789425,45.656836120359685,44.000489964823444,43.92342418806727,2.1575455661364344,0.7132648863094602,True,True,2022
2022-02-23,EXXO34,LSTM,42.94931411743164,45.202671200970485,45.17686497449236,43.527493224515936,43.240980025485655,2.2533570835388446,0.29166590805401427,True,False,2022
2022-02-24,EXXO34,LSTM,43.29560470581055,44.9441477791608,44.95239990575324,43.132157207754055,43.13361045467417,1.648543073350254,0.16199425113637744,True,True,2022
2022-02-25,EXXO34,LSTM,44.81570053100586,44.72451908788133,45.17277861930653,43.47613614652739,43.901892954235876,0.09118144312452614,0.9138075767699831,False,True,2022
2022-02-28,EXXO34,LSTM,44.81570053100586,44.58498872440134,44.74106744830123,44.502687206044996,44.29026065372496,0.23071180660451773,0.5254398772809026,False,True,2022
2022-03-01,EXXO34,LSTM,44.81570053100586,44.546284894584744,44.74497366194887,44.534230046779484,44.611677851752724,0.2694156364211153,0.20402267925313566,True,True,2022
2022-03-02,EXXO34,LSTM,46.15140914916992,44.54503888046747,44.89496330987027,44.69177196792352,44.879782390255194,1.6063702687024488,1.2716267589147279,True,True,2022
2022-03-03,EXXO34,LSTM,45.53976058959961,44.79121051015812,44.62516711379218,45.891278709702696,45.471160707785295,0.7485500794414861,0.06859988181431476,True,True,2022
2022-03-04,EXXO34,LSTM,47.8918571472168,45.07403249712428,45.63144271645275,45.57743575239498,46.287082251076306,2.8178246500925184,1.6047748961404906,True,True,2022
2022-03-07,EXXO34,LSTM,49.67729187011719,45.45205460618081,45.98157107833845,47.7082692571561,47.82652587023136,4.225237263936378,1.8507659998858301,True,True,2022
2022-03-08,EXXO34,LSTM,49.77622985839844,45.95483291132683,46.322680162379214,49.15153458176133,49.19971243747597,3.821396947071605,0.576517420922471,True,True,2022
2022-03-09,EXXO34,LSTM,46.20536422729492,46.426757533569,46.06511472514382,49.305826592489986,48.69552272957896,0.22139330627408071,2.4901585022840393,False,True,2022
2022-03-10,EXXO34,LSTM,48.09423828125,46.491279395032905,47.14017953719958,46.13800770951832,46.971140305129744,1.6029588862170954,1.1230979761202562,True,True,2022
2022-03-11,EXXO34,LSTM,48.41804122924805,46.5941490822799,46.086060336916205,47.886902818933066,46.88036589137433,1.8238921469681486,1.537675337873715,True,True,2022
2022-03-14,EXXO34,LSTM,46.82149887084961,46.799713034496506,46.37751497610203,48.164885511080904,48.18984037757263,0.021785836353103605,1.36834150672302,False,True,2022
2022-03-15,EXXO34,LSTM,45.06755065917969,46.96956049509072,46.522009209079584,47.01600456880582,46.80795221520589,1.9020098359110307,1.7404015560261996,True,True,2022
2022-03-16,EXXO34,LSTM,43.96120834350586,46.91951097151065,46.368961676784124,45.567538661391225,45.28994737708003,2.9583026280047875,1.3287390335741733,True,True,2022
2022-03-17,EXXO34,LSTM,44.55935287475586,46.679293380293416,46.15870907227326,44.53625625081748,44.363070984867576,2.1199405055375564,0.196281889888283,True,True,2022
2022-03-18,EXXO34,LSTM,44.18157577514648,46.46890273570949,46.82717573089379,44.97066293038875,45.69203854754883,2.287326960563014,1.5104627724023558,True,True,2022
2022-03-21,EXXO34,LSTM,45.66120147705078,46.18322755699654,46.62959332781546,44.53767090130915,44.6342742127851,0.5220260799457606,1.0269272642656802,False,True,2022
2022-03-22,EXXO34,LSTM,45.17998123168945,46.14132743009651,46.14132743009651,45.796945705300686,45.48019971320653,0.9613461984070568,0.30021848151707786,True,False,2022
2022-03-23,EXXO34,LSTM,45.260929107666016,46.254743091901275,46.80869318184132,45.55519628587227,46.10914758962686,0.9938139842352598,0.848218481960842,True,True,2022
2022-03-24,EXXO34,LSTM,45.10353088378906,46.36580345165828,45.730063458429484,45.614552663864615,44.521555971254074,1.2622725678692177,0.5819749125349887,True,True,2022
2022-03-25,EXXO34,LSTM,45.42733001708984,46.47424795569083,46.13541144669546,45.56615527148226,45.71879990159065,1.0469179386009912,0.29146988450081324,True,True,2022
2022-03-28,EXXO34,LSTM,44.26702880859375,46.52969171430033,45.91198108273664,45.79202162186975,45.39351956361399,2.262662905706577,1.1264907550202423,True,True,2022
2022-03-29,EXXO34,LSTM,43.97469329833984,46.45825357157679,46.64206624068002,44.78876337555059,45.405785849418244,2.4835602732369537,1.4310925510784074,True,True,2022
2022-03-30,EXXO34,LSTM,44.829200744628906,46.2009839031025,46.69939438801467,44.40022806669443,44.70250324167303,1.3717831584735904,0.1266975029558779,True,True,2022
2022-03-31,EXXO34,LSTM,44.132110595703125,46.10429269165439,45.70492700339275,45.080117039728584,44.27146531152374,1.9721820959512684,0.1393547158206161,True,True,2022
2022-04-01,EXXO34,LSTM,43.40354919433594,45.99046943102866,46.4812806580491,44.542960174025175,45.32947741413084,2.5869202366927198,1.9259282197949048,True,True,2022
2022-04-04,EXXO34,LSTM,42.98078918457031,45.802550896124956,46.10158042392304,44.276198395929136,44.12484821924271,2.821761711554643,1.1440590346723951,True,True,2022
2022-04-05,EXXO34,LSTM,43.23263549804688,45.605644549244914,45.10652607496076,43.502866890884754,42.73441709640911,2.373009051198032,0.49821840163777154,True,False,2022
2022-04-06,EXXO34,LSTM,44.29851150512695,45.48469604847031,45.9701096516448,43.74899504014527,44.58295566319403,1.1861845433433587,0.2844441580670747,True,True,2022
2022-04-07,EXXO34,LSTM,45.35087203979492,45.40682145601056,45.89564625802349,44.55616221926119,44.64047991856248,0.05594941621563976,0.7103921212324451,False,True,2022
2022-04-08,EXXO34,LSTM,45.75113677978516,45.386516327403854,45.055543524330666,45.2727122016231,44.5477281887006,0.3646204523813097,1.2034085910845604,False,True,2022
2022-04-11,EXXO34,LSTM,44.20405960083008,45.51008068390291,45.164045710938865,45.74042502179745,45.6551724623448,1.3060210830728352,1.4511128615147229,False,True,2022
2022-04-12,EXXO34,LSTM,44.81119918823242,45.586255228115704,45.86502560063743,44.755449588582756,45.2810303216573,0.7750560398832818,0.4698311334248757,True,True,2022
2022-04-13,EXXO34,LSTM,45.64770126342773,45.640600017752206,46.024614432657096,45.08052706001111,45.22835495722275,0.007101245675521284,0.4193463062049787,False,True,2022
2022-04-14,EXXO34,LSTM,46.30430603027344,45.801224910087114,46.277004279016296,45.80517080875881,45.98829186627912,0.503081120186323,0.3160141639943177,True,True,2022
2022-04-18,EXXO34,LSTM,46.05245971679688,46.03938644902388,46.353904059507016,46.3640410545053,46.31881793412283,0.013073267773002328,0.26635821732595133,False,False,2022
2022-04-19,EXXO34,LSTM,46.07944488525391,46.32694483747929,46.40300184400292,46.281340435299086,46.13055292859417,0.24749995222537535,0.05110804334025687,True,True,2022
2022-04-20,EXXO34,LSTM,45.76462936401367,46.505896198321636,47.00522188483008,46.30227511861345,46.74576912524811,0.7412668343079645,0.9811397612344379,False,True,2022
2022-04-21,EXXO34,LSTM,45.76462936401367,46.60262610586034,46.799544177363735,46.002093628094805,45.81387209622413,0.8379967418466663,0.04924273221045894,True,False,2022
2022-04-22,EXXO34,LSTM,45.87256240844727,46.662099417370825,46.662099417370825,46.006158568974506,45.848496889979764,0.7895370089235527,0.02406551846750915,True,False,2022
2022-04-25,EXXO34,LSTM,45.03156661987305,46.740587987801405,46.18031365434627,46.11427067276355,45.53026113520196,1.709021367928358,0.4986945153289142,True,True,2022
2022-04-26,EXXO34,LSTM,46.0974235534668,46.639454465152596,47.14021414344973,45.367338348926,46.26760289832169,0.5420309116857993,0.17017934485489405,True,True,2022
2022-04-27,EXXO34,LSTM,47.22624969482422,46.6523970175881,47.0942500357667,46.24254001722776,46.25749445274962,0.5738526772361183,0.9687552420746002,False,True,2022
2022-04-28,EXXO34,LSTM,48.48100662231445,46.725166305828225,47.08334220980463,47.14572225853591,47.1698138877345,1.7558403164862284,1.3111927345799543,True,True,2022
2022-04-29,EXXO34,LSTM,47.09133529663086,47.00358983716302,46.95659379750657,48.060021913391566,47.70965220980399,0.08774545946783974,0.6183169131731319,False,True,2022
2022-05-02,EXXO34,LSTM,49.10164260864258,47.30101314898167,47.27672559897853,47.28603054583826,47.32857351598215,1.800629459660911,1.7730690926604282,True,True,2022
2022-05-03,EXXO34,LSTM,49.40745162963867,47.59415151370138,47.134680663302795,48.92935072358254,48.479626529311965,1.8133001159372952,0.9278251003267073,True,True,2022
2022-05-04,EXXO34,LSTM,50.48230743408203,47.97352282645011,48.47348808199126,49.258775291110375,50.12196117389694,2.508784607631924,0.3603462601850893,True,True,2022
2022-05-05,EXXO34,LSTM,50.66670227050781,48.454058618720126,48.18334940466557,50.057133477680416,49.394527657714626,2.212643651787687,1.2721746127931866,True,True,2022
2022-05-06,EXXO34,LSTM,52.06535339355469,48.98620467689102,49.47969423628739,50.55153609931263,51.28742858019193,3.079148716663667,0.777924813362759,True,True,2022
2022-05-09,EXXO34,LSTM,48.719364166259766,49.59995047117661,49.168258811833994,51.854678613143655,51.07453877737278,0.8805863049168465,2.3551746111130143,False,True,2022
2022-05-10,EXXO34,LSTM,48.90824508666992,50.01297190430978,49.370123094380155,49.21403069978969,49.00804429013754,1.1047268176398575,0.09979920346761872,True,True,2022
2022-05-11,EXXO34,LSTM,50.32490158081055,50.18589699397626,50.730260471493224,49.39101176483606,50.3767222961908,0.1390045868342895,0.051820715380252125,True,True,2022
2022-05-12,EXXO34,LSTM,50.31215286254883,50.311014353578,50.75883939586884,50.41230639955609,50.433962381726055,0.0011385089708255691,0.12180951917722638,False,True,2022
2022-05-13,EXXO34,LSTM,50.69829559326172,50.464178639645525,50.89804637690568,50.45296001202568,50.55455053889773,0.23411695361619422,0.14374505436398977,True,True,2022
2022-05-16,EXXO34,LSTM,50.69829559326172,50.64640626949188,51.0754874228994,50.72321810292859,50.81521620278927,0.05188932376984212,0.11692060952755412,False,True,2022
2022-05-17,EXXO34,LSTM,51.41606903076172,50.898212049973665,50.41211070196978,50.88557903734965,50.074047595857465,0.5178569807880535,1.3420214349042539,False,True,2022
2022-05-18,EXXO34,LSTM,51.02992630004883,51.16695123970135,50.86778596924929,51.519116370458526,51.575420342621335,0.1370249396525196,0.545494042572507,False,True,2022
2022-05-19,EXXO34,LSTM,50.76189041137695,51.40044860985131,51.80049770138871,51.25491015342442,51.85695707851137,0.6385581984743567,1.095066667134418,False,True,2022
2022-05-20,EXXO34,LSTM,50.76189041137695,51.48301832797034,51.99138917924137,51.015917972234085,51.22049609378811,0.7211279165933888,0.45860568241115374,True,True,2022
2022-05-23,EXXO34,LSTM,51.04810333251953,51.57984368586585,52.022937679186505,51.06184679085076,51.11310823140943,0.5317403533463221,0.06500489888989591,True,True,2022
2022-05-24,EXXO34,LSTM,51.46603393554688,51.67999432781346,52.13410560972517,51.299876370464865,51.409665040630124,0.21396039226657848,0.05636889491675845,True,True,2022
2022-05-25,EXXO34,LSTM,52.57903671264648,51.78148901397452,52.23649212806693,51.62701159333143,51.7331710304266,0.7975476986719556,0.8458656822198805,False,True,2022
2022-05-26,EXXO34,LSTM,52.28829574584961,51.95777292430495,52.411215349786666,52.482686271225276,52.589924000852804,0.33052282154466184,0.30162825500319457,True,True,2022
2022-05-27,EXXO34,LSTM,52.65626907348633,52.20407354096426,52.500785648372336,52.40581574941324,52.37235428867397,0.4521955325220688,0.2839147848123602,True,True,2022
2022-05-30,EXXO34,LSTM,52.542701721191406,52.46287557462625,52.46287557462625,52.90238740968833,52.618653454081084,0.07982614656515352,0.07595173288967771,True,True,2022
2022-05-31,EXXO34,LSTM,51.57051849365234,52.74456505600756,53.36414583616739,52.77508211897302,53.38772504621694,1.1740465623552225,1.8172065525646062,False,True,2022
2022-06-01,EXXO34,LSTM,53.40130233764648,53.013074648931024,53.207376871987435,52.164800421750655,51.894964265463784,0.3882276887154532,1.506338072182693,False,True,2022
2022-06-02,EXXO34,LSTM,52.91975021362305,53.19874623084064,53.72990350408386,53.49327245617413,53.857667353801254,0.2789960172175938,0.9379171401782074,False,True,2022
2022-06-03,EXXO34,LSTM,53.61935806274414,53.31215157368791,52.760659525366776,53.10535403238589,52.164309436212534,0.3072064890562274,1.4550486265316067,False,True,2022
2022-06-06,EXXO34,LSTM,53.83286666870117,53.542016670800365,53.607314750836764,53.59853930968229,54.03100051409497,0.290849997900807,0.19813384539379797,True,True,2022
2022-06-07,EXXO34,LSTM,57.04013442993164,53.803034700583964,54.22013733489717,54.00790328725246,54.3660496495937,3.237099729347676,2.6740847803379424,True,True,2022
2022-06-08,EXXO34,LSTM,58.28486251831055,53.90763797268977,54.429332520095606,56.243275156782644,56.49931917763562,4.377224545620777,1.785543340674927,True,True,2022
2022-06-09,EXXO34,LSTM,57.27180862426758,54.28043095003676,53.84385264931559,57.81224909006206,57.08921394096472,2.9913776742308187,0.18259468330285955,True,True,2022
2022-06-10,EXXO34,LSTM,57.01286697387695,54.83685493544914,55.13953780882659,56.79759599040615,57.51539401837417,2.176012038427814,0.5025270444972136,True,False,2022
2022-06-13,EXXO34,LSTM,55.6500129699707,55.393116397281005,54.673075118289674,56.88874031154168,55.97318804438102,0.2568965726896977,0.32317507441031523,False,True,2022
2022-06-14,EXXO34,LSTM,56.04524993896485,55.78033011772436,55.78033011772436,55.76340808433383,56.34166698501887,0.26491982124048974,0.2964170460540174,False,False,2022
2022-06-15,EXXO34,LSTM,54.205379486083984,56.047433752689415,55.581923804253194,56.12303009259348,55.58892649299857,1.8420542666054303,1.3835470069145828,True,True,2022
2022-06-16,EXXO34,LSTM,54.205379486083984,56.15136887229755,56.73318545411878,54.641546810094724,55.56986047107587,1.9459893862135687,1.3644809849918857,True,False,2022
2022-06-17,EXXO34,LSTM,50.6074447631836,56.17145214331816,55.63905507544095,54.814850707825855,53.75404382534112,5.564007380134562,3.14659906215752,True,True,2022
2022-06-20,EXXO34,LSTM,50.59380722045898,55.77256768195031,56.21436398380655,51.486382877721425,52.33636281803491,5.178760461491329,1.7425555975759295,True,False,2022
2022-06-21,EXXO34,LSTM,53.58755111694336,55.24143288161372,55.76076371713983,51.72693698134185,51.738869059957224,1.6538817646703592,1.848682056986135,False,True,2022
2022-06-22,EXXO34,LSTM,51.62957763671875,54.569702285435994,54.12194208255268,53.67968378883855,52.891189468787815,2.9401246487172443,1.2616118320690646,True,True,2022
2022-06-23,EXXO34,LSTM,50.66649627685547,53.98070909043656,53.35407271895376,51.92278180352018,51.608067583769426,3.3142128135810935,0.9415713069139571,True,True,2022
2022-06-24,EXXO34,LSTM,51.73860549926758,53.41817886192774,53.91324667976684,51.14402924887496,52.026145614213604,1.6795733626601645,0.28754011494602594,True,True,2022
2022-06-27,EXXO34,LSTM,52.83797836303711,52.523845134973214,52.948519887746606,51.42842312666197,51.457202206376145,0.3141332280638949,1.3807761566609642,False,True,2022
2022-06-28,EXXO34,LSTM,54.55063629150391,51.88890420199715,52.33598258825748,52.16638883446531,52.38170372762441,2.6617320895067635,2.168932563879501,True,True,2022
2022-06-29,EXXO34,LSTM,51.652286529541016,51.83934998837674,51.25475640434275,53.744602643504486,52.93390226552166,0.1870634588357234,1.281615735980644,False,True,2022
2022-06-30,EXXO34,LSTM,50.60289001464844,51.75750259728221,51.22640877615376,51.489918607387516,51.352947771283986,1.1546125826337743,0.7500577566355489,True,True,2022
2022-07-01,EXXO34,LSTM,52.81071853637695,51.7262206776424,52.06134465487177,50.93765154545423,51.57191929822771,1.0844978587345508,1.238799238149241,False,True,2022
2022-07-04,EXXO34,LSTM,53.94189453125,51.665158246678004,52.26732220596049,52.43101532009789,52.84524026210715,2.276736284571996,1.096654269142853,True,True,2022
2022-07-05,EXXO34,LSTM,51.78857803344727,51.8555249542469,51.33340150238464,53.37760529502125,52.511092748912766,0.06694692079963005,0.7225147154654934,False,True,2022
2022-07-06,EXXO34,LSTM,51.16620635986328,52.0087201971869,51.54234222104906,51.96199822851792,51.79542059134876,0.8425138373236223,0.6292142314854772,True,True,2022
2022-07-07,EXXO34,LSTM,52.16109848022461,51.96675299706317,52.37935585848114,51.42409630217328,52.087753439847475,0.19434548316144173,0.0733450403771343,True,True,2022
2022-07-08,EXXO34,LSTM,51.33429718017578,51.857114073700814,52.35726919266,51.98926840477171,52.21308195073364,0.5228168935250324,0.8787847705578571,False,True,2022
2022-07-11,EXXO34,LSTM,52.02480697631836,51.886458609071326,51.70397880406654,51.376996867228684,50.81395934969935,0.13834836724703337,1.2108476266190067,False,False,2022
2022-07-12,EXXO34,LSTM,52.07477951049805,51.54438258844141,51.053658488906656,51.64035981430691,51.327925125199705,0.5303969220566387,0.7468543852983416,False,True,2022
2022-07-13,EXXO34,LSTM,51.99300384521485,51.37980811512608,50.774344653939664,51.729732891006336,51.4832247426217,0.6131957300887692,0.50977910259315,True,True,2022
2022-07-14,EXXO34,LSTM,51.18891906738281,51.32452945983647,50.838091236519936,51.712538878550355,51.638029893236144,0.1356103924536569,0.4491108258533316,False,True,2022
2022-07-15,EXXO34,LSTM,51.57506561279297,50.90313419269779,50.73730313745937,50.70025364798666,50.769488389436454,0.6719314200951771,0.805577223356515,False,True,2022
2022-07-18,EXXO34,LSTM,52.75167083740234,50.792311168963124,51.184673731845066,51.23470272322111,51.7649775220925,1.9593596684392125,0.9866933153098358,True,True,2022
2022-07-19,EXXO34,LSTM,54.27352142333984,50.72663874373876,51.00857265114611,52.00335799767532,52.09085157426481,3.546882679601076,2.182669849075026,True,True,2022
2022-07-20,EXXO34,LSTM,55.282039642333984,50.94415204873218,50.76498624745775,53.098391068899716,52.90316982241998,4.337887593601806,2.3788698199140015,True,False,2022
2022-07-21,EXXO34,LSTM,54.8686408996582,51.46865691887956,51.93270412605395,54.35901245500229,55.09115898066758,3.399983980778643,0.2225180810093761,True,True,2022
2022-07-22,EXXO34,LSTM,54.4461555480957,52.027541975654,52.00223629893559,54.12727715099153,53.79455521099941,2.4186135724417,0.6516003370962906,True,False,2022
2022-07-25,EXXO34,LSTM,54.70963668823242,52.54493966382813,53.03267153201129,54.14747399542836,54.671128074407335,2.1646970244042905,0.03850861382508697,True,True,2022
2022-07-26,EXXO34,LSTM,54.31440734863281,52.96626269826436,52.728592716587094,54.25407360388448,53.69693962184844,1.3481446503684538,0.6174677267843691,True,False,2022
2022-07-27,EXXO34,LSTM,54.37346267700195,53.44999994709656,54.00050234590651,54.358698098700344,55.09135488719774,0.9234627299053955,0.7178922101957852,True,True,2022
2022-07-28,EXXO34,LSTM,54.75506591796875,53.86512644755828,54.403089042095786,54.422490639046686,54.50772116383699,0.889939470410468,0.24734475413175971,True,True,2022
2022-07-29,EXXO34,LSTM,56.98561096191406,54.231918951123134,54.95941187554896,54.84813912018624,55.21271292105292,2.753692010790928,1.7728980408611434,True,True,2022
2022-08-01,EXXO34,LSTM,55.45467758178711,54.65727927767847,54.013193853763596,56.53010502391652,55.488500093060225,0.7973983041086399,0.0338225112731152,True,True,2022
2022-08-02,EXXO34,LSTM,56.322357177734375,55.01476150184533,55.13197908954456,55.3832848225567,55.946208970222195,1.307595675889047,0.3761482075121805,True,False,2022
2022-08-03,EXXO34,LSTM,54.67329788208008,55.3058412345452,54.67050052531959,56.20766222709984,55.49199580798182,0.6325433524651203,0.8186979259017448,False,True,2022
2022-08-04,EXXO34,LSTM,51.44331741333008,55.452806406898844,54.910592583349484,55.04827278151165,54.88133703308446,4.009488993568766,3.4380196197543853,True,True,2022
2022-08-05,EXXO34,LSTM,52.05206298828125,55.37368322058245,55.86578526026563,52.70928638042016,53.30601503507096,3.3216202323012,1.2539520467897134,True,True,2022
2022-08-08,EXXO34,LSTM,51.49329376220703,54.97877155784937,55.476820239835256,52.83888532248483,52.89676678072869,3.485477795642339,1.4034730185216588,True,True,2022
2022-08-09,EXXO34,LSTM,52.628997802734375,54.564083613081095,55.07330999651012,52.29197589643842,52.38570410544868,1.9350858103467203,0.2432936972856936,True,True,2022
2022-08-10,EXXO34,LSTM,52.628997802734375,54.17948832810157,53.80822578759611,52.82147296029974,52.16671402596987,1.550490525367195,0.46228377676450805,True,False,2022
2022-08-11,EXXO34,LSTM,54.9575424194336,53.84078144709309,54.15269027068312,52.856151806972434,53.481149280991026,1.1167609723405079,1.4763931384425746,False,True,2022
2022-08-12,EXXO34,LSTM,54.39788055419922,53.744317252709834,54.212492006548786,54.5980088409389,54.944304401484345,0.6535633014893847,0.5464238472851264,True,True,2022
2022-08-15,EXXO34,LSTM,53.65012741088867,53.767403340360886,53.23327259589033,54.17283448554704,53.281465671636816,0.1172759294722141,0.36866173925185564,False,True,2022
2022-08-16,EXXO34,LSTM,53.89784240722656,53.78607033446559,53.251754150214815,53.685092575020114,53.54385348542247,0.11177207276097079,0.35398892180409547,False,True,2022
2022-08-17,EXXO34,LSTM,54.48044967651367,53.82197256732286,54.29082378817566,53.911294696941795,54.73438634229693,0.6584771091908124,0.25393666578325735,True,True,2022
2022-08-18,EXXO34,LSTM,55.861270904541016,53.92220834066978,54.31446401272922,54.377244068929485,54.38597329072645,1.9390625638712322,1.4752976138145684,True,True,2022
2022-08-19,EXXO34,LSTM,55.948429107666016,54.17152983213515,53.63338445481083,55.4850663618645,54.791350842998455,1.776899275530866,1.157078264667561,True,True,2022
2022-08-22,EXXO34,LSTM,55.5263900756836,54.484300013485154,54.72969993729734,55.63554762849724,56.334498412735286,1.0420900621984472,0.808108337051685,True,True,2022
2022-08-23,EXXO34,LSTM,57.12741088867188,54.7567050128622,55.506791961080246,55.41045757689047,55.88076759780039,2.3707058758096835,1.2466432908714893,True,True,2022
2022-08-24,EXXO34,LSTM,57.89350891113281,55.103873439014876,55.61535780474992,56.69776415252135,56.753546202592254,2.7896354721179364,1.1399627085405584,True,True,2022
2022-08-25,EXXO34,LSTM,58.301788330078125,55.5748100210771,55.325434977293625,57.269867126850585,56.76809082063116,2.7269783090010264,1.5336975094469665,True,False,2022
2022-08-26,EXXO34,LSTM,56.89802932739258,56.12422485461241,55.57148593500801,58.37472272187984,58.16724335433123,0.7738044727801707,1.2692140269386485,False,True,2022
2022-08-29,EXXO34,LSTM,58.031131744384766,56.582626483060096,57.00948523609191,57.03982885646723,57.751475257389544,1.4485052613246694,0.27965648699522205,True,True,2022
2022-08-30,EXXO34,LSTM,56.33835983276367,56.92606202633971,56.289514762451205,57.91673915405991,56.9432885423815,0.5877021935760354,0.6049287096178304,False,True,2022
2022-08-31,EXXO34,LSTM,57.0127182006836,57.184260400988364,57.45414927800423,56.73788123247921,57.40009856822873,0.17154220030476353,0.38738036754512706,False,True,2022
2022-09-01,EXXO34,LSTM,56.04935073852539,57.340401706292596,56.415652710523666,57.27376006306734,56.08369228308539,1.2910509677672053,0.03434154456000016,True,True,2022
2022-09-02,EXXO34,LSTM,57.48064041137695,57.32655624507646,57.79176268268838,56.4645495130595,57.56433553570163,0.1540841663004926,0.0836951243246773,True,True,2022
2022-09-05,EXXO34,LSTM,58.71924209594727,57.15606900911769,57.65862328192269,57.3504245725623,57.465291924723175,1.5631730868295861,1.2539501712240977,True,True,2022
2022-09-06,EXXO34,LSTM,57.29713821411133,57.21898111321269,56.57106216410411,58.3088322132304,57.410488218963756,0.07815710089863614,0.1133500048524283,False,True,2022
2022-09-07,EXXO34,LSTM,57.29713821411133,57.29252690300416,56.30294850283171,57.30534033078078,56.75428710449519,0.004611311107169058,0.5428511096161373,False,True,2022
2022-09-08,EXXO34,LSTM,56.37047576904297,57.31795281426673,57.40562334931522,57.18462131739765,57.96278184139066,0.9474770452237635,1.5923060723476894,False,False,2022
2022-09-09,EXXO34,LSTM,56.85674285888672,57.269358263693164,57.496541181449,56.58287048733196,56.538850360389795,0.412615404806445,0.31789249849692425,True,True,2022
2022-09-12,EXXO34,LSTM,56.976016998291016,57.252922744146304,57.86890672750369,56.878790968676135,57.36074832420553,0.27690574585528793,0.3847313259145153,False,False,2022
2022-09-13,EXXO34,LSTM,56.44845962524414,57.33340287337302,56.78968973151913,57.14486399814935,56.13736408420793,0.8849432481288773,0.3110955410362095,True,True,2022
2022-09-14,EXXO34,LSTM,57.69166946411133,57.06352859832111,57.56526919412454,56.497807076678626,57.40775403167582,0.6281408657902148,0.28391543243550643,True,True,2022
2022-09-15,EXXO34,LSTM,56.81086349487305,57.02428818271488,56.40041173334208,57.515600221353,56.53968538206385,0.21342468784183666,0.2711781128091957,False,True,2022
2022-09-16,EXXO34,LSTM,57.343017578125,57.0194098955601,56.910706778514495,56.70484295667122,57.07485547701649,0.3236076825648979,0.26816210110850847,True,False,2022
2022-09-19,EXXO34,LSTM,55.09516906738281,57.022237289913164,56.39762954021542,57.27712816412336,56.69209916343391,1.9270682225303517,1.5969300960510964,True,True,2022
2022-09-20,EXXO34,LSTM,54.37493896484375,56.92193186360316,56.92193186360316,55.43391776066113,55.7495733720779,2.546992898759413,1.3746344072341472,True,False,2022
2022-09-21,EXXO34,LSTM,53.96206665039063,56.73987707629482,56.73987707629482,54.935532424387425,54.81451723899181,2.7778104259041854,0.8524505886011795,True,False,2022
2022-09-22,EXXO34,LSTM,53.347354888916016,56.510538246014505,57.032609717412186,54.741921589545306,55.20081404445713,3.1631833570984895,1.8534591555411168,True,True,2022
2022-09-23,EXXO34,LSTM,51.4619140625,56.1670536876868,55.62157041225253,54.14584654024186,53.122960279607085,4.705139625186803,1.661046217107085,True,True,2022
2022-09-26,EXXO34,LSTM,52.34270095825195,55.607797148442614,54.85468504923953,52.504542146977855,52.06685825074277,3.265096190190661,0.2758427075091845,True,True,2022
2022-09-27,EXXO34,LSTM,52.83355712890625,55.00353447609302,55.17160042239676,52.9443887171971,53.69399810555613,2.169977347186773,0.8604409766498833,True,True,2022
2022-09-28,EXXO34,LSTM,54.42999267578125,54.50134177178472,54.953474472564764,53.15676184179598,53.44081738427603,0.07134909600347328,0.9891752915052194,False,True,2022
2022-09-29,EXXO34,LSTM,54.69147491455078,54.16966984004705,53.63054275052753,54.252901220845104,53.509250370626035,0.5218050745037317,1.1822245439247467,False,True,2022
2022-09-30,EXXO34,LSTM,54.085933685302734,54.08609402357246,54.28256856604161,54.26529874659568,54.9805613750408,0.00016033826972261522,0.8946276897380656,False,False,2022
2022-10-03,EXXO34,LSTM,54.59054565429688,54.09921973750346,54.53606586558219,54.08438931823782,54.258603711124024,0.4913259167934214,0.33194194317285763,True,True,2022
2022-10-04,EXXO34,LSTM,56.22826766967773,53.994128894656114,54.41406634481536,54.353845760876354,54.486349357107656,2.234138775021613,1.7419183125700712,True,True,2022
2022-10-05,EXXO34,LSTM,58.810997009277344,54.14851855692592,54.65253476898142,55.69464160865672,56.03868737442394,4.662478452351422,2.772309634853407,True,True,2022
2022-10-06,EXXO34,LSTM,60.70103073120117,54.508926205542025,55.07288357708981,57.66728565943834,58.061311698233084,6.192104525659147,2.639719032968088,True,True,2022
2022-10-07,EXXO34,LSTM,60.26520919799805,55.1473549461507,55.48556776846795,59.25792227868715,59.336492269274615,5.117854251847348,0.928716928723432,True,True,2022
2022-10-10,EXXO34,LSTM,58.79723358154297,55.96790554729142,55.345906837366336,59.255903373523005,58.40922713897853,2.829328034251546,0.38800644256443917,True,True,2022
2022-10-11,EXXO34,LSTM,58.9715576171875,56.720438740117515,56.08282811341289,58.399364680475884,58.197175551911,2.2511188770699846,0.7743820652764981,True,True,2022
2022-10-12,EXXO34,LSTM,58.9715576171875,57.30756420381073,56.76656108982714,58.7302041039461,58.603925975190606,1.6639934133767724,0.36763164199689413,True,True,2022
2022-10-13,EXXO34,LSTM,61.57262802124024,57.74911755441184,58.33225770742067,58.80850729324024,59.721149857807625,3.8235104668284023,1.851478163432617,True,True,2022
2022-10-14,EXXO34,LSTM,60.56339645385742,58.260863033619216,57.66663233146827,60.95783206912983,59.99187786826165,2.3025334202382055,0.5715185855957685,True,True,2022
2022-10-17,EXXO34,LSTM,61.15977096557617,58.81068288623612,58.88410160068676,59.9917129043738,60.56695522739508,2.3490880793400493,0.5928157381810948,True,False,2022
2022-10-18,EXXO34,LSTM,60.49000930786133,59.31969900118662,59.87150181717533,60.89812026610585,61.34807521244265,1.1703103066747076,0.8580659045813235,True,True,2022
2022-10-19,EXXO34,LSTM,62.76078796386719,59.7549139321477,60.25492496417716,60.47677361602414,60.49071668745549,3.005874031719486,2.2700712764116986,True,True,2022
2022-10-20,EXXO34,LSTM,62.84334945678711,60.1694935278623,60.7859094658073,62.32339139813566,62.74976246402353,2.6738559289248087,0.0935869927635764,True,True,2022
2022-10-21,EXXO34,LSTM,62.352481842041016,60.6264195453885,61.222840880174715,62.412509830047306,62.59561948295852,1.7260622966525148,0.243137640917503,True,True,2022
2022-10-24,EXXO34,LSTM,64.43061065673828,61.06311524674982,61.55453506958535,62.18838338547835,62.25230823176234,3.3674954099884644,2.1783024249759393,True,True,2022
2022-10-25,EXXO34,LSTM,64.34346008300781,61.61648998022304,61.61648998022304,63.733267407080724,63.35927986951078,2.726970102784776,0.9841802134970337,True,True,2022
2022-10-26,EXXO34,LSTM,66.40321350097656,62.17316678009399,62.79374510852793,64.00253519187444,64.67149438096119,4.230046720882569,1.73171912001537,True,True,2022
2022-10-27,EXXO34,LSTM,64.99028015136719,62.78153897726514,62.15670171160866,65.74991172819583,64.75135455117034,2.2087411741020446,0.2389256001968505,True,True,2022
2022-10-28,EXXO34,LSTM,66.92617797851562,63.38752233577668,63.788455107055874,64.75787634759824,65.63506424506097,3.538655642738945,1.291113733454651,True,True,2022
2022-10-31,EXXO34,LSTM,65.79309844970703,64.08480009096752,64.74132700917731,66.59680378682356,66.96859311025472,1.708298358739512,1.1754946605476846,True,True,2022
2022-11-01,EXXO34,LSTM,65.73343658447266,64.74289676455771,64.74289676455771,65.75660873810789,64.99645737851947,0.9905398199149431,0.7369792059531903,True,True,2022
2022-11-02,EXXO34,LSTM,65.73343658447266,65.22772782288416,65.22772782288416,65.6582518123105,65.68640971766507,0.5057087615884939,0.04702686680758461,True,False,2022
2022-11-03,EXXO34,LSTM,65.33891296386719,65.61327503169241,65.61327503169241,65.73600721189136,65.6983612688588,0.27436206782522277,0.3594483049916164,False,False,2022
2022-11-04,EXXO34,LSTM,64.71961975097656,65.86834934196008,66.54314811389443,65.71328509326031,66.33416657424772,1.1487295909835211,1.614546823271155,False,True,2022
2022-11-07,EXXO34,LSTM,67.18306732177734,66.0261984347294,66.46027823629731,65.28915520891763,65.12198299220941,1.156868887047949,2.061084329567933,False,True,2022
2022-11-08,EXXO34,LSTM,67.25186920166016,66.2524931725493,66.83502927247837,67.24187678681984,67.68358579681082,0.9993760291108629,0.43171659515066096,True,True,2022
2022-11-09,EXXO34,LSTM,64.5269546508789,66.56730908722227,65.85121186564426,67.29988480130625,66.16945071663598,2.040354436343364,1.6424960657570722,True,True,2022
2022-11-10,EXXO34,LSTM,67.71063232421875,66.69879324359715,67.16267907622516,65.17410657833715,66.02758247778716,1.0118390806215984,1.6830498464315866,False,True,2022
2022-11-11,EXXO34,LSTM,70.23932647705078,66.82651613996586,67.50101310389778,67.7112565059289,68.11390295669354,3.4128103370849203,2.125423520357245,True,True,2022
2022-11-14,EXXO34,LSTM,70.11905670166016,67.34818587654206,67.4170882035977,69.69904267474783,69.47704138465708,2.770870825118095,0.6420153170030716,True,True,2022
2022-11-15,EXXO34,LSTM,70.11905670166016,67.95570933945942,67.4194534195589,69.54311427243837,68.98829429820455,2.1633473622007386,1.1307624034556056,True,False,2022
2022-11-16,EXXO34,LSTM,70.7666015625,68.56302642322692,68.87813936891388,69.75337263792206,70.45115132389735,2.2035751392730845,0.31545023860265076,True,False,2022
2022-11-17,EXXO34,LSTM,70.2670669555664,69.05718581912697,68.44208800611891,70.53966252434786,69.63572522566302,1.209881136439435,0.631341729903383,True,True,2022
2022-11-18,EXXO34,LSTM,69.5547866821289,69.4702691660051,68.84017189755133,70.31623519766343,70.119081588041,0.08451751612381031,0.5642949059120923,False,True,2022
2022-11-21,EXXO34,LSTM,67.7231674194336,69.68959344803852,69.06803653642723,69.8033107125107,69.52388028230608,1.9664260286049284,1.800712862872487,True,True,2022
2022-11-22,EXXO34,LSTM,70.66485595703125,69.82295565467712,70.51088504062622,68.55533880133,69.49571462507933,0.8419003023541336,1.16914133195192,False,True,2022
2022-11-23,EXXO34,LSTM,70.19306945800781,69.98623251908771,70.39685979670816,70.62903538677216,70.60825899824702,0.20683693892010524,0.4151895402392114,False,True,2022
2022-11-24,EXXO34,LSTM,70.70184326171875,70.12541461775231,70.6456776438631,70.33044739171143,70.55284859275201,0.5764286439664374,0.1489946689667363,True,True,2022
2022-11-25,EXXO34,LSTM,76.77018737792969,70.2754883760507,70.2289292551928,70.74756730122913,70.36496287446083,6.494699001878985,6.405224503468858,True,True,2022
2022-11-28,EXXO34,LSTM,68.01919555664062,70.7474774917772,71.22684078959914,75.18512388338455,76.2128379906472,2.728281935136579,8.193642434006577,False,True,2022
2022-11-29,EXXO34,LSTM,67.62141418457031,70.80982463294947,70.80982463294947,68.86565232221174,67.69414096804434,3.188410448379159,0.07272678347402461,True,True,2022
2022-11-30,EXXO34,LSTM,66.74262237548828,70.64642394104897,71.4362560658651,68.74286684856627,69.45063151660331,3.903801565560684,2.7080091411150278,True,True,2022
2022-12-01,EXXO34,LSTM,66.4188461303711,70.41421128110687,70.41421128110687,67.78925236940191,67.03895782761184,3.995365150735779,0.6201116972407448,True,True,2022
2022-12-02,EXXO34,LSTM,65.85456848144531,70.08372602948089,70.08372602948089,67.3465066535804,67.28646888761875,4.229157548035573,1.4319004061734404,True,False,2022
2022-12-05,EXXO34,LSTM,64.98502349853516,69.61826881384741,68.73338657335991,66.92109058764827,65.94404072686332,4.6332453153122515,0.9590172283281646,True,True,2022
2022-12-06,EXXO34,LSTM,63.34767150878906,69.1171080052884,68.31953284884155,66.23483431042848,65.95499125533209,5.769436496499338,2.607319746543027,True,True,2022
2022-12-07,EXXO34,LSTM,62.26535415649414,68.38624204345808,67.73996420665495,64.7379181883663,64.51479258152604,6.120887886963942,2.2494384250318973,True,True,2022
2022-12-08,EXXO34,LSTM,62.50587844848633,67.4709040785267,66.89543313999289,63.45832995402375,63.24409338292847,4.965025630040373,0.7382149344421407,True,True,2022
2022-12-09,EXXO34,LSTM,62.54286956787109,66.64172940866126,66.64172940866126,63.07319047050246,63.46873335719383,4.098859840790176,0.9258637893227402,True,False,2022
2022-12-12,EXXO34,LSTM,64.68899536132812,65.88540657869589,66.46471500850299,63.19377093551098,63.76323342960876,1.1964112173677677,0.9257619317193644,True,True,2022
2022-12-13,EXXO34,LSTM,65.89156341552734,65.3615389041737,65.41024291377279,64.5658819113669,64.29144453672093,0.5300245113536448,1.6001188788064127,False,True,2022
2022-12-14,EXXO34,LSTM,64.98502349853516,65.14423197833014,65.79946400046792,65.53851379069444,66.21917198172522,0.15920847979498376,1.2341484831900686,False,True,2022
2022-12-15,EXXO34,LSTM,64.47624206542969,65.09551618000603,65.75025821016638,65.06861747317309,65.24394378415485,0.6192741145763421,0.7677017187251636,False,True,2022
2022-12-16,EXXO34,LSTM,64.59648895263672,65.04638246390346,64.45675550649678,64.71892806254891,63.665176263710045,0.4498935112667368,0.9313126889266741,False,True,2022
2022-12-19,EXXO34,LSTM,64.17095947265625,64.86996440712562,64.50670042237873,64.37012813724532,64.38747594795785,0.6990049344693716,0.2165164753016029,True,False,2022
2022-12-20,EXXO34,LSTM,64.24496459960938,64.78647372205035,65.32356416004991,64.40277254432517,65.15291236819864,0.5415091224409707,0.907947768589267,False,True,2022
2022-12-21,EXXO34,LSTM,64.81849670410156,64.74351074252854,65.2333055702419,64.45781974310854,64.57293156216228,0.07498596157302018,0.2455651419392808,False,True,2022
2022-12-22,EXXO34,LSTM,63.245906829833984,64.76775513315818,64.23749399945325,64.87753558655882,64.02762604417325,1.521848303324191,0.7817192143392617,True,True,2022
2022-12-23,EXXO34,LSTM,64.52249145507812,64.74173072236101,65.35704635808973,63.836908123979875,64.75341603545796,0.21923926728288734,0.23092458037983477,False,True,2022
2022-12-26,EXXO34,LSTM,63.995208740234375,64.73204122127515,64.73204122127515,64.36913429417307,63.944571137798754,0.7368324810407785,0.05063760243562143,True,False,2022
2022-12-27,EXXO34,LSTM,67.26988983154297,64.71864205497059,65.3801873603577,64.31091473714604,64.94917909918819,2.5512477765723816,2.320710732354783,True,True,2022
2022-12-28,EXXO34,LSTM,65.63253784179688,64.97126561283369,64.96474692463669,66.66973741419747,66.28981782306144,0.6612722289631847,0.6572799812645655,True,True,2022
2022-12-29,EXXO34,LSTM,66.5206069946289,65.2823873407242,65.2823873407242,65.53930003399152,65.4922051997604,1.2382196539047072,1.0284017948685005,True,False,2022
2022-12-30,EXXO34,LSTM,66.5206069946289,65.56990961282838,66.23353419252604,66.38481388043121,67.05422105166691,0.9506973818005235,0.5336140570380081,True,True,2022
2023-01-02,EXXO34,LSTM,67.5103988647461,65.84083900128394,66.0718129318939,66.28588814256747,66.03656808200498,1.6695598634621547,1.4738307827411177,True,False,2023
2023-01-03,EXXO34,LSTM,67.0201187133789,66.16912631496393,65.64683051010462,67.30885684522114,66.66205938017191,0.8509923984149736,0.35805933320699523,True,True,2023
2023-01-04,EXXO34,LSTM,66.65011596679688,66.42371047475069,66.31137982657421,67.036827521851,67.25774567891106,0.2264054920461831,0.6076297121141891,False,True,2023
2023-01-05,EXXO34,LSTM,68.1116943359375,66.56702531589121,67.41949076112466,66.78295973305883,67.68827644613174,1.5446690200462854,0.4234178898057621,True,True,2023
2023-01-06,EXXO34,LSTM,66.78885650634766,66.71461736491256,66.18801581048629,67.76633953600827,66.70011916465549,0.07423914143510046,0.08873734169216618,False,True,2023
2023-01-09,EXXO34,LSTM,65.85456848144531,66.87981355541683,67.5525023590962,67.00931506317754,68.00188673887885,1.0252450739715187,2.1473182574335397,False,True,2023
2023-01-10,EXXO34,LSTM,66.11357879638672,66.96927891688051,66.52556883717307,66.15471315266032,65.1962586798329,0.8557001204937933,0.9173201165538245,False,False,2023
2023-01-11,EXXO34,LSTM,66.40959930419922,67.00662322404742,67.59721805577419,66.48957430625086,67.35762296541978,0.5970239198481977,0.9480236612205601,False,True,2023
2023-01-12,EXXO34,LSTM,66.47434997558594,67.02822596155886,67.02822596155886,66.47509618400106,66.04684403999528,0.5538759859729225,0.4275059355906592,True,False,2023
2023-01-13,EXXO34,LSTM,66.58535766601562,67.08583154176313,67.08583154176313,66.56290076082993,66.52957050641015,0.5004738757475025,0.055787159605472425,True,False,2023
2023-01-16,EXXO34,LSTM,66.66863250732422,67.15529360412677,66.60881924171034,66.84841261251123,66.27639895402409,0.48666109680254976,0.3922335533001302,True,True,2023
2023-01-17,EXXO34,LSTM,66.47434997558594,67.15210504626145,67.70880695392547,66.89646425054943,67.79820940810089,0.6777550706755164,1.3238594325149506,False,True,2023
2023-01-18,EXXO34,LSTM,65.86383056640625,67.16145918122879,66.85464523460902,66.56211166907659,65.84996564793288,1.2976286148225427,0.013864918473373677,True,False,2023
2023-01-19,EXXO34,LSTM,66.57611846923828,67.14077999041297,67.69069968755676,66.32502036006467,67.03467499557853,0.5646615211746848,0.4585565263402458,True,True,2023
2023-01-20,EXXO34,LSTM,67.76943969726562,67.11459047629592,67.21088656392438,66.57806563578974,66.29169344386,0.6548492209697088,1.477746253405627,False,False,2023
2023-01-23,EXXO34,LSTM,67.64916229248047,67.17996623149236,67.17996623149236,67.42233469954144,67.3696053328931,0.46919606098811073,0.27955695958736726,True,False,2023
2023-01-24,EXXO34,LSTM,67.42715454101562,67.32533970465272,66.80761198654523,67.68705078271327,67.15772746137228,0.10181483636290523,0.26942707964335,False,True,2023
2023-01-25,EXXO34,LSTM,66.19683074951172,67.44533886133797,67.81077117687511,67.46675074784883,68.13096308746348,1.2485081118262542,1.934132337951766,False,True,2023
2023-01-26,EXXO34,LSTM,68.56497192382812,67.49431779307815,68.0842460372275,66.73156373138406,67.0140209643953,1.070654130749972,1.550950959432825,False,True,2023
2023-01-27,EXXO34,LSTM,68.2412109375,67.59342106084023,67.59342106084023,67.98783961380845,67.54617364345113,0.6477898766597718,0.6950372940488734,False,True,2023
2023-01-30,EXXO34,LSTM,67.06639099121094,67.76775984768324,67.182823126522,68.24381838340844,67.64358986828675,0.7013688564722997,0.5771988770758156,True,True,2023
2023-01-31,EXXO34,LSTM,68.05619049072266,67.87066565128146,68.14758693301506,67.28594579127979,67.89781302307802,0.18552483944120013,0.158377467644641,True,False,2023
2023-02-01,EXXO34,LSTM,66.55760192871094,67.93759956905933,67.44701571783774,68.10123274182679,67.429339673296,1.3799976403483925,0.8717377445850616,True,True,2023
2023-02-02,EXXO34,LSTM,64.57798767089844,67.93030922559058,67.45598004259688,67.12891120819198,66.91464956960242,3.352321554692139,2.33666189870398,True,True,2023
2023-02-03,EXXO34,LSTM,66.23383331298828,67.71978701429862,67.59904332083781,65.65569875921545,65.74783686566086,1.4859537013103363,0.4859964473274232,True,True,2023
2023-02-06,EXXO34,LSTM,66.43733978271484,67.51225214120086,68.08966653823154,66.53509453456935,67.19639367707885,1.0749123584860172,0.7590538943640013,True,True,2023
2023-02-07,EXXO34,LSTM,68.26895904541016,67.3824241775036,67.93029836326438,66.73560365946733,66.88363446577578,0.8865348679065619,1.3853245796343714,False,True,2023
2023-02-08,EXXO34,LSTM,68.31520080566406,67.40564183186268,68.15715662892002,67.95761131954812,68.41550467233643,0.9095589738013814,0.10030386667236257,True,True,2023
2023-02-09,EXXO34,LSTM,69.7212905883789,67.59952988367604,68.08101926264045,68.23865910390857,68.22019738680083,2.121760704702865,1.5010932015780725,True,True,2023
2023-02-10,EXXO34,LSTM,71.74716186523438,67.90963003477475,68.37809423143278,69.31401083685698,69.50292395595136,3.837531830459625,2.244237909283015,True,True,2023
2023-02-13,EXXO34,LSTM,71.37051391601562,68.39949674435775,68.53366087803782,70.67108907487604,70.56510745035106,2.971017171657877,0.8054064656645608,True,False,2023
2023-02-14,EXXO34,LSTM,70.63407135009766,68.96081707510052,68.50643983441789,70.77061733093343,70.19314231009827,1.6732542749971344,0.44092903999938926,True,True,2023
2023-02-15,EXXO34,LSTM,70.30780029296875,69.42012935154696,69.62449483400627,70.33299579584094,70.82309800290199,0.8876709414217885,0.5152977099332361,True,False,2023
2023-02-16,EXXO34,LSTM,70.28915405273438,69.76224922774622,69.71248231315316,70.16410796879538,69.95522431726575,0.5269048249881507,0.3339297354686295,True,False,2023
2023-02-17,EXXO34,LSTM,67.2035140991211,70.0635731054972,69.57841245167035,70.47589728997492,70.0024832929528,2.8600590063761047,2.7989691938317094,True,True,2023
2023-02-21,EXXO34,LSTM,67.2035140991211,70.08897837884479,69.31315643073724,68.07966600729011,67.50227643907523,2.885464279723692,0.2987623399541377,True,False,2023
2023-02-22,EXXO34,LSTM,66.18740844726562,70.00232493329793,69.44003403757817,68.24143478995633,68.13443282514093,3.8149164860323026,1.9470243778753087,True,True,2023
2023-02-23,EXXO34,LSTM,65.90773010253906,69.6897688703159,70.26853114385409,67.32771668765245,68.17990390857868,3.7820387677768394,2.2721738060396177,True,True,2023
2023-02-24,EXXO34,LSTM,66.90519714355469,69.29880420882387,68.6993350376061,66.90020114094347,65.82048698369466,2.3936070652691797,1.0847101598600233,True,True,2023
2023-02-27,EXXO34,LSTM,66.25265502929688,68.98679505058897,69.17769373212847,67.25271595969386,67.87270276994535,2.7341400212920917,1.6200477406484737,True,False,2023
2023-02-28,EXXO34,LSTM,66.70943450927734,68.69875683061014,69.28032102913878,66.93074445917175,67.2969434337282,1.9893223213327929,0.5875089244508587,True,True,2023
2023-03-01,EXXO34,LSTM,66.9424819946289,68.48233733511097,68.16213578031099,66.99624423149663,66.2684794321496,1.5398553404820632,0.674002562479302,True,False,2023
2023-03-02,EXXO34,LSTM,67.2687759399414,68.30995915019162,67.71904398123304,67.34193055101981,66.94265402911991,1.0411832102502103,0.3261219108214988,True,True,2023
2023-03-03,EXXO34,LSTM,68.06117248535156,68.19053785512597,68.74905564313376,67.54365902886651,68.46397171088826,0.12936536977440483,0.4027992255366968,False,True,2023
2023-03-06,EXXO34,LSTM,68.14505004882812,68.1490453270469,68.24682565162368,67.85818957390833,67.57963538335905,0.003995278218781095,0.5654146654690777,False,False,2023
2023-03-07,EXXO34,LSTM,67.25945281982422,68.17636992648818,67.50800702446227,68.23682244983574,67.49667670243355,0.9169171066639592,0.23722388260932803,True,True,2023
2023-03-08,EXXO34,LSTM,65.88909149169922,68.18410398512913,67.5465442771186,67.65598760747702,67.4222175532429,2.2950124934299083,1.5331260615436832,True,True,2023
2023-03-09,EXXO34,LSTM,65.69332885742188,67.95424920697417,67.34814182387969,66.53932369535926,66.27862220297717,2.2609203495522934,0.5852933455553,True,True,2023
2023-03-10,EXXO34,LSTM,65.12467956542969,67.70492255603006,67.70027373511854,66.04408168254444,66.41646029667422,2.580242990600368,1.291780731244529,True,False,2023
2023-03-13,EXXO34,LSTM,65.12467956542969,67.43592797210442,66.94022406183522,65.80755337499896,65.24318466954746,2.3112484066747356,0.11850510411777293,True,True,2023
2023-03-14,EXXO34,LSTM,65.16195678710938,67.12186018184968,66.65693226841888,65.63338687248182,65.45351310693744,1.9599033947403086,0.29155631982806085,True,True,2023
2023-03-15,EXXO34,LSTM,62.169551849365234,66.79025532333571,66.31022379440587,65.58755656078152,65.37758160712973,4.6207034739704795,3.2080297577644927,True,True,2023
2023-03-16,EXXO34,LSTM,61.526309967041016,66.29717425849367,66.29262209775806,63.07802092524743,63.32006306924539,4.770864291452654,1.7937531022043771,True,False,2023
2023-03-17,EXXO34,LSTM,61.20936965942383,65.58590915642117,65.10664619134576,62.52472407005019,61.982446399878825,4.376539496997339,0.7730767404549965,True,True,2023
2023-03-20,EXXO34,LSTM,62.10429000854492,64.62308334910733,64.15862760845988,61.81100653866778,61.627077736726314,2.5187933405624108,0.47721227181860826,True,True,2023
2023-03-21,EXXO34,LSTM,65.30180358886719,63.84374408445399,64.35669012459951,62.255554448539144,63.066282384356555,1.4580595044131996,2.2355212045106327,False,True,2023
2023-03-22,EXXO34,LSTM,63.88482666015625,63.465471740678254,63.001445753761125,64.4962491277763,63.72399376056614,0.4193549194779962,0.16083289959011182,True,True,2023
2023-03-23,EXXO34,LSTM,63.717018127441406,63.379256850824845,62.90427975338513,63.671989307185314,63.497345201449285,0.3377612766165612,0.2196729259921213,True,True,2023
2023-03-24,EXXO34,LSTM,63.04582214355469,63.38855939100472,63.38855939100472,63.366128367646226,63.68240989485147,0.34273724745003165,0.6365877512967799,False,False,2023
2023-03-27,EXXO34,LSTM,64.22041320800781,63.364082823831495,64.06705579108299,63.16536332185608,63.812830785516226,0.8563303841763172,0.40758242249158627,True,True,2023
2023-03-28,EXXO34,LSTM,65.18992614746094,63.392243258829694,63.392243258829694,63.72950253940207,63.2829988921679,1.7976828886312433,1.9069272552930343,False,False,2023
2023-03-29,EXXO34,LSTM,64.93824005126953,63.55219741892756,63.55219741892756,64.47978476891441,64.5345254363696,1.3860426323419688,0.40371461489992555,True,False,2023
2023-03-30,EXXO34,LSTM,64.77044677734375,63.79828907669764,63.79828907669764,64.45192741112717,64.45920939878314,0.9721577006461075,0.3112373785606053,True,False,2023
2023-03-31,EXXO34,LSTM,64.41617584228516,63.93232201557328,63.482660638278055,64.59192376809352,64.12306325266631,0.48385382671187926,0.29311258961884334,True,True,2023
2023-04-03,EXXO34,LSTM,68.5738754272461,64.11521521817792,64.91724484161578,64.46339122894247,65.54642186716842,4.458660209068171,3.0274535600776744,True,True,2023
2023-04-04,EXXO34,LSTM,68.22895812988281,64.32755872546738,64.83055003369918,67.1539430648968,67.16015801701559,3.9013994044154288,1.0688001128672227,True,True,2023
2023-04-05,EXXO34,LSTM,68.86286926269531,64.8131637056058,64.83063495257036,67.08012645618699,66.80793863924737,4.04970555708951,2.0549306234479445,True,False,2023
2023-04-06,EXXO34,LSTM,68.13573455810547,65.32315238230001,66.05263535331781,67.93872683350423,68.69312583633936,2.81258217580546,0.5573912782338937,True,True,2023
2023-04-10,EXXO34,LSTM,67.38996124267578,65.86952054363553,65.86952054363553,67.35320858354294,66.8070026011272,1.5204406990402504,0.5829586415485863,True,True,2023
2023-04-11,EXXO34,LSTM,67.62301635742188,66.39140181884034,67.05917809227606,67.41184278067806,68.06855787258817,1.231614538581539,0.4455415151662976,True,True,2023
2023-04-12,EXXO34,LSTM,66.61621856689453,66.81865309435625,67.26011780480552,67.6700461533096,67.63598114865853,0.20243452746171897,1.0197625817639988,False,True,2023
2023-04-13,EXXO34,LSTM,66.27129364013672,67.11129356937693,67.20036635268454,66.73968334064837,66.52802028750948,0.8399999292402072,0.2567266473727585,True,False,2023
2023-04-14,EXXO34,LSTM,66.22468566894531,67.19578003385027,67.09676169495948,66.4332240237688,66.27724493086937,0.9710943649049568,0.0525592619240598,True,False,2023
2023-04-17,EXXO34,LSTM,65.79586791992188,67.25297285575482,67.25297285575482,66.41287655757709,66.48283021552311,1.4571049358329446,0.6869622956012336,True,False,2023
2023-04-18,EXXO34,LSTM,67.52978515625,67.21641278935738,67.60565724489864,66.33920398573827,66.68244168284421,0.31337236689262227,0.8473434734057861,False,True,2023
2023-04-19,EXXO34,LSTM,68.78829956054688,67.24065717998701,66.94957748195678,67.54079223493049,66.99808742464289,1.5476423805598643,1.7902121359039853,False,True,2023
2023-04-20,EXXO34,LSTM,67.75353240966797,67.29331997955217,66.77739401805704,68.36851249963655,68.07969639083045,0.4602124301158028,0.32616398116248035,True,True,2023
2023-04-21,EXXO34,LSTM,67.75353240966797,67.40056490477616,67.48453461380618,67.4525588050112,67.8617503795504,0.35296750489180795,0.10821796988243193,True,False,2023
2023-04-24,EXXO34,LSTM,69.5060806274414,67.53988114988817,67.53988114988817,67.54509651534536,67.47165455313429,1.966199477553232,2.0344260743071203,False,False,2023
2023-04-25,EXXO34,LSTM,68.59251403808594,67.73647276856468,67.17949289276787,69.07757555554545,68.54749277930058,0.8560412695212563,0.045021258785354235,True,True,2023
2023-04-26,EXXO34,LSTM,67.87470245361328,67.92909674808516,67.3895365047133,68.51838124954826,68.32312789194896,0.05439429447187649,0.4484254383356756,False,True,2023
2023-04-27,EXXO34,LSTM,67.55775451660156,68.0483735777459,68.0483735777459,67.66461762979097,67.93865245192832,0.4906190611443435,0.3808979353267574,True,True,2023
2023-04-28,EXXO34,LSTM,68.78829956054688,68.12128217191218,68.68739264051405,67.86229466284686,68.37770481038407,0.6670173886346902,0.4105947501628009,True,True,2023
2023-05-01,EXXO34,LSTM,68.78829956054688,68.22350176483712,67.73596449853359,68.47181328336058,67.63386446290436,0.564797795709751,1.1544350976425193,False,False,2023
2023-05-02,EXXO34,LSTM,64.5000991821289,68.34272699971041,67.77839561603861,68.75897872998476,68.52786007543112,3.8426278175815014,4.027760893302215,False,True,2023
2023-05-03,EXXO34,LSTM,62.71955108642578,68.14780189266901,67.5721987597974,65.73118660811323,65.38293773382806,5.428250806243227,2.6633866474022767,True,True,2023
2023-05-04,EXXO34,LSTM,61.638179779052734,67.57582207883604,67.08729515317377,64.17777952155672,63.98157730852383,5.937642299783306,2.3433975294710976,True,True,2023
2023-05-05,EXXO34,LSTM,62.5517578125,66.74979985048469,67.58515162740431,63.007502836246495,64.09157401913706,4.198042037984692,1.539816206637056,True,True,2023
2023-05-08,EXXO34,LSTM,63.64243698120117,65.92444835437038,66.7205343578059,63.33906488220222,63.50431853194024,2.2820113731692118,0.1381184492609293,True,True,2023
2023-05-09,EXXO34,LSTM,63.55855178833008,65.36288036864778,65.31600577099317,63.76089366496279,63.21644760289533,1.8043285803177014,0.3421041854347493,True,False,2023
2023-05-10,EXXO34,LSTM,62.1229362487793,64.95132938695735,64.48177574651373,63.87220209137134,63.44457134423085,2.8283931381780576,1.3216350954515548,True,True,2023
2023-05-11,EXXO34,LSTM,60.98562240600586,64.55837316666918,65.15447829291942,62.76497842548566,63.61771245437073,3.5727507606633253,2.632090048364873,True,True,2023
2023-05-12,EXXO34,LSTM,60.510196685791016,64.03966497089345,64.63098056173004,61.772782059309,61.86871553948827,3.529468285102439,1.3585188536972552,True,True,2023
2023-05-15,EXXO34,LSTM,60.176788330078125,63.433472653492686,62.96284341534735,61.22133937702272,60.30980078522078,3.256684323414561,0.13301245514265503,True,True,2023
2023-05-16,EXXO34,LSTM,59.7066535949707,62.83908006398508,63.47112646700813,60.8001479861747,61.7348184497337,3.1324264690143764,2.0281648547629985,True,True,2023
2023-05-17,EXXO34,LSTM,60.96660614013672,62.18646791630238,62.66465302745044,60.189929132862915,60.15762173423927,1.2198617761656578,0.8089844058974478,True,True,2023
2023-05-18,EXXO34,LSTM,61.56838607788086,61.673019809108666,61.28751478942964,60.719999098268275,60.05805468081871,0.10463373122780695,1.5103313970621528,False,False,2023
2023-05-19,EXXO34,LSTM,62.31117630004883,61.345508996980016,61.62135446134583,61.08124908156314,61.666472428974465,0.9656673030688125,0.6447038710743627,True,False,2023
2023-05-22,EXXO34,LSTM,61.39913558959961,61.22219745493953,60.76797423586412,61.90429710979891,61.239712008391685,0.17693813466007668,0.15942358120792477,True,True,2023
2023-05-23,EXXO34,LSTM,62.170143127441406,61.12466008897701,61.7394625575349,61.23706581268687,62.1515109198916,1.045483038464397,0.01863220754980688,True,True,2023
2023-05-24,EXXO34,LSTM,62.80952453613281,61.16440613350039,61.84918618481249,61.88616747779044,62.1198506756315,1.64511840263242,0.6896738605013155,True,True,2023
2023-05-25,EXXO34,LSTM,62.42401123046875,61.329112173523754,61.21309289175397,62.283788527130646,61.69395102092802,1.0948990569449961,0.7300602095407314,True,True,2023
2023-05-26,EXXO34,LSTM,61.44614028930664,61.45756513613509,61.408004388604375,61.915566595944064,62.0024908714089,0.011424846828447244,0.5563505821022616,False,False,2023
2023-05-29,EXXO34,LSTM,61.70002365112305,61.49061417724556,61.39060219471978,61.22751828668256,61.16529250334333,0.20940947387748565,0.5347311477797163,False,False,2023
2023-05-30,EXXO34,LSTM,61.5025634765625,61.5413318533233,61.0884822860259,61.71745498649373,61.31305551194416,0.03876837676079958,0.1895079646183433,False,True,2023
2023-05-31,EXXO34,LSTM,60.75034713745117,61.548320367285385,62.33656116167069,61.29934186770488,62.41510244670718,0.7979732298342128,1.6647553092560088,False,False,2023
2023-06-01,EXXO34,LSTM,60.60930633544922,61.422720596420845,62.04771173115277,60.923638820340464,60.94846876098859,0.8134142609716264,0.3391624255393708,True,True,2023
2023-06-02,EXXO34,LSTM,61.474342346191406,61.307736453077155,61.89535464803751,60.826172118166305,60.98953706395051,0.16660589311425156,0.4848052822408988,False,True,2023
2023-06-05,EXXO34,LSTM,60.92899703979492,61.206107620468686,61.623089229047466,61.127072880129546,61.19409550897584,0.2771105806737637,0.26509846918091995,True,False,2023
2023-06-06,EXXO34,LSTM,61.07943344116211,61.197333926860324,61.08196139839507,61.041490290771804,60.636764265492836,0.11790048569821465,0.44266917566927333,False,True,2023
2023-06-07,EXXO34,LSTM,62.67789077758789,61.18869437969937,61.88421187303866,61.15524607523987,61.92457228424418,1.48919639788852,0.7533184933437127,True,True,2023
2023-06-08,EXXO34,LSTM,62.67789077758789,61.261806773276135,61.41285464137771,62.039199018087174,61.75525690438877,1.416084004311756,0.9226338731991177,True,False,2023
2023-06-09,EXXO34,LSTM,61.540164947509766,61.350338269086706,61.350338269086706,62.022690720829665,61.98054261251323,0.18982667842306,0.4403776650034672,False,False,2023
2023-06-12,EXXO34,LSTM,60.92899703979492,61.36626815971641,60.95951759612956,61.48721269650417,61.0495259456011,0.4372711199214905,0.12052890580617515,True,True,2023
2023-06-13,EXXO34,LSTM,60.740943908691406,61.18918968965903,61.67266134432676,60.92882799102148,61.65394533268349,0.4482457809676248,0.9130014239920854,False,True,2023
2023-06-14,EXXO34,LSTM,59.35876083374024,61.00793720129576,60.56481455839135,60.76600113381181,59.941815993242,1.649176367555519,0.583055159501761,True,True,2023
2023-06-15,EXXO34,LSTM,59.753665924072266,60.71481173527292,60.26167357637595,59.66865212372211,59.48987619250977,0.9611458112006517,0.26378973156249685,True,True,2023
2023-06-16,EXXO34,LSTM,59.51860427856445,60.4961323880828,60.4961323880828,59.68237832142012,59.9977148941821,0.9775281095183459,0.47911061561764967,True,False,2023
2023-06-19,EXXO34,LSTM,59.23652267456055,60.30837379702024,60.914965915997215,59.72761191869181,60.279734664114855,1.071851122459691,1.0432119895543082,True,True,2023
2023-06-20,EXXO34,LSTM,58.23984909057617,60.14499374303472,59.74649848671207,59.23074703786822,58.42628603244958,1.9051446524585458,0.18643694187340998,True,False,2023
2023-06-21,EXXO34,LSTM,58.44670486450195,59.83737788095243,60.3274787217063,58.597884697235486,59.3357598742897,1.390673016450478,0.8890550097877465,True,True,2023
2023-06-22,EXXO34,LSTM,57.873146057128906,59.53815391105127,58.90393209645648,58.71166994721874,57.692607430395434,1.6650078539223614,0.18053862673347254,True,True,2023
2023-06-23,EXXO34,LSTM,57.73210525512695,59.1666404844334,59.1666404844334,57.84584708954948,58.19297509736793,1.434535229306448,0.4608698422409745,True,True,2023
2023-06-26,EXXO34,LSTM,58.57834243774414,58.75634841555711,58.35421345660345,57.88872509673399,57.426198314359574,0.17800597781297256,1.1521441233845664,False,True,2023
2023-06-27,EXXO34,LSTM,59.23652267456055,58.41232727143978,58.042394021173095,58.375413601476424,58.27406884104099,0.8241954031207683,0.9624538335195538,False,True,2023
2023-06-28,EXXO34,LSTM,60.05455780029297,58.053627410288755,58.3388529708831,58.64393782305253,59.15932587884248,2.000930390004214,0.8952319214504882,True,True,2023
2023-06-29,EXXO34,LSTM,60.63751220703125,57.967778843426345,58.10026834461236,59.038046718478064,59.0023469787482,2.669733363604905,1.63516522828305,True,False,2023
2023-06-30,EXXO34,LSTM,60.72214126586914,58.10946070954361,58.693935778014996,59.862648384515715,60.376632639354966,2.612680556325529,0.34550862651417447,True,True,2023
2023-07-03,EXXO34,LSTM,60.97600936889648,58.42817461040954,58.041054270563535,59.849473889952236,59.10044898118373,2.5478347584869354,1.8755603877127456,True,False,2023
2023-07-04,EXXO34,LSTM,60.38364791870117,58.76899945744344,58.76899945744344,60.15169016039736,60.489648782060144,1.6146484612577297,0.10600086335897174,True,False,2023
2023-07-05,EXXO34,LSTM,60.75034713745117,59.08965332231804,59.62717352546445,60.073163584019554,60.568638665377286,1.6606938151331292,0.18170847207388618,True,True,2023
2023-07-06,EXXO34,LSTM,59.43397903442383,59.38867091306935,58.9784436825823,60.48621735175346,59.69438958148,0.04530812135448059,0.26041054705617483,False,True,2023
2023-07-07,EXXO34,LSTM,59.06727600097656,59.45794981393749,59.91490477213154,59.417448726795946,60.14869252582247,0.3906738129609266,1.0814165248459062,False,True,2023
2023-07-10,EXXO34,LSTM,59.913516998291016,59.38836392408393,59.66392145182076,58.899714992870166,58.83864588158177,0.5251530742070827,1.0748711167092466,False,False,2023
2023-07-11,EXXO34,LSTM,60.50587844848633,59.33085895371522,60.01857422911339,59.74359350373264,60.25680871128204,1.1750194947711066,0.24906973720428738,True,True,2023
2023-07-12,EXXO34,LSTM,60.19559097290039,59.38931068843391,59.87574161390164,60.160053632722,60.17228675494939,0.8062802844664816,0.023304217951000794,True,True,2023
2023-07-13,EXXO34,LSTM,58.86981964111328,59.516718856599084,59.10135618455638,60.049638240546756,59.31418338906642,0.6468992154858029,0.4443637479531404,True,True,2023
2023-07-14,EXXO34,LSTM,56.763633728027344,59.54549326956811,59.18076888606414,59.11176079918169,59.01959992241071,2.7818595415407685,2.255966194383369,True,True,2023
2023-07-17,EXXO34,LSTM,57.290184020996094,59.384295675092346,59.3855427792425,57.32595394827858,57.52137492906225,2.0941116540962526,0.2311909080661536,True,False,2023
2023-07-18,EXXO34,LSTM,56.98930358886719,59.126422347604716,59.7211261932112,57.87219795079865,58.40904499442463,2.137118758737529,1.4197414055574455,True,True,2023
2023-07-19,EXXO34,LSTM,57.167945861816406,58.84427625235435,59.32624304779463,57.48829026844512,57.50764510445748,1.6763303905379416,0.33969924264107476,True,True,2023
2023-07-20,EXXO34,LSTM,58.28685760498047,58.55936983597462,59.26947256357157,57.5541962437825,57.92739505210324,0.27251223099415256,0.3594625528772255,False,True,2023
2023-07-21,EXXO34,LSTM,58.19283676147461,58.32857345294843,58.91525239552467,58.255308502826715,58.361859530772996,0.1357366914738236,0.16902276929838678,False,True,2023
2023-07-24,EXXO34,LSTM,58.49371719360352,58.199207262598975,58.674280560359975,58.150323765463476,58.2357998567135,0.2945099310045478,0.2579173368900243,True,True,2023
2023-07-25,EXXO34,LSTM,59.06727600097656,58.18440471807537,57.964937537961916,58.42107690460038,57.889589257797994,0.882871282901192,1.177686743178569,False,True,2023
2023-07-26,EXXO34,LSTM,58.27745819091797,58.24207479176397,58.24207479176397,58.61490228487597,58.81362920508221,0.03538339915400002,0.5361710141642391,False,False,2023
2023-07-27,EXXO34,LSTM,58.74758529663086,58.31950566905152,58.81320509154087,58.26262393054426,58.70606032233196,0.4280796275793364,0.041524974298901896,True,True,2023
2023-07-28,EXXO34,LSTM,57.89194488525391,58.427617386704924,58.15442849364871,58.50576215750556,57.8947441325653,0.5356725014510104,0.002799247311386921,True,False,2023
2023-07-31,EXXO34,LSTM,59.39636993408203,58.46052454214987,59.21861387002336,58.105576033658366,59.05066121763933,0.9358453919321619,0.34570871644270085,True,True,2023
2023-08-01,EXXO34,LSTM,59.86649703979492,58.56353611506239,58.09153868913332,59.022900785453395,58.02189501899251,1.3029609247325311,1.8446020208024123,False,False,2023
2023-08-02,EXXO34,LSTM,59.36817169189453,58.65895551499949,58.15190692193212,59.5285576244584,59.39053518823707,0.7092161768950405,0.022363496342535427,True,True,2023
2023-08-03,EXXO34,LSTM,61.63419342041016,58.770606635072966,59.30562681640466,59.18472095768882,60.02240760003037,2.8635867853371977,1.6117858203797937,True,True,2023
2023-08-04,EXXO34,LSTM,61.44614028930664,59.02469032542132,59.524359435986796,60.90149829255607,61.0152145521103,2.4214499638853226,0.43092573719633975,True,True,2023
2023-08-07,EXXO34,LSTM,62.02911376953125,59.40049385861687,59.12275610564937,60.69937941872483,60.125283518458495,2.628619910914381,1.9038302510727547,True,False,2023
2023-08-08,EXXO34,LSTM,61.75643157958984,59.83920691616805,60.09003387184673,61.30262619995053,61.810288101213345,1.9172246634217842,0.05385652162350851,True,False,2023
2023-08-09,EXXO34,LSTM,63.18562316894531,60.26080856245659,60.84905541761046,61.41930425905312,61.79785368685839,2.9248146064887237,1.3877694820869237,True,True,2023
2023-08-10,EXXO34,LSTM,63.035186767578125,60.75503503158035,60.55542093030641,62.466117730348316,61.904269578576844,2.2801517359977765,1.1309171890012806,True,False,2023
2023-08-11,EXXO34,LSTM,64.57721710205078,61.2555457458173,61.730321086460165,62.70494969165786,63.34689195012921,3.3216713562334803,1.2303251519215692,True,True,2023
2023-08-14,EXXO34,LSTM,65.1131591796875,61.77643382136341,61.68495240503644,63.76127153233404,63.36233525755771,3.336725358324088,1.7508239221297899,True,False,2023
2023-08-15,EXXO34,LSTM,63.67969512939453,62.348145342301564,61.944524976380116,64.5292450669313,64.22735052139177,1.3315497870929676,0.5476553919972389,True,True,2023
2023-08-16,EXXO34,LSTM,62.53546524047852,62.835243991537084,63.467251810675876,63.643321299216005,64.52442066981918,0.299778751058561,1.9889554293406562,False,True,2023
2023-08-17,EXXO34,LSTM,64.0579605102539,63.10203805777735,63.63219868998209,62.8549015275821,62.87557716705744,0.9559224524765568,1.182383343196463,False,True,2023
2023-08-18,EXXO34,LSTM,64.41730499267578,63.32389048439654,62.92104525002213,63.80689864923375,63.09456862714484,1.0934145082792384,1.3227363655309432,False,False,2023
2023-08-21,EXXO34,LSTM,64.1619873046875,63.55111908786955,63.55111908786955,64.06803173873732,64.38595826569522,0.6108682168179485,0.22397096100772274,True,False,2023
2023-08-22,EXXO34,LSTM,63.00828552246094,63.74869100750789,63.74869100750789,63.93292581651517,63.91708008646973,0.7404054850469493,0.9087945640087938,False,False,2023
2023-08-23,EXXO34,LSTM,61.33450698852539,63.87266812230666,63.53090663862899,63.331655389028164,62.94787858806218,2.538161133781273,1.6133715995367908,True,True,2023
2023-08-24,EXXO34,LSTM,61.35341262817383,63.814479521004046,63.77337326444523,61.91919564319698,62.08711862956713,2.4610668928302175,0.7337060013933012,True,False,2023
2023-08-25,EXXO34,LSTM,62.1761360168457,63.575580176606536,63.575580176606536,61.81701846402826,61.81200965655767,1.399444159760833,0.3641263602880329,True,False,2023
2023-08-28,EXXO34,LSTM,62.88535690307617,63.353433659698794,63.353433659698794,62.31757552101912,62.31480115301013,0.46807675662262227,0.5705557500660419,False,False,2023
2023-08-29,EXXO34,LSTM,62.87590026855469,63.23175767242094,63.23175767242094,62.78780226023092,62.79285499824446,0.35585740386625275,0.08304527031022957,True,False,2023
2023-08-30,EXXO34,LSTM,64.99415588378906,63.20026937363127,63.74869903159113,63.02652973479414,63.550011077412535,1.7938865101577903,1.4441448063765279,True,True,2023
2023-08-31,EXXO34,LSTM,64.84284973144531,63.33331685206633,62.91132500457612,64.62123967203719,63.8220388716955,1.5095328793789804,1.0208108597498153,True,True,2023
2023-09-01,EXXO34,LSTM,66.02489471435547,63.60803329792179,64.06582916956339,64.56714639608016,65.33846743082003,2.416861416433676,0.686427283535437,True,True,2023
2023-09-04,EXXO34,LSTM,67.11238861083984,63.96698339379202,63.98137060776518,65.36142176741208,65.051922784152,3.1454052170478235,2.060465826687846,True,False,2023
2023-09-05,EXXO34,LSTM,66.63957214355469,64.42091949338464,64.97851835269337,66.46288844955029,67.04332732380917,2.2186526501700428,0.4037551802544783,True,True,2023
2023-09-06,EXXO34,LSTM,67.26368713378906,64.94117037330557,65.150989557001,66.11915162556001,65.94536793366638,2.322516760483495,1.318319200122687,True,False,2023
2023-09-07,EXXO34,LSTM,67.26368713378906,65.45370267302178,65.45370267302178,66.75533768995209,66.65771578546284,1.8099844607672821,0.6059713483262215,True,False,2023
2023-09-08,EXXO34,LSTM,67.9445571899414,65.90343895691478,65.90343895691478,66.85296001044463,66.87597840137974,2.041118233026623,1.0685787885616662,True,False,2023
2023-09-11,EXXO34,LSTM,66.45044708251953,66.34719024546189,65.88514080422723,67.70779292861405,67.23994263257715,0.10325683705764277,0.7894955500576231,False,True,2023
2023-09-12,EXXO34,LSTM,68.76726531982422,66.69297851104989,67.29854698168435,66.70691748663327,67.60307334880224,2.074286808774332,1.1641919710219781,True,True,2023
2023-09-13,EXXO34,LSTM,67.60413360595703,67.07007965315017,67.18295210272686,68.32351736072087,68.01384577918478,0.5340539528068575,0.4097121732277458,True,False,2023
2023-09-14,EXXO34,LSTM,68.1147689819336,67.45898568262237,68.00044580325876,67.77296616760407,68.23971434988401,0.6557832993112243,0.12494536795041711,True,True,2023
2023-09-15,EXXO34,LSTM,67.28260803222656,67.81644984861362,68.64691254608063,68.06613796030216,68.53209253873074,0.5338418163870529,1.2494845065041744,False,False,2023
2023-09-18,EXXO34,LSTM,67.41499328613281,68.07250445984312,67.26043543534968,67.71450543969043,66.31146935818185,0.6575111737103043,1.1035239279509597,False,True,2023
2023-09-19,EXXO34,LSTM,67.49065399169922,68.2303948284424,68.2303948284424,67.63061085978426,68.25637186806028,0.7397408367431808,0.7657178763610659,False,False,2023
2023-09-20,EXXO34,LSTM,67.13130187988281,68.34829407727784,68.34829407727784,67.69876827283196,67.65171415696308,1.2169921973950295,0.5204122770802684,True,False,2023
2023-09-21,EXXO34,LSTM,66.93272399902344,68.35078094603364,67.83541107688524,67.53422133009258,66.97579161143217,1.4180569470102,0.043067612408734135,True,True,2023
2023-09-22,EXXO34,LSTM,66.8759765625,68.28421335124676,68.28978490640537,67.19026872147492,67.5542515884708,1.4082367887467626,0.6782750259708052,True,False,2023
2023-09-25,EXXO34,LSTM,68.05804443359375,68.22235120107666,68.46451623123379,67.14577786147262,67.35213428460249,0.16430676748291262,0.7059101489912649,False,False,2023
2023-09-26,EXXO34,LSTM,68.82400512695312,68.21152145518784,67.7573194232312,68.23043054416834,67.5870140916112,0.6124836717652897,1.23699103534193,False,True,2023
2023-09-27,EXXO34,LSTM,71.42453002929688,68.28410500219309,68.7882891909096,68.76838818597341,69.58633922627271,3.140425027103788,1.8381908030241618,True,True,2023
2023-09-28,EXXO34,LSTM,71.03680419921875,68.58980927739981,68.14298855892578,70.78197164066403,69.95813478336926,2.4469949218189413,1.0786694158494896,True,True,2023
2023-09-29,EXXO34,LSTM,69.73181915283203,69.08826651909567,68.85805593205053,70.41906646931726,70.56030388167918,0.6435526337363626,0.828484728847144,False,False,2023
2023-10-02,EXXO34,LSTM,69.02259063720703,69.55271763637359,69.09962415800543,69.91482487897026,69.56095275857002,0.5301269991665549,0.5383621213629937,False,True,2023
2023-10-03,EXXO34,LSTM,70.45996856689453,69.81359636023103,70.4187026928458,69.4718274758787,70.34351274345875,0.6463722066635,0.11645582343578553,True,True,2023
2023-10-04,EXXO34,LSTM,67.63249206542969,69.95415603972094,69.49560137014232,70.49191064694041,69.56531340204585,2.321663974291255,1.9328213366161577,True,True,2023
2023-10-05,EXXO34,LSTM,66.45989227294922,69.92140882811714,69.26058545920361,68.3382817847656,67.97836521893902,3.4615165551679183,1.5184729459897994,True,True,2023
2023-10-06,EXXO34,LSTM,65.41968536376953,69.6548340397236,70.23663913797827,67.43353133462719,68.38315802223825,4.235148675954065,2.963472658468717,True,True,2023
2023-10-09,EXXO34,LSTM,66.97055053710938,69.1905635042018,69.69560773368823,66.4776763256752,66.4473013827974,2.22001296709243,0.5232491543119693,True,True,2023
2023-10-10,EXXO34,LSTM,66.28968048095703,68.77460116818315,69.12726184196516,67.33427704287251,67.38533509184728,2.484920687226122,1.09565461089025,True,False,2023
2023-10-11,EXXO34,LSTM,63.67024230957031,68.42625896061566,67.71905713256646,66.89444322069309,65.92503300042672,4.756016651045343,2.25479069085641,True,True,2023
2023-10-12,EXXO34,LSTM,63.67024230957031,67.7658456810683,67.7658456810683,64.43204627555724,64.90773086155855,4.095603371497987,1.2374885519882355,True,False,2023
2023-10-13,EXXO34,LSTM,65.95870971679688,67.00067950453149,67.63221819930806,64.42521943874624,64.95464335837052,1.0419697877346152,1.004066358426357,True,True,2023
2023-10-16,EXXO34,LSTM,65.30620574951172,66.50866129231122,66.40532716328445,65.82351430825457,65.31883755823726,1.2024555427994983,0.012631808725544147,True,False,2023
2023-10-17,EXXO34,LSTM,66.13838958740234,66.23502833699251,66.8017484699069,65.47886528606669,66.12010634488108,0.09663874959016994,0.018283242521263787,True,True,2023
2023-10-18,EXXO34,LSTM,67.2353286743164,65.99257411173869,66.65633890668931,66.03577780836702,66.27968020744422,1.2427545625777157,0.9556484668721907,True,True,2023
2023-10-19,EXXO34,LSTM,67.44336700439453,65.9926411849624,65.55540189324735,66.66380209614783,65.83636807995902,1.4507258194321366,1.6069989244355156,False,False,2023
2023-10-20,EXXO34,LSTM,65.93033599853516,66.12163847258148,65.68343704297898,67.08986746681562,67.00034787362259,0.19130247404632428,1.070011875087431,False,True,2023
2023-10-23,EXXO34,LSTM,64.70098114013672,66.32351855697311,65.77656755987203,66.1569602242632,65.83530513458985,1.6225374168363942,1.1343239944531263,True,True,2023
2023-10-24,EXXO34,LSTM,63.944480895996094,66.33958001431085,65.88379435782971,65.26964366306514,65.10839418383621,2.3950991183147607,1.163913287840117,True,True,2023
2023-10-25,EXXO34,LSTM,64.20927429199219,66.21946734909318,66.52703734019096,64.71448752205467,65.24770674594748,2.0101930571009916,1.038432453955295,True,True,2023
2023-10-26,EXXO34,LSTM,63.26361083984375,66.02671438260404,65.452801044327,64.83171111854973,63.96607111026787,2.763103542760291,0.702460270424119,True,True,2023
2023-10-27,EXXO34,LSTM,62.2612419128418,65.73586940618713,66.18078508154775,63.949748914033286,64.76344481308017,3.474627493345338,2.502202900238373,True,True,2023
2023-10-30,EXXO34,LSTM,62.81916809082031,65.411064740661,64.97883334409747,63.215764227093004,62.355280721429644,2.5918966498406917,0.4638873693906689,True,True,2023
2023-10-31,EXXO34,LSTM,62.98938751220703,65.05555601711467,65.13117755028226,63.491347959664125,63.85927103751254,2.066168504907637,0.8698835253055108,True,True,2023
2023-11-01,EXXO34,LSTM,62.2612419128418,64.75984565223985,64.25026897397916,63.5226175526585,62.892597819877,2.4986037393980496,0.6313559070352,True,True,2023
2023-11-02,EXXO34,LSTM,62.2612419128418,64.4980227437718,64.92693086129182,62.92610689505187,63.673643251169366,2.2367808309300017,1.4124013383275695,True,True,2023
2023-11-03,EXXO34,LSTM,62.27068710327149,64.24881476083885,63.758477367919376,62.82784276878358,61.94942792363106,1.978127657567363,0.32125917964042827,True,True,2023
2023-11-06,EXXO34,LSTM,61.14538192749024,63.98859645026096,63.98859645026096,62.568540384218544,62.95003210336256,2.8432145227707153,1.8046501758723181,True,False,2023
2023-11-07,EXXO34,LSTM,59.85930252075195,63.68496628551031,63.235358165532325,61.859654976372816,61.315042393223514,3.8256637647583602,1.4557398724715611,True,True,2023
2023-11-08,EXXO34,LSTM,59.82146835327149,63.23308881793753,62.685672652614755,60.77409263755847,60.48145720916115,3.4116204646660364,0.659988855889658,True,True,2023
2023-11-09,EXXO34,LSTM,60.105167388916016,62.672655917539146,63.20889568044793,60.517650057475166,61.36898868359775,2.56748852862313,1.2638212946817333,True,True,2023
2023-11-10,EXXO34,LSTM,60.09570693969727,62.154809354714075,62.72872097392106,60.57675690737055,60.69461365914112,2.0591024150168025,0.5989067194438462,True,True,2023
2023-11-13,EXXO34,LSTM,61.01061248779297,61.71318119167114,62.241211497170084,60.423194543905325,60.53781300175525,0.7025687038781712,0.47279948603772226,True,True,2023
2023-11-14,EXXO34,LSTM,61.581687927246094,61.44203510510823,61.3981090462131,60.87398009439397,60.51568935145266,0.13965282213786168,1.0659985757934365,False,False,2023
2023-11-15,EXXO34,LSTM,61.581687927246094,61.33903127141383,61.33903127141383,61.27595504871394,61.36968126570952,0.24265665583226337,0.2120066615365772,True,False,2023
2023-11-16,EXXO34,LSTM,59.13555908203125,61.311399682987144,60.780316687317445,61.49356484948222,60.937220878952196,2.175840600955894,1.8016617969209463,True,True,2023
2023-11-17,EXXO34,LSTM,61.220001220703125,60.95406708370393,61.4901747540654,59.45510210556046,60.29839601283453,0.2659341369991921,0.9216052078685948,False,True,2023
2023-11-20,EXXO34,LSTM,60.43952560424805,60.63272700815605,61.2776871935342,60.96940004023614,61.200002583597595,0.1932014039080059,0.7604769793495478,False,True,2023
2023-11-21,EXXO34,LSTM,60.91542816162109,60.440461612408455,60.38938067979276,60.0823790556134,59.619457868781616,0.47496654921263115,1.2959702928394705,False,False,2023
2023-11-22,EXXO34,LSTM,61.08674621582031,60.35651689320349,60.62586943591119,60.48506379787169,60.86825048375178,0.7302293226168217,0.2184957320685328,True,False,2023
2023-11-23,EXXO34,LSTM,60.61084747314453,60.31195705500966,60.31195705500966,60.58447284341068,60.41629976278601,0.2988904181348744,0.19454771035852048,True,False,2023
2023-11-24,EXXO34,LSTM,61.29615020751953,60.302871212937134,60.302871212937134,60.26469833796655,60.296915138897546,0.993278994582397,0.9992350686219851,False,False,2023
2023-11-27,EXXO34,LSTM,60.91542816162109,60.34339117927249,60.051145723531,60.92723687245217,60.61448158494514,0.5720369823485996,0.3009465766759476,True,True,2023
2023-11-28,EXXO34,LSTM,60.16350173950195,60.36088955144112,60.85939368426113,60.715060220861844,61.391338733343034,0.19738781193916566,1.2278369938410805,False,True,2023
2023-11-29,EXXO34,LSTM,59.44013595581055,60.39357742903934,60.56440703003765,60.030295132827234,59.83380665620987,0.9534414732287928,0.3936707003993263,True,False,2023
2023-11-30,EXXO34,LSTM,60.10639572143555,60.36438509829185,60.91400406569255,59.710007297585506,60.124143338669356,0.2579893768563011,0.01774761723380891,True,True,2023
2023-12-01,EXXO34,LSTM,59.706642150878906,60.37564050117726,59.93664638974047,60.27447779608756,59.43720230224569,0.6689983502983523,0.269439848633219,True,True,2023
2023-12-04,EXXO34,LSTM,60.18253707885742,60.23972951203791,59.80096555085175,59.81375988157336,59.68739723000575,0.05719243318048939,0.4951398488516716,False,True,2023
2023-12-05,EXXO34,LSTM,58.9927864074707,60.13237365802087,59.520919699528086,60.146725195022675,59.79716503441093,1.1395872505501643,0.8043786269402275,True,True,2023
2023-12-06,EXXO34,LSTM,58.48833084106445,59.91957095712297,59.447075895831944,59.14199783807663,59.02219901275345,1.4312401160585182,0.5338681716889937,True,True,2023
2023-12-07,EXXO34,LSTM,57.39375305175781,59.6250988671473,60.16111429900962,58.66357121828711,59.4455922553271,2.2313458153894885,2.051839203569287,True,True,2023
2023-12-08,EXXO34,LSTM,58.374114990234375,59.29750550335871,59.96045589992932,57.855931255390345,58.051742960965655,0.9233905131243318,0.32237202926872044,True,True,2023
2023-12-11,EXXO34,LSTM,58.51688003540039,59.01789271217285,59.01789271217285,58.314663313932975,57.915360648527866,0.5010126767724614,0.6015193868725248,False,False,2023
2023-12-12,EXXO34,LSTM,57.77447891235352,58.813383873359896,58.39510541729869,58.53855678773257,58.14322266985974,1.0389049610063736,0.36874375750621624,True,True,2023
2023-12-13,EXXO34,LSTM,57.68881988525391,58.59801691152501,59.13155306026899,57.89751467199998,58.68204175647544,0.9091970262710944,0.9932218712215288,False,True,2023
2023-12-14,EXXO34,LSTM,59.2402572631836,58.348618027878445,58.81594748698095,57.79758284998138,57.827228368498986,0.8916392353051563,1.413028894684615,False,True,2023
2023-12-15,EXXO34,LSTM,58.945194244384766,58.184035815345,57.95089119938738,58.76208407262798,58.21973229120701,0.7611584290397673,0.7254619531777564,True,True,2023
2023-12-18,EXXO34,LSTM,59.84941101074219,58.16955573824305,58.13200094073399,58.446045782687285,58.629854251116925,1.6798552724991396,1.219556759625263,True,False,2023
2023-12-19,EXXO34,LSTM,59.50675964355469,58.25973052803437,58.25973052803437,59.17696892356117,59.230278680217545,1.24702911552032,0.2764809633371428,True,False,2023
2023-12-20,EXXO34,LSTM,59.3354377746582,58.414783183323095,58.13187805320315,59.094309739482576,58.7634429865074,0.9206545913351079,0.5719947881508034,True,True,2023
2023-12-21,EXXO34,LSTM,58.85953140258789,58.60759032433907,58.65875699636113,58.97907560855398,59.253356675304005,0.2519410782488194,0.3938252727161142,False,False,2023
2023-12-22,EXXO34,LSTM,58.87856674194336,58.7448814740431,58.81732814325491,58.673876573419065,58.703860333778785,0.1336852679002618,0.1747064081645746,False,False,2023
2023-12-26,EXXO34,LSTM,58.65013122558594,58.840785864982365,59.23705701244014,58.87088960033346,59.17507543553032,0.19065463939642768,0.5249442099443797,False,True,2023
2023-12-27,EXXO34,LSTM,58.25989532470703,58.88769068626647,58.806438825891014,58.55522700716628,58.211676589547075,0.6277953615594356,0.04821873515995634,True,False,2023
2023-12-28,EXXO34,LSTM,57.879173278808594,58.870512201780116,58.891412265143316,58.25551312741501,58.37277059315464,0.9913389229715222,0.49359731434604726,True,False,2023
2023-12-29,EXXO34,LSTM,57.879173278808594,58.83255907612113,58.7539555091932,57.98877680413954,57.899728878230434,0.953385797312535,0.020555599421840043,True,False,2023
2024-01-02,EXXO34,LSTM,59.868446350097656,58.75221051360245,58.65712977334638,57.954031969957235,57.93273598863843,1.116235836495207,1.935710361459229,False,False,2024
2024-01-03,EXXO34,LSTM,60.46808242797852,58.66488633581855,59.28080963767991,59.51047559276291,60.19547865526208,1.803196092159972,0.27260377271644387,True,True,2024
2024-01-04,EXXO34,LSTM,59.48772048950195,58.717660064176755,58.63768238027267,59.71884789022542,59.23190290829435,0.7700604253251981,0.25581758120760156,True,False,2024
2024-01-05,EXXO34,LSTM,59.38302612304688,58.88714120177997,58.97064197630824,59.13664450449999,59.32793799789418,0.49588492126691364,0.05508812515270023,True,False,2024
2024-01-08,EXXO34,LSTM,58.44073867797852,59.0152381603578,58.54784793519194,59.305334451950515,58.7398182764183,0.5744994823792737,0.29907959843977494,True,True,2024
2024-01-09,EXXO34,LSTM,58.02194213867188,59.0002808314718,59.51998116469017,58.595785888042265,59.40683244155552,0.978338692799916,1.3848903028836403,False,True,2024
2024-01-10,EXXO34,LSTM,57.23194885253906,58.92017992393295,58.55928567117374,58.29951817749609,57.49630337325814,1.6882310713938864,0.26435452071907406,True,True,2024
2024-01-11,EXXO34,LSTM,57.2509880065918,58.74156908868787,59.27641228295633,57.62304897392021,58.40170498971872,1.490581082096071,1.1507169831269266,True,True,2024
2024-01-12,EXXO34,LSTM,58.15519714355469,58.52652201453526,58.430200467074755,57.420657641524436,56.93241221446695,0.37132487098057254,1.2227849290877373,False,False,2024
2024-01-15,EXXO34,LSTM,58.364593505859375,58.35179368704689,58.87924648378317,58.20283534935458,58.826968918222455,0.012799818812482044,0.46237541236308033,False,True,2024
2024-01-16,EXXO34,LSTM,57.15580749511719,58.2466202925396,57.709752709433104,58.29367315354606,57.352233287841514,1.0908127974224158,0.1964257927243267,True,True,2024
2024-01-17,EXXO34,LSTM,56.82267761230469,58.04436356619948,58.049731013702115,57.116684757864746,57.54045751302567,1.2216859538947915,0.7177799007209842,True,False,2024
2024-01-18,EXXO34,LSTM,56.860748291015625,57.82346306340901,58.056079539518656,56.87315727771635,57.07263847347999,0.9627147723933831,0.21189018246436575,True,False,2024
2024-01-19,EXXO34,LSTM,56.68942260742188,57.58312938391998,57.780178415927125,56.81884165618302,56.866711799699665,0.8937067764980995,0.17728919227778306,True,False,2024
2024-01-22,EXXO34,LSTM,57.28905487060547,57.358408287117754,57.86377690128594,56.81257563140971,57.165202860564484,0.06935341651228555,0.12385201004098434,False,True,2024
2024-01-23,EXXO34,LSTM,57.5841178894043,57.132871992673586,57.014552972042495,56.967806908538556,56.5320411144947,0.45124589673071114,1.0520767749095938,False,False,2024
2024-01-24,EXXO34,LSTM,58.278926849365234,57.02125956869071,57.163742934864736,57.164148198927414,57.453213028280636,1.257667280674525,0.825713821084598,True,False,2024
2024-01-25,EXXO34,LSTM,59.58290100097656,57.00277315634213,57.47338780452421,57.85406233465925,58.20631058162124,2.5801278446344327,1.376590419355324,True,True,2024
2024-01-26,EXXO34,LSTM,60.04928970336914,57.155803295962244,57.24376039030305,58.792672142444566,58.55069051888617,2.893486407406897,1.4985991844829698,True,True,2024
2024-01-29,EXXO34,LSTM,60.50614929199219,57.464987639583455,56.99829405522528,59.29933719739947,58.797413483992194,3.041161652408732,1.708735807999993,True,True,2024
2024-01-30,EXXO34,LSTM,61.59120941162109,57.88994294705719,57.84375586217962,59.660818795958875,59.98730575712375,3.7012664645638935,1.603903654497337,True,False,2024
2024-01-31,EXXO34,LSTM,60.78217697143555,58.382750559525675,58.50155575954086,60.610935460750824,60.768297266500355,2.3994264119098716,0.013879704935192194,True,False,2024
2024-02-01,EXXO34,LSTM,59.56386947631836,58.898943509412504,59.595204268672425,60.35272818314032,60.924201031698644,0.6649259669058551,1.3603315553802844,False,True,2024
2024-02-02,EXXO34,LSTM,60.582298278808594,59.26244426553711,59.26244426553711,59.411266551758324,58.897333832997276,1.319854013271481,1.6849644458113175,False,False,2024
2024-02-05,EXXO34,LSTM,60.20157623291016,59.48806053190185,59.48806053190185,60.20547752565345,60.28573744997541,0.713515701008312,0.08416121706524393,True,False,2024
2024-02-06,EXXO34,LSTM,60.13494491577149,59.64368846907081,60.24359506734562,60.07563596658454,60.64298737579627,0.4912564467006817,0.5080424600247753,False,True,2024
2024-02-07,EXXO34,LSTM,60.43001174926758,59.79362550118242,59.397458262021075,59.93373749540262,59.11253931133272,0.6363862480851594,1.3174724379348604,False,False,2024
2024-02-08,EXXO34,LSTM,61.86723327636719,59.87344263739021,60.37841566952337,60.30558777307248,61.12052815672055,1.993790638976975,0.7467051196466343,True,True,2024
2024-02-09,EXXO34,LSTM,60.49170684814453,60.05683372969389,59.55347651128699,61.42231625589862,60.53055344122037,0.43487311845063914,0.0388465930758386,True,True,2024
2024-02-12,EXXO34,LSTM,60.49170684814453,60.259289095965755,60.153923583021516,60.288466601952784,60.5647353312259,0.23241775217877603,0.07302848308136589,True,False,2024
2024-02-13,EXXO34,LSTM,60.49170684814453,60.45064126397523,60.46279167841256,60.43842221844745,60.48869031360173,0.04106558416930284,0.0030165345428017076,True,False,2024
2024-02-14,EXXO34,LSTM,59.89780426025391,60.62054289909628,60.565746631385316,60.4885368864827,60.41636607535377,0.7227386388423653,0.5185618150998579,True,False,2024
2024-02-15,EXXO34,LSTM,61.63160705566406,60.66572187473969,61.293903809813045,60.18235698294168,60.8125522078,0.9658851809243743,0.8190548478640594,True,True,2024
2024-02-16,EXXO34,LSTM,61.8136100769043,60.71567336822358,60.398428285746,61.28539784446201,60.54617248888372,1.0979367086807201,1.2674375880205773,False,False,2024
2024-02-19,EXXO34,LSTM,61.11434173583984,60.85899594858222,61.00275759224916,61.41442712134869,61.83710255230677,0.2553457872576175,0.7227608164669306,False,False,2024
2024-02-20,EXXO34,LSTM,60.58749771118164,60.99620196688693,61.047665533424336,60.9602558017345,60.87366227671346,0.40870425570528823,0.2861645655318199,True,False,2024
2024-02-21,EXXO34,LSTM,61.449615478515625,61.00734644097929,61.5507735434768,60.651516755301444,61.12183834808023,0.4422690375363345,0.32777713043539336,True,True,2024
2024-02-22,EXXO34,LSTM,62.12972259521485,61.027161419105084,60.90178363537122,61.20889205537354,60.713940609667,1.1025611761097664,1.4157819855478522,False,False,2024
2024-02-23,EXXO34,LSTM,62.12972259521485,61.093605186402044,60.5537752265429,61.84932623725067,61.42941942449477,1.0361174088128067,0.7003031707200833,True,True,2024
2024-02-26,EXXO34,LSTM,62.48414611816406,61.2022896061963,61.25264151794561,61.70673320084146,62.133827030804795,1.28185651196776,0.3503190873592672,True,False,2024
2024-02-27,EXXO34,LSTM,61.53582382202149,61.357530582459276,61.48802070342825,62.03574730253116,62.09927189500713,0.17829323956221543,0.5634480729856364,False,False,2024
2024-02-28,EXXO34,LSTM,62.244667053222656,61.52113507377027,61.27963210626702,61.50304027714531,61.11898157811288,0.7235319794523889,1.1256854751097762,False,True,2024
2024-02-29,EXXO34,LSTM,62.31173324584961,61.700677194929085,61.66084267309339,62.043975166011684,62.19574718872523,0.6110560509205243,0.11598605712438115,True,False,2024
2024-03-01,EXXO34,LSTM,62.8481559753418,61.90895503296633,61.90895503296633,62.141946907903936,62.153149638145095,0.9392009423754644,0.6950063371967019,True,False,2024
2024-03-04,EXXO34,LSTM,61.8136100769043,62.12581308415895,62.12581308415895,62.594760556228636,62.599219967429036,0.3122030072546522,0.7856098905247393,False,False,2024
2024-03-05,EXXO34,LSTM,62.445838928222656,62.28618258229591,62.28618258229591,61.86951722147862,61.84983169899633,0.1596563459267486,0.5960072292263234,False,False,2024
2024-03-06,EXXO34,LSTM,63.11636734008789,62.39119861270143,63.04311365718818,62.54562964962935,63.1821685871974,0.7251687273864604,0.06580124710951196,True,True,2024
2024-03-07,EXXO34,LSTM,63.47079849243164,62.53509905467968,62.35563417945193,62.88384591372618,62.25123072899846,0.9356994377519641,1.219567763433183,False,False,2024
2024-03-08,EXXO34,LSTM,64.53406524658203,62.70376757438032,63.35894859889453,63.33272019978341,64.14694853156054,1.8302976722017092,0.3871167150214916,True,True,2024
2024-03-11,EXXO34,LSTM,64.80227661132812,62.932229293273735,62.51103714114923,64.16601619808317,63.26409198350487,1.8700473180543895,1.5381846278232558,True,True,2024
2024-03-12,EXXO34,LSTM,64.76395416259766,63.21063476643292,63.94172677911686,64.41041156356277,65.47187427380787,1.5533193961647385,0.707920111210214,True,True,2024
2024-03-13,EXXO34,LSTM,65.43449401855469,63.47819501526703,64.14146790066552,64.46944607207804,64.5593014685016,1.9562990032876542,0.8751925500530859,True,True,2024
2024-03-14,EXXO34,LSTM,66.46903228759766,63.793191511696136,63.61011612958127,64.91815876017944,64.3261183273407,2.67584077590152,2.142913960256962,True,False,2024
2024-03-15,EXXO34,LSTM,66.63186645507812,64.19305627402582,63.97520050449851,65.79364340833965,65.76331938665255,2.438810181052304,0.8685470684255705,True,False,2024
2024-03-18,EXXO34,LSTM,67.6376724243164,64.54360157901806,64.37667965927243,65.94681238455122,65.92304634823543,3.094070845298347,1.7146260760809753,True,False,2024
2024-03-19,EXXO34,LSTM,68.03999328613281,64.9882454573883,65.56430713792383,66.95829575115869,67.62017151615044,3.05174782874451,0.4198217699823772,True,True,2024
2024-03-20,EXXO34,LSTM,67.43653106689453,65.49872428456342,65.06841050331624,67.47491867955527,66.60601147508132,1.9378067823311085,0.8305195918132142,True,True,2024
2024-03-21,EXXO34,LSTM,67.61851501464844,65.99829597366852,65.55658328320976,67.20360358230701,67.07563967540463,1.6202190409799186,0.5428753392438068,True,True,2024
2024-03-22,EXXO34,LSTM,68.14535522460938,66.41013588616875,66.03864548514775,67.30828855318121,67.21746970554037,1.7352193384406291,0.9278855190690081,True,False,2024
2024-03-25,EXXO34,LSTM,68.39441680908203,66.80529004440291,67.41355358376178,67.92638145669926,68.75117881048193,1.589126764679122,0.35676200139990044,True,True,2024
2024-03-26,EXXO34,LSTM,67.93463134765625,67.19071342572124,67.08013255965622,68.08384166898027,67.5088695963901,0.743917921935008,0.4257617512661511,True,False,2024
2024-03-27,EXXO34,LSTM,68.96916961669922,67.56635443533628,67.71706436764717,67.8812284162186,68.13531861238805,1.4028151813629393,0.8338510043111711,True,False,2024
2024-03-28,EXXO34,LSTM,69.88875579833984,67.91789551972659,68.62755808213447,68.88436001040648,69.47209124905172,1.9708602786132587,0.4166645492881287,True,True,2024
2024-04-01,EXXO34,LSTM,70.88497924804688,68.34323778810631,68.14710456328199,69.52996805245905,68.84375374272756,2.5417414599405674,2.041225505319318,True,False,2024
2024-04-02,EXXO34,LSTM,72.05362701416016,68.77270248000445,69.49129677525171,70.46629598920086,71.36984717335024,3.2809245341557016,0.6837798408099189,True,True,2024
2024-04-03,EXXO34,LSTM,71.90992736816406,69.33633425722564,69.1373510179836,71.38504470946906,70.66812308035168,2.5735931109384182,1.2418042878123856,True,False,2024
2024-04-04,EXXO34,LSTM,72.48466491699219,69.95975407416086,69.72232752143985,71.47724384371122,71.41740279113908,2.524910842831332,1.0672621258531052,True,False,2024
2024-04-05,EXXO34,LSTM,73.83531951904297,70.55825360875065,70.37577666513211,72.08461737143108,72.058018352473,3.277065910292322,1.7773011665699698,True,False,2024
2024-04-08,EXXO34,LSTM,73.04985809326172,71.18947971702926,71.18947971702926,73.25526020555137,73.38438275518972,1.860378376232461,0.33452466192800046,True,False,2024
2024-04-09,EXXO34,LSTM,72.52298736572266,71.77428599502593,71.77428599502593,72.81445202187562,72.77833046817452,0.7487013706967218,0.2553431024518602,True,False,2024
2024-04-10,EXXO34,LSTM,74.49626922607422,72.22091627271357,72.8737346672123,72.68336201045594,73.30164777662087,2.2753529533606525,1.1946214494533507,True,True,2024
2024-04-11,EXXO34,LSTM,74.14186096191406,72.67858267543988,72.53959902511583,74.13843865276476,73.55271420130026,1.4632782864741785,0.5891467606138008,True,False,2024
2024-04-12,EXXO34,LSTM,73.32763671875,73.13647609523105,73.90066672030937,74.08155111790785,74.95883310085388,0.1911606235189538,1.6311963821038802,False,True,2024
2024-04-15,EXXO34,LSTM,73.95985412597656,73.47018602107357,73.25933934510202,73.44458473375302,72.64934571771754,0.4896681049029894,1.3105084082590253,False,False,2024
2024-04-16,EXXO34,LSTM,74.86029052734375,73.82828480295063,73.57772938882657,74.07016160542163,74.01170889571125,1.032005724393116,0.8485816316324986,True,False,2024
2024-04-17,EXXO34,LSTM,74.41006469726562,74.19127477067934,73.42800950354221,74.9228178463481,74.31427350529593,0.2187899265862825,0.09579119196969543,True,True,2024
2024-04-18,EXXO34,LSTM,73.76826477050781,74.48553016254766,74.09654102691597,74.50488094039038,74.62289274656902,0.7172653920398488,0.8546279760612094,False,False,2024
2024-04-19,EXXO34,LSTM,74.4292221069336,74.68809129813383,74.87932565522898,74.10041128487134,74.4989658154823,0.2588691912002332,0.0697437085486996,True,False,2024
2024-04-22,EXXO34,LSTM,74.89860534667969,74.899036586683,75.5515009415808,74.76657824172557,75.24287570639196,0.00043124000330863055,0.3442703597122687,False,True,2024
2024-04-23,EXXO34,LSTM,74.18016052246094,75.07335473561102,75.9103579213277,75.14036771695805,75.50038899914702,0.8931942131500819,1.3202284766860828,False,True,2024
2024-04-24,EXXO34,LSTM,74.75489807128906,75.1741348339657,74.74040194974644,74.47728798778742,73.46364422955288,0.4192367626766327,1.2912538417361787,False,False,2024
2024-04-25,EXXO34,LSTM,74.71658325195312,75.25755328633852,76.00782389774479,75.04721686819796,76.14328498147202,0.5409700343853956,1.4267017295188964,False,True,2024
2024-04-26,EXXO34,LSTM,72.40803527832031,75.33635916471201,75.92175691390815,74.96181753751533,74.95398332245801,2.928323886391695,2.5459480441377025,True,True,2024
2024-04-29,EXXO34,LSTM,73.41384887695312,75.16480649639209,75.07568510940334,73.09399367293275,72.59048397492997,1.7509576194389638,0.8233649020231582,True,False,2024
2024-04-30,EXXO34,LSTM,73.27015686035156,74.97006713058556,74.3794965937356,73.90934613731254,73.39878893868189,1.6999102702339997,0.12863207833032675,True,True,2024
2024-05-01,EXXO34,LSTM,73.27015686035156,74.86546385847976,74.12784397106981,73.80529571814715,73.453862585636,1.5953069981281942,0.1837057252844403,True,True,2024
2024-05-02,EXXO34,LSTM,71.34477233886719,74.75860589416175,74.54027437244386,73.65661115828624,73.91170722253877,3.413833555294559,2.5669348836715784,True,False,2024
2024-05-03,EXXO34,LSTM,70.27191925048828,74.39818534684878,74.5164913567353,72.03929245316033,72.24435002993363,4.126266096360496,1.9724307794453466,True,False,2024
2024-05-06,EXXO34,LSTM,71.25856018066406,73.92420467232614,73.85052583118832,71.13151627801872,70.94648709680543,2.6656444916620785,0.3120730838586354,True,False,2024
2024-05-07,EXXO34,LSTM,70.7891845703125,73.50993980481508,73.50993980481508,71.74947699018367,71.80782665518427,2.720755234502576,1.0186420848717717,True,False,2024
2024-05-08,EXXO34,LSTM,70.94244384765625,73.13827675331356,73.13827675331356,71.28056847940411,71.26550880795999,2.195832905657312,0.3230649603037392,True,False,2024
2024-05-09,EXXO34,LSTM,72.94447326660156,72.83136516008017,73.4571087953197,71.45591428154746,72.06792463402525,0.1131081065213948,0.8765486325763163,False,True,2024
2024-05-10,EXXO34,LSTM,73.05941772460938,72.69659957522254,72.87759761924723,72.77722109750368,72.52741998128184,0.36281814938683965,0.5319977433275369,False,False,2024
2024-05-13,EXXO34,LSTM,72.57088470458984,72.71763992955061,72.71763992955061,72.87476339508935,72.76857033262574,0.14675522496077065,0.19768562803589873,False,False,2024
2024-05-14,EXXO34,LSTM,72.38286590576172,72.79058464006812,72.79058464006812,72.58621082190945,72.57839886252731,0.4077187343063997,0.19553295676558946,True,False,2024
2024-05-15,EXXO34,LSTM,73.2115249633789,72.88453874804122,73.64609692254074,72.63992277858762,73.38041057355463,0.32698621533768346,0.168885610175721,True,True,2024
2024-05-16,EXXO34,LSTM,72.73938751220703,73.00375366395701,72.42867259969321,73.25700379850613,72.13629060328418,0.26436615174998224,0.6030969089228506,False,True,2024
2024-05-17,EXXO34,LSTM,73.30789184570312,73.12480535430655,73.00160570339898,72.84127137555738,73.13621202052224,0.18308649139657973,0.1716798251808882,True,False,2024
2024-05-20,EXXO34,LSTM,72.84537506103516,73.27728858917953,73.29148013953869,73.32549762308251,73.38521531981057,0.4319135281443778,0.5398402587754134,False,False,2024
2024-05-21,EXXO34,LSTM,72.75865936279297,73.3985776155514,72.9163633462369,73.12346717518788,72.6034751991963,0.6399182527584344,0.15518416359667242,True,True,2024
2024-05-22,EXXO34,LSTM,71.6794662475586,73.4764186713993,72.89761422742038,73.06709774465848,72.80160649564566,1.7969524238407075,1.1221402480870637,True,True,2024
2024-05-23,EXXO34,LSTM,70.60027313232422,73.47057298197956,73.34679078660137,72.17160998035419,72.40027922747267,2.870299849655339,1.8000060951484471,True,False,2024
2024-05-24,EXXO34,LSTM,70.67736053466797,73.35441763696042,72.7765742460946,71.4628397608715,70.91379906601183,2.6770571022924514,0.2364385313438646,True,True,2024
2024-05-27,EXXO34,LSTM,71.11096954345703,73.14599533351827,73.02275998202964,71.32902901942643,71.58971937159762,2.0350257900612405,0.4787498281405931,True,False,2024
2024-05-28,EXXO34,LSTM,71.56383514404297,72.94873814208347,73.50678767953167,71.68512190134311,72.28924935708689,1.384902998040502,0.7254142130439192,True,True,2024
2024-05-29,EXXO34,LSTM,71.30367279052734,72.8127239633692,73.12762234595586,71.8524420300172,71.75753640250436,1.5090511728418505,0.4538636119770132,True,False,2024
2024-05-30,EXXO34,LSTM,71.30367279052734,72.71127829225622,71.8604895538888,71.73796964442688,70.67407777546346,1.4076055017288809,0.6295950150638845,True,True,2024
2024-05-31,EXXO34,LSTM,73.89566802978516,72.58828147841928,72.67845994204616,71.58637906826442,72.27280376136434,1.3073865513658802,1.6228642684208126,False,False,2024
2024-06-03,EXXO34,LSTM,71.9974365234375,72.63747194878806,72.02750872030347,73.62061385300723,72.90769096774747,0.6400354253505611,0.9102544443099703,False,True,2024
2024-06-04,EXXO34,LSTM,71.61202239990234,72.72734490907271,72.93850223407141,72.13321820483489,72.74493573657476,1.115322509170369,1.1329133366724164,False,False,2024
2024-06-05,EXXO34,LSTM,72.0263442993164,72.70717134717404,72.5712016028423,71.87398543481784,71.5456876873768,0.6808270478576333,0.48065661193960807,True,False,2024
2024-06-06,EXXO34,LSTM,72.19979095458984,72.67127685353489,72.67127685353489,72.15306180837666,72.24888249128138,0.47148589894504767,0.04909153669153454,True,False,2024
2024-06-07,EXXO34,LSTM,72.49848937988281,72.64246632421464,72.64246632421464,72.14811157984549,72.07751733284601,0.1439769443318255,0.42097204703679836,False,True,2024
2024-06-10,EXXO34,LSTM,73.10553741455078,72.65833688083876,73.4175315104217,72.59998171013618,73.34611540122324,0.44720053371202084,0.24057798667246288,True,True,2024
2024-06-11,EXXO34,LSTM,72.4792251586914,72.75981350882421,73.52006845046908,73.09156942852782,73.31607850560982,0.2805883501328026,0.8368533469184172,False,True,2024
2024-06-12,EXXO34,LSTM,72.4503173828125,72.87499371236026,72.38419603647388,72.57203659339727,71.53438551613482,0.4246763295477649,0.9159318666776812,False,True,2024
2024-06-13,EXXO34,LSTM,71.47711944580078,72.97144500804666,72.39661845256211,72.69557404154433,72.47618835373126,1.4943255622458764,0.9990689079304786,True,True,2024
2024-06-14,EXXO34,LSTM,70.2533950805664,73.00319128077365,72.42811464663711,71.99943933023437,71.77193481706934,2.7497962002072427,1.5185397365029303,True,True,2024
2024-06-17,EXXO34,LSTM,71.01459503173828,72.8755302981499,73.47057098545667,71.06494352466476,72.00925970095587,1.8609352664116159,0.9946646692175847,True,True,2024
2024-06-18,EXXO34,LSTM,71.83363342285156,72.71200577875948,73.47176118554742,71.56314658374663,71.8751843090318,0.8783723559079135,0.04155088618023228,True,True,2024
2024-06-19,EXXO34,LSTM,72.4503173828125,72.62337625285272,72.41495977386963,72.00473395958475,71.29299456904351,0.17305887004022225,1.1573228137689853,False,False,2024
2024-06-20,EXXO34,LSTM,73.56805419921875,72.59450380978751,72.3481355511487,72.41938812331792,72.3444295712,0.9735503894312387,1.2236246280187544,False,False,2024
2024-06-21,EXXO34,LSTM,72.84537506103516,72.6744654114002,72.48651554516742,73.26220637603728,73.23025061534412,0.17090964963495026,0.38487555430896236,False,False,2024
2024-06-24,EXXO34,LSTM,74.43525695800781,72.79661091124399,73.39750233168236,72.87385486247226,73.56635883896162,1.6386460467638244,0.8688981190461931,True,True,2024
2024-06-25,EXXO34,LSTM,75.25428009033203,72.9987438100942,72.87259122755484,74.0348025803457,73.47699578639586,2.255536280237834,1.7772843039361703,True,False,2024
2024-06-26,EXXO34,LSTM,76.32383728027344,73.34274173655717,73.94221148926636,74.8103309433524,75.50662778913804,2.9810955437162647,0.8172094911354009,True,True,2024
2024-06-27,EXXO34,LSTM,75.94805145263672,73.78669940425414,73.67061272800638,75.66233996024606,75.1103263791329,2.1613520483825823,0.8377250735038189,True,False,2024
2024-06-28,EXXO34,LSTM,77.54757690429688,74.30221904216455,74.8508091873838,75.67636390647878,76.31205946901581,3.245357862132323,1.2355174352810678,True,True,2024
2024-07-01,EXXO34,LSTM,78.24132537841797,74.95544516781808,75.73864189199762,77.11828273749349,77.49920852804851,3.2858802105998848,0.742116850369456,True,True,2024
2024-07-02,EXXO34,LSTM,77.77882385253906,75.62378340672001,75.40675628021829,77.68179000431427,76.92634309110974,2.155040445819054,0.8524807614293195,True,False,2024
2024-07-03,EXXO34,LSTM,76.56473541259766,76.2758950849643,76.01703307114798,77.55192323715333,77.45717069275541,0.288840327633352,0.8924352801577555,False,False,2024
2024-07-04,EXXO34,LSTM,75.52408599853516,76.76745926305489,76.56892414321815,76.79577241420927,76.74221201399199,1.2433732645197324,1.218126015456832,True,False,2024
2024-07-05,EXXO34,LSTM,74.64724731445312,77.0455345295743,77.0455345295743,76.08882784116442,76.19544730221573,2.3982872151211723,1.548199987762601,True,False,2024
2024-07-08,EXXO34,LSTM,73.79930114746094,77.1672827495546,77.4183092001897,75.59252084746439,75.81187568100073,3.367981602093664,2.012574533539791,True,True,2024
2024-07-09,EXXO34,LSTM,72.55631256103516,77.04972918579517,76.85243769144807,74.73191717059017,74.342467823455,4.493416624760016,1.7861552624198396,True,False,2024
2024-07-10,EXXO34,LSTM,72.93209838867188,76.76122145325041,76.60723559144847,73.70193226074403,73.6881092196323,3.829123064578539,0.7560108309604203,True,False,2024
2024-07-11,EXXO34,LSTM,74.04019165039062,76.35933933473086,76.29998912292298,73.818969713739,73.85413507512864,2.319147684340237,0.18605657526198627,True,False,2024
2024-07-12,EXXO34,LSTM,74.13655853271484,76.00428464531421,76.00428464531421,74.4923884728719,74.52584019819847,1.867726112599371,0.3892816654836224,True,False,2024
2024-07-15,EXXO34,LSTM,75.88059997558594,75.75710949700738,76.30973937876645,74.60094066051728,75.13895437377039,0.12349047857856021,0.7416456018155486,False,True,2024
2024-07-16,EXXO34,LSTM,75.79388427734375,75.65750060032815,75.06151486286795,75.86102866899562,74.8655308776635,0.13638367701560128,0.9283533996802475,False,True,2024
2024-07-17,EXXO34,LSTM,77.69210052490234,75.64392085226746,76.38069059447922,75.75197033826576,76.93366854627696,2.0481796726348875,0.7584319786253815,True,True,2024
2024-07-18,EXXO34,LSTM,80.06246185302734,75.81796554882192,76.3732891936693,77.27813337418696,77.25870261571133,4.244496304205427,2.803759237316015,True,True,2024
2024-07-19,EXXO34,LSTM,78.57857513427734,76.27032284791812,75.40471793796453,79.16298485969257,77.95176911664646,2.3082522863592203,0.6268060176308836,True,True,2024
2024-07-22,EXXO34,LSTM,77.23922729492188,76.76455963599938,76.21811582933704,78.14404866631098,78.2266091895003,0.47466765892249896,0.9873818945784194,False,True,2024
2024-07-23,EXXO34,LSTM,76.56473541259766,77.13720814794146,76.64249379929659,77.30047564973754,77.09276179189047,0.5724727353438084,0.528026379292811,True,True,2024
2024-07-24,EXXO34,LSTM,78.41476440429688,77.34546534806373,78.03215685433473,76.93272815706831,77.90912579815095,1.0692990562331488,0.5056386061459222,True,True,2024
2024-07-25,EXXO34,LSTM,79.9950180053711,77.57075914700681,78.34020812502791,78.38521758595363,78.62732691633389,2.424258858364283,1.3676910890372085,True,True,2024
2024-07-26,EXXO34,LSTM,79.95647430419922,77.92886824784136,78.56582288399665,79.5600269322512,79.69116302398575,2.027606056357854,0.26531128021346717,True,True,2024
2024-07-29,EXXO34,LSTM,79.03144836425781,78.34488217864748,77.79891161779524,79.63997060447507,78.67831991840146,0.6865661856103316,0.35312844585635617,True,True,2024
2024-07-30,EXXO34,LSTM,80.25518035888672,78.73602742189564,77.86449041859495,78.98811239801631,78.52383757507201,1.5191529369910768,1.7313427838147106,False,False,2024
2024-07-31,EXXO34,LSTM,81.42108917236328,79.12846769430917,80.00837202691174,80.1787913962568,81.63321437646339,2.292621478054116,0.21212520410010427,True,True,2024
2024-08-01,EXXO34,LSTM,80.97785186767578,79.69484431422347,79.12612871254936,81.11305699209211,79.84548908514779,1.2830075534523075,1.1323627825279914,True,False,2024
2024-08-02,EXXO34,LSTM,80.26481628417969,80.18425183019804,79.69311219544683,80.96950080582324,80.92362077895223,0.08056445398165124,0.6588044947725393,False,True,2024
2024-08-05,EXXO34,LSTM,79.15672302246094,80.54726243584173,80.0180827083513,80.55546928394809,80.30701581066326,1.3905394133807931,1.1502927882023215,True,True,2024
2024-08-06,EXXO34,LSTM,77.88481903076172,80.68969500611661,80.14965587711139,79.73987444681347,79.51137332277011,2.8048759753548893,1.626554292008393,True,True,2024
2024-08-07,EXXO34,LSTM,78.72311401367188,80.58774886556523,81.20423596491474,78.7366033170435,79.66816343813986,1.8646348518933564,0.9450494244679817,True,True,2024
2024-08-08,EXXO34,LSTM,78.71348571777344,80.4378711674592,81.22263362941625,79.2631462432436,79.5413542849464,1.7243854496857693,0.8278685671729562,True,True,2024
2024-08-09,EXXO34,LSTM,79.22416687011719,80.30934339240605,81.05088641670767,79.2353123436798,79.44498194571166,1.0851765222888616,0.2208150755944729,True,True,2024
2024-08-12,EXXO34,LSTM,78.5689468383789,80.22555861704222,80.78019829929804,79.60291666838981,79.67868909668012,1.6566117786633185,1.1097422583012104,True,True,2024
2024-08-13,EXXO34,LSTM,77.8173599243164,80.20967774146061,79.39107693261583,79.13996978390173,77.95744890711859,2.392317817144203,0.14008898280218318,True,True,2024
2024-08-14,EXXO34,LSTM,78.65926361083984,80.18138831949375,80.23976643012422,78.51944212795708,79.17893816242987,1.5221247086539051,0.519674551590029,True,False,2024
2024-08-15,EXXO34,LSTM,79.09540557861328,80.0810880526625,79.87722465916951,79.07982370608514,78.76053297762803,0.9856824740492129,0.33487260098524985,True,False,2024
2024-08-16,EXXO34,LSTM,78.49449920654297,79.98688113023081,80.09390391001128,79.3064882292133,79.55108413687493,1.4923819236878444,1.0565849303319652,True,False,2024
2024-08-19,EXXO34,LSTM,77.8645248413086,79.86046358198496,78.98438488577561,78.8953178844337,77.9034838719854,1.9959387406763653,0.03895903067680706,True,True,2024
2024-08-20,EXXO34,LSTM,76.43013763427734,79.72836544763925,79.73235567959556,78.3289161971673,78.94411194032014,3.2982278133619047,2.5139743060427975,True,False,2024
2024-08-21,EXXO34,LSTM,75.91646575927734,79.45349937690014,78.93150545833687,77.2803885550556,76.64874079098968,3.5370336176227966,0.7322750317123337,True,True,2024
2024-08-22,EXXO34,LSTM,77.90330505371094,79.09014824565918,79.69508630035637,76.83147013140217,77.79119218447497,1.1868431919482418,0.11211286923597186,True,True,2024
2024-08-23,EXXO34,LSTM,77.45747375488281,78.77992426707056,79.36468208414541,78.17945208165662,78.29869991455669,1.3224505121877428,0.8412261596738801,True,True,2024
2024-08-26,EXXO34,LSTM,78.7852554321289,78.60422853731723,79.28086516898507,77.76565018844467,78.04878031690431,0.18102689481168,0.736475115224593,False,True,2024
2024-08-27,EXXO34,LSTM,78.43636322021484,78.62713662295153,77.81588563173052,78.86137508139231,77.61193297603658,0.19077340273668142,0.8244302441782594,False,True,2024
2024-08-28,EXXO34,LSTM,78.65926361083984,78.7654158128355,78.64528150562762,78.51292712478232,79.00744420165653,0.10615220199565556,0.34818059081668196,False,False,2024
2024-08-29,EXXO34,LSTM,80.83023834228516,78.87899657796015,79.59451786434737,78.83002288212782,79.55331774197737,1.9512417643250046,1.2769206003077898,True,True,2024
2024-08-30,EXXO34,LSTM,81.08222961425781,79.08389495741847,79.12092229633342,80.36313659655342,79.88780917868299,1.9983346568393472,1.194420435574827,True,False,2024
2024-09-02,EXXO34,LSTM,80.45226287841797,79.40998949263121,79.25221686395132,80.58374031848483,80.44067821117486,1.042273385786757,0.011584667243113245,True,False,2024
2024-09-03,EXXO34,LSTM,78.70771789550781,79.78743631980751,78.89772451829312,80.40527362227955,79.60853925704922,1.079718424299699,0.9008213615414036,True,True,2024
2024-09-04,EXXO34,LSTM,77.82576751708984,79.77527026892335,79.77527026892335,78.8411588803456,79.42245078190717,1.9495027518335064,1.5966832648173295,True,False,2024
2024-09-05,EXXO34,LSTM,76.43013763427734,79.71427491118266,79.71427491118266,78.31460139078351,78.21107751532878,3.2841372769053123,1.780939881051438,True,False,2024
2024-09-06,EXXO34,LSTM,76.16845703125,79.27012118329333,78.80645999315708,77.1109432343737,76.61138347526403,3.101664152043327,0.44292644401403436,True,True,2024
2024-09-09,EXXO34,LSTM,77.79667663574219,78.87066401978461,79.46422653468925,76.9375921514824,77.84937572401384,1.0739873840424252,0.05269908827165182,True,True,2024
2024-09-10,EXXO34,LSTM,75.76139068603516,78.56803479391078,77.99060032312029,78.05819038014295,77.02101065258275,2.806644107875627,1.2596199665475893,True,True,2024
2024-09-11,EXXO34,LSTM,74.91820526123047,78.29024329872243,78.8537681332296,76.3612996742858,77.34208308162232,3.3720380374919614,2.4238778203918514,True,True,2024
2024-09-12,EXXO34,LSTM,75.75170135498047,77.94342829686389,78.5603006044097,75.77655161983928,75.91026517085476,2.1917269418834167,0.15856381587428814,True,True,2024
2024-09-13,EXXO34,LSTM,74.78251647949219,77.62815318858247,77.52416684104134,76.27038744021829,75.74916167068875,2.845636709090286,0.9666451911965623,True,True,2024
2024-09-16,EXXO34,LSTM,75.44156646728516,77.3117171975831,77.38006927739617,75.33718720831516,75.50137094909218,1.8701507302979508,0.05980448180702069,True,False,2024
2024-09-17,EXXO34,LSTM,75.83892822265625,77.02354483115687,77.12633319031247,75.77902794140874,75.82047566742669,1.184616608500619,0.018452555229558243,True,False,2024
2024-09-18,EXXO34,LSTM,75.6741714477539,76.80663002569804,76.30202552000387,76.11031667630047,75.53147811615133,1.132458577944135,0.14269333160257247,True,True,2024
2024-09-19,EXXO34,LSTM,76.57550811767578,76.65265570146732,76.22386986289186,75.81863621089113,75.74786369282896,0.07714758379154318,0.8276444248468238,False,False,2024
2024-09-20,EXXO34,LSTM,76.7305908203125,76.59176353330156,76.59176353330156,76.49665258519406,76.76688460287181,0.13882728701094038,0.03629378255931215,True,False,2024
2024-09-23,EXXO34,LSTM,79.16324615478516,76.61106514329208,77.36198985082353,76.72446460809262,77.42893424068137,2.552181011493076,1.7343119141037846,True,True,2024
2024-09-24,EXXO34,LSTM,77.30240631103516,76.82569429966622,77.62843293958228,78.62607206433054,78.91527590221983,0.4767120113689316,1.6128695911846762,False,True,2024
2024-09-25,EXXO34,LSTM,76.05216217041016,77.13907587924768,76.37645347914918,77.30371885887372,75.97970365544165,1.0869137088375282,0.07245851496850264,True,True,2024
2024-09-26,EXXO34,LSTM,74.23977661132812,77.27797420658123,76.68730237431204,76.49273088387791,76.47490592533282,3.0381975952531093,2.235129314004695,True,True,2024
2024-09-27,EXXO34,LSTM,76.0909194946289,77.13775505268859,77.82494870254685,75.07939568226996,76.07181580463366,1.0468355580596835,0.01910368999524792,True,True,2024
2024-09-30,EXXO34,LSTM,77.12796020507812,76.97257434062055,76.89730180518487,76.3535624220184,75.73728932465018,0.1553858644575712,1.3906708804279475,False,False,2024
2024-10-01,EXXO34,LSTM,79.39584350585938,76.96610435427249,77.59417456331121,77.15185022732865,77.89992434947749,2.4297391515868867,1.4959191563818877,True,True,2024
2024-10-02,EXXO34,LSTM,80.26811981201172,77.20337330338612,77.51903399574451,78.80688633851015,78.68286274366044,3.0647465086256034,1.5852570683512823,True,False,2024
2024-10-03,EXXO34,LSTM,80.95623779296875,77.6217709133731,77.09014450429439,79.54127500539305,78.83265333676144,3.3344668795956522,2.123584456207311,True,True,2024
2024-10-04,EXXO34,LSTM,82.2937240600586,78.209523253734,78.23146188272699,80.23593670877948,80.67866573793334,4.0842008063245885,1.6150583221252504,True,False,2024
2024-10-07,EXXO34,LSTM,83.08845520019531,78.9310918348632,79.80924326958481,81.5328671957021,82.34770871062665,4.157363365332117,0.7407464895686644,True,True,2024
2024-10-08,EXXO34,LSTM,82.28402709960938,79.74919942281747,79.0575159051058,82.39216899242635,81.05916136541524,2.534827676791906,1.2248657341941396,True,True,2024
2024-10-09,EXXO34,LSTM,82.77831268310547,80.4422670433512,80.57548069888898,81.83015199253157,82.52148707188127,2.336045639754275,0.2568256112242011,True,False,2024
2024-10-10,EXXO34,LSTM,83.20475006103516,81.00124497074307,81.64256969675539,82.46903638931768,82.94191591869416,2.203505090292083,0.2628341423409921,True,True,2024
2024-10-11,EXXO34,LSTM,84.4162368774414,81.56458265767571,81.40870897402755,82.8693646388338,82.23693287869777,2.8516542197656918,2.1793039987436345,True,False,2024
2024-10-14,EXXO34,LSTM,83.92195129394531,82.16254044699713,81.35385077676895,84.03262067288237,83.410288470918,1.7594108469481853,0.5116628230273079,True,True,2024
2024-10-15,EXXO34,LSTM,82.83646392822266,82.68374583048615,81.94430810880817,83.72389123645964,83.54467838817406,0.15271809773651057,0.7082144599514066,False,True,2024
2024-10-16,EXXO34,LSTM,83.18537902832031,83.01109927851303,82.77342597211236,82.903721500787,83.09067939481912,0.17427974980728322,0.09469963350119315,True,False,2024
2024-10-17,EXXO34,LSTM,82.51663208007812,83.28731197320496,83.28731197320496,83.32299843974134,83.40823730074928,0.7706798931268395,0.8916052206711527,False,False,2024
2024-10-18,EXXO34,LSTM,82.97215270996094,83.49329900267878,83.49329900267878,82.8511706002479,82.789796441345,0.5211462927178445,0.18235626861593346,True,False,2024
2024-10-21,EXXO34,LSTM,83.03999328613281,83.62265229433137,83.62265229433137,83.23366109808698,83.21318404238937,0.5826590081985614,0.17319075625655955,True,False,2024
2024-10-22,EXXO34,LSTM,83.65058135986328,83.81120028564214,84.56283838047513,83.44561167463137,84.18314650725692,0.16061892577886283,0.5325651473936404,False,True,2024
2024-10-23,EXXO34,LSTM,82.9527587890625,84.01265729277657,83.87524409163579,83.86639626153337,83.16006370297362,1.0598985037140665,0.20730491391111627,True,False,2024
2024-10-24,EXXO34,LSTM,82.33248901367188,84.14377512616045,83.96921532371552,83.3217984330721,83.27813313145752,1.811286112488574,0.9456441177856476,True,False,2024
2024-10-25,EXXO34,LSTM,83.10784149169922,84.20439384195265,84.82795460116603,83.00575189407688,83.71390794864779,1.0965523502534325,0.6060664569485681,True,True,2024
2024-10-28,EXXO34,LSTM,82.35186767578125,84.22245717704402,83.42669032878665,83.59395428405747,82.31979914777607,1.8705895012627707,0.03206852800518334,True,True,2024
2024-10-29,EXXO34,LSTM,82.65231323242188,84.08715500639676,83.96360981801428,82.75602515787048,83.23133041031086,1.434841773974881,0.5790171778889857,True,False,2024
2024-10-30,EXXO34,LSTM,81.57652282714844,83.9907295081041,84.6278048071206,83.12249961676716,83.76603135720786,2.414206680955658,2.1895085300594275,True,True,2024
2024-10-31,EXXO34,LSTM,82.15802764892578,83.8800535295137,83.38095265388614,82.18304176447975,81.15359255580559,1.7220258805879212,1.0044350931201933,True,False,2024
2024-11-01,EXXO34,LSTM,82.0417251586914,83.80221763314455,83.20176326746314,82.77009404446903,82.58914551780988,1.7604924744531445,0.5474203591184761,True,True,2024
2024-11-04,EXXO34,LSTM,83.18537902832031,83.74199619721583,84.3771848374387,82.62650974471268,83.63930315973234,0.5566171688955137,0.45392413141202326,True,True,2024
2024-11-05,EXXO34,LSTM,82.93338012695312,83.71731841037149,83.219185836945,83.37266051619532,82.34219329231827,0.7839382834183652,0.5911868346348541,True,False,2024
2024-11-06,EXXO34,LSTM,83.50521087646484,83.81647843239978,83.78352258528083,83.21198585818017,83.57009108971225,0.3112675559349327,0.064880213247406,True,False,2024
2024-11-07,EXXO34,LSTM,83.6312026977539,83.99057988322045,83.43594154271433,83.83577963706878,83.25435636314981,0.35937718546654196,0.376846334604096,False,True,2024
2024-11-08,EXXO34,LSTM,84.17394256591797,84.11489752361649,83.24768631582465,83.88737893972456,83.41071000297198,0.059045042301477224,0.7632325629459871,False,True,2024
2024-11-11,EXXO34,LSTM,84.0770263671875,84.26764389190555,83.51232669383317,84.34314643043466,84.16643213259148,0.19061752471804994,0.08940576540398126,True,True,2024
2024-11-12,EXXO34,LSTM,84.27085876464844,84.40702721024127,84.43459530168879,84.17713086037394,84.6497101938512,0.1361684455928298,0.3788514292027685,False,False,2024
2024-11-13,EXXO34,LSTM,86.63286590576172,84.62170280192413,85.44694783064784,84.54381487314403,85.27175705513956,2.011163103837589,1.3611088506221591,True,True,2024
2024-11-14,EXXO34,LSTM,85.258056640625,84.84108383822377,84.85021309213074,86.20569404430196,85.62130542576674,0.4169728024012329,0.3632487851417352,True,False,2024
2024-11-15,EXXO34,LSTM,85.258056640625,85.130721496614,84.2802945569522,85.26889908991615,84.46448445089175,0.1273351440109991,0.7935721897332542,False,True,2024
2024-11-18,EXXO34,LSTM,84.44876861572266,85.41906928531762,85.9986999843463,85.48146109972328,86.67075030772182,0.9703006695949625,2.2219816919991615,False,True,2024
2024-11-19,EXXO34,LSTM,83.23971557617188,85.64131899180029,85.24326248714475,84.85421921945284,83.91484080435617,2.401603415628415,0.6751252281842994,True,False,2024
2024-11-20,EXXO34,LSTM,83.23971557617188,85.70747382828745,85.54964296619086,83.98884496556323,84.12726230883928,2.4677582521155728,0.8875467326674027,True,False,2024
2024-11-21,EXXO34,LSTM,86.46711730957031,85.68965814817591,86.31032175257232,84.12393081399648,84.80268099308694,0.777459161394404,1.6644363164833749,False,True,2024
2024-11-22,EXXO34,LSTM,86.61337280273438,85.83983509604923,86.71547559285301,86.5900258009482,87.0364904844689,0.773537706685147,0.42311768173452435,True,True,2024
2024-11-25,EXXO34,LSTM,85.42381286621094,86.1070135434561,85.438514518122,86.58472050664518,85.32781521063728,0.6832006772451678,0.09599765557365458,True,True,2024
2024-11-26,EXXO34,LSTM,83.80523681640625,86.34888990709032,86.87994666326134,85.72339696357017,86.77351517960554,2.5436530906840744,2.968278363199289,False,False,2024
2024-11-27,EXXO34,LSTM,85.20930480957031,86.36224263808617,86.3656754902415,84.53679211495323,84.02387663094375,1.15293782851586,1.185428178626566,False,False,2024
2024-11-28,EXXO34,LSTM,86.203857421875,86.35282142989513,86.1811266295998,85.65331285818823,85.5201640670578,0.14896400802012977,0.6836933548171942,False,False,2024
2024-11-29,EXXO34,LSTM,86.52562713623047,86.42958931416376,86.42958931416376,86.3337333978409,86.44712422429838,0.0960378220667053,0.07850291193209102,True,False,2024
2024-12-02,EXXO34,LSTM,87.34466552734375,86.62534509728333,86.62534509728333,86.62790564471466,86.59400962386381,0.7193204300604208,0.750655903479938,False,False,2024
2024-12-03,EXXO34,LSTM,87.40316009521484,86.8482603765243,87.67183574509247,87.34292156672487,88.16927311097102,0.5548997186905495,0.7661130157561757,False,True,2024
2024-12-04,EXXO34,LSTM,83.87348937988281,87.11811659340059,86.58450607777834,87.44790948119807,86.31153375687843,3.2446272135177736,2.43804437699562,True,True,2024
2024-12-05,EXXO34,LSTM,84.09774780273438,87.17998906252818,88.00901997492501,84.84515665878381,86.06079513040244,3.082241259793804,1.9630473276680647,True,True,2024
2024-12-06,EXXO34,LSTM,84.0685043334961,87.03233509976188,86.32382885991933,85.09467843888886,83.71058093312027,2.9638307662657866,0.3579234003758245,True,True,2024
2024-12-09,EXXO34,LSTM,83.6979751586914,86.82277771099551,87.7084450718854,84.96182077789378,86.41542584449935,3.1248025523041036,2.717450685807947,True,True,2024
2024-12-10,EXXO34,LSTM,83.49322509765625,86.60036290119295,86.81576459849978,84.55858355619844,84.01795945425404,3.107137803536702,0.52473435659779,True,False,2024
2024-12-11,EXXO34,LSTM,81.77715301513672,86.3533064208973,87.23418476893275,84.38411471833463,85.1591105200988,4.576153405760579,3.381957504962088,True,True,2024
2024-12-12,EXXO34,LSTM,82.16716003417969,86.00852425366486,85.44346510640133,82.99122307831698,81.73925817861436,3.841364219485172,0.4279018555653238,True,True,2024
2024-12-13,EXXO34,LSTM,81.89414978027344,85.55728656145664,85.07868927700804,83.10701016277626,83.0815430461995,3.663136781183198,1.1873932659260618,True,False,2024
2024-12-16,EXXO34,LSTM,82.21591186523438,85.14334158162785,85.14334158162785,82.76026878975475,83.01569930170487,2.927429716393476,0.7997874364704955,True,False,2024
2024-12-17,EXXO34,LSTM,80.38282775878906,84.75475543983794,84.03665362434126,82.93367115750284,82.15854995356266,4.371927681048874,1.7757221947735928,True,True,2024
2024-12-18,EXXO34,LSTM,82.2744140625,84.30009185374206,84.96585048806982,81.3900013663467,82.53162115685586,2.0256777912420603,0.25720709435586286,True,True,2024
2024-12-19,EXXO34,LSTM,78.93975830078125,83.92304746590798,83.17887594630041,82.78709776842763,81.50545239159835,4.983289165126735,2.5656940908171038,True,True,2024
2024-12-20,EXXO34,LSTM,78.54973602294922,83.49154993938373,83.56534866943348,79.99988640949778,80.59063409156956,4.941813916434512,2.0408980686203364,True,False,2024
2024-12-23,EXXO34,LSTM,80.42183685302734,82.96651106318609,82.8523488229883,79.76718385263425,79.50708128669586,2.544674210158746,0.914755566331479,True,True,2024
2024-12-24,EXXO34,LSTM,80.42183685302734,82.50918002657829,82.04763348753002,80.95207183708028,80.58063322648952,2.0873431735509484,0.1587963734621809,True,False,2024
2024-12-26,EXXO34,LSTM,80.30482482910156,82.11875195087589,82.11875195087589,80.730562673115,81.02822519255731,1.8139271217743271,0.7234003634557524,True,False,2024
2024-12-27,EXXO34,LSTM,80.548583984375,81.87031788975492,81.87031788975492,80.64294751295752,80.57493482742406,1.321733905379915,0.02635084304905888,True,False,2024
2024-12-30,EXXO34,LSTM,80.13906860351562,81.74330184197447,81.74330184197447,80.84523759022976,80.81941136206264,1.6042332384588462,0.6803427585470132,True,False,2024
2024-12-31,EXXO34,LSTM,80.13906860351562,81.6643308602811,81.6643308602811,80.53306123236798,80.49414278803332,1.5252622567654726,0.35507418451769013,True,False,2024
2025-01-02,EXXO34,LSTM,80.48033142089844,81.59055547368541,81.59055547368541,80.53111532150294,80.49834666062007,1.1102240527869753,0.018015239721634657,True,False,2025
2025-01-03,EXXO34,LSTM,80.45108795166016,81.57436502937901,81.57436502937901,80.8024486465999,80.77709931009473,1.1232770777188534,0.3260113584345703,True,False,2025
2025-01-06,EXXO34,LSTM,80.3243179321289,81.59482236260874,81.59482236260874,80.78630010490932,80.75431458684308,1.270504430479832,0.4299966547141736,True,False,2025
2025-01-07,EXXO34,LSTM,80.9581069946289,81.61984067505034,81.61984067505034,80.68673662292531,80.58165559714064,0.6617336804214347,0.3764513974882675,True,True,2025
2025-01-08,EXXO34,LSTM,79.07626342773438,81.64122155497569,80.78547637363482,81.22695119725068,80.37257312402517,2.5649581272413116,1.2963096962907912,True,True,2025
2025-01-09,EXXO34,LSTM,77.11641693115234,81.61526937688097,81.055826321599,79.82107066810433,79.83450855737397,4.49885244572863,2.7180916262216215,True,True,2025
2025-01-10,EXXO34,LSTM,79.71979522705078,81.40217258569453,81.99296399933546,78.36143043449556,79.2344049248758,1.6823773586437483,0.48539030217497725,True,True,2025
2025-01-13,EXXO34,LSTM,80.87035369873047,81.3000097470358,81.01743240584295,80.3057675159332,79.56471267539014,0.42965604830533266,1.3056410233403284,False,False,2025
2025-01-14,EXXO34,LSTM,80.50957489013672,81.29146049075291,81.1362176884625,81.0007387372328,81.08508357185244,0.7818856006161923,0.5755086817157178,True,False,2025
2025-01-15,EXXO34,LSTM,81.53338623046875,81.30427663595913,81.96494191659717,80.75274788458994,81.48683268344578,0.2291095945096231,0.04655354702296677,True,True,2025
2025-01-16,EXXO34,LSTM,81.83563995361328,81.37667960120825,81.09567789023468,81.49917183633256,80.72483025122457,0.45896035240502897,1.110809702388707,False,True,2025
2025-01-17,EXXO34,LSTM,83.09346008300781,81.53481762478737,81.48158948665517,81.75291794825233,81.93064752001439,1.5586424582204472,1.1628125629934232,True,False,2025
2025-01-20,EXXO34,LSTM,82.78144073486328,81.7570518528338,81.89957147730955,82.73074836464097,82.88676234551528,1.0243888820294842,0.1053216106519983,True,False,2025
2025-01-21,EXXO34,LSTM,82.23541259765625,82.0834972326013,82.16879987327121,82.6182084240589,82.56572459894505,0.15191536505494696,0.330312001288803,False,False,2025
2025-01-22,EXXO34,LSTM,79.2127685546875,82.3769064699552,81.79843240625323,82.39168168371421,81.74398098282195,3.164137915267702,2.5312124281344524,True,True,2025
2025-01-23,EXXO34,LSTM,79.16401672363281,82.4301729285337,82.02214160374342,80.12445937169817,80.05224208357656,3.2661562049008808,0.8882253599437462,True,True,2025
2025-01-24,EXXO34,LSTM,78.4132308959961,82.30362123384043,82.30501805707804,80.12068734381404,80.32570848630994,3.8903903378443374,1.9124775903138413,True,False,2025
2025-01-27,EXXO34,LSTM,79.03726196289062,82.05308726486965,81.54703657825988,79.53528169911631,78.97003180691608,3.015825301979021,0.06723015597454207,True,True,2025
2025-01-28,EXXO34,LSTM,77.22367095947266,81.74003073244921,81.07062271000065,79.84074406491641,79.53164642866639,4.516359772976557,2.3079754691937353,True,True,2025
2025-01-29,EXXO34,LSTM,77.7112045288086,81.35181607312904,80.94912264052893,78.29143117434707,78.26075401413362,3.64061154432045,0.5495494853250307,True,True,2025
2025-01-30,EXXO34,LSTM,78.14022064208984,80.90664592792666,80.83730098485042,78.5656273604868,78.70669898539157,2.7664252858368172,0.5664783433017249,True,True,2025
2025-01-31,EXXO34,LSTM,75.84886169433594,80.53088109082171,79.99308236864087,78.77649878335745,78.25381182104975,4.682019396485771,2.404950126713814,True,True,2025
2025-02-03,EXXO34,LSTM,76.26812744140625,80.14763500953438,80.14763500953438,76.91182520791168,77.22483826504954,3.8795075681281332,0.9567108236432915,True,False,2025
2025-02-04,EXXO34,LSTM,77.01891326904297,79.67090949231863,79.67090949231863,77.11608973912705,77.04898179384564,2.6519962232756598,0.030068524802672414,True,False,2025
2025-02-05,EXXO34,LSTM,77.93546295166016,79.21045181159047,78.5872019972155,77.53133728441259,76.91469702182957,1.2749888599303176,1.0207659298305884,True,True,2025
2025-02-06,EXXO34,LSTM,76.20963287353516,78.84805518391761,78.23855801920189,78.0691710986232,77.92690820610994,2.6384223103824525,1.7172753325747863,True,True,2025
2025-02-07,EXXO34,LSTM,76.87265014648438,78.50363933967617,77.90090851134897,76.67459773586225,76.43050062180866,1.6309891931917946,0.4421495246757132,True,True,2025
2025-02-10,EXXO34,LSTM,78.0232162475586,78.17777182152827,78.17777182152827,77.09163493367883,77.47040467553816,0.1545555739696738,0.5528115720204312,False,False,2025
2025-02-11,EXXO34,LSTM,78.39154052734375,77.99577120874676,77.99577120874676,77.88690781343325,77.84214534360696,0.39576931859699016,0.5493951837367916,False,False,2025
2025-02-12,EXXO34,LSTM,76.49774169921875,78.0916394833348,77.42355799633599,78.33325595736581,77.67197242403232,1.5938977841160522,1.1742307248135688,True,True,2025
2025-02-13,EXXO34,LSTM,76.34074401855469,78.08770280105125,78.08770280105125,76.84959031510182,77.26846682569453,1.746958782496563,0.927722807139844,True,False,2025
2025-02-14,EXXO34,LSTM,75.50668334960938,77.99701464312466,77.99701464312466,76.63146513294666,76.53866509769941,2.4903312935152826,1.0319817480900326,True,True,2025
2025-02-17,EXXO34,LSTM,75.55574035644531,77.7659164305918,77.7659164305918,76.02043589234036,75.97579665347806,2.2101760741464886,0.42005629703274394,True,False,2025
2025-02-18,EXXO34,LSTM,76.48792266845703,77.58954480912269,77.58954480912269,76.08440481544233,76.05959334850058,1.1016221406656541,0.42832931995644685,True,False,2025
2025-02-19,EXXO34,LSTM,77.20423889160156,77.39115769184241,77.39115769184241,76.6503326010793,76.64393446835426,0.1869188002408464,0.5603044232473025,False,False,2025
2025-02-20,EXXO34,LSTM,78.3719253540039,77.34784902724459,77.34784902724459,77.18805140101347,77.18041214564154,1.0240763267593138,1.191513208362366,False,False,2025
2025-02-21,EXXO34,LSTM,77.66542053222656,77.4244260107996,76.82651326892369,78.10740275165931,77.53050468754883,0.24099452142695554,0.1349158446777352,True,True,2025
2025-02-24,EXXO34,LSTM,78.63685607910156,77.59732530307235,76.9870031273745,77.65443134844706,77.45884633149274,1.0395307760292098,1.1780097476088258,False,True,2025
2025-02-25,EXXO34,LSTM,77.62616729736328,77.82145305981874,77.19376949358379,78.48861402452616,78.26906064558456,0.19528576245545537,0.6428933482212784,False,True,2025
2025-02-26,EXXO34,LSTM,77.85186004638672,78.02501513428172,78.17216611615012,77.73396647007237,78.23936104220925,0.17315508789499745,0.38750099582253483,False,False,2025
2025-02-27,EXXO34,LSTM,78.93122863769531,78.13522675978493,78.5740613236477,77.97588647414956,78.25297049307157,0.7960018779103848,0.6782581446237401,True,True,2025
2025-02-28,EXXO34,LSTM,80.10871887207031,78.33280899838076,78.51855605942498,78.81729242697152,78.69328978953648,1.7759098736895567,1.4154290825338336,True,False,2025
2025-03-03,EXXO34,LSTM,80.10871887207031,78.6119213201282,77.9320720918783,79.76364820380401,79.0030937075548,1.4967975519421088,1.1056251645155157,True,True,2025
2025-03-04,EXXO34,LSTM,80.10871887207031,78.87267105701699,78.75058858650546,79.7329585003973,80.09446467409093,1.2360478150533254,0.01425419797938332,True,False,2025
2025-03-05,EXXO34,LSTM,74.08387756347656,79.07909664218425,78.66156164866285,79.77479477237408,79.36220061053078,4.9952190787076916,5.278323047054215,False,True,2025
2025-03-06,EXXO34,LSTM,75.75199127197266,78.9833160787349,79.59173035483064,75.34193621911398,76.12846166154044,3.2313248067622453,0.37647038956778545,True,True,2025
2025-03-07,EXXO34,LSTM,77.37104797363281,78.63618634867282,79.23694870886764,76.6463665017642,76.79959933301924,1.26513837504001,0.5714486406135677,True,True,2025
2025-03-10,EXXO34,LSTM,80.14796447753906,78.41645446781843,78.2953264943951,77.6576836767422,77.181293017432,1.7315100097206368,2.966671460107065,False,True,2025
2025-03-11,EXXO34,LSTM,77.84204864501953,78.41165099310547,77.79492394423801,79.6499438206564,79.22298107874984,0.5696023480859367,1.3809324337303082,False,True,2025
2025-03-12,EXXO34,LSTM,77.67523956298828,78.50582179918592,79.14387596028641,77.95904572361856,78.9739826629621,0.8305822361976425,1.2987430999738194,False,True,2025
2025-03-13,EXXO34,LSTM,76.84117126464844,78.54849584789793,78.5814313513821,77.90791222646408,77.41624898622517,1.7073245832494877,0.5750777215767329,True,False,2025
2025-03-14,EXXO34,LSTM,78.3719253540039,78.55691095773341,79.148955023952,77.37184089684092,77.96722242882663,0.18498560372950124,0.4047029251772756,False,True,2025
2025-03-17,EXXO34,LSTM,79.20597839355469,78.55515157548086,78.69505116160784,78.43118234890244,78.15882876855287,0.6508268180738241,1.047149625001822,False,False,2025
2025-03-18,EXXO34,LSTM,79.25503540039062,78.66450672751216,78.50782288286261,79.02422561506334,78.80669278620903,0.5905286728784631,0.44834261418159826,True,False,2025
2025-03-19,EXXO34,LSTM,79.9124755859375,78.85189383610498,78.49239471504907,79.12182418326213,78.86059918918096,1.0605817498325223,1.0518763967565405,True,False,2025
2025-03-20,EXXO34,LSTM,80.63858795166016,79.08407037969585,78.77011970267115,79.68454146004466,79.59969258851228,1.5545175719643112,1.0388953631478728,True,False,2025
2025-03-21,EXXO34,LSTM,80.54045867919922,79.36734640079169,79.36734640079169,80.28444774670166,80.46551975545725,1.1731122784075296,0.07493892374196776,True,False,2025
2025-03-24,EXXO34,LSTM,81.64927673339844,79.69995219818247,79.69995219818247,80.32520531575537,80.26974586009288,1.9493245352159647,1.379530873305555,True,False,2025
2025-03-25,EXXO34,LSTM,81.5217056274414,80.09555007158883,80.09555007158883,81.28474211718155,81.27599887886534,1.4261555558525743,0.2457067485760689,True,False,2025
2025-03-26,EXXO34,LSTM,82.88563537597656,80.5317788401236,81.20804813105316,81.33748273906357,81.98674745795725,2.3538565358529695,0.8988879180193123,True,True,2025
2025-03-27,EXXO34,LSTM,83.28794860839844,81.04876892947675,80.87492391336522,82.5103161486211,81.84706445646732,2.239179678921687,1.4408841519311153,True,False,2025
2025-03-28,EXXO34,LSTM,83.10151672363281,81.60131814635054,81.7833337255111,82.92854219698953,83.25923204658302,1.5001985772822763,0.15771532295021018,True,False,2025
2025-03-31,EXXO34,LSTM,83.71968841552734,82.10883027324644,82.17424568707865,82.93132322368665,82.81566837000946,1.6108581422809038,0.904020045517882,True,False,2025
2025-04-01,EXXO34,LSTM,82.7090072631836,82.61835975633221,82.43602958969147,83.56328278348431,83.32608328419504,0.09064750685138279,0.6170760210114423,False,False,2025
2025-04-02,EXXO34,LSTM,82.7482681274414,83.02158849880459,83.02158849880459,82.90372408833308,82.98812469133172,0.27332037136318377,0.23985656389031362,True,False,2025
2025-04-03,EXXO34,LSTM,77.25331115722656,83.31125195458856,82.62836527191698,83.07378536125597,82.36370816477786,6.057940797361994,5.110397007551299,True,True,2025
2025-04-04,EXXO34,LSTM,74.42731475830078,83.14616411313796,82.55813233254965,78.89361365522328,78.69258460537546,8.718849354837175,4.265269847074677,True,True,2025
2025-04-07,EXXO34,LSTM,74.72168731689453,82.49423301664979,81.80062060246775,76.76200384977267,76.38826239199688,7.7725456997552556,1.6665750751023438,True,True,2025
2025-04-08,EXXO34,LSTM,72.60220336914062,81.41578845010645,80.866814487601,76.51871497840459,76.44655065992303,8.813585080965822,3.8443472907824088,True,True,2025
2025-04-09,EXXO34,LSTM,75.64405059814453,80.1995496846813,80.92514580561473,74.41989615018612,75.48077804499742,4.55549908653677,0.16327255314710953,True,True,2025
2025-04-10,EXXO34,LSTM,71.43453216552734,79.10440388543566,78.51390691436701,76.50352481486397,75.38361384828767,7.669871719908315,3.9490816827603226,True,True,2025
2025-04-11,EXXO34,LSTM,74.054443359375,77.96745598938617,78.72089365094776,72.71416029590401,73.92997848876705,3.913012630011167,0.12446487060795164,True,True,2025
2025-04-14,EXXO34,LSTM,73.9465103149414,76.91404005424192,76.96818735440638,74.59631664902797,74.07803063701631,2.9675297393005167,0.1315203220749055,True,False,2025
2025-04-15,EXXO34,LSTM,74.42731475830078,76.13913794131054,75.43167670652232,74.24767815471635,73.583393660171,1.7118231830097557,0.8439210981297833,True,True,2025
2025-04-16,EXXO34,LSTM,74.57450103759766,75.55881525034454,75.60307774653124,74.46398371931915,75.04997476389431,0.9843142127468809,0.47547372629665574,True,False,2025
2025-04-17,EXXO34,LSTM,76.16412353515625,75.1676287312664,75.97500840699146,74.53364890870756,75.24663420990957,0.9964948038898456,0.9174893252466774,True,True,2025
2025-04-21,EXXO34,LSTM,76.16412353515625,75.00918629844125,74.41487919522952,75.69675881313303,74.51322915843956,1.154937236715,1.6508943767166926,False,True,2025
2025-04-22,EXXO34,LSTM,75.77162170410156,74.97726976291563,75.34087623605556,75.6314951117007,76.50047849642924,0.794351941185937,0.7288567923276759,True,False,2025
2025-04-23,EXXO34,LSTM,74.85906982421875,75.0103575001167,74.40737856534008,75.42414339621948,74.47660242868143,0.15128767589794734,0.38246739553731857,False,True,2025
2025-04-24,EXXO34,LSTM,75.42819213867188,75.04120086406306,75.44806854184043,74.7451301244972,75.57681432450752,0.38699127460881755,0.14862218583564868,True,True,2025
2025-04-25,EXXO34,LSTM,75.87957000732422,75.03032984234426,74.95322831024738,75.22501142955265,74.77473852873199,0.8492401649799604,1.1048314785922315,False,False,2025
2025-04-28,EXXO34,LSTM,74.94737243652344,75.12807616719601,74.43312791914765,75.64584227592906,75.0529209223696,0.18070373067257606,0.10554848584615684,True,True,2025
2025-04-29,EXXO34,LSTM,74.77074432373047,75.25771838965841,74.70336821335653,74.99517668348304,74.9205323577376,0.4869740659279387,0.14978803400713048,True,True,2025
2025-04-30,EXXO34,LSTM,73.21057891845703,75.33780897823976,74.63683553165295,74.93912830164876,74.56550184351183,2.1272300597827325,1.3549229250547938,True,True,2025
2025-05-01,EXXO34,LSTM,73.21057891845703,75.2412390145422,75.22546096965158,73.65086740771144,74.04926891240473,2.030660096085171,0.8386899939476962,True,False,2025
2025-05-02,EXXO34,LSTM,74.4175033569336,75.01025431054177,75.1404491716835,73.62831194873216,73.68435969335975,0.5927509536081743,0.7331436635738413,False,False,2025
2025-05-05,EXXO34,LSTM,71.9251480102539,74.74391169869182,74.06792413468524,74.41911284542203,73.66965347056949,2.8187636884379117,1.7445054603155796,True,True,2025
2025-05-06,EXXO34,LSTM,73.22038269042969,74.30371013152228,74.82866288715135,72.25449360068981,73.24572032189859,1.0833274410925924,0.025337631468900668,True,True,2025
2025-05-07,EXXO34,LSTM,73.50495147705078,73.98420941014751,73.26119013842985,73.36838257892431,72.21867228322432,0.4792579330967328,1.2862791938264593,False,True,2025
2025-05-08,EXXO34,LSTM,73.71101379394531,73.77225802324278,74.29379924180635,73.44562828971509,74.55750532722602,0.061244229297471975,0.8464915332807124,False,True,2025
2025-05-09,EXXO34,LSTM,74.19182586669922,73.64123821995508,73.4647531154718,73.53695429397612,72.89503928537974,0.550587646744134,1.2967865813194805,False,False,2025
2025-05-12,EXXO34,LSTM,75.92861938476562,73.5881729810477,74.2946223460378,73.9230723700851,74.81854806024232,2.3404464037179196,1.1100713245233038,True,True,2025
2025-05-13,EXXO34,LSTM,76.04637908935547,73.76793438005325,74.36989185967757,75.33861348775454,75.4270557591694,2.278444709302221,0.619323330186063,True,True,2025
2025-05-14,EXXO34,LSTM,75.29574584960938,74.11567292860741,74.03396503243577,75.46748233100756,74.99315798850374,1.1800729210019654,0.3025878611056356,True,False,2025
2025-05-15,EXXO34,LSTM,75.80916595458984,74.27827906078096,73.53248034481454,74.87472316793985,74.22185406491623,1.5308868938088835,1.5873118896736145,False,True,2025
2025-05-16,EXXO34,LSTM,75.51296997070312,74.41820412438506,75.12844609283054,75.3290420050309,76.57318030342962,1.0947658463180687,1.0602103327264985,True,False,2025
2025-05-19,EXXO34,LSTM,74.49598693847656,74.5710382038128,74.57408854782398,75.13986366521743,74.51995911702556,0.07505126533624207,0.02397217854900191,True,False,2025
2025-05-20,EXXO34,LSTM,73.62711334228516,74.68394823670042,74.53113698845914,74.44523148297841,74.32466146583862,1.0568348944152604,0.6975481235534602,True,False,2025
2025-05-21,EXXO34,LSTM,72.31393432617188,74.67071933319448,74.67071933319448,73.81835305049376,73.90004678159484,2.3567850070226086,1.5861124554229633,True,False,2025
2025-05-22,EXXO34,LSTM,71.85974884033203,74.57921597762595,73.92842819741476,72.90977593595122,72.21350089857583,2.7194671372939183,0.3537520582437992,True,True,2025
2025-05-23,EXXO34,LSTM,70.99087524414062,74.26817164191664,74.14382132511452,72.39908083026012,72.73963438904322,3.277296397776013,1.7487591449025928,True,False,2025
2025-05-26,EXXO34,LSTM,73.06431579589844,73.85372619264945,74.3821973798981,71.65554059604716,72.19237486707875,0.7894103967510091,0.8719409288196829,False,True,2025
2025-05-27,EXXO34,LSTM,71.72151947021484,73.5349271603842,73.77575712227842,73.14262340776651,73.01088538915846,1.813407690169356,1.2893659189436164,True,False,2025
2025-05-28,EXXO34,LSTM,71.4549331665039,73.22013704310496,73.22013704310496,71.87222897459372,71.71699887550764,1.7652038766010492,0.2620657090037355,True,False,2025
2025-05-29,EXXO34,LSTM,71.75113677978516,72.9661410638953,73.19873551582819,71.73770937106842,71.950470764054,1.2150042841101367,0.19933398426884708,True,True,2025
2025-05-30,EXXO34,LSTM,71.94861602783203,72.71616431862913,72.08289792602788,71.92614989757972,71.12453319843672,0.7675482907970945,0.8240828293953086,False,True,2025
2025-06-02,EXXO34,LSTM,72.0374755859375,72.56459947097301,73.21666059367692,72.04279448421698,73.18302661976702,0.5271238850355076,1.1455510338295198,False,True,2025
2025-06-03,EXXO34,LSTM,71.9584732055664,72.44147882964614,73.09243359767854,72.05528973350805,72.14932168368203,0.48300562407973757,0.1908484781156261,True,True,2025
2025-06-04,EXXO34,LSTM,71.12910461425781,72.3141738510559,71.62197580786525,71.92683441408782,70.79712104722903,1.1850692367980855,0.33198356702878584,True,True,2025
2025-06-05,EXXO34,LSTM,70.33921813964844,72.21053540147568,72.21053540147568,71.28742850104773,71.83918373599208,1.8713172618272438,1.4999655963436425,True,False,2025
2025-06-06,EXXO34,LSTM,71.72151947021484,72.01050241047528,72.61073995532611,70.69749877751444,71.20709783800787,0.28898294026043914,0.5144216322069752,False,True,2025
2025-06-09,EXXO34,LSTM,72.27442932128906,71.8147466273557,71.9934309900941,71.65523499574563,71.4034090959481,0.4596826939333596,0.8710202253409562,False,False,2025
2025-06-10,EXXO34,LSTM,73.44938659667969,71.7414252748897,72.34845218512352,72.02258705952748,72.55858790057711,1.7079613217899805,0.8907986961025784,True,True,2025
2025-06-11,EXXO34,LSTM,74.24913787841797,71.81652148804449,72.35423657576227,72.94311163621488,73.06490175594638,2.4326163903734823,1.1842361224715887,True,True,2025
2025-06-12,EXXO34,LSTM,74.84156799316406,72.05366145018945,72.62012903834584,73.5673405131816,73.78458459243804,2.7879065429746106,1.0569834007260255,True,True,2025
2025-06-13,EXXO34,LSTM,76.23373413085938,72.43204730249761,73.11506013570464,74.17520795737587,74.49191701644453,3.801686828361767,1.741817114414843,True,True,2025
2025-06-16,EXXO34,LSTM,75.7992935180664,73.08301873593894,73.13446900626187,75.48813275838903,75.08998181298023,2.7162747821274706,0.7093117050861792,True,False,2025
2025-06-17,EXXO34,LSTM,77.12235260009766,73.60778415976301,74.35864716664275,75.1879399944334,75.9437199748365,3.514568440334642,1.1786326252611588,True,True,2025
2025-06-18,EXXO34,LSTM,76.984130859375,74.12495999035104,74.30933152945117,76.33767161377095,75.96190420105442,2.8591708690239557,1.0222266583205766,True,False,2025
2025-06-20,EXXO34,LSTM,78.59351348876953,74.5803768603439,75.13815128805058,76.29891935632165,76.77432620959034,4.013136628425627,1.8191872791791894,True,True,2025
2025-06-23,EXXO34,LSTM,75.90789794921875,75.16846972630208,74.48885171898071,77.78825812657826,76.71864536960021,0.739428222916672,0.8107474203814604,False,True,2025
2025-06-24,EXXO34,LSTM,73.67648315429688,75.63617131519027,74.84551165084531,75.76824505282794,75.48030222161975,1.9596881608933927,1.803819067322877,True,True,2025
2025-06-25,EXXO34,LSTM,74.32814025878906,75.64263614205959,75.65224765491782,74.06728102194448,74.5269164632249,1.3144958832705242,0.19877620443583055,True,False,2025
2025-06-26,EXXO34,LSTM,74.38737487792969,75.4806697852506,74.84480460026872,74.63690847548831,73.90986790807523,1.0932949073209102,0.47750696985445984,True,True,2025
2025-06-27,EXXO34,LSTM,73.68635559082031,75.30400923297168,75.40777113422116,74.53524291079421,75.09682583400361,1.6176536421513674,1.4104702431832976,True,False,2025
2025-06-30,EXXO34,LSTM,72.18557739257812,75.15365170334223,74.46645701742031,74.01494917494266,73.1682418831073,2.968074310764109,0.9826644905291744,True,True,2025
2025-07-01,EXXO34,LSTM,73.52837371826172,74.97085137135502,75.05142776258397,72.86498342548403,73.42634765709057,1.442477653093306,0.10202606117114499,True,False,2025
2025-07-02,EXXO34,LSTM,74.05168151855469,74.74270438066515,75.37841490547814,73.89536684649345,74.41825437869755,0.6910228621104579,0.36657286014286683,True,True,2025
2025-07-03,EXXO34,LSTM,75.07852172851562,74.62595053611142,74.36624579534521,74.15621175023153,73.42725371962752,0.45257119240420707,1.6512680088881098,False,False,2025
2025-07-04,EXXO34,LSTM,76.67804718017578,74.58164093263679,75.26834841358522,74.90660493369458,75.86648099309078,2.0964062475389937,0.8115661870850062,True,True,2025
2025-07-07,EXXO34,LSTM,74.75270080566406,74.70077845637138,74.06373680186833,76.11372461451542,74.96161515096824,0.05192234929268125,0.20891434530417996,False,True,2025
2025-07-08,EXXO34,LSTM,76.76690673828125,74.93752629813162,75.61999932012844,74.71879716812302,75.90538017127257,1.8293804401496345,0.8615265670086814,True,True,2025
2025-07-09,EXXO34,LSTM,76.77677917480469,75.18888578370183,75.30369294785326,76.41934038920878,75.96884975079028,1.5878933911028525,0.8079294240144037,True,False,2025
2025-07-10,EXXO34,LSTM,78.42566680908203,75.44825793976531,75.02503924510954,76.36572386438326,75.91155649997188,2.9774088693167187,2.5141103091101513,True,True,2025
2025-07-11,EXXO34,LSTM,78.85022735595703,75.8052938690206,76.51446272979334,77.7589662747975,78.81171412135947,3.0449334869364293,0.038513234597559176,True,True,2025
2025-07-14,EXXO34,LSTM,78.34667205810547,76.30584585908753,76.13733010981701,78.16283407989953,77.40616462547872,2.0408261990179426,0.9405074326267453,True,False,2025
2025-07-15,EXXO34,LSTM,77.65552520751953,76.82139645387042,76.82139645387042,77.94469058718873,78.10942506144087,0.8341287536491109,0.45389985392134236,True,False,2025
2025-07-16,EXXO34,LSTM,76.97425079345703,77.22290708992023,77.22290708992023,77.55688384380431,77.50195070771672,0.24865629646319576,0.527699914259685,False,False,2025
2025-07-17,EXXO34,LSTM,76.27322387695312,77.47880691678733,78.2410051100436,77.16424685552086,77.90110045572717,1.2055830398342096,1.6278765787740497,False,True,2025
2025-07-18,EXXO34,LSTM,74.20965576171875,77.42058219913349,76.82327104167776,76.50973007116069,75.32168070446822,3.2109264374147415,1.1120249427494713,True,True,2025
2025-07-21,EXXO34,LSTM,74.60459899902344,77.23101263103092,77.23101263103092,74.91294350335173,75.38979621347137,2.626413632007484,0.7851972144479333,True,False,2025
2025-07-22,EXXO34,LSTM,74.52560424804688,76.92452927453348,76.92452927453348,75.22097446912204,75.14543687679252,2.3989250264866087,0.619832628745641,True,False,2025
2025-07-23,EXXO34,LSTM,74.73295593261719,76.63558298629528,76.63558298629528,74.8962277514861,74.87191735366626,1.9026270536780885,0.13896142104907483,True,True,2025
2025-07-24,EXXO34,LSTM,75.24637603759766,76.3794097070546,76.3794097070546,75.1247580158689,75.1137240615325,1.1330336694569496,0.1326519760651621,True,False,2025
2025-07-25,EXXO34,LSTM,76.84589385986328,76.15017922582797,76.42176102385973,75.43543704677984,75.70643229594091,0.695714634035312,1.1394615639223673,False,True,2025
2025-07-28,EXXO34,LSTM,77.44818115234375,76.05170025499422,76.73953371446743,76.60181500827399,77.1141373078288,1.3964808973495337,0.3340438445149516,True,True,2025
2025-07-29,EXXO34,LSTM,77.3395767211914,76.16627679951694,77.05119595395287,77.04975146630102,77.45168299128848,1.1732999216744702,0.11210627009707252,True,True,2025
2025-07-30,EXXO34,LSTM,76.79652404785156,76.36797630215244,76.50635139406033,76.99533463613393,76.52772364467332,0.42854774569912024,0.26880040317824694,True,False,2025
2025-07-31,EXXO34,LSTM,77.01374053955078,76.58653698133139,76.58653698133139,76.69205415648355,76.65782810603862,0.4272035582193894,0.3559124335121595,True,False,2025
2025-08-01,EXXO34,LSTM,74.86131286621094,76.82001887304511,76.27515606130216,77.02539265666796,76.48990007400089,1.958706006834177,1.6285872077899484,True,True,2025
2025-08-04,EXXO34,LSTM,72.72862243652344,76.84087864561707,76.16871482493676,75.3026092064419,74.99179890786269,4.11225620909363,2.26317647133925,True,True,2025
2025-08-05,EXXO34,LSTM,72.62001037597656,76.56604353175044,76.80647634976295,73.66120009730622,74.28622523428457,3.9460331557738755,1.6662148583080096,True,False,2025
2025-08-06,EXXO34,LSTM,71.92886352539062,76.1456182466161,75.76869561760405,73.59639950166864,72.92588372651402,4.21675472122547,0.9970202011233908,True,True,2025
2025-08-07,EXXO34,LSTM,70.76378631591797,75.6392515240019,75.64053524229547,72.84783647694103,73.13713086982622,4.875465208083938,2.373344553908254,True,False,2025
2025-08-08,EXXO34,LSTM,71.75113677978516,75.05268586375269,75.7375181357339,71.80009469776051,72.38830095405561,3.3015490839675294,0.6371641742704526,True,True,2025
2025-08-11,EXXO34,LSTM,71.0797348022461,74.44744289044127,74.1429206500651,72.41535168031862,71.5947452857879,3.3677080881951724,0.5150104835418006,True,False,2025
2025-08-12,EXXO34,LSTM,70.56631469726562,73.87590163230175,74.13830014073024,71.63176936580217,72.18151670765116,3.3095869350361227,1.6152020103855307,True,False,2025
2025-08-13,EXXO34,LSTM,71.31670379638672,73.33655552154016,73.33655552154016,71.13478287629367,70.87933251854227,2.019851725153444,0.4373712778444485,True,False,2025
2025-08-14,EXXO34,LSTM,71.93929290771484,72.86440646197252,72.86440646197252,71.60819887862208,71.63856175868706,0.9251135542576776,0.30073114902778286,True,False,2025
2025-08-15,EXXO34,LSTM,71.16415405273438,72.4752527775205,72.4752527775205,71.89919515107852,71.89676046452225,1.3110987247861203,0.7326064117878701,True,False,2025
2025-08-18,EXXO34,LSTM,71.79022979736328,72.16049877659248,71.51830884518391,71.2152228226263,70.55932043467885,0.3702689792291949,1.2309093626844287,False,True,2025
2025-08-19,EXXO34,LSTM,73.15170288085938,71.94405864317832,71.3037949134561,71.73116274330059,71.58428091253577,1.207644237681052,1.5674219683236004,False,True,2025
2025-08-20,EXXO34,LSTM,73.84733581542969,71.884703999679,72.04595196830606,72.70990617666402,73.28595626921441,1.962631815750683,0.561379546215278,True,False,2025
2025-08-21,EXXO34,LSTM,74.01628875732422,71.98752209213853,71.98752209213853,73.20760408966959,73.00521389680912,2.0287666651856853,1.0110748605150945,True,False,2025
2025-08-22,EXXO34,LSTM,75.0299301147461,72.21279009368789,72.35526949534858,73.40458678890853,73.53149952398181,2.817140021058208,1.4984305907642863,True,True,2025
2025-08-25,EXXO34,LSTM,74.84111022949219,72.58072800153445,72.43217635634295,74.35645302529599,74.0966711158471,2.2603822279577344,0.7444391136450861,True,False,2025
2025-08-26,EXXO34,LSTM,75.10943603515625,72.9943685721172,73.64134465479125,74.2911718025938,75.03711135508784,2.115067463039054,0.0723246800684052,True,True,2025
2025-08-27,EXXO34,LSTM,75.67588806152344,73.40888109460809,73.55824127031434,74.64415976020439,74.26561348848342,2.2670069669153463,1.410274573040013,True,False,2025
2025-08-28,EXXO34,LSTM,76.05352020263672,73.80310138718914,73.62628264829625,75.1675098800933,74.93919830450193,2.250418815447574,1.11432189813479,True,False,2025
2025-08-29,EXXO34,LSTM,76.49078369140625,74.23826214362339,74.23826214362339,75.57858660062188,75.71385513692898,2.2525215477828624,0.7769285544772657,True,False,2025
2025-09-01,EXXO34,LSTM,77.10691833496094,74.72192715975314,74.72192715975314,76.0689993694416,76.03234549069866,2.3849911752078015,1.0745728442622777,True,False,2025
2025-09-02,EXXO34,LSTM,77.86219024658203,75.24184783303429,75.24184783303429,76.69092255438198,76.67697668523047,2.620342413547746,1.18521356135156,True,False,2025
2025-09-03,EXXO34,LSTM,75.61625671386719,75.78394394596774,74.9674989396968,77.41368190402176,76.59760804093186,0.1676872321005476,0.9813513270646723,False,True,2025
2025-09-04,EXXO34,LSTM,75.78520202636719,76.17401601763663,76.28236763887003,75.69379736361327,76.36218289604957,0.38881399126944416,0.5769808696823873,False,False,2025
2025-09-05,EXXO34,LSTM,73.39020538330078,76.38695802446068,75.75439955651696,76.04675294343402,75.22535509489762,2.996752641159901,1.8351497115968414,True,True,2025
2025-09-08,EXXO34,LSTM,73.5889663696289,76.3283515053796,76.36048906773897,74.0506740910268,74.51957754867794,2.7393851357506946,0.9306111790490377,True,False,2025
2025-09-09,EXXO34,LSTM,74.54298400878906,76.08904456216112,76.39882260707144,74.28515973276524,74.4772273803104,1.5460605533720582,0.06575662847866681,True,False,2025
2025-09-10,EXXO34,LSTM,75.33799743652344,75.90005285567815,75.90005285567815,74.95662582655501,74.72511331940383,0.5620554191547171,0.6128841171196058,False,False,2025
2025-09-11,EXXO34,LSTM,75.01006317138672,75.8000415196567,75.8000415196567,75.46272344752637,75.49856936258783,0.7899783482699831,0.48850619120111105,True,False,2025
2025-09-12,EXXO34,LSTM,74.47341918945312,75.72426941478614,75.72426941478614,75.1116795136277,75.08988713760583,1.2508502253330107,0.6164679481527031,True,False,2025
2025-09-15,EXXO34,LSTM,73.88709259033203,75.64599496272353,75.64599496272353,74.713821391428,74.6878012838646,1.7589023723915034,0.8007086935325702,True,False,2025
2025-09-16,EXXO34,LSTM,75.66594696044922,75.4773058051079,76.0270359203233,74.23300874949445,74.7665193714308,0.18864115534131543,0.8994275890184156,False,True,2025
2025-09-17,EXXO34,LSTM,75.91439056396484,75.35859135863052,75.0965182873224,75.5982833145532,74.93200592064407,0.5557992053343241,0.9823846433207706,False,False,2025
2025-09-18,EXXO34,LSTM,75.38768768310547,75.3508160241596,75.3508160241596,75.65268793324455,75.90685603143866,0.03687165894586997,0.5191683483331957,False,False,2025
2025-09-19,EXXO34,LSTM,74.62248229980469,75.32391966145428,74.67607688254037,75.22008366050943,74.52546338945504,0.7014373616495959,0.0970189103496466,True,True,2025
2025-09-22,EXXO34,LSTM,74.00634765625,75.29687367386532,75.45873411325155,74.68111969384321,75.30437702456712,1.2905260176153206,1.298029368317117,False,False,2025
2025-09-23,EXXO34,LSTM,74.69205474853516,75.20574696024528,75.4982403028172,74.23276017968372,74.29472250128478,0.5136922117101221,0.3973322472503753,True,False,2025
2025-09-24,EXXO34,LSTM,75.77526092529297,75.1830297753246,75.87832321589009,74.86772596464878,75.36770059010077,0.5922311499683701,0.40756033519220125,True,True,2025
2025-09-25,EXXO34,LSTM,76.88829040527344,75.24654295869357,75.1044394241266,75.65103151365369,75.01735912549472,1.6417474465798705,1.8709312797787163,False,False,2025
2025-09-26,EXXO34,LSTM,77.70318603515625,75.4445585935041,75.4445585935041,76.50776853859044,76.70046734325938,2.258627441652152,1.0027186918968738,True,False,2025
2025-09-29,EXXO34,LSTM,75.08955383300781,75.79268410296424,75.17531913887296,77.21812291747385,76.58862764776921,0.7031302699564321,1.4990738147614024,False,True,2025
2025-09-30,EXXO34,LSTM,74.16534423828125,76.02319413492,75.64687750818487,75.18048906804349,75.19762303009739,1.8578498966387542,1.0322787918161396,True,True,2025
2025-10-01,EXXO34,LSTM,74.29454040527344,76.16884621993268,76.4196167915926,74.79497116152592,75.21621051743361,1.8743058146592375,0.9216701121601716,True,True,2025
2025-10-02,EXXO34,LSTM,73.68833923339844,76.13888512685196,76.1409101132812,74.86726028338926,74.61288417202334,2.4505458934535227,0.9245449386249049,True,False,2025
2025-10-03,EXXO34,LSTM,74.79142761230469,75.97219268751121,75.56558517629355,74.27498763789309,73.87032069344335,1.1807650752065229,0.9211069188613408,True,False,2025
2025-10-06,EXXO34,LSTM,75.14918518066406,75.79604292362819,75.79604292362819,75.10359389663701,75.41724092109027,0.64685774296413,0.26805574042620606,True,False,2025
2025-10-07,EXXO34,LSTM,75.6063232421875,75.6839893642125,75.6839893642125,75.24948979387368,75.19054614719074,0.07766612202499346,0.41577709499675564,False,False,2025
2025-10-08,EXXO34,LSTM,75.656005859375,75.61602871016407,75.61602871016407,75.54573081078166,75.53837800698706,0.039977149210926655,0.11762785238794038,False,False,2025
2025-10-09,EXXO34,LSTM,75.2684326171875,75.62368537662383,75.62368537662383,75.57848425605569,75.56366993580671,0.3552527594363255,0.29523731861921476,True,False,2025
2025-10-10,EXXO34,LSTM,75.73551177978516,75.66466711630699,75.01389365111105,75.31932319549733,74.65604207932907,0.07084466347816942,1.0794697004560874,False,True,2025
2025-10-13,EXXO34,LSTM,75.81501770019531,75.68939649793879,75.85210071627192,75.69747903725204,76.34523796213308,0.12562120225652507,0.5302202619377709,False,False,2025
2025-10-14,EXXO34,LSTM,76.08332824707031,75.727385739949,75.03333810272976,75.73543523085092,74.82990242830986,0.3559425071213127,1.253425818760448,False,True,2025
2025-10-15,EXXO34,LSTM,75.61625671386719,75.70404941757874,75.05293723475353,75.87659918476155,75.77041735593374,0.0877927037115569,0.15416064206655733,False,True,2025
2025-10-16,EXXO34,LSTM,74.70198822021484,75.68654846567074,75.84924656178748,75.49897587544112,76.04436020486433,0.9845602454558957,1.342371984649489,False,False,2025
2025-10-17,EXXO34,LSTM,75.1988754272461,75.59714501795202,76.27645641239215,74.79629560881284,75.24356717652357,0.3982695907059224,0.04469174927747588,True,True,2025
2025-10-20,EXXO34,LSTM,74.95043182373047,75.41484515540321,74.76622034835084,75.15036142606318,74.0121731552247,0.4644133316727448,0.9382586685057674,False,True,2025
2025-10-21,EXXO34,LSTM,75.28831481933594,75.31052049514972,75.47241027015616,74.92734582500346,75.64625623086717,0.022205675813779635,0.35794141153122894,False,False,2025
2025-10-22,EXXO34,LSTM,77.24604797363281,75.29869496986282,75.88906291569273,75.255591045677,75.64426500152555,1.9473530037699902,1.6017829721072587,True,True,2025
2025-10-23,EXXO34,LSTM,77.4448013305664,75.43423963601117,76.40460803592066,76.7920365096948,77.34410652680184,2.0105616945552356,0.10069480376456852,True,True,2025
2025-10-24,EXXO34,LSTM,77.11685943603516,75.76952320287137,76.60863171269169,76.96366573672213,77.12505275163772,1.3473362331637873,0.008193315602568418,True,False,2025
2025-10-27,EXXO34,LSTM,77.06716918945312,76.0806913660706,76.0806913660706,76.77655394637581,76.23536888940679,0.9864778233825291,0.8318003000463392,True,False,2025
2025-10-28,EXXO34,LSTM,76.44108581542969,76.34725583550664,76.34725583550664,76.84912339844958,76.93136994525406,0.09382997992304354,0.4902841298243743,False,False,2025
2025-10-29,EXXO34,LSTM,78.25969696044922,76.53016967602628,77.07794339083658,76.41383785671958,76.94350252621936,1.729527284422943,1.3161944342298568,True,True,2025
2025-10-30,EXXO34,LSTM,76.65972137451172,76.64716601608109,75.73928637409557,77.84229463656771,76.53905617571935,0.012555358430631713,0.12066519879236637,False,True,2025
2025-10-31,EXXO34,LSTM,76.68952941894531,76.729361671991,76.57032733870497,76.46914279099546,77.02164412989353,0.03983225304568805,0.3321147109482183,False,False,2025
2025-11-03,EXXO34,LSTM,76.51065063476562,76.85438100149656,76.95064852748975,76.74652051756087,76.83018081406077,0.34373036673093793,0.3195301792951426,True,False,2025
2025-11-04,EXXO34,LSTM,76.29202270507812,76.83301044052871,76.83301044052871,76.50605209371342,76.38855257685357,0.5409877354505852,0.09652987177544503,True,False,2025
2025-11-05,EXXO34,LSTM,75.76531982421875,76.85883363165476,77.46760366483309,76.41335254391647,77.01158374119595,1.0935138074360111,1.246263916977199,False,True,2025
2025-11-06,EXXO34,LSTM,75.78520202636719,76.84633221465208,76.6742842433104,76.01747200004617,75.35555972281864,1.061130188284892,0.4296423035485475,True,False,2025
2025-11-07,EXXO34,LSTM,77.60380554199219,76.78930965554616,77.47340077716547,76.04802638492457,76.93553186106497,0.814495886446025,0.6682736809272143,True,True,2025
2025-11-10,EXXO34,LSTM,77.53424072265625,76.84649731797197,76.64573802668717,77.48900362644858,76.75687342718486,0.6877434046842836,0.777367295471393,False,False,2025
2025-11-11,EXXO34,LSTM,78.2000732421875,76.8810348687008,77.01469021806781,77.21335472833674,77.55943159568884,1.3190383734867055,0.6406416464986648,True,True,2025
2025-11-12,EXXO34,LSTM,77.45474243164062,77.08120716562735,76.17876041439038,77.90454363926592,76.88193794933522,0.3735352660132776,0.5728044823054006,False,True,2025
2025-11-13,EXXO34,LSTM,78.4000015258789,77.27340290841187,77.21523214464132,77.32840965501097,77.93281649219179,1.1265986174670388,0.46718503368711595,True,False,2025
2025-11-14,EXXO34,LSTM,78.62999725341797,77.4597478022979,78.14339231076771,78.17631997374565,78.79866333304945,1.1702494511200712,0.16866607963147828,True,True,2025
2025-11-17,EXXO34,LSTM,78.18000030517578,77.66062178833397,77.57517213710739,78.3292292989226,77.69600866670343,0.5193785168418117,0.4839916384723466,True,False,2025
2025-11-18,EXXO34,LSTM,79.0199966430664,77.8330412490833,78.07185451393255,78.01574802580103,78.37065160500217,1.1869553939831121,0.64934503806424,True,False,2025
2025-11-19,EXXO34,LSTM,78.58000183105469,78.03735660744326,77.11852054605247,78.78205908161533,77.68012001412296,0.5426452236114301,0.8998818169317246,False,True,2025
2025-11-20,EXXO34,LSTM,78.58000183105469,78.21371790995488,78.24040375146807,78.41416068072358,79.13291856935096,0.36628392109980723,0.5529167382962754,False,False,2025
2025-11-21,EXXO34,LSTM,78.94999694824219,78.37080339986971,77.98783868637668,78.5118065013777,77.96794357501078,0.5791935483724728,0.982053373231409,False,False,2025
2025-11-24,EXXO34,LSTM,77.83999633789062,78.50018248891604,78.50018248891604,78.8188023456098,79.09257086611802,0.6601861510254139,1.2525745282273988,False,False,2025
2025-11-25,EXXO34,LSTM,78.30999755859375,78.56434576660706,77.8886328680517,77.93706761020485,77.18919157990734,0.2543482080133117,1.1208059786864055,False,True,2025
2025-11-26,EXXO34,LSTM,76.93000030517578,78.5961642720365,78.76511696638401,78.40859050636654,79.07395940889829,1.6661639668607222,2.1439591037225085,False,False,2025
2025-11-27,EXXO34,LSTM,76.20999908447266,78.51240013458766,78.81775385125042,77.23632291418353,77.28137109872398,2.3024010501150087,1.071372014251324,True,False,2025
2025-11-28,EXXO34,LSTM,77.08999633789062,78.38772649015812,78.63853196551379,76.79266126959594,76.80172367189857,1.2977301522674907,0.2882726659920536,True,False,2025
2025-12-01,EXXO34,LSTM,77.86000061035156,78.14334261985312,78.04129897451094,77.36074111356261,77.10154252783856,0.28334200950155264,0.7584580825130018,False,False,2025
2025-12-02,EXXO34,LSTM,76.68000030517578,78.06587304647496,78.06587304647496,77.92512737059586,78.0276213384318,1.3858727412991811,1.3476210332560186,True,False,2025
2025-12-03,EXXO34,LSTM,78.41999816894531,77.98383217492744,78.64317383174443,76.91473184320591,77.5418107563825,0.4361659940178697,0.8781874125628093,False,True,2025
2025-12-04,EXXO34,LSTM,77.56999969482422,77.96770880384474,78.07066539005501,78.3676660469322,77.97825214701443,0.3977091090205249,0.40825245219021156,False,False,2025
2025-12-05,EXXO34,LSTM,79.37999725341797,77.99448649853889,78.59590896284284,77.5768341155184,78.16768307967627,1.3855107548790784,1.212314173741703,True,True,2025
2025-12-08,EXXO34,LSTM,78.3499984741211,78.11417608649936,77.55071857263731,79.10522746552691,78.12489400782562,0.23582238762173802,0.22510446629547687,True,True,2025
2025-12-09,EXXO34,LSTM,80.0999984741211,78.21962035364083,78.9164536506243,78.1654914890625,79.34247599700394,1.880378120480259,0.7575224771171492,True,True,2025
2025-12-10,EXXO34,LSTM,81.47000122070312,78.47825986372231,78.2732376391398,79.77056877825127,78.9686102101266,2.9917413569808105,2.5013910105765262,True,False,2025
2025-12-11,EXXO34,LSTM,80.47000122070312,78.8618567895644,79.04814494594925,80.79307341304907,81.21403702917223,1.6081444311387258,0.744035808469107,True,False,2025
2025-12-12,EXXO34,LSTM,81.37000274658203,79.28168357516415,79.34857492358094,80.07200699183213,79.9257693277957,2.0883191714178793,1.4442334187863253,True,False,2025
2025-12-15,EXXO34,LSTM,79.44999694824219,79.68082085099059,79.0527185262326,80.97766968351938,80.32598197026856,0.2308239027483978,0.8759850220263701,False,True,2025
2025-12-16,EXXO34,LSTM,78.18000030517578,79.91153210261746,79.36830922249584,79.44129854897189,79.34137092085484,1.7315317974416757,1.1613706156790613,True,True,2025
2025-12-17,EXXO34,LSTM,81.0,79.94885061239063,80.50355646831392,78.62305606283392,79.48307959489449,1.051149387609371,1.516920405105509,False,True,2025
2025-12-18,EXXO34,LSTM,81.0999984741211,79.89585244670695,79.54540466664335,80.78186325860332,79.97183613255424,1.20414602741414,1.1281623415668491,True,False,2025
2025-12-19,EXXO34,LSTM,81.0999984741211,79.96982905297375,79.80337705738604,80.66795874623115,80.81289116335515,1.1301694211473432,0.287107310765947,True,False,2025
2025-12-22,EXXO34,LSTM,82.55000305175781,80.12985544577407,80.81876351286188,80.76208318034509,81.52842692257887,2.4201476059837432,1.0215761291789391,True,True,2025
2025-12-23,EXXO34,LSTM,82.98999786376953,80.39114692793123,80.89538911289456,81.96665730318728,81.93634569336187,2.5988509358383,1.0536521704076591,True,True,2025
2025-12-24,EXXO34,LSTM,82.98999786376953,80.79429827822241,80.89626204770022,82.37769273872304,82.16544536808605,2.1956995855471177,0.8245524956834771,True,False,2025
2025-12-26,EXXO34,LSTM,83.38999938964844,81.21285583205054,80.5603019813269,82.48547042687274,81.80746084734852,2.1771435575979012,1.5825385422999148,True,True,2025
2025-12-29,EXXO34,LSTM,83.79000091552734,81.64715495553412,82.33273379371259,82.94968083756673,84.1355726269012,2.142845959993224,0.3455717113738501,True,True,2025
2025-12-30,EXXO34,LSTM,82.9000015258789,82.10481103930294,82.08801577855749,83.38322387549086,82.74960971029162,0.7951904865759616,0.15039181558728387,True,False,2025
2025-12-31,EXXO34,LSTM,82.9000015258789,82.5726312962023,82.83242902049855,82.86382555535616,83.17641130176784,0.32737022967660323,0.27640977588893634,True,False,2025
2026-01-02,EXXO34,LSTM,82.25,82.95001620963365,82.18356085695989,83.0369417687039,82.04523872807334,0.7000162096336453,0.20476127192665672,True,False,2026
2026-01-05,EXXO34,LSTM,84.33999633789062,83.118019156576,82.42162899893177,82.50363141680009,82.39312554830865,1.221977181314628,1.946870789581979,False,True,2026
2026-01-06,EXXO34,LSTM,81.72000122070312,83.38311833404805,83.33566848695595,84.27335562069331,84.66164700081224,1.6631171133449243,2.9416457801091127,False,True,2026
2026-01-07,EXXO34,LSTM,80.1500015258789,83.55402090804591,83.2569472054594,82.12174560562919,81.71001383891708,3.4040193821670073,1.5600123130381718,True,True,2026
2026-01-08,EXXO34,LSTM,82.55000305175781,83.50871036569447,82.767298805314,81.11764822243723,80.55831162182807,0.9587073139366566,1.9916914299297446,False,True,2026
2026-01-09,EXXO34,LSTM,83.30000305175781,83.42799548018479,84.01875494792979,83.00546507621505,84.13978522055191,0.12799242842697822,0.8397821687941018,False,True,2026
2026-01-12,EXXO34,LSTM,83.47000122070312,83.4328041143765,83.41873212252594,83.36600687713596,82.82636023037152,0.03719710632663009,0.6436409903316047,False,False,2026
2026-01-13,EXXO34,LSTM,84.76000213623047,83.47794955340805,84.03430173427577,83.4525983210261,84.08144767615046,1.2820525828224163,0.678554460080008,True,True,2026
2026-01-14,EXXO34,LSTM,88.26000213623047,83.55322634831896,84.30739656359603,84.41415481419807,84.76109578928579,4.706775787911511,3.498906346944679,True,True,2026
2026-01-15,EXXO34,LSTM,87.66999816894531,83.87107603649486,83.09611012207935,87.13629368070674,85.96801774753501,3.798922132450457,1.7019804214102976,True,True,2026
2026-01-16,EXXO34,LSTM,86.83000183105469,84.31407920062372,84.31407920062372,86.53780202596585,87.17299827148678,2.515922630430964,0.34299644043208843,True,False,2026
2026-01-19,EXXO34,LSTM,87.33000183105469,84.803899474898,84.803899474898,86.1837748656778,86.06084819512154,2.5261023561566844,1.2691536359331508,True,False,2026
2026-01-20,EXXO34,LSTM,88.19000244140625,85.31298008333283,85.31298008333283,86.83284816861871,86.8141325117038,2.877022358073418,1.3758699297024464,True,False,2026
2026-01-21,EXXO34,LSTM,89.30000305175781,85.85004054500973,85.29729410018865,87.61036391046672,87.03043341179722,3.4499625067480792,2.2695696399605936,True,True,2026
2026-01-22,EXXO34,LSTM,87.69839477539062,81.5947398109488,81.61783644448887,83.7589325445089,84.186467169949,6.10365496444183,3.5119276054416275,True,True,2026
2026-01-23,EXXO34,LSTM,88.43485260009766,80.30098503683678,80.32450685019839,84.37136461284199,84.34649818402342,8.133867563260878,4.088354416074239,True,True,2026
2026-01-26,EXXO34,LSTM,88.3751449584961,80.40637254971205,80.3933907768193,85.7326165283712,85.72504439348063,7.968772408784048,2.650100565015464,True,False,2026
2026-01-27,EXXO34,LSTM,87.95714569091797,81.208898511852,81.77614621318823,86.26403856339083,86.8478720524897,6.74824717906597,1.109273638428263,True,True,2026
2026-01-28,EXXO34,LSTM,88.57418060302734,82.31919254069726,82.7330571683611,86.49822764738703,86.46182733175641,6.254988062330085,2.1123532712709334,True,True,2026
2026-01-29,EXXO34,LSTM,91.0522689819336,83.54247915409007,83.91164662863567,87.49493641172052,87.60125630631804,7.50978982784352,3.4510126756155586,True,True,2026
2026-01-30,EXXO34,LSTM,92.32614135742188,84.85574191734247,84.91330157695775,89.81584665800543,89.63867486193607,7.4703994400794045,2.6874664954858076,True,False,2026
2026-02-02,EXXO34,LSTM,90.33570861816406,86.22084196356059,85.59530579664805,91.09480044671065,90.46229228223488,4.114866654603475,0.12658366407082156,True,True,2026
2026-02-03,EXXO34,LSTM,93.85877227783205,87.38050704453075,87.59800074711988,89.68145866530901,90.39556122660008,6.4782652333013,3.4632110512319656,True,True,2026
2026-02-04,EXXO34,LSTM,96.07810974121094,88.48107029646017,88.94905208353089,92.93443259042678,93.20547497794911,7.597039444750763,2.8726347632618285,True,True,2026
2026-02-05,EXXO34,LSTM,95.39141082763672,89.68272837494781,88.84650797871495,94.80420179045058,93.6511432174775,5.708682452688905,1.740267610159222,True,True,2026
2026-02-06,EXXO34,LSTM,96.28710174560548,90.83680574043557,91.05842392176733,94.43740816982914,95.30951011703931,5.450296005169918,0.9775916285661737,True,True,2026
2026-02-09,EXXO34,LSTM,97.65055084228516,91.91938820893357,92.13586667318337,95.47533238568022,95.44164958308893,5.7311626333515875,2.2089012591962245,True,False,2026
2026-02-10,EXXO34,LSTM,98.0486297607422,92.96570986080143,93.26268514261793,96.76762332410858,96.92088954384114,5.0829198999407765,1.12774021690106,True,False,2026
2026-02-11,EXXO34,LSTM,100.75,93.95747518440417,94.82151509847222,97.3123003383104,97.96139268281578,6.792524815595826,2.7886073171842156,True,True,2026
2026-02-12,EXXO34,LSTM,97.87999725341795,95.635239642658,95.37701091010972,100.33274527554322,99.46944325660145,2.2447576107599616,1.5894460031834967,True,True,2026
2026-02-13,EXXO34,LSTM,97.3000030517578,96.49445279778534,96.1949366925294,97.62567161281974,97.51655142706407,0.8055502539724557,0.21654837530627447,True,False,2026
2026-02-17,EXXO34,LSTM,97.3000030517578,97.10512354273804,97.10512354273804,97.49554244544095,97.66309868788764,0.19487950901975637,0.36309563612984164,False,False,2026
2026-02-18,EXXO34,LSTM,98.25,97.60330733206034,98.40393805349463,97.66995648054574,98.42678266080208,0.6466926679396607,0.1767826608020755,True,True,2026
2026-02-19,EXXO34,LSTM,98.38999938964844,98.00592725604064,98.51816136084345,98.45822186508325,98.3646675873266,0.3840721336078019,0.025331802321844066,True,True,2026
2026-02-20,EXXO34,LSTM,95.6500015258789,98.45286710245306,97.61864437976102,98.66434690992436,97.50048627296437,2.802865576574149,1.85048474708546,True,True,2026
2026-02-23,EXXO34,LSTM,97.91000366210938,98.6238780255046,99.4096552595649,96.49968404628447,97.89824431513314,0.7138743633952203,0.011759346976234042,True,True,2026
2026-02-24,EXXO34,LSTM,95.87000274658205,98.69861307514712,99.2144675456808,98.36022434530267,98.2325390587313,2.8286103285650768,2.3625363121492597,True,True,2026
2026-02-25,EXXO34,LSTM,95.8000030517578,98.7194315718891,98.49585389290573,96.57724986700644,95.94974334392414,2.919428520131305,0.14974029216634221,True,True,2026
2026-02-26,EXXO34,LSTM,95.47000122070312,98.59020726720517,97.84715576143864,96.61129147438,96.07500550103485,3.120206046502048,0.6050042803317268,True,True,2026
2026-02-27,EXXO34,LSTM,98.4499969482422,98.40011143227046,98.91440576530938,96.27791649593644,97.32467280743676,0.04988551597173796,1.1253241408054464,False,True,2026
2026-03-02,EXXO34,LSTM,99.7699966430664,98.41964521880458,99.24909066614862,98.66699265868034,99.09654111925474,1.3503514242618309,0.6734555238116684,True,True,2026
2026-03-03,EXXO34,LSTM,99.87000274658205,98.75160608135205,99.5692502848582,99.73077941220706,99.99040825484585,1.1183966652299944,0.1204055082638007,True,True,2026
2026-03-04,EXXO34,LSTM,97.9499969482422,99.2558470987227,100.14550507947212,99.96715622393589,100.30323938313026,1.3058501504804951,2.3532424348880596,False,True,2026
2026-03-05,EXXO34,LSTM,98.68000030517578,99.46744248159392,100.07728974956561,98.40111949136951,98.34553815659557,0.7874421764181392,0.33446214858021506,True,True,2026
2026-03-06,EXXO34,LSTM,98.63999938964844,99.59572260166725,100.72814372318909,99.0919473168546,99.84411843409967,0.9557232120188104,1.2041190444512324,False,True,2026
2026-03-09,EXXO34,LSTM,97.04000091552734,99.84903237020363,100.81269858325703,99.18215806837182,99.32295241078512,2.809031454676287,2.2829514952577767,True,True,2026
2026-03-10,EXXO34,LSTM,95.33000183105467,99.97428903573153,100.5872438430006,97.94785529322102,97.87172562963013,4.644287204676857,2.541723798575461,True,True,2026
2026-03-11,EXXO34,LSTM,97.16999816894533,99.77115003852576,100.26706744417571,96.51847889035136,96.56449497329665,2.601151869580434,0.60550319564868,True,True,2026
2026-03-12,EXXO34,LSTM,100.47000122070312,99.43637210058272,100.0104230902764,97.83012007829322,98.10479645634933,1.033629120120409,2.3652047643537912,False,True,2026
2026-03-13,EXXO34,LSTM,104.16999816894533,99.35002822376065,98.57613213183126,100.27293305258809,99.18614552909047,4.819969945184681,4.9838526398548595,False,True,2026
2026-03-16,EXXO34,LSTM,102.47000122070312,99.57728778410613,98.38891164252682,103.03945880490755,102.60985797202362,2.892713436596992,0.1398567513204938,True,True,2026
2026-03-17,EXXO34,LSTM,103.6999969482422,100.0296966779898,99.73208590190775,101.75547101126143,102.23231582500468,3.6703002702523975,1.4676811232375258,True,True,2026
2026-03-18,EXXO34,LSTM,103.62000274658205,100.61804235840656,100.39882961558489,103.08550607083829,102.98356548540957,3.0019603881754904,0.6364372611724747,True,True,2026
2026-03-19,EXXO34,LSTM,102.9000015258789,101.2651287043518,101.70684467688979,103.14214262635872,103.68684418862892,1.6348728215271109,0.7868426627500185,True,False,2026
2026-03-20,EXXO34,LSTM,106.29000091552734,101.89119533388394,102.33059920574784,102.84116282792355,102.86643982369274,4.398805581643401,3.4235610918346,True,True,2026
2026-03-23,EXXO34,LSTM,105.12000274658205,102.52229761467264,101.89433435935719,105.63835164870537,104.79899678606994,2.5977051319094073,0.3210059605121103,True,True,2026
2026-03-24,EXXO34,LSTM,108.9000015258789,103.0570775867436,102.75045967366451,104.61947267893497,104.7899385007788,5.842923939135304,4.110063025100104,True,True,2026
2026-03-25,EXXO34,LSTM,106.37000274658205,103.82682022092852,103.07154806627616,107.95991416356071,107.46919564589626,2.5431825256535205,1.0991928993142182,True,True,2026
2026-03-26,EXXO34,LSTM,106.37000274658205,104.52935032548326,104.61952230469683,105.90648845202199,106.43686098316154,1.8406524210987811,0.06685823657949186,True,False,2026
