Date,Ativo,Modelo,Real,Pred_Base,Pred_SeqOnly,Pred_ResidualOnly,Pred_Hibrido,ErroAbs_Base,ErroAbs_Hibrido,Hybrid_Better,Event_Day,Year
2020-12-29,PETR4,TRANSFORMER,8.374804496765137,8.242645603755593,8.301983019322055,8.242645603755593,8.301983019322055,0.1321588930095441,0.07282147744308176,True,True,2020
2020-12-30,PETR4,TRANSFORMER,8.39554214477539,8.318343520853158,8.378225872958234,8.318343520853158,8.378225872958234,0.0771986239222322,0.017316271817156448,True,True,2020
2020-12-31,PETR4,TRANSFORMER,8.39554214477539,8.299551001803907,8.299551001803907,8.299551001803907,8.299551001803907,0.09599114297148326,0.09599114297148326,False,False,2020
2021-01-04,PETR4,TRANSFORMER,8.564399719238281,8.304061544439769,8.304061544439769,8.304061544439769,8.304061544439769,0.2603381747985125,0.2603381747985125,False,True,2021
2021-01-05,PETR4,TRANSFORMER,8.899155616760254,8.14122408643852,8.181650672857907,8.14122408643852,8.181650672857907,0.7579315303217342,0.7175049439023464,True,True,2021
2021-01-06,PETR4,TRANSFORMER,8.91693115234375,8.234749810744368,8.361030154765276,8.234749810744368,8.361030154765276,0.6821813415993816,0.5559009975784743,True,True,2021
2021-01-07,PETR4,TRANSFORMER,9.183548927307127,8.24817540947542,8.35505908186817,8.24817540947542,8.35505908186817,0.9353735178317066,0.8284898454389573,True,True,2021
2021-01-08,PETR4,TRANSFORMER,9.219101905822754,8.408253189242846,8.511603829489903,8.408253189242846,8.511603829489903,0.8108487165799083,0.7074980763328504,True,True,2021
2021-01-11,PETR4,TRANSFORMER,9.142075538635254,8.38471670970389,8.493883018087658,8.38471670970389,8.493883018087658,0.7573588289313644,0.648192520547596,True,True,2021
2021-01-12,PETR4,TRANSFORMER,9.073939323425291,8.406072676177644,8.489501382798188,8.406072676177644,8.489501382798188,0.6678666472476475,0.5844379406271027,True,True,2021
2021-01-13,PETR4,TRANSFORMER,8.635499000549316,8.47718936452166,8.529766031855214,8.47718936452166,8.529766031855214,0.15830963602765635,0.10573296869410242,True,True,2021
2021-01-14,PETR4,TRANSFORMER,8.724373817443848,8.309755157554065,8.394050242016617,8.309755157554065,8.394050242016617,0.41461865988978275,0.3303235754272311,True,True,2021
2021-01-15,PETR4,TRANSFORMER,8.330368995666504,8.493942281744665,8.46263681343963,8.493942281744665,8.46263681343963,0.16357328607816157,0.13226781777312624,True,True,2021
2021-01-18,PETR4,TRANSFORMER,8.315555572509766,8.353181634952115,8.265127676347067,8.353181634952115,8.265127676347067,0.03762606244234945,0.050427896162698715,False,True,2021
2021-01-19,PETR4,TRANSFORMER,8.499228477478027,8.372616475679488,8.479538085825263,8.372616475679488,8.479538085825263,0.1266120017985397,0.019690391652764205,True,True,2021
2021-01-20,PETR4,TRANSFORMER,8.35702896118164,8.473610956646441,8.471652548237417,8.473610956646441,8.471652548237417,0.11658199546480041,0.11462358705577635,True,True,2021
2021-01-21,PETR4,TRANSFORMER,8.16150951385498,8.420560256994222,8.417877807274877,8.420560256994222,8.417877807274877,0.25905074313924104,0.25636829341989653,True,True,2021
2021-01-22,PETR4,TRANSFORMER,8.025236129760742,8.446011408329683,8.329842794325481,8.418855739919337,8.27897437542704,0.42077527856894115,0.2537382456662982,True,True,2021
2021-01-25,PETR4,TRANSFORMER,8.025236129760742,8.2698860358614,8.264168717182399,8.400174942725355,8.468480777995241,0.2446499061006584,0.44324464823449894,False,False,2021
2021-01-26,PETR4,TRANSFORMER,7.99857759475708,8.33737314572761,8.33737314572761,8.522687678986765,8.55567040776402,0.3387955509705307,0.5570928130069408,False,False,2021
2021-01-27,PETR4,TRANSFORMER,8.117073059082031,8.284600273251,8.284600273251,8.495292723298348,8.47583052391457,0.16752721416896854,0.35875746483253934,False,True,2021
2021-01-28,PETR4,TRANSFORMER,8.22372055053711,8.24298228480745,8.335183179639897,8.06916569265758,8.16132112625003,0.019261734270340725,0.06239942428707934,False,True,2021
2021-01-29,PETR4,TRANSFORMER,7.906741142272949,8.300110344126482,8.241968087210681,8.527200667623065,8.378546547150792,0.39336920185353286,0.47180540487784306,False,True,2021
2021-02-01,PETR4,TRANSFORMER,8.155584335327148,8.102712445536412,8.184429241742366,7.814122757338542,7.921654756107096,0.05287188979073676,0.2339295792200522,False,True,2021
2021-02-02,PETR4,TRANSFORMER,8.490339279174805,8.130077654006486,8.219005606206611,8.008280909793523,8.07017126258253,0.3602616251683184,0.42016801659227454,False,True,2021
2021-02-03,PETR4,TRANSFORMER,8.573287963867188,8.034082679211227,8.129895219113594,8.210464836631202,8.251140284618588,0.5392052846559601,0.32214767924859977,True,True,2021
2021-02-04,PETR4,TRANSFORMER,8.537740707397461,8.035213042432343,8.139444112314221,8.397338441672371,8.432538174599568,0.5025276649651182,0.10520253279789316,True,True,2021
2021-02-05,PETR4,TRANSFORMER,8.54366397857666,8.034361582045149,8.141780763875053,8.409854906446538,8.440053644715258,0.5093023965315115,0.10361033386140228,True,True,2021
2021-02-08,PETR4,TRANSFORMER,8.327406883239746,7.956271861856683,8.047871505067755,8.341136626038516,8.350518397643215,0.3711350213830631,0.023111514403469258,True,True,2021
2021-02-09,PETR4,TRANSFORMER,8.158546447753906,7.9476907208348315,7.947680277695363,8.258295108956975,8.185349687463795,0.21085572691907473,0.026803239709888516,True,True,2021
2021-02-10,PETR4,TRANSFORMER,8.23556900024414,7.884270060386834,7.985572494800394,8.092694929540984,8.173956210740913,0.35129893985730654,0.06161278950322746,True,True,2021
2021-02-11,PETR4,TRANSFORMER,8.31851863861084,7.904087681808035,7.906349625534371,8.17651666028438,8.111669614989886,0.4144309568028053,0.20684902362095414,True,True,2021
2021-02-12,PETR4,TRANSFORMER,8.425166130065918,7.949020541840206,8.031317118106205,8.27283198571767,8.331950563087794,0.4761455882257124,0.09321556697812383,True,True,2021
2021-02-16,PETR4,TRANSFORMER,8.425166130065918,7.920103773086879,7.9920521856242415,8.29044683573813,8.304363904462114,0.5050623569790389,0.12080222560380349,True,True,2021
2021-02-17,PETR4,TRANSFORMER,8.76584529876709,7.841438268370203,7.884743494785748,8.310257205507092,8.279016840576274,0.9244070303968872,0.486828458190816,True,True,2021
2021-02-18,PETR4,TRANSFORMER,8.671048164367676,7.876285756063027,7.8808728211260695,8.515652985131512,8.46805641361958,0.7947624083046492,0.2029917507480956,True,False,2021
2021-02-19,PETR4,TRANSFORMER,8.096334457397461,7.80042725854593,7.748472399678872,8.474421510488417,8.40693984323474,0.2959071988515305,0.31060538583727926,False,True,2021
2021-02-22,PETR4,TRANSFORMER,6.419597148895264,7.636706531404528,7.730776945413892,7.983752732430308,8.097786079917679,1.217109382509264,1.6781889310224152,False,True,2021
2021-02-23,PETR4,TRANSFORMER,7.127616882324219,7.373148731640576,7.347637732787778,6.930914771308812,6.872106331716229,0.2455318493163574,0.25551055060798955,False,True,2021
2021-02-24,PETR4,TRANSFORMER,7.228343486785889,7.337459925481792,7.423672509072261,7.56717855173797,7.699990230549301,0.10911643869590293,0.4716467437634124,False,True,2021
2021-02-25,PETR4,TRANSFORMER,6.869887351989746,7.534158108339487,7.33477455497854,7.679940048172607,7.4344567598147835,0.6642707563497412,0.5645694078250374,True,True,2021
2021-02-26,PETR4,TRANSFORMER,6.588456630706787,7.299517461492545,7.186818638795978,7.152321953960593,7.117337471854967,0.7110608307857582,0.5288808411481796,True,True,2021
2021-03-01,PETR4,TRANSFORMER,6.517357349395752,7.060708869182319,7.074870752200426,6.783798823823774,6.90113053523882,0.543351519786567,0.38377318584306774,True,True,2021
2021-03-02,PETR4,TRANSFORMER,6.514395236968994,7.065329205798807,7.025754738695865,6.808107035343699,6.8127388491196035,0.5509339688298125,0.29834361215060934,True,True,2021
2021-03-03,PETR4,TRANSFORMER,6.277400970458984,6.947689219774639,7.028043389812571,6.6792113830574005,6.803787367890639,0.6702882493156546,0.5263863974316543,True,True,2021
2021-03-04,PETR4,TRANSFORMER,6.582530975341797,6.841000587864233,6.910673803882818,6.483501259835889,6.543354758198994,0.25846961252243617,0.03917621714280273,True,True,2021
2021-03-05,PETR4,TRANSFORMER,6.632892608642578,6.741467311882269,6.823408401544044,6.536346132096418,6.593776628351445,0.10857470323969132,0.03911598029113339,True,True,2021
2021-03-08,PETR4,TRANSFORMER,6.250738620758057,6.740113672728544,6.663175587757253,6.676744838512741,6.554471534767884,0.48937505197048736,0.30373291400982705,True,True,2021
2021-03-09,PETR4,TRANSFORMER,6.395896434783936,6.418112590860144,6.473749283879151,6.217270848455633,6.284869054943516,0.022216156076207305,0.11102737984042044,False,True,2021
2021-03-10,PETR4,TRANSFORMER,6.618079662322998,6.608919008975807,6.622691498445658,6.523488371082827,6.536170437914772,0.009160653347191072,0.08190922440822579,False,True,2021
2021-03-11,PETR4,TRANSFORMER,6.899511337280273,6.637338055261326,6.70410245038732,6.653601947322502,6.698634524221797,0.2621732820189475,0.2008768130584766,True,True,2021
2021-03-12,PETR4,TRANSFORMER,6.863964080810547,6.559439648587038,6.598104857214314,6.692662223410444,6.704863531533943,0.3045244322235092,0.15910054927660422,True,False,2021
2021-03-15,PETR4,TRANSFORMER,7.006158351898193,6.564754322644337,6.532956483860997,6.7591995086770655,6.683607634666079,0.4414040292538566,0.32255071723211426,True,True,2021
2021-03-16,PETR4,TRANSFORMER,6.896549224853516,6.499194177812491,6.4405513730024175,6.751730932536681,6.680407882633987,0.39735504704102453,0.21614134221952863,True,True,2021
2021-03-17,PETR4,TRANSFORMER,7.133544921875,6.545614365960102,6.635613594374368,6.810372582876911,6.904637289056432,0.5879305559148982,0.22890763281856774,True,True,2021
2021-03-18,PETR4,TRANSFORMER,6.884700775146484,6.437969550642492,6.4160484007336605,6.779801177718025,6.706194167513849,0.44673122450399205,0.17850660763263537,True,True,2021
2021-03-19,PETR4,TRANSFORMER,7.10984468460083,6.087461064841463,6.142837596550155,6.41094165811264,6.4368840174404,1.022383619759367,0.6729606671604298,True,True,2021
2021-03-22,PETR4,TRANSFORMER,6.967647552490234,6.555375196819977,6.484307491480341,7.129085665482546,7.015747864093531,0.41227235567025744,0.04810031160329675,True,True,2021
2021-03-23,PETR4,TRANSFORMER,6.754352569580078,6.615482061337666,6.512135011732413,7.013319563499466,6.905879443927467,0.13887050824241243,0.15152687434738876,False,True,2021
2021-03-24,PETR4,TRANSFORMER,6.760275840759277,6.361968144235288,6.449806427130731,6.539555941526175,6.6642006139572425,0.39830769652398956,0.09607522680203484,True,True,2021
2021-03-25,PETR4,TRANSFORMER,6.872849464416504,6.581621259648482,6.55050550933498,6.990004726705741,6.897674617067378,0.29122820476802147,0.02482515265087404,True,True,2021
2021-03-26,PETR4,TRANSFORMER,6.949873447418213,6.371133982382798,6.470839210658745,6.614138950680433,6.697551992973307,0.5787394650354152,0.25232145444490595,True,True,2021
2021-03-29,PETR4,TRANSFORMER,7.059484004974365,6.580624124392662,6.6644585533119765,6.923078011956194,6.960218840125823,0.4788598805817035,0.09926516484854186,True,True,2021
2021-03-30,PETR4,TRANSFORMER,7.059484004974365,6.568910973695338,6.60073123890558,6.911175977898693,6.875841847009523,0.49057303127902685,0.18364215796484196,True,True,2021
2021-03-31,PETR4,TRANSFORMER,7.139469623565674,6.589488009885265,6.52977601732389,6.933439632300728,6.832101830477382,0.5499816136804085,0.3073677930882921,True,True,2021
2021-04-01,PETR4,TRANSFORMER,7.07725715637207,6.538740909342309,6.60421009116235,6.919761012017524,6.992042524323112,0.5385162470297615,0.08521463204895863,True,True,2021
2021-04-05,PETR4,TRANSFORMER,7.121692657470703,6.576745454182742,6.5229686845167185,6.96708785423214,6.878369690281982,0.5449472032879612,0.24332296718872115,True,True,2021
2021-04-06,PETR4,TRANSFORMER,7.115769386291504,6.477614320744234,6.560136447380556,6.8751631932816055,6.957558169942331,0.6381550655472701,0.1582112163491729,True,True,2021
2021-04-07,PETR4,TRANSFORMER,7.10984468460083,6.594827116752809,6.594827116752809,7.04127237296119,7.018625688563794,0.5150175678480213,0.09121899603703643,True,False,2021
2021-04-08,PETR4,TRANSFORMER,7.020973205566406,6.609254768034825,6.55204133543495,7.021467096449813,6.933978059603021,0.4117184375315812,0.08699514596338531,True,True,2021
2021-04-09,PETR4,TRANSFORMER,7.006158351898193,6.607015708424321,6.596683408563118,6.948860773662392,6.978248527954708,0.39914264347387274,0.02790982394348518,True,False,2021
2021-04-12,PETR4,TRANSFORMER,7.07725715637207,6.62069485518621,6.699863319119942,6.936141354410314,7.01944379660642,0.45656230118586016,0.057813359765650496,True,True,2021
2021-04-13,PETR4,TRANSFORMER,7.100956916809082,6.5824379916387254,6.66114899042896,6.9199491824201615,6.9573304710749815,0.5185189251703566,0.14362644573410055,True,True,2021
2021-04-14,PETR4,TRANSFORMER,7.213528633117676,6.642627681846488,6.701951426090406,7.028239815486008,7.0280551664728605,0.570900951271188,0.18547346664481523,True,True,2021
2021-04-15,PETR4,TRANSFORMER,7.070477485656738,6.541671309916897,6.490402990066335,6.9617587632417095,6.859535583808783,0.5288061757398417,0.21094190184795547,True,True,2021
2021-04-16,PETR4,TRANSFORMER,7.027606964111328,6.6251503855826535,6.59971858637984,7.045225617702797,7.033014586050259,0.40245657852867467,0.005407621938930518,True,False,2021
2021-04-19,PETR4,TRANSFORMER,7.434871196746826,6.613341193964558,6.697592424815062,6.97126389816504,7.062252549047706,0.8215300027822678,0.37261864769912023,True,True,2021
2021-04-20,PETR4,TRANSFORMER,7.294012546539307,6.556683197328152,6.53013149178492,7.06426835071438,7.007238743648918,0.737329349211155,0.286773802890389,True,True,2021
2021-04-21,PETR4,TRANSFORMER,7.294012546539307,6.55857328264894,6.5765703777310005,7.122916308057226,7.12757609466576,0.7354392638903668,0.1664364518735466,True,True,2021
2021-04-22,PETR4,TRANSFORMER,7.260330200195312,6.667779646505561,6.67210075322045,7.264087641840492,7.255316669128613,0.5925505536897502,0.005013531066698995,True,False,2021
2021-04-23,PETR4,TRANSFORMER,7.25420618057251,6.843041726345211,6.821890978891159,7.377196212518911,7.338176927760028,0.41116445422729875,0.08397074718751796,True,False,2021
2021-04-26,PETR4,TRANSFORMER,7.281764507293701,6.835201867566244,6.835201867566244,7.240746926467887,7.239963683516128,0.4465626397274569,0.04180082377757355,True,False,2021
2021-04-27,PETR4,TRANSFORMER,7.073538780212402,6.843096277588209,6.815384724063625,7.204976608623861,7.1758421560027905,0.23044250262419297,0.10230337579038817,True,True,2021
2021-04-28,PETR4,TRANSFORMER,7.330758571624756,6.736839215159383,6.839887365051885,7.016881014587345,7.119771807040528,0.5939193564653724,0.21098676458422805,True,True,2021
2021-04-29,PETR4,TRANSFORMER,7.232770919799805,6.785317444990028,6.871719023305362,7.181789187270258,7.22653165115361,0.4474534748097767,0.006239268646194951,True,True,2021
2021-04-30,PETR4,TRANSFORMER,7.232770919799805,6.861024428350515,6.847636263584557,7.260916800970267,7.178426135166714,0.37174649144929006,0.05434478463309045,True,True,2021
2021-05-03,PETR4,TRANSFORMER,7.174590110778809,6.758449190660395,6.834313261415488,7.095158937566312,7.15432626383181,0.41614092011841386,0.020263846946998676,True,True,2021
2021-05-04,PETR4,TRANSFORMER,7.009234428405762,6.927386706952646,6.984355694473293,7.278115196298636,7.294562193759555,0.0818477214531157,0.28532776535379334,False,True,2021
2021-05-05,PETR4,TRANSFORMER,7.297077178955078,6.844023802384655,6.948466724081428,7.056903253769258,7.103936343704868,0.45305337657042344,0.19314083525020997,True,True,2021
2021-05-06,PETR4,TRANSFORMER,7.196024417877197,6.755688436768258,6.755688436768258,7.058776727892918,7.010460639098668,0.4403359811089391,0.18556377877852892,True,False,2021
2021-05-07,PETR4,TRANSFORMER,7.465491771697998,6.8340957834899,6.921439771464802,7.214455574086221,7.272571084322541,0.631395988208098,0.19292068737545698,True,True,2021
2021-05-10,PETR4,TRANSFORMER,7.563482284545898,6.856294605084347,6.7986896941824755,7.315002000222727,7.210560801426359,0.7071876794615513,0.3529214831195393,True,True,2021
2021-05-11,PETR4,TRANSFORMER,7.701277732849121,6.772225607666842,6.715327023926328,7.306971625151944,7.254342671501017,0.9290521251822792,0.44693506134810423,True,True,2021
2021-05-12,PETR4,TRANSFORMER,7.587979316711426,6.876038467078395,6.942802372907781,7.540090164208317,7.640030234451294,0.7119408496330308,0.052050917739868474,True,True,2021
2021-05-13,PETR4,TRANSFORMER,7.652283668518066,6.861481583133388,6.787357138821278,7.473555519091973,7.3607298495314915,0.7908020853846782,0.29155381898657495,True,True,2021
2021-05-14,PETR4,TRANSFORMER,8.053422927856445,6.810236145460731,6.91230639219544,7.421384774400217,7.542806929732323,1.2431867823957141,0.5106159981241225,True,True,2021
2021-05-17,PETR4,TRANSFORMER,8.163661003112793,6.947105982470976,7.035412645334598,7.797765727025902,7.852110348042202,1.2165550206418168,0.3115506550705911,True,True,2021
2021-05-18,PETR4,TRANSFORMER,8.068734169006348,7.167269190422574,7.167269190422574,8.214308321648069,8.105300012297088,0.9014649785837738,0.03656584329073986,True,True,2021
2021-05-19,PETR4,TRANSFORMER,8.007493019104004,7.078175869859447,7.008740386132416,7.887991438070122,7.784808078950156,0.9293171492445573,0.2226849401538482,True,True,2021
2021-05-20,PETR4,TRANSFORMER,7.940125465393066,7.049869153034862,6.95887260504787,7.796896814944552,7.738500575879863,0.8902563123582041,0.20162488951320334,True,True,2021
2021-05-21,PETR4,TRANSFORMER,7.946248531341553,7.208337901632046,7.285003918986731,7.94933996022357,8.086364108833973,0.737910629709507,0.14011557749241987,True,True,2021
2021-05-24,PETR4,TRANSFORMER,8.080982208251953,7.345502084856272,7.4670677810358885,7.997564291988315,8.094482722523242,0.7354801233956811,0.013500514271289177,True,True,2021
2021-05-25,PETR4,TRANSFORMER,7.9125657081604,7.4007565778928885,7.327451445839237,8.028041840989736,7.869214364238039,0.5118091302675118,0.043351343922361174,True,True,2021
2021-05-26,PETR4,TRANSFORMER,7.989119529724121,7.411000148836931,7.393026061955362,7.903334826103786,7.894513454876587,0.5781193808871903,0.09460607484753414,True,False,2021
2021-05-27,PETR4,TRANSFORMER,7.933998584747314,7.473779179101436,7.539624609992779,7.936803155785338,8.029992789318403,0.46021940564587727,0.09599420457108909,True,True,2021
2021-05-28,PETR4,TRANSFORMER,8.264711380004883,7.553126958519275,7.691850556224079,8.011905435418885,8.111783610651901,0.7115844214856075,0.15292776935298136,True,True,2021
2021-05-31,PETR4,TRANSFORMER,8.227967262268066,7.439033417951894,7.438469962749584,7.965605862914057,7.883540111727757,0.7889338443161726,0.3444271505403096,True,False,2021
2021-06-01,PETR4,TRANSFORMER,8.356575965881348,7.6785942027536045,7.782108493690364,8.317293099534309,8.388868652185506,0.6779817631277432,0.03229268630415838,True,True,2021
2021-06-02,PETR4,TRANSFORMER,8.534180641174316,7.557326635902783,7.665414948837791,8.172915218877524,8.221117311073897,0.9768540052715338,0.31306333010041953,True,True,2021
2021-06-03,PETR4,TRANSFORMER,8.534180641174316,7.690047505135688,7.718252705564737,8.404881281644496,8.357459632941428,0.8441331360386286,0.17672100823288872,True,False,2021
2021-06-04,PETR4,TRANSFORMER,8.727092742919922,7.676562284201021,7.676562284201021,8.394540164868648,8.35113872593965,1.0505304587189013,0.37595401698027153,True,False,2021
2021-06-07,PETR4,TRANSFORMER,8.662789344787598,7.760143547406479,7.6663196638863855,8.584770508229953,8.481228603350289,0.902645797381119,0.18156074143730905,True,True,2021
2021-06-08,PETR4,TRANSFORMER,8.77608871459961,7.822118984078703,7.769936911707662,8.603392415821546,8.594956867551234,0.9539697305209067,0.18113184704837515,True,True,2021
2021-06-09,PETR4,TRANSFORMER,8.77608871459961,7.836525275859939,7.836525275859939,8.629528896487347,8.687797474498511,0.9395634387396701,0.08829124010109801,True,False,2021
2021-06-10,PETR4,TRANSFORMER,8.782212257385254,7.935185885619402,8.079835131464682,8.739321522428785,8.890806090609733,0.8470263717658515,0.10859383322447869,True,True,2021
2021-06-11,PETR4,TRANSFORMER,8.748529434204102,8.005006098365737,8.000090018360225,8.758870365757222,8.673389929864758,0.7435233358383648,0.07513950433934369,True,False,2021
2021-06-14,PETR4,TRANSFORMER,8.803646087646484,8.011531502686653,8.011531502686653,8.6923180866937,8.658911630206624,0.7921145849598314,0.1447344574398599,True,False,2021
2021-06-15,PETR4,TRANSFORMER,8.889388084411621,8.098680878180623,8.184085298064014,8.780654189724016,8.860952601381738,0.7907072062309979,0.028435483029882747,True,True,2021
2021-06-16,PETR4,TRANSFORMER,8.92307186126709,8.160762036698433,8.155850723491842,8.860921630596318,8.809546464207207,0.762309824568657,0.11352539705988285,True,False,2021
2021-06-17,PETR4,TRANSFORMER,8.613795280456543,8.106182826583947,8.024030472832605,8.786783238864635,8.681557019737873,0.5076124538725963,0.06776173928133034,True,True,2021
2021-06-18,PETR4,TRANSFORMER,8.671975135803223,7.988603077425287,8.001177762798397,8.573184660483104,8.615020439219027,0.6833720583779357,0.05695469658419583,True,True,2021
2021-06-21,PETR4,TRANSFORMER,8.864890098571777,8.122201837506783,8.242437517270838,8.698458138124813,8.825693995356644,0.7426882610649947,0.039196103215132894,True,True,2021
2021-06-22,PETR4,TRANSFORMER,8.910823822021484,8.302522431059849,8.260757132113113,8.945321786902033,8.843148234630801,0.6083013909616355,0.06767558739068313,True,False,2021
2021-06-23,PETR4,TRANSFORMER,8.972065925598145,8.310696051246682,8.379561992462229,8.90072537763891,8.966180363361829,0.6613698743514629,0.0058855622363154225,True,False,2021
2021-06-24,PETR4,TRANSFORMER,9.079241752624512,8.300986390989394,8.300986390989394,8.887098264486134,8.864021158153216,0.778255361635118,0.2152205944712957,True,False,2021
2021-06-25,PETR4,TRANSFORMER,8.910823822021484,8.357626255099959,8.398464745305875,8.989111473765128,9.015891527303271,0.5531975669215257,0.10506770528178677,True,True,2021
2021-06-28,PETR4,TRANSFORMER,8.895511627197266,8.27958201989157,8.19736082653391,8.845315135734703,8.730419514997921,0.615929607305695,0.1650921121993445,True,True,2021
2021-06-29,PETR4,TRANSFORMER,8.935318946838379,8.261077008942742,8.266613017791684,8.818357796626595,8.861938156793833,0.674241937895637,0.07338079004454556,True,False,2021
2021-06-30,PETR4,TRANSFORMER,9.011873245239258,8.46000203500582,8.579353655616726,9.05352269082097,9.184224828784213,0.551871210233438,0.1723515835449554,True,True,2021
2021-07-01,PETR4,TRANSFORMER,8.89857292175293,8.382863657762151,8.49067968100249,8.916754767567857,8.956512812663918,0.5157092639907788,0.05793989091098872,True,True,2021
2021-07-02,PETR4,TRANSFORMER,8.935318946838379,8.336050546999479,8.488007091223205,8.841358769567623,8.902841239714508,0.5992683998389001,0.03247770712387066,True,True,2021
2021-07-05,PETR4,TRANSFORMER,8.834268569946289,8.466615643308373,8.46141607701611,9.006556079589396,8.89747378419239,0.36765292663791627,0.0632052142461017,True,False,2021
2021-07-06,PETR4,TRANSFORMER,8.47293758392334,8.394093837877097,8.404528187107331,8.837081321624789,8.803808594955814,0.07884374604624256,0.3308710110324746,False,True,2021
2021-07-07,PETR4,TRANSFORMER,8.589298248291016,7.9518372299646,7.867941656455304,8.175036749271055,8.074747032689093,0.637461018326416,0.514551215601923,True,True,2021
2021-07-08,PETR4,TRANSFORMER,8.417819023132324,8.046584902113612,7.944839799375435,8.491300408224896,8.440412535952303,0.37123412101871267,0.02259351281997901,True,True,2021
2021-07-09,PETR4,TRANSFORMER,8.417819023132324,8.167705564772021,8.212750383077173,8.626655723375048,8.729709889051662,0.2501134583603033,0.311890865919338,False,True,2021
2021-07-12,PETR4,TRANSFORMER,8.49130916595459,8.162375216836452,8.15189541768908,8.482088506522372,8.470707901358555,0.328933949118138,0.02060126459603495,True,False,2021
2021-07-13,PETR4,TRANSFORMER,8.543366432189941,8.153482749565827,8.233002032838138,8.492267692531055,8.560365438551905,0.38988368262411477,0.01699900636196361,True,True,2021
2021-07-14,PETR4,TRANSFORMER,8.47293758392334,8.207872182820868,8.143818036979784,8.596578262232594,8.489361557510383,0.265065401102472,0.016423973587043506,True,True,2021
2021-07-15,PETR4,TRANSFORMER,8.292268753051758,7.958227869665489,7.895294256426691,8.302675574514545,8.243272998373184,0.3340408833862689,0.04899575467857353,True,True,2021
2021-07-16,PETR4,TRANSFORMER,8.169785499572754,7.981054261052627,7.884074701837786,8.325781215763843,8.270416071912392,0.18873123852012696,0.10063057233963768,True,True,2021
2021-07-19,PETR4,TRANSFORMER,8.035050392150879,8.00545848951894,7.921993294306199,8.281922126877147,8.256602303104165,0.029591902631938893,0.22155191095328597,False,True,2021
2021-07-20,PETR4,TRANSFORMER,8.142226219177246,7.620622673651987,7.759537796562073,7.797053455190644,7.9926825562531585,0.5216035455252594,0.1495436629240876,True,True,2021
2021-07-21,PETR4,TRANSFORMER,8.255525588989258,8.025933645500112,8.080955524068003,8.387581939040365,8.399716472670208,0.22959194348914558,0.14419088368095068,True,True,2021
2021-07-22,PETR4,TRANSFORMER,8.237153053283691,7.982476435007415,8.038210917330291,8.341789286149021,8.324169537410775,0.2546766182762763,0.08701648412708352,True,True,2021
2021-07-23,PETR4,TRANSFORMER,8.188159942626953,7.885576370574803,7.887120669797589,8.174317381249567,8.131412179474735,0.3025835720521499,0.05674776315221841,True,False,2021
2021-07-26,PETR4,TRANSFORMER,8.411691665649414,7.834171889137348,7.959957925962395,8.136870113558775,8.246523229062507,0.5775197765120659,0.1651684365869066,True,True,2021
2021-07-27,PETR4,TRANSFORMER,8.313704490661621,7.718363441888666,7.653515639396551,8.17759569758655,8.051698738459896,0.5953410487729549,0.2620057522017252,True,True,2021
2021-07-28,PETR4,TRANSFORMER,8.485184669494629,7.72302088871694,7.822057037243293,8.261952789426704,8.359753970206818,0.7621637807776889,0.12543069928781136,True,True,2021
2021-07-29,PETR4,TRANSFORMER,8.515804290771484,7.827567961759609,7.887956670084594,8.457928898429927,8.482212271273994,0.6882363290118754,0.033592019497490355,True,True,2021
2021-07-30,PETR4,TRANSFORMER,8.240214347839355,7.919147512846939,7.824375140720792,8.558114245599462,8.402817577609252,0.3210668349924166,0.16260322976989627,True,True,2021
2021-08-02,PETR4,TRANSFORMER,8.087106704711914,7.782031964744991,7.696443762877708,8.210979407899393,8.147300624811564,0.3050747399669227,0.060193920099649745,True,True,2021
2021-08-03,PETR4,TRANSFORMER,8.221839904785156,7.584774055401038,7.587495951021484,7.9336473572799635,7.991334695414649,0.6370658493841184,0.23050520937050756,True,False,2021
2021-08-04,PETR4,TRANSFORMER,8.047298431396484,7.664582062911215,7.530158309453566,8.156620989090271,8.045950919207069,0.38271636848526924,0.001347512189415312,True,True,2021
2021-08-05,PETR4,TRANSFORMER,8.681161880493164,7.53663842274297,7.61814103258415,7.984366412964496,8.12327063360615,1.1445234577501937,0.5578912468870136,True,True,2021
2021-08-06,PETR4,TRANSFORMER,8.693408966064453,7.731082947770204,7.717458947047366,8.496307960264238,8.4854061536672,0.9623260182942488,0.20800281239725393,True,False,2021
2021-08-09,PETR4,TRANSFORMER,8.63216781616211,7.904524860079388,7.862086515682805,8.8661337069054,8.785228573903954,0.7276429560827218,0.15306075774184436,True,True,2021
2021-08-10,PETR4,TRANSFORMER,8.65972900390625,7.893691905212753,8.00260553502515,8.597380327094797,8.724476787523331,0.7660370986934968,0.06474778361708111,True,True,2021
2021-08-11,PETR4,TRANSFORMER,8.779150009155273,7.97711919561403,7.880919045109016,8.644391074337731,8.500481631535376,0.8020308135412435,0.2786683776198977,True,True,2021
2021-08-12,PETR4,TRANSFORMER,8.910823822021484,7.9217891759973185,7.826256278429618,8.616742815427283,8.54392110157337,0.9890346460241659,0.366902720448115,True,True,2021
2021-08-13,PETR4,TRANSFORMER,8.98737621307373,8.034652317120509,8.001937165867204,8.823944797470702,8.866470414673861,0.9527238959532216,0.12090579839986937,True,False,2021
2021-08-16,PETR4,TRANSFORMER,8.769965171813965,8.132672602853003,8.034596554442867,8.96361797756168,8.905854197869726,0.6372925689609623,0.1358890260557608,True,True,2021
2021-08-17,PETR4,TRANSFORMER,8.769933700561523,8.072778565015744,8.039908172948353,8.729379678327929,8.745745523059183,0.6971551355457795,0.02418817750234048,True,False,2021
2021-08-18,PETR4,TRANSFORMER,8.692066192626953,8.18321594297845,8.230949010476408,8.791165442887463,8.883885435625444,0.5088502496485034,0.1918192429984913,True,True,2021
2021-08-19,PETR4,TRANSFORMER,8.64339828491211,8.137937489296974,8.028580016784865,8.681269778632856,8.547753446646198,0.5054607956151358,0.09564483826591186,True,True,2021
2021-08-20,PETR4,TRANSFORMER,8.63042163848877,8.219693975007768,8.12259882178943,8.712106419263256,8.65917941567777,0.4107276634810013,0.028757777188999967,True,True,2021
2021-08-23,PETR4,TRANSFORMER,8.76668930053711,8.239725191436765,8.370490054642753,8.688992869540773,8.88817600177033,0.5269641091003443,0.12148670123321992,True,True,2021
2021-08-24,PETR4,TRANSFORMER,8.948384284973145,8.339021054262581,8.450798911759694,8.820740430845426,8.887619074820751,0.6093632307105636,0.06076521015239322,True,True,2021
2021-08-25,PETR4,TRANSFORMER,8.997050285339355,8.294067142060577,8.270897835153832,8.82620037210414,8.715080586907895,0.7029831432787788,0.28196969843146036,True,False,2021
2021-08-26,PETR4,TRANSFORMER,8.919182777404785,8.281662957730116,8.202351588032881,8.888659177215901,8.800038102288491,0.6375198196746688,0.1191446751162939,True,True,2021
2021-08-27,PETR4,TRANSFORMER,9.243635177612305,8.269724379783558,8.42465821787399,8.877976990063127,9.073449373585056,0.9739107978287471,0.17018580402724837,True,True,2021
2021-08-30,PETR4,TRANSFORMER,9.181987762451172,8.401957361138942,8.386452110524843,9.139352994479575,9.072231868495267,0.7800304013122297,0.10975589395590468,True,False,2021
2021-08-31,PETR4,TRANSFORMER,8.821847915649414,8.47279622230735,8.377971311227645,9.219733974491069,9.09090700918084,0.349051693342064,0.26905909353142654,True,True,2021
2021-09-01,PETR4,TRANSFORMER,8.77318000793457,8.308050085463051,8.21249374390933,8.801779054516803,8.739953424647885,0.46512992247151885,0.033226583286685596,True,True,2021
2021-09-02,PETR4,TRANSFORMER,8.63042163848877,8.365219173463437,8.426518991389925,8.807251389914928,8.93596091255885,0.2652024650253324,0.30553927407007997,False,True,2021
2021-09-03,PETR4,TRANSFORMER,8.54281997680664,8.391841870366841,8.290640367525134,8.764627227861263,8.639355468374378,0.15097810643979948,0.096535491567737,True,True,2021
2021-09-06,PETR4,TRANSFORMER,8.584996223449707,8.284455827706159,8.389882835603903,8.544415550557853,8.683363821478276,0.30054039574354796,0.09836759802856854,True,True,2021
2021-09-07,PETR4,TRANSFORMER,8.584996223449707,8.30825384588056,8.310455872188745,8.596854936777687,8.571950941736752,0.2767423775691462,0.013045281712955159,True,False,2021
2021-09-08,PETR4,TRANSFORMER,8.101564407348633,8.218618931357017,8.218618931357017,8.531158536599692,8.509282598342924,0.11705452400838467,0.4077181909942915,False,False,2021
2021-09-09,PETR4,TRANSFORMER,8.273523330688477,8.056208970702308,8.167294590205275,8.199364943996633,8.285542546891074,0.21731435998616888,0.012019216202597605,True,True,2021
2021-09-10,PETR4,TRANSFORMER,8.221611022949219,7.837285458956032,7.809100703646071,8.044640939163122,7.9625759468473225,0.38432556399318685,0.25903507610189624,True,True,2021
2021-09-13,PETR4,TRANSFORMER,8.510372161865234,8.113110680779265,8.204733531097098,8.481795002925532,8.56375919885806,0.3972614810859696,0.05338703699282554,True,True,2021
2021-09-14,PETR4,TRANSFORMER,8.396814346313477,8.169257739717166,8.1510973507945,8.545013674903993,8.487012431272234,0.22755660659631083,0.09019808495875736,True,False,2021
2021-09-15,PETR4,TRANSFORMER,8.54281997680664,8.113765142029772,8.161744806038447,8.453356745707154,8.478743539577305,0.4290548347768688,0.06407643722933543,True,True,2021
2021-09-16,PETR4,TRANSFORMER,8.468194961547852,8.076771869668697,8.100803299242825,8.43105008954265,8.441266706679361,0.3914230918791546,0.026928254868490598,True,False,2021
2021-09-17,PETR4,TRANSFORMER,8.088586807250977,8.029465492736941,7.929212059102281,8.45424713736724,8.324493434821527,0.05912131451403546,0.23590662757055014,False,True,2021
2021-09-20,PETR4,TRANSFORMER,7.997740745544434,7.805765750751581,7.824708825223222,8.054393534019392,8.105215503085773,0.19197499479285263,0.10747475754133973,True,True,2021
2021-09-21,PETR4,TRANSFORMER,8.17943286895752,7.716079358294504,7.80478896601537,7.953909590053435,8.051754140228866,0.46335351066301556,0.12767872872865382,True,True,2021
2021-09-22,PETR4,TRANSFORMER,8.387083053588867,7.835902777027865,7.903630654469118,8.233904174741387,8.256313777681783,0.5511802765610021,0.13076927590708465,True,True,2021
2021-09-23,PETR4,TRANSFORMER,8.708290100097656,7.913649208549124,7.997137608847607,8.422369686333662,8.450034294274197,0.7946408915485321,0.25825580582345964,True,True,2021
2021-09-24,PETR4,TRANSFORMER,8.727757453918457,7.93650018641198,8.016398024743756,8.576234275503541,8.606006365139551,0.7912572675064773,0.12175108877890573,True,True,2021
2021-09-27,PETR4,TRANSFORMER,8.805624961853027,8.05517065309966,8.131314673139851,8.758493570841107,8.773539555400404,0.7504543087533673,0.03208540645262303,True,True,2021
2021-09-28,PETR4,TRANSFORMER,8.747222900390625,7.9814178335623005,7.885165843588996,8.668536422233586,8.511080401912048,0.7658050668283245,0.2361424984785767,True,True,2021
2021-09-29,PETR4,TRANSFORMER,8.886738777160645,7.857069888635014,7.937168621873448,8.542654145597611,8.65441320229302,1.0296688885256309,0.23232557486762495,True,True,2021
2021-09-30,PETR4,TRANSFORMER,8.834826469421387,8.182788138300964,8.216862891887498,9.002429859467105,9.022118651188887,0.6520383311204228,0.18729218176749995,True,True,2021
2021-10-01,PETR4,TRANSFORMER,9.084654808044434,8.093235588471074,8.189753659441111,8.794449946315126,8.841120129570907,0.9914192195733591,0.2435346784735266,True,True,2021
2021-10-04,PETR4,TRANSFORMER,9.340970993041992,8.255015213354575,8.36245271168371,9.032512800132999,9.088390397089773,1.085955779687417,0.25258059595221916,True,True,2021
2021-10-05,PETR4,TRANSFORMER,9.54537582397461,8.180144016503013,8.278482683070743,9.088601225341895,9.109630555700754,1.3652318074715968,0.4357452682738554,True,True,2021
2021-10-06,PETR4,TRANSFORMER,9.292303085327148,8.318874281397711,8.24240150921969,9.396682141637307,9.249846041986032,0.973428803929437,0.04245704334111622,True,True,2021
2021-10-07,PETR4,TRANSFORMER,9.279324531555176,8.21519019365273,8.239396344573667,9.100736046269214,9.14261974811256,1.0641343379024466,0.1367047834426156,True,False,2021
2021-10-08,PETR4,TRANSFORMER,9.448040008544922,8.400501534445516,8.483476663863323,9.30088504419692,9.3897516483576,1.0475384740994063,0.05828836018732275,True,True,2021
2021-10-11,PETR4,TRANSFORMER,9.51292896270752,8.446344401410183,8.537377129066464,9.367600860850283,9.4063071885625,1.0665845612973364,0.10662177414501883,True,True,2021
2021-10-12,PETR4,TRANSFORMER,9.51292896270752,8.587007777958176,8.612546793321332,9.450353720930746,9.415398121900855,0.9259211847493436,0.09753084080666419,True,False,2021
2021-10-13,PETR4,TRANSFORMER,9.613508224487305,8.660586648179834,8.660586648179834,9.459085017835445,9.426264270226945,0.952921576307471,0.1872439542603601,True,False,2021
2021-10-14,PETR4,TRANSFORMER,9.62973403930664,8.845718200368935,8.941055285572794,9.689940085834513,9.776741750730205,0.7840158389377052,0.14700771142356395,True,True,2021
2021-10-15,PETR4,TRANSFORMER,9.603776931762695,8.895966502785772,8.92242440652355,9.598510525466619,9.573052322501827,0.7078104289769236,0.03072460926086862,True,False,2021
2021-10-18,PETR4,TRANSFORMER,9.555109024047852,8.961423077088657,8.869432026940066,9.635512580154991,9.503982139706084,0.5936859469591944,0.05112688434176782,True,True,2021
2021-10-19,PETR4,TRANSFORMER,9.087898254394531,8.855728583957344,8.93902777726766,9.462114637144243,9.580188631827834,0.2321696704371874,0.49229037743330295,False,True,2021
2021-10-20,PETR4,TRANSFORMER,9.246878623962402,8.799420176272546,8.817043185614517,9.137464605779204,9.125878617434296,0.447458447689856,0.1210000065281065,True,False,2021
2021-10-21,PETR4,TRANSFORMER,8.906204223632812,8.926640589891012,8.837078930787087,9.347576249861342,9.2291049763613,0.020436366258199,0.32290075272848817,False,True,2021
2021-10-22,PETR4,TRANSFORMER,8.818603515625,8.644772626998293,8.602164522705086,8.809264718549022,8.805435537875894,0.17383088862670704,0.01316797774910583,True,False,2021
2021-10-25,PETR4,TRANSFORMER,9.42208480834961,8.65260587816191,8.740814686264113,8.876203940284036,9.002883627184746,0.7694789301876988,0.4192011811648637,True,True,2021
2021-10-26,PETR4,TRANSFORMER,9.331235885620115,8.810293084162222,8.897493451939264,9.359710554209661,9.425311454365135,0.5209428014578936,0.09407556874501921,True,True,2021
2021-10-27,PETR4,TRANSFORMER,9.308526039123535,9.026369174689457,8.893394240876153,9.613158284856862,9.401685569652498,0.2821568644340786,0.09315953052896297,True,True,2021
2021-10-28,PETR4,TRANSFORMER,9.396127700805664,8.9343327761502,8.832535282979517,9.346539558732095,9.277228932386311,0.46179492465546446,0.11889876841935276,True,True,2021
2021-10-29,PETR4,TRANSFORMER,8.808868408203125,9.036011068473048,8.91197990282452,9.457813786167566,9.417110564259765,0.2271426602699229,0.6082421560566402,False,True,2021
2021-11-01,PETR4,TRANSFORMER,9.084654808044434,8.79238029994724,8.886721056067826,8.936465319871195,9.089999330387533,0.2922745080971936,0.005344522343099456,True,True,2021
2021-11-02,PETR4,TRANSFORMER,9.084654808044434,8.911351797296987,8.937855459147842,9.087202339968183,9.108362657798756,0.17330301074744625,0.02370784975432194,True,False,2021
2021-11-03,PETR4,TRANSFORMER,8.711533546447754,8.886310471778643,8.888167495936507,9.179253648468608,9.13508510120142,0.17477692533088884,0.4235515547536668,False,True,2021
2021-11-04,PETR4,TRANSFORMER,8.435749053955078,8.631865341908462,8.517069583398369,8.732600430850074,8.589310573213705,0.19611628795338376,0.15356151925862704,True,True,2021
2021-11-05,PETR4,TRANSFORMER,8.387083053588867,8.3834122435016,8.518632667791428,8.377153703220703,8.560030038227097,0.003670810087267995,0.1729469846382301,False,True,2021
2021-11-08,PETR4,TRANSFORMER,8.474684715270996,8.560826715624849,8.646125031693435,8.638320980872612,8.675740395179371,0.08614200035385267,0.20105567990837514,False,True,2021
2021-11-09,PETR4,TRANSFORMER,8.64339828491211,8.622486369749575,8.593288233019988,8.713421934167968,8.593507804535731,0.0209119151625341,0.04989048037637822,False,True,2021
2021-11-10,PETR4,TRANSFORMER,8.575264930725098,8.541211317966425,8.469595461667897,8.654472347840123,8.57096609626579,0.03405361275867236,0.0042988344593073435,True,True,2021
2021-11-11,PETR4,TRANSFORMER,8.58175277709961,8.283801366455652,8.209435732856273,8.431424462043946,8.392995566455506,0.29795141064395736,0.18875721064410378,True,True,2021
2021-11-12,PETR4,TRANSFORMER,8.756956100463867,8.506312045009121,8.597991089925092,8.790509872225954,8.939377239434911,0.250644055454746,0.18242113897104417,True,True,2021
2021-11-15,PETR4,TRANSFORMER,8.756956100463867,8.484668109438525,8.509902751679617,8.758928620531636,8.755440906591655,0.2722879910253422,0.001515193872211995,True,False,2021
2021-11-16,PETR4,TRANSFORMER,8.847803115844727,8.486869982004507,8.486869982004507,8.759443168875562,8.729972402900236,0.36093313384021997,0.11783071294449066,True,False,2021
2021-11-17,PETR4,TRANSFORMER,8.623931884765625,8.582391513476729,8.480019329230663,8.958459345413074,8.846015139658855,0.04154037128889598,0.22208325489322966,False,True,2021
2021-11-18,PETR4,TRANSFORMER,8.610953330993652,8.300742370217897,8.206163985248901,8.545791850862424,8.486173596424656,0.3102109607757555,0.12477973456899605,True,True,2021
2021-11-19,PETR4,TRANSFORMER,8.468194961547852,8.406409510894974,8.333077934347344,8.696796677588313,8.69695544211457,0.061785450652877216,0.22876048056671827,False,True,2021
2021-11-22,PETR4,TRANSFORMER,8.552553176879883,7.97611545274286,7.978428804397052,8.15800428962012,8.219340655362043,0.5764377241370227,0.3332125215178401,True,False,2021
2021-11-23,PETR4,TRANSFORMER,9.01976203918457,8.24578022574411,8.32845560422204,8.675417047062027,8.781791908148243,0.7739818134404608,0.23797013103632736,True,True,2021
2021-11-24,PETR4,TRANSFORMER,9.204700469970703,8.164273446427321,8.134791627433525,8.81460695704532,8.745050573206262,1.0404270235433817,0.4596498967644411,True,True,2021
2021-11-25,PETR4,TRANSFORMER,9.61026668548584,8.34037914971503,8.444766273953302,9.17540047541057,9.285339625545802,1.2698875357708097,0.32492705994003757,True,True,2021
2021-11-26,PETR4,TRANSFORMER,9.23714542388916,8.431186839130302,8.335122174182043,9.450916071297456,9.312599572578494,0.8059585847588586,0.07545414868933342,True,True,2021
2021-11-29,PETR4,TRANSFORMER,9.561596870422363,7.718349304665129,7.776520983339907,8.545014060387826,8.621018483735563,1.8432475657572347,0.9405783866868003,True,True,2021
2021-11-30,PETR4,TRANSFORMER,9.548619270324709,8.632309281460637,8.533953034033578,9.915947290908562,9.834852585595844,0.9163099888640716,0.2862333152711347,True,True,2021
2021-12-01,PETR4,TRANSFORMER,9.603776931762695,8.375300243169534,8.258328057613506,9.408370405404558,9.319271109742518,1.2284766885931617,0.2845058220201775,True,True,2021
2021-12-02,PETR4,TRANSFORMER,10.336551666259766,8.625397562140009,8.718687901138818,9.61336303175528,9.806188162713024,1.7111541041197569,0.5303635035467416,True,True,2021
2021-12-03,PETR4,TRANSFORMER,10.482341766357422,8.787985774743671,8.772357556448835,10.039606326355434,10.039029988947714,1.694355991613751,0.44331177740970773,True,False,2021
2021-12-06,PETR4,TRANSFORMER,10.529725074768066,9.01859062843431,9.10621377853174,10.474263475437139,10.560483169394997,1.511134446333756,0.0307580946269308,True,True,2021
2021-12-07,PETR4,TRANSFORMER,10.701027870178224,9.2206072501534,9.217302394845339,10.56357967406717,10.519695325281347,1.4804206200248249,0.18133254489687722,True,True,2021
2021-12-08,PETR4,TRANSFORMER,10.697383880615234,9.135388681330625,9.031300363803235,10.440059602853744,10.323548752637413,1.5619951992846097,0.3738351279778218,True,True,2021
2021-12-09,PETR4,TRANSFORMER,10.67551612854004,9.283608250193993,9.230846792138413,10.561750747123558,10.592000828198652,1.3919078783460481,0.08351530034138932,True,False,2021
2021-12-10,PETR4,TRANSFORMER,10.806727409362791,9.28158970053758,9.439549359190552,10.49561476340167,10.727978718075207,1.525137708825211,0.07874869128758455,True,False,2021
2021-12-13,PETR4,TRANSFORMER,10.74112033843994,9.691700413442195,9.691700413442195,10.938314319736921,10.880186536525645,1.0494199249977445,0.13906619808570575,True,False,2021
2021-12-14,PETR4,TRANSFORMER,10.613554000854492,9.684952040519615,9.574602016191552,10.779227153784163,10.620617101209618,0.928601960334877,0.007063100355125584,True,True,2021
2021-12-15,PETR4,TRANSFORMER,10.679160118103027,9.773393588978017,9.71784853774271,10.599003257508421,10.610486975045358,0.9057665291250103,0.06867314305766925,True,False,2021
2021-12-16,PETR4,TRANSFORMER,10.821307182312012,9.91486785822827,10.083605024274766,10.69443749263648,10.929680926265045,0.9064393240837418,0.10837374395303279,True,False,2021
2021-12-17,PETR4,TRANSFORMER,10.566173553466797,10.038532606461555,9.92591495429746,10.883159020704039,10.69300549900875,0.5276409470052421,0.12683194554195332,True,True,2021
2021-12-20,PETR4,TRANSFORMER,10.26365566253662,9.896277101945376,9.786137242789357,10.542463124384305,10.443170519842273,0.3673785605912432,0.1795148573056533,True,True,2021
2021-12-21,PETR4,TRANSFORMER,10.278236389160156,9.741443156452089,9.893461240586353,10.200365945836841,10.433198221036887,0.5367932327080673,0.15496183187673118,True,True,2021
2021-12-22,PETR4,TRANSFORMER,10.26365566253662,10.023754597900563,10.014709725346627,10.459619741974821,10.395041848498858,0.2399010646360562,0.1313861859622385,True,False,2021
2021-12-23,PETR4,TRANSFORMER,10.325617790222168,10.005926022364914,10.093274948191167,10.398854358046735,10.441215374784912,0.31969176785725395,0.11559758456274416,True,True,2021
2021-12-27,PETR4,TRANSFORMER,10.478694915771484,9.996988223779685,10.145729788629021,10.35442126542669,10.452551145100976,0.48170669199179983,0.026143770670508104,True,True,2021
2021-12-28,PETR4,TRANSFORMER,10.489631652832031,9.995053575471658,9.928682051689776,10.446124525209605,10.278520977943334,0.49457807736037296,0.2111106748886975,True,True,2021
2021-12-29,PETR4,TRANSFORMER,10.402156829833984,10.060258138398439,10.060258138398439,10.501901125863672,10.503442207707478,0.34189869143554574,0.10128537787349323,True,False,2021
2021-12-30,PETR4,TRANSFORMER,10.369352340698242,10.035213432239683,10.158256156311921,10.45351852058968,10.586267781178051,0.3341389084585593,0.21691544047980926,True,True,2021
2021-12-31,PETR4,TRANSFORMER,10.369352340698242,10.018156257379673,9.90956347167732,10.408911942317259,10.22648309019537,0.35119608331856966,0.1428692505028728,True,True,2021
2022-01-03,PETR4,TRANSFORMER,10.602619171142578,9.940299801379577,9.834579121860289,10.26667307106492,10.18730934142668,0.6623193697630008,0.41530982971589836,True,False,2022
2022-01-04,PETR4,TRANSFORMER,10.64271354675293,10.087686503378013,10.24172471271377,10.654742520559132,10.901067118995808,0.5550270433749169,0.25835357224287847,True,True,2022
2022-01-05,PETR4,TRANSFORMER,10.230853080749512,10.097921238557344,10.036188362929343,10.690320325998204,10.564788358895902,0.1329318421921677,0.3339352781463898,False,True,2022
2022-01-06,PETR4,TRANSFORMER,10.223565101623535,9.894945129623377,10.02354264730003,10.24048689868531,10.349404219796654,0.32861997200015836,0.12583911817311844,True,True,2022
2022-01-07,PETR4,TRANSFORMER,10.27094841003418,9.827678683376732,9.955401987210161,10.159770011948385,10.232092091496401,0.4432697266574479,0.03885631853777838,True,True,2022
2022-01-10,PETR4,TRANSFORMER,10.208984375,9.821394380183321,9.792791514092114,10.198468668593703,10.064256170488457,0.387589994816679,0.14472820451154256,True,False,2022
2022-01-11,PETR4,TRANSFORMER,10.511499404907228,9.787014803856497,9.877808086782531,10.232686874997338,10.303729822762582,0.7244846010507313,0.20776958214464614,True,True,2022
2022-01-12,PETR4,TRANSFORMER,10.83223819732666,9.820312267920801,9.972513434216532,10.423833188263856,10.54287806962661,1.0119259294058587,0.28936012770004993,True,True,2022
2022-01-13,PETR4,TRANSFORMER,11.050925254821776,9.93210267037534,10.070881547600596,10.774372007425033,10.819972611271268,1.118822584446436,0.23095264355050737,True,True,2022
2022-01-14,PETR4,TRANSFORMER,11.462782859802246,10.074407040512007,10.234356307877025,11.05187372174143,11.105626594799094,1.3883758192902391,0.3571562650031517,True,True,2022
2022-01-17,PETR4,TRANSFORMER,11.48100757598877,10.22473367034437,10.311272784389589,11.307895902613486,11.282849702635424,1.2562739056443988,0.19815787335334534,True,False,2022
2022-01-18,PETR4,TRANSFORMER,11.53203582763672,10.45880767575876,10.556860889811142,11.614623532765558,11.62599901614131,1.0732281518779612,0.09396318850459018,True,True,2022
2022-01-19,PETR4,TRANSFORMER,11.477361679077148,10.304676288809102,10.23209072144154,11.408765593503471,11.217461142169673,1.1726853902680467,0.25990053690747494,True,True,2022
2022-01-20,PETR4,TRANSFORMER,11.561192512512209,10.430764648886246,10.430764648886246,11.390163423351275,11.414277965997751,1.1304278636259628,0.14691454651445746,True,False,2022
2022-01-21,PETR4,TRANSFORMER,11.579416275024414,10.508068216513642,10.395992728349604,11.527345927422408,11.437092144618486,1.0713480585107718,0.14232413040592817,True,True,2022
2022-01-24,PETR4,TRANSFORMER,11.64501953125,10.67341288037619,10.731870335433909,11.596094033775424,11.72044340354184,0.9716066508738095,0.07542387229183944,True,False,2022
2022-01-25,PETR4,TRANSFORMER,12.024077415466309,10.550253691549848,10.674861633708163,11.475665190727272,11.59194925171948,1.4738237239164604,0.43212816374682816,True,True,2022
2022-01-26,PETR4,TRANSFORMER,12.344816207885742,10.861786774050547,10.966686616793696,12.031966206885373,12.077453963546262,1.4830294338351955,0.2673622443394805,True,True,2022
2022-01-27,PETR4,TRANSFORMER,12.348464012145996,11.076325287852594,11.076325287852594,12.324038283974168,12.237935616919868,1.2721387242934021,0.11052839522612778,True,False,2022
2022-01-28,PETR4,TRANSFORMER,11.860062599182127,11.212401289028108,11.059070520208817,12.412381868007602,12.234547464755973,0.6476613101540192,0.3744848655738462,True,True,2022
2022-01-31,PETR4,TRANSFORMER,11.790813446044922,11.233456224839795,11.185403321240981,11.968016243023198,11.988587872043832,0.5573572212051268,0.19777442599890982,True,False,2022
2022-02-01,PETR4,TRANSFORMER,12.027722358703612,11.409410260305421,11.573791005652149,12.00605092988266,12.228288799979946,0.6183120983981905,0.20056644127633483,True,True,2022
2022-02-02,PETR4,TRANSFORMER,11.85277271270752,11.45828202741302,11.33088645732822,12.04310977179225,11.832116035861635,0.3944906852944996,0.020656676845884903,True,True,2022
2022-02-03,PETR4,TRANSFORMER,11.68875789642334,11.52706883985185,11.48464330075243,11.956195728159841,11.936821713828426,0.1616890565714897,0.24806381740508598,False,False,2022
2022-02-04,PETR4,TRANSFORMER,11.892866134643556,11.522855947237645,11.660126145957102,11.84437878578734,12.017552880273481,0.37001018740591185,0.12468674562992454,True,True,2022
2022-02-07,PETR4,TRANSFORMER,11.71791934967041,11.563562545759439,11.570916524215766,11.868401620598076,11.79882692910961,0.1543568039109715,0.08090757943920046,True,False,2022
2022-02-08,PETR4,TRANSFORMER,11.601284980773926,11.540516412745575,11.508675300512225,11.850575958108461,11.77123278771221,0.060768568028350956,0.16994780693828382,False,True,2022
2022-02-09,PETR4,TRANSFORMER,11.64501953125,11.371539097095756,11.476331150299506,11.579035641319427,11.68898580943899,0.2734804341542443,0.04396627818898935,True,True,2022
2022-02-10,PETR4,TRANSFORMER,11.823614120483398,11.611602060663998,11.612974518568658,11.835432705481951,11.777407727008963,0.21201205981940063,0.046206393474435004,True,False,2022
2022-02-11,PETR4,TRANSFORMER,12.304720878601074,11.599582962009464,11.716608636525546,11.916787126915898,12.002504186207755,0.7051379165916103,0.30221669239331916,True,True,2022
2022-02-14,PETR4,TRANSFORMER,12.027722358703612,11.6288906557267,11.621025276424062,12.197249987510887,12.1387043291515,0.39883170297691173,0.11098197044788805,True,True,2022
2022-02-15,PETR4,TRANSFORMER,11.8381929397583,11.690827676030615,11.557250666319812,12.21201438052988,12.044830272290266,0.14736526372768566,0.20663733253196526,False,True,2022
2022-02-16,PETR4,TRANSFORMER,12.002211570739746,11.4434846570024,11.459780637619112,11.73043384127269,11.810978790689125,0.5587269137373454,0.19123278005062083,True,True,2022
2022-02-17,PETR4,TRANSFORMER,11.95482349395752,11.607338765774571,11.487038095537027,12.073922369292992,11.988335680884044,0.3474847281829483,0.033512186926524024,True,True,2022
2022-02-18,PETR4,TRANSFORMER,12.027722358703612,11.6834990622811,11.700136833026727,12.116528674650244,12.190042911300823,0.3442232964225109,0.1623205525972118,True,True,2022
2022-02-21,PETR4,TRANSFORMER,12.337525367736816,11.581478710614832,11.713559958356578,11.986101107325327,12.130033802255667,0.7560466571219848,0.2074915654811491,True,True,2022
2022-02-22,PETR4,TRANSFORMER,12.297432899475098,11.701472390692537,11.784758268153773,12.300149654720283,12.323380602232476,0.5959605087825608,0.02594770275737801,True,True,2022
2022-02-23,PETR4,TRANSFORMER,12.472382545471191,11.501122732027099,11.476557537735056,12.076010682353711,11.96022214557131,0.9712598134440924,0.5121603998998818,True,False,2022
2022-02-24,PETR4,TRANSFORMER,12.169867515563965,11.735985655981075,11.771645944009794,12.520285094609203,12.575635247861584,0.4338818595828897,0.405767732297619,True,True,2022
2022-02-25,PETR4,TRANSFORMER,12.392197608947754,11.37918549104392,11.532831342819748,11.986283945852136,12.098768215773102,1.013012117903834,0.29342939317465166,True,True,2022
2022-02-28,PETR4,TRANSFORMER,12.392197608947754,11.65858189846513,11.744695897958405,12.423618191816752,12.439988822398194,0.7336157104826242,0.047791213450439685,True,True,2022
2022-03-01,PETR4,TRANSFORMER,12.392197608947754,11.672060204453501,11.779407536804635,12.432735100492437,12.447806452568718,0.7201374044942526,0.05560884362096452,True,True,2022
2022-03-02,PETR4,TRANSFORMER,12.636396408081056,11.640502848208108,11.761795282820852,12.337438164477598,12.378138230396695,0.9958935598729486,0.2582581776843611,True,True,2022
2022-03-03,PETR4,TRANSFORMER,12.479673385620115,11.7299158697883,11.67193797493131,12.560243950299117,12.423741995629403,0.7497575158318153,0.05593138999071279,True,True,2022
2022-03-04,PETR4,TRANSFORMER,12.476027488708496,11.380717535812071,11.562375545138906,12.164248837614346,12.345998297572303,1.0953099528964252,0.1300291911361935,True,True,2022
2022-03-07,PETR4,TRANSFORMER,11.590351104736328,11.99324132735672,12.068482159017977,12.89981782400106,12.899553066309728,0.40289022262039254,1.3092019615734003,False,True,2022
2022-03-08,PETR4,TRANSFORMER,11.830903053283691,10.975826839033243,11.01505879934472,11.148837368632519,11.046110212602683,0.8550762142504489,0.7847928406810087,True,True,2022
2022-03-09,PETR4,TRANSFORMER,11.867354393005373,11.475594594289547,11.343853465609328,11.982693608845022,11.855492089969768,0.39175979871582634,0.011862303035604427,True,True,2022
2022-03-10,PETR4,TRANSFORMER,12.282856941223145,10.300233819977883,10.423963559587524,10.854080726362632,11.03226860775581,1.9826231212452612,1.2505883334673342,True,True,2022
2022-03-11,PETR4,TRANSFORMER,11.841840744018556,11.683961902686484,11.541222149953096,13.07114461264971,12.921154888705956,0.15787884133207264,1.0793141446874,False,True,2022
2022-03-14,PETR4,TRANSFORMER,11.615864753723145,12.250518511898619,12.118590405179436,12.823915673766464,12.719811340436449,0.6346537581754745,1.1039465867133043,False,True,2022
2022-03-15,PETR4,TRANSFORMER,11.335216522216797,11.8664414961385,11.715202567673321,11.75537640662446,11.669758893797269,0.5312249739217023,0.33454237158047206,True,True,2022
2022-03-16,PETR4,TRANSFORMER,11.236808776855469,11.724464433459822,11.58122987243488,11.475471147942638,11.429784481324008,0.4876556566043533,0.19297570446853918,True,True,2022
2022-03-17,PETR4,TRANSFORMER,10.937938690185549,11.885468355034433,12.013040208313388,11.673080541696441,11.898379534272731,0.9475296648488847,0.9604408440871826,False,True,2022
2022-03-18,PETR4,TRANSFORMER,11.156625747680664,11.746862712838528,11.914797667923132,11.270377669282249,11.360607475232534,0.5902369651578638,0.20398172755187005,True,True,2022
2022-03-21,PETR4,TRANSFORMER,11.575773239135742,11.755771007652896,11.874177795682481,11.381030625279672,11.364916855974107,0.1799977685171541,0.21085638316163546,False,True,2022
2022-03-22,PETR4,TRANSFORMER,11.52474594116211,11.843784444102866,11.944839345085919,11.723840274899922,11.71201266706874,0.31903850294075653,0.18726672590663007,True,False,2022
2022-03-23,PETR4,TRANSFORMER,11.681468963623049,11.618519465607136,11.759323250794605,11.547766853068566,11.591571595042296,0.06294949801591265,0.08989736858075226,False,True,2022
2022-03-24,PETR4,TRANSFORMER,11.816327095031738,11.90342508757476,11.687081732863588,12.019803290081313,11.700542754406719,0.08709799254302197,0.11578434062501941,False,True,2022
2022-03-25,PETR4,TRANSFORMER,11.772586822509766,11.674121165780527,11.575867829605649,11.779223238348276,11.771314536828147,0.09846565672923902,0.0012722856816189676,True,True,2022
2022-03-28,PETR4,TRANSFORMER,11.517457962036133,11.956887764360722,11.64204944623942,12.135928247291515,11.91340161545394,0.4394298023245895,0.3959436534178078,True,True,2022
2022-03-29,PETR4,TRANSFORMER,11.772586822509766,11.335297095233326,11.173699362369078,11.246413230682693,11.268858765511043,0.4372897272764398,0.5037280569987228,False,True,2022
2022-03-30,PETR4,TRANSFORMER,12.024077415466309,11.787781369713386,11.923300732423021,12.088150327113913,12.383261493613588,0.23629604575292262,0.3591840781472797,False,True,2022
2022-03-31,PETR4,TRANSFORMER,12.19173526763916,12.178622739605302,12.040040102413379,12.531605905204852,12.334751419671148,0.013112528033857984,0.14301615203198814,False,True,2022
2022-04-01,PETR4,TRANSFORMER,12.031366348266602,12.063264224862252,12.08221344091195,12.255202764261625,12.31908488136137,0.03189787659565013,0.28771853309476825,False,True,2022
2022-04-04,PETR4,TRANSFORMER,11.918377876281738,12.06724538994282,12.17228939936089,12.226635003752204,12.325619388155467,0.14886751366108086,0.40724151187372826,False,True,2022
2022-04-05,PETR4,TRANSFORMER,11.805390357971191,12.090172893211346,11.913749449492654,12.096926293691515,11.839306469661647,0.2847825352401543,0.03391611169045561,True,False,2022
2022-04-06,PETR4,TRANSFORMER,11.794456481933594,11.914658033668225,11.72113465811347,11.86140291377941,11.741816034449528,0.1202015517346311,0.052640447484066044,True,True,2022
2022-04-07,PETR4,TRANSFORMER,12.406779289245604,11.607047416037318,11.730840754750728,11.617205287006382,11.882599668988924,0.7997318732082856,0.52417962025668,True,True,2022
2022-04-08,PETR4,TRANSFORMER,12.46873950958252,11.9719672645802,11.941789201516341,12.522972181945693,12.475470321620604,0.49677224500231887,0.006730812038084011,True,True,2022
2022-04-11,PETR4,TRANSFORMER,12.373977661132812,12.378643554158018,12.459161259525162,12.942679652348478,13.009633852770014,0.004665893025205037,0.6356561916372012,False,True,2022
2022-04-12,PETR4,TRANSFORMER,12.337525367736816,12.097248880922862,12.19588547098413,12.346624092723578,12.382920289834278,0.2402764868139542,0.04539492209746143,True,True,2022
2022-04-13,PETR4,TRANSFORMER,12.59995174407959,12.359549697115753,12.51213280956132,12.628035447156046,12.711666118909761,0.24040204696383682,0.11171437483017144,True,True,2022
2022-04-14,PETR4,TRANSFORMER,12.468467712402344,12.302965767237446,12.487788860740908,12.620223546042656,12.695616735558858,0.16550194516489825,0.22714902315651386,False,True,2022
2022-04-18,PETR4,TRANSFORMER,12.249159812927246,12.21068903589805,12.321741564932251,12.44451971593776,12.413345215091638,0.03847077702919677,0.16418540216439226,False,False,2022
2022-04-19,PETR4,TRANSFORMER,12.619986534118652,12.242561099032628,12.322396641200173,12.435231990569527,12.407714500192418,0.37742543508602466,0.21227203392623473,True,True,2022
2022-04-20,PETR4,TRANSFORMER,12.679798126220703,11.934408964274041,12.049240621566115,12.280290741069223,12.333362688086044,0.7453891619466617,0.3464354381346588,True,True,2022
2022-04-21,PETR4,TRANSFORMER,12.679798126220703,12.46676640042493,12.457244827781814,13.038187132155668,12.957788514719834,0.21303172579577279,0.2779903884991306,False,False,2022
2022-04-22,PETR4,TRANSFORMER,12.185365676879885,12.621133817541477,12.621133817541477,12.985460613629835,12.949100968475797,0.4357681406615921,0.7637352915959124,False,False,2022
2022-04-25,PETR4,TRANSFORMER,12.00593376159668,12.388770108844191,12.190766326296625,12.348213584129907,12.121523171392356,0.3828363472475118,0.11558940979567645,True,True,2022
2022-04-26,PETR4,TRANSFORMER,11.98599624633789,12.210491114768523,12.35699830617094,12.061298547693434,12.308884301107687,0.22449486843063227,0.32288805476979654,False,True,2022
2022-04-27,PETR4,TRANSFORMER,11.98599624633789,12.534444362808898,12.719137173616597,12.474798191275973,12.602080618911002,0.5484481164710076,0.6160843725731109,False,True,2022
2022-04-28,PETR4,TRANSFORMER,12.065746307373049,12.517011322201355,12.633226436967375,12.312357187322789,12.27135417224171,0.45126501482830683,0.20560786486866078,True,True,2022
2022-04-29,PETR4,TRANSFORMER,12.07371997833252,12.557742507198867,12.438756686931479,12.328352600082994,12.091866379624616,0.48402252886634756,0.018146401292096215,True,True,2022
2022-05-02,PETR4,TRANSFORMER,11.954097747802734,12.404157554672032,12.429621981081784,12.179981482714519,12.237605230883583,0.45005980686929803,0.2835074830808484,True,True,2022
2022-05-03,PETR4,TRANSFORMER,12.061756134033203,12.30034423426406,12.09381016976093,12.08447006261875,11.873386007289149,0.23858810023085653,0.1883701267440543,True,True,2022
2022-05-04,PETR4,TRANSFORMER,12.787452697753906,12.260432393569836,12.476004992595794,12.166047857567987,12.492507168340953,0.5270203041840702,0.2949455294129528,True,True,2022
2022-05-05,PETR4,TRANSFORMER,12.763529777526855,12.462107877938344,12.354757566100915,12.829558977228572,12.647610065096497,0.3014218995885116,0.11591971243035815,True,True,2022
2022-05-06,PETR4,TRANSFORMER,13.18220329284668,12.329683275737835,12.488270179917357,12.735872490649378,12.906501129264711,0.8525200171088443,0.2757021635819683,True,True,2022
2022-05-09,PETR4,TRANSFORMER,12.823341369628906,12.504399689482028,12.374744234126695,13.166775136141263,12.973769605423106,0.31894168014687807,0.15042823579419995,True,True,2022
2022-05-10,PETR4,TRANSFORMER,12.934986114501951,12.089583432456017,11.882389871101067,12.564639112830758,12.389332678715075,0.8454026820459344,0.5456534357868765,True,True,2022
2022-05-11,PETR4,TRANSFORMER,13.385558128356934,12.551514752899607,12.784491269716648,13.216115398379138,13.6022814907675,0.8340433754573269,0.21672336241056556,True,True,2022
2022-05-12,PETR4,TRANSFORMER,13.489230155944824,12.759041818488896,12.912130778158332,13.516937402045855,13.568715048218397,0.7301883374559281,0.07948489227357314,True,True,2022
2022-05-13,PETR4,TRANSFORMER,13.664674758911133,12.745910181808142,12.900011651363947,13.445325991459248,13.466523460722042,0.9187645771029906,0.1981512981890905,True,True,2022
2022-05-16,PETR4,TRANSFORMER,13.800247192382812,13.051081206385973,13.19850786873601,13.828871690913665,13.8630689478928,0.7491659859968394,0.06282175550998836,True,True,2022
2022-05-17,PETR4,TRANSFORMER,13.620814323425291,13.012216134895425,12.85453310042809,13.737456058350697,13.46198445470617,0.6085981885298661,0.15882986871912053,True,True,2022
2022-05-18,PETR4,TRANSFORMER,13.3975191116333,12.910415832186828,12.805570262746649,13.527993598212865,13.481960983977723,0.48710327944647247,0.08444187234442246,True,True,2022
2022-05-19,PETR4,TRANSFORMER,13.624802589416504,12.884822540288624,13.018532438192125,13.406127265459249,13.620934635600761,0.7399800491278796,0.003867953815742453,True,True,2022
2022-05-20,PETR4,TRANSFORMER,13.88796615600586,13.278842941490822,13.43244723232072,13.917600187502105,14.01484511670111,0.6091232145150371,0.12687896069525095,True,True,2022
2022-05-23,PETR4,TRANSFORMER,14.434233665466309,13.537141079436893,13.698038428332493,14.152975941680173,14.195654210568156,0.8970925860294159,0.23857945489815258,True,True,2022
2022-05-24,PETR4,TRANSFORMER,14.041210174560549,13.747691052215657,13.655603019459617,14.494680728156549,14.287209238000399,0.2935191223448914,0.24599906343985012,True,True,2022
2022-05-25,PETR4,TRANSFORMER,14.24116325378418,13.625146525282254,13.76454800099776,14.092925982189676,14.240411130086764,0.6160167285019256,0.0007521236974152856,True,True,2022
2022-05-26,PETR4,TRANSFORMER,14.276710510253906,13.961079533616015,14.123533141864101,14.492058523851167,14.591988811030564,0.3156309766378911,0.31527830077665797,True,True,2022
2022-05-27,PETR4,TRANSFORMER,13.596867561340332,14.062511653850741,14.163574038670637,14.492488329954659,14.463260916054843,0.4656440925104093,0.8663933547145106,False,True,2022
2022-05-30,PETR4,TRANSFORMER,13.32581901550293,13.917342037300138,13.745903542749774,13.862652077480769,13.571444992684448,0.5915230217972081,0.24562597718151835,True,True,2022
2022-05-31,PETR4,TRANSFORMER,13.356921195983888,13.91260176478179,14.130506823405954,13.637388136747386,13.917623966241745,0.5556805687979018,0.5607027702578566,False,True,2022
2022-06-01,PETR4,TRANSFORMER,13.339149475097656,13.817452718416689,13.779695675999312,13.532353341024148,13.372480780610113,0.47830324331903284,0.033331305512456666,True,True,2022
2022-06-02,PETR4,TRANSFORMER,13.223618507385254,13.994473499597511,14.122802496121576,13.757511231434542,13.857006024338023,0.7708549922122572,0.6333875169527694,True,True,2022
2022-06-03,PETR4,TRANSFORMER,13.454678535461426,13.924629468702825,13.760937864856674,13.529103113143563,13.26238727275817,0.4699509332413996,0.19229126270325558,True,True,2022
2022-06-06,PETR4,TRANSFORMER,13.463566780090332,13.944140681170396,13.998767170050694,13.650213860951787,13.77588288928442,0.4805739010800636,0.3123161091940876,True,True,2022
2022-06-07,PETR4,TRANSFORMER,13.623525619506836,13.954803835689106,14.067941068392454,13.715358884570122,13.805094221793036,0.3312782161822696,0.18156860228619998,True,True,2022
2022-06-08,PETR4,TRANSFORMER,13.556875228881836,14.054494618781135,14.179390663350915,13.897424683423646,13.932331468381742,0.4976193898992989,0.3754562394999059,True,True,2022
2022-06-09,PETR4,TRANSFORMER,13.36136245727539,14.120913753608363,13.983304851235777,13.888923476671946,13.631580409560952,0.7595512963329725,0.2702179522855612,True,True,2022
2022-06-10,PETR4,TRANSFORMER,13.174741744995115,14.091716084369963,14.130307033268796,13.623566759918187,13.701894990940213,0.916974339374848,0.5271532459450974,True,False,2022
2022-06-13,PETR4,TRANSFORMER,13.005889892578123,13.877605989907295,13.706445764858596,13.316321108384486,13.117698264198351,0.8717160973291715,0.11180837162022783,True,True,2022
2022-06-14,PETR4,TRANSFORMER,13.152524948120115,13.882997804032158,13.724005328877066,13.245279010831378,13.17406131739832,0.7304728559120424,0.021536369278203793,True,False,2022
2022-06-15,PETR4,TRANSFORMER,12.921465873718262,13.679579753197167,13.53316765099363,13.176772027062187,13.14573365326086,0.7581138794789055,0.2242677795425987,True,True,2022
2022-06-16,PETR4,TRANSFORMER,12.921465873718262,13.664097649437814,13.664097649437814,13.120760941513938,13.231547397317975,0.742631775719552,0.3100815235997132,True,False,2022
2022-06-17,PETR4,TRANSFORMER,12.134982109069824,13.71023970307887,13.549050759837005,13.22198593694694,13.071208042553353,1.5752575940090452,0.936225933483529,True,True,2022
2022-06-20,PETR4,TRANSFORMER,12.272727012634276,12.667691997284052,12.717211439023663,11.600593720674814,11.719309237116777,0.3949649846497767,0.5534177755174987,False,False,2022
2022-06-21,PETR4,TRANSFORMER,12.028337478637695,12.817328976472538,12.678059983432133,12.359152665902412,12.240455959407484,0.7889914978348429,0.21211848076978868,True,True,2022
2022-06-22,PETR4,TRANSFORMER,11.992791175842283,13.284851261494303,13.124962828214475,12.844811944261902,12.74014712195567,1.29206008565202,0.7473559461133874,True,True,2022
2022-06-23,PETR4,TRANSFORMER,11.770618438720703,12.966230820037069,12.813805714324795,12.14115841630989,12.087680577295028,1.1956123813163657,0.3170621385743253,True,True,2022
2022-06-24,PETR4,TRANSFORMER,11.681754112243652,13.034776685013867,13.178648353362046,12.130348265497723,12.395727122042231,1.3530225727702145,0.713973009798579,True,True,2022
2022-06-27,PETR4,TRANSFORMER,12.432689666748049,13.089847931973651,13.227051974295236,12.098557191633327,12.157413588671474,0.6571582652256023,0.2752760780765744,True,True,2022
2022-06-28,PETR4,TRANSFORMER,12.58820915222168,13.012782853160715,13.164995986871618,12.402621163116146,12.446274897679665,0.42457370093903535,0.14193425454201503,True,True,2022
2022-06-29,PETR4,TRANSFORMER,12.477124214172363,13.173429041513636,13.01856820785156,12.869846381360576,12.586355918927554,0.6963048273412724,0.1092317047551905,True,True,2022
2022-06-30,PETR4,TRANSFORMER,12.410472869873049,12.891192281485154,12.699316478605795,12.481601763178045,12.335518601526417,0.48071941161210496,0.07495426834663199,True,True,2022
2022-07-01,PETR4,TRANSFORMER,12.677077293395996,12.908759318385357,12.724927519856239,12.55948591656508,12.525701447132498,0.23168202498936097,0.1513758462634982,True,True,2022
2022-07-04,PETR4,TRANSFORMER,12.948128700256348,12.997244200507211,13.142219760727647,12.842990543196944,13.14349729765431,0.04911550025086342,0.19536859739796242,False,True,2022
2022-07-05,PETR4,TRANSFORMER,12.454907417297363,13.107191231944824,12.960225873802061,13.118132293483047,12.917894982093895,0.6522838146474612,0.46298756479653136,True,True,2022
2022-07-06,PETR4,TRANSFORMER,12.294944763183594,11.91550196444723,11.737696057577613,11.61769322014014,11.47284165635064,0.37944279873636333,0.8221031068329534,False,True,2022
2022-07-07,PETR4,TRANSFORMER,12.654861450195312,12.455604140449154,12.592360152685266,12.611711322651615,12.914636229067357,0.19925730974615874,0.25977477887204437,False,True,2022
2022-07-08,PETR4,TRANSFORMER,12.797049522399902,12.76592910499928,12.913472198921752,13.061590142269852,13.151206946530143,0.031120417400622102,0.354157424130241,False,True,2022
2022-07-11,PETR4,TRANSFORMER,12.734843254089355,12.8282226292011,13.03005610568665,12.910558687916268,12.994829943756256,0.09337937511174488,0.25998668966690097,False,False,2022
2022-07-12,PETR4,TRANSFORMER,12.54377555847168,12.726872258998135,12.542195960191183,12.7728936383405,12.425357639319554,0.18309670052645544,0.11841791915212596,True,True,2022
2022-07-13,PETR4,TRANSFORMER,12.55266284942627,12.236670179450698,12.092821456444264,12.201947257053494,12.118110528510211,0.3159926699755715,0.4345523209160582,False,True,2022
2022-07-14,PETR4,TRANSFORMER,12.214963912963867,12.77181572194796,12.615543048347142,13.000641746179515,12.978924880047892,0.5568518089840921,0.7639609670840244,False,True,2022
2022-07-15,PETR4,TRANSFORMER,12.423802375793455,12.566980875449744,12.512393648610947,12.4025429359428,12.441516104660836,0.1431784996562886,0.017713728867381207,True,True,2022
2022-07-18,PETR4,TRANSFORMER,12.708185195922852,12.72755699234687,12.803050086609812,12.59794403681869,12.744324548282721,0.019371796424017873,0.03613935235986965,False,True,2022
2022-07-19,PETR4,TRANSFORMER,12.965899467468262,12.769004873111548,12.902106142075645,12.812060173666085,12.91085186723744,0.19689459435671353,0.05504760023082156,True,True,2022
2022-07-20,PETR4,TRANSFORMER,12.961459159851074,12.714344220296248,12.909899103900807,12.83468084357733,12.949438813348772,0.24711493955482666,0.012020346502302104,True,False,2022
2022-07-21,PETR4,TRANSFORMER,12.89480686187744,12.693634417137446,12.752610883341696,12.971382882310365,12.881518837782254,0.20117244473999385,0.013288024095185591,True,True,2022
2022-07-22,PETR4,TRANSFORMER,13.032553672790527,12.414978677297228,12.610310359585698,12.602524328658188,12.729199004989022,0.6175749954932996,0.30335466780150533,True,False,2022
2022-07-25,PETR4,TRANSFORMER,13.641301155090332,12.680596823726312,12.851319397431936,13.170004005302467,13.217469014684836,0.9607043313640204,0.4238321404054961,True,True,2022
2022-07-26,PETR4,TRANSFORMER,13.779046058654783,12.967633478476756,12.969162724429651,13.681155221669036,13.559239480432232,0.8114125801780272,0.2198065782225509,True,False,2022
2022-07-27,PETR4,TRANSFORMER,13.930120468139648,13.018159915400147,13.196932058053408,13.796602197418377,13.930845528676903,0.9119605527395009,0.0007250605372544072,True,True,2022
2022-07-28,PETR4,TRANSFORMER,14.347805976867676,13.261028810509657,13.547779629736237,14.061956997353043,14.240164105568242,1.0867771663580186,0.10764187129943359,True,True,2022
2022-07-29,PETR4,TRANSFORMER,15.174281120300291,13.302286760749418,13.50426969483111,14.227850569194135,14.221082301502442,1.8719943595508735,0.9531988187978495,True,True,2022
2022-08-01,PETR4,TRANSFORMER,14.965438842773438,13.51680744935657,13.304641421503213,14.940516512756478,14.559675895883236,1.4486313934168678,0.4057629468902011,True,True,2022
2022-08-02,PETR4,TRANSFORMER,15.03209114074707,13.588516979096326,13.588516979096326,14.884379405890598,14.967545650854042,1.4435741616507443,0.06454548989302822,True,False,2022
2022-08-03,PETR4,TRANSFORMER,15.040976524353027,14.034757825398856,13.882338247580142,15.303470196697724,15.192567781006241,1.0062186989541715,0.15159125665321405,True,True,2022
2022-08-04,PETR4,TRANSFORMER,15.200940132141112,13.956681013110142,13.662771778638566,14.968569399486173,14.753346010269293,1.2442591190309695,0.447594121871818,True,True,2022
2022-08-05,PETR4,TRANSFORMER,15.494208335876465,14.277287427143463,14.456571924506013,15.325701201025321,15.720347545049709,1.2169209087330017,0.22613920917324393,True,True,2022
2022-08-08,PETR4,TRANSFORMER,16.276248931884766,14.629537864749082,14.847825837666665,15.717911169518665,15.886489236059788,1.6467110671356835,0.3897596958249778,True,True,2022
2022-08-09,PETR4,TRANSFORMER,16.5428524017334,14.899606163283046,15.071875587391009,16.237949926320844,16.24616526756728,1.6432462384503523,0.2966871341661168,True,True,2022
2022-08-10,PETR4,TRANSFORMER,16.489532470703125,15.084954383789409,15.190325090606791,16.443932521054805,16.407899949536205,1.404578086913716,0.08163252116692021,True,False,2022
2022-08-11,PETR4,TRANSFORMER,16.10739517211914,15.226455698162951,15.292720411551382,16.53052561382156,16.48605373546233,0.8809394739561895,0.3786585633431905,True,True,2022
2022-08-12,PETR4,TRANSFORMER,17.30353355407715,15.306544913489148,15.491606466633288,16.24582097740789,16.35338072817807,1.9969886405880004,0.9501528258990781,True,True,2022
2022-08-15,PETR4,TRANSFORMER,17.308988571166992,15.50973308077618,15.297829422610109,16.982163596147423,16.662124353863653,1.799255490390813,0.6468642173033388,True,True,2022
2022-08-16,PETR4,TRANSFORMER,17.467233657836914,15.838508966028556,15.652318666242978,17.47538331611917,17.36617009035839,1.6287246918083582,0.10106356747852274,True,True,2022
2022-08-17,PETR4,TRANSFORMER,17.876495361328125,16.22172729912424,16.390818979310655,17.7128732374659,18.040225033494593,1.6547680622038854,0.16372967216646828,True,True,2022
2022-08-18,PETR4,TRANSFORMER,18.23664665222168,16.554089736521917,16.72487076388067,18.018422121994686,18.126278213451787,1.682556915699763,0.11036843876989266,True,True,2022
2022-08-19,PETR4,TRANSFORMER,17.3144474029541,16.78163511064045,16.592272336395137,18.271777338788667,17.93286049246897,0.5328122923136505,0.618413089514867,False,True,2022
2022-08-22,PETR4,TRANSFORMER,17.685508728027344,16.526672742787362,16.689449730345313,17.347994857219547,17.548731840398553,1.1588359852399819,0.13677688762879114,True,True,2022
2022-08-23,PETR4,TRANSFORMER,18.24756050109864,16.680386774311714,16.95097527377953,17.57721837275883,17.803151219524665,1.5671737267869261,0.4444092815739751,True,True,2022
2022-08-24,PETR4,TRANSFORMER,18.3566951751709,17.169223689794933,17.326665071728446,18.45235542461443,18.419489050594148,1.1874714853759656,0.06279387542324955,True,True,2022
2022-08-25,PETR4,TRANSFORMER,18.16025161743164,17.351939313413837,17.35399026264095,18.433198636145434,18.275887028492544,0.8083123040178037,0.11563541106090369,True,False,2022
2022-08-26,PETR4,TRANSFORMER,18.3566951751709,17.274584114187434,17.274584114187434,18.12197267473652,18.05448619886652,1.0821110609834648,0.30220897630437804,True,True,2022
2022-08-29,PETR4,TRANSFORMER,18.81507110595703,17.69614136819331,17.87412593336142,18.614543313677625,18.795949624068527,1.1189297377637217,0.019121481888504377,True,True,2022
2022-08-30,PETR4,TRANSFORMER,17.69642448425293,17.99305994219654,17.777868882423146,19.002859998316133,18.677531768267208,0.29663545794360857,0.9811072840142785,False,True,2022
2022-08-31,PETR4,TRANSFORMER,18.13296890258789,17.399869418501453,17.554880473576464,17.636030631839056,17.818485030820003,0.7330994840864378,0.3144838717678873,True,True,2022
2022-09-01,PETR4,TRANSFORMER,18.47128868103028,17.701472945452664,17.309019424627756,18.12456049830076,17.724500809964468,0.7698157355776161,0.7467878710658127,True,True,2022
2022-09-02,PETR4,TRANSFORMER,18.23664665222168,18.083967206838466,18.249796765549224,18.801816089593355,19.148792156498242,0.15267944538321387,0.9121455042765625,False,True,2022
2022-09-05,PETR4,TRANSFORMER,18.192989349365234,18.248758060335476,18.416130763592314,18.64955319795154,18.79970153913725,0.055768710970241386,0.6067121897720149,False,True,2022
2022-09-06,PETR4,TRANSFORMER,17.516345977783203,18.258598797241433,18.03340535382745,18.372260638096904,18.003353778121454,0.7422528194582299,0.487007800338251,True,True,2022
2022-09-07,PETR4,TRANSFORMER,17.516345977783203,17.80574295964709,17.383006866149827,17.486181858401288,17.12882611659771,0.28939698186388796,0.387519861185492,False,True,2022
2022-09-08,PETR4,TRANSFORMER,17.352645874023438,17.63212924933883,17.66808815643944,17.289009755598702,17.646109000314016,0.2794833753153938,0.2934631262905789,False,False,2022
2022-09-09,PETR4,TRANSFORMER,17.34718894958496,18.064000529908228,18.159545104322856,17.922380148759167,18.095421250782245,0.7168115803232666,0.7482323011972838,False,True,2022
2022-09-12,PETR4,TRANSFORMER,17.178024291992188,17.999243440839507,18.25744849869375,17.54352418451376,17.740536459940987,0.8212191488473195,0.5625121679487997,True,False,2022
2022-09-13,PETR4,TRANSFORMER,16.725112915039062,17.768269482682157,17.590573552338856,17.21063736180229,16.854768252204913,1.043156567643095,0.12965533716585043,True,True,2022
2022-09-14,PETR4,TRANSFORMER,16.981584548950195,17.41631039481379,17.576048111862935,16.708593306356995,16.90170103133301,0.4347258458635963,0.07988351761718704,True,True,2022
2022-09-15,PETR4,TRANSFORMER,16.94883918762207,17.506392783195395,17.202204775702842,17.072580547864717,16.737489215602164,0.5575535955733244,0.21134997201990657,True,True,2022
2022-09-16,PETR4,TRANSFORMER,16.796049118041992,17.287066667909244,17.243124718204307,16.86188530698874,16.966492482873388,0.49101754986725155,0.17044336483139588,True,False,2022
2022-09-19,PETR4,TRANSFORMER,17.06343650817871,17.29738807041548,17.067494024050426,16.966840849410186,16.841401180208056,0.2339515622367685,0.22203532797065506,True,True,2022
2022-09-20,PETR4,TRANSFORMER,16.965213775634766,17.2405232400521,17.280767792753895,16.979325746976563,17.187531157576206,0.27530946441733306,0.22231738194144057,True,False,2022
2022-09-21,PETR4,TRANSFORMER,17.008865356445312,17.139166723230204,17.139166723230204,16.9261997714459,16.972790187292926,0.13030136678489157,0.03607516915238662,True,False,2022
2022-09-22,PETR4,TRANSFORMER,17.429040908813477,17.05895088755406,17.215381070455624,17.00432588283694,17.15606682011273,0.3700900212594149,0.2729740887007459,True,True,2022
2022-09-23,PETR4,TRANSFORMER,16.337675094604492,17.132667288374265,16.882736405274986,17.390664585785107,17.064348081110246,0.7949921937697724,0.7266729865057542,True,True,2022
2022-09-26,PETR4,TRANSFORMER,15.982987403869627,16.53562467859613,16.35160778294796,16.29535911824874,16.182422998917065,0.5526372747265018,0.19943559504743824,True,True,2022
2022-09-27,PETR4,TRANSFORMER,16.19034194946289,16.6535321962092,16.63628601462236,16.213121853563763,16.37002139605956,0.4631902467463078,0.17967944659666912,True,True,2022
2022-09-28,PETR4,TRANSFORMER,15.97207260131836,16.7802988356852,16.934203225688087,16.460383211267335,16.67530615006976,0.8082262343668418,0.703233548751399,True,True,2022
2022-09-29,PETR4,TRANSFORMER,15.993897438049316,16.462151069223637,16.268629516830767,15.977382438087435,15.691635350618096,0.4682536311743206,0.3022620874312203,True,True,2022
2022-09-30,PETR4,TRANSFORMER,16.26128387451172,16.308121716148207,16.182657761560783,15.83319104130085,15.803056916900552,0.04683784163648852,0.45822695761116705,False,False,2022
2022-10-03,PETR4,TRANSFORMER,17.56000518798828,16.240744323429887,16.397682839883885,16.16760437948411,16.458413213088665,1.3192608645583945,1.1015919748996161,True,True,2022
2022-10-04,PETR4,TRANSFORMER,17.118000030517578,16.549407242221505,16.483879522774334,17.33867575801361,17.258592254280465,0.5685927882960726,0.14059222376288716,True,True,2022
2022-10-05,PETR4,TRANSFORMER,17.761905670166016,16.535996549041357,16.731773634348873,17.281416733506443,17.448523555122684,1.2259091211246584,0.313382115043332,True,True,2022
2022-10-06,PETR4,TRANSFORMER,18.367610931396484,16.682850339178614,16.84351865996256,17.597517814303156,17.674975396921795,1.6847605922178701,0.6926355344746895,True,True,2022
2022-10-07,PETR4,TRANSFORMER,18.35124015808105,16.960511556076057,17.031135233709662,18.286356987871557,18.22154804608484,1.3907286020049945,0.12969211199621,True,True,2022
2022-10-10,PETR4,TRANSFORMER,18.14388084411621,17.070882704219798,16.910303879155762,18.370269480608247,18.113821876717118,1.0729981398964128,0.03005896739909275,True,True,2022
2022-10-11,PETR4,TRANSFORMER,18.007461547851562,17.036901736130545,16.787701820193742,18.083586646538166,17.89561781091325,0.9705598117210172,0.11184373693831162,True,True,2022
2022-10-12,PETR4,TRANSFORMER,18.007461547851562,17.086093127422473,16.87102833411701,17.989290549786222,17.949270005652277,0.92136842042909,0.05819154219928535,True,True,2022
2022-10-13,PETR4,TRANSFORMER,18.520395278930664,17.19726456535082,17.43647956390514,18.047818495232583,18.465886319879793,1.3231307135798431,0.05450895905087094,True,True,2022
2022-10-14,PETR4,TRANSFORMER,18.23664665222168,17.45474889095064,17.14870777407587,18.51470035135096,18.12898207462273,0.7818977612710398,0.10766457759894976,True,True,2022
2022-10-17,PETR4,TRANSFORMER,18.22027587890625,17.426066308378523,17.465200308385747,18.23173672643799,18.379411942920935,0.7942095705277268,0.15913606401468527,True,False,2022
2022-10-18,PETR4,TRANSFORMER,18.667734146118164,17.676627082416275,17.857826068417083,18.40924915842528,18.63500493003686,0.9911070637018895,0.03272921608130375,True,True,2022
2022-10-19,PETR4,TRANSFORMER,19.328004837036133,17.754057270393616,18.024301683489607,18.597228713385057,18.75893139552597,1.5739475666425164,0.569073441510163,True,True,2022
2022-10-20,PETR4,TRANSFORMER,19.900972366333008,18.145401433713957,18.395150126702372,19.36173049924294,19.430311981495286,1.755570932619051,0.4706603848377213,True,True,2022
2022-10-21,PETR4,TRANSFORMER,20.58307456970215,18.414895023378023,18.642630330732796,19.890603730656416,19.91161736733955,2.168179546324126,0.6714572023625998,True,True,2022
2022-10-24,PETR4,TRANSFORMER,18.689563751220703,18.879152839086387,19.09921204574404,20.634808111527676,20.665682791241668,0.1895890878656843,1.976119040020965,False,True,2022
2022-10-25,PETR4,TRANSFORMER,18.29667091369629,18.497637119434145,18.187307485691278,19.030396189123614,18.45782337393094,0.20096620573785628,0.1611524602346499,True,True,2022
2022-10-26,PETR4,TRANSFORMER,17.849210739135742,18.496133656444016,18.686735941349433,18.445326160816297,18.755978534078945,0.6469229173082738,0.9067677949432031,False,True,2022
2022-10-27,PETR4,TRANSFORMER,17.985631942749023,18.37765142996105,18.1616121274965,18.07245843941559,17.775602739649102,0.39201948721202484,0.21002920309992135,True,True,2022
2022-10-28,PETR4,TRANSFORMER,17.77281951904297,18.41809618251645,18.41809618251645,18.196777712452512,18.255104039815585,0.6452766634734814,0.4822845207726161,True,True,2022
2022-10-31,PETR4,TRANSFORMER,16.266740798950195,18.239711466595196,18.454622242519296,17.889073856713676,18.12883545962748,1.9729706676450007,1.8620946606772861,True,True,2022
2022-11-01,PETR4,TRANSFORMER,16.294023513793945,17.68877403074454,17.896665541779825,16.50377140654925,16.521326255520332,1.3947505169505945,0.22730274172638687,True,True,2022
2022-11-02,PETR4,TRANSFORMER,16.294023513793945,17.81913275432288,17.81913275432288,16.61396188510143,16.445181376251497,1.5251092405289342,0.15115786245755203,True,False,2022
2022-11-03,PETR4,TRANSFORMER,16.343135833740234,17.715467567431105,17.715467567431105,16.558851470433744,16.50375522290242,1.3723317336908707,0.16061938916218566,True,False,2022
2022-11-04,PETR4,TRANSFORMER,15.44276237487793,17.55098281555678,17.75955932344585,16.507547289062213,16.714435941903943,2.108220440678849,1.2716735670260135,True,True,2022
2022-11-07,PETR4,TRANSFORMER,14.815229415893556,17.21484143684131,17.245223522125254,15.755737804608284,15.62861056253226,2.399612020947755,0.8133811466387044,True,True,2022
2022-11-08,PETR4,TRANSFORMER,14.924368858337402,16.922987676835902,17.154605488120055,15.085266857427571,15.227842364458946,1.9986188184984996,0.3034735061215432,True,True,2022
2022-11-09,PETR4,TRANSFORMER,14.678810119628906,16.647283543405578,16.46837282802678,14.962129235585882,14.620041154845598,1.968473423776672,0.058768964783308064,True,True,2022
2022-11-10,PETR4,TRANSFORMER,14.253178596496582,16.44000111324968,16.251216934292625,14.862117907696048,14.72687096939335,2.1868225167530966,0.47369237289676747,True,True,2022
2022-11-11,PETR4,TRANSFORMER,14.727922439575195,16.146220388209905,16.368773420423288,14.428856809347671,14.804099316760222,1.4182979486347094,0.07617687718502708,True,True,2022
2022-11-14,PETR4,TRANSFORMER,15.115355491638184,15.93760475640822,16.270832208090862,14.633171184040688,14.881663910155238,0.8222492647700363,0.23369158148294567,True,True,2022
2022-11-15,PETR4,TRANSFORMER,15.115355491638184,15.778937779350564,15.739957033608835,14.96719622818701,14.674718340131367,0.66358228771238,0.4406371515068166,True,False,2022
2022-11-16,PETR4,TRANSFORMER,14.815229415893556,15.736338022198517,15.728184077505322,15.168963464065497,15.11119549633796,0.9211086063049603,0.2959660804444031,True,False,2022
2022-11-17,PETR4,TRANSFORMER,14.820684432983398,15.478422818611747,15.330358932400413,14.825129137129617,14.66628339253121,0.657738385628349,0.15440104045218916,True,True,2022
2022-11-18,PETR4,TRANSFORMER,14.569677352905272,15.180815823288427,15.051999223460799,14.660213669582816,14.62772567594433,0.611138470383155,0.05804832303905805,True,True,2022
2022-11-21,PETR4,TRANSFORMER,14.613326072692873,14.935709558888618,14.76013215786909,14.503762193709532,14.43635179031352,0.3223834861957453,0.1769742823793532,True,True,2022
2022-11-22,PETR4,TRANSFORMER,13.620107650756836,14.837555430528937,15.025040985973162,14.589441988969188,14.918288448643363,1.217447779772101,1.298180797886527,False,True,2022
2022-11-23,PETR4,TRANSFORMER,13.684329986572266,14.525800147753941,14.6233704262539,13.769395784801146,13.744928423591436,0.8414701611816753,0.06059843701916989,True,True,2022
2022-11-24,PETR4,TRANSFORMER,14.157208442687988,14.307553378751791,14.455157910556558,13.599210628646906,13.649222777649054,0.15034493606380295,0.5079856650389338,False,True,2022
2022-11-25,PETR4,TRANSFORMER,13.929527282714844,14.177592956080076,13.99830030424801,13.966728902422187,13.686475703326355,0.24806567336523244,0.24305157938848865,True,True,2022
2022-11-28,PETR4,TRANSFORMER,14.221426010131836,14.262247879947026,14.442764021201235,14.162880866197177,14.417567731476673,0.04082186981518987,0.1961417213448371,False,True,2022
2022-11-29,PETR4,TRANSFORMER,14.816905975341797,14.307014934933576,14.415893611753098,14.272456399036678,14.301232449305997,0.5098910404082204,0.5156735260357994,False,True,2022
2022-11-30,PETR4,TRANSFORMER,15.56417179107666,14.315451169414168,14.489723715616652,14.689309202895014,14.772081519501025,1.2487206216624926,0.7920902715756348,True,True,2022
2022-12-01,PETR4,TRANSFORMER,14.93950366973877,14.52300405080296,14.243938764108366,15.459834253524285,15.066129086064239,0.4164996189358092,0.12662541632546898,True,True,2022
2022-12-02,PETR4,TRANSFORMER,15.126320838928224,14.431806665747565,14.431806665747565,14.978808908480913,15.099083206168684,0.694514173180659,0.027237632759540276,True,False,2022
2022-12-05,PETR4,TRANSFORMER,14.957019805908203,14.47421772169848,14.325233958137964,15.035724856458392,14.940887641004267,0.48280208420972315,0.01613216490393654,True,True,2022
2022-12-06,PETR4,TRANSFORMER,14.9686918258667,14.308075226698897,14.138054966064095,14.83603050677088,14.751233965092391,0.6606165991678026,0.2174578607743083,True,True,2022
2022-12-07,PETR4,TRANSFORMER,14.799388885498049,14.337108781211882,14.169662872525624,14.923339054361605,14.895952882909764,0.46228010428616706,0.09656399741171562,True,True,2022
2022-12-08,PETR4,TRANSFORMER,14.46662139892578,14.437174508058604,14.265245625258201,14.947762949568716,14.909487514195213,0.029446890867175668,0.44286611526943354,False,True,2022
2022-12-09,PETR4,TRANSFORMER,14.42575454711914,14.358387146621652,14.358387146621652,14.49752699675227,14.631091376129739,0.06736740049748846,0.2053368290105979,False,False,2022
2022-12-12,PETR4,TRANSFORMER,13.95871353149414,14.36886159993923,14.582086082906434,14.499598873579796,14.748112932113148,0.4101480684450891,0.7893994006190077,False,True,2022
2022-12-13,PETR4,TRANSFORMER,13.614272117614746,14.06646577380802,13.991624727637252,13.924229207854104,13.702934130453606,0.45219365619327334,0.08866201283886,True,True,2022
2022-12-14,PETR4,TRANSFORMER,12.534235954284668,13.983611194625489,14.021178447747532,13.70587839835767,13.744713284370427,1.4493752403408209,1.2104773300857588,True,True,2022
2022-12-15,PETR4,TRANSFORMER,12.867005348205566,13.372967961142287,13.567697331390688,12.482077178644781,12.632353918982515,0.5059626129367203,0.23465142922305127,True,True,2022
2022-12-16,PETR4,TRANSFORMER,12.87283992767334,13.427515516169287,13.211080958078636,12.879770353386867,12.558585757404362,0.5546755884959467,0.3142541702689776,True,True,2022
2022-12-19,PETR4,TRANSFORMER,13.065495491027832,13.415425731397065,13.385397023247108,12.980200340000854,13.044327902088586,0.3499302403692326,0.021167588939245974,True,False,2022
2022-12-20,PETR4,TRANSFORMER,13.468320846557615,13.568129873431317,13.769472022701272,13.315648654377227,13.58392029121639,0.09980902687370197,0.11559944465877514,False,True,2022
2022-12-21,PETR4,TRANSFORMER,13.76022243499756,13.512032755772218,13.659827817416764,13.45483922500956,13.489637651629936,0.24818967922534263,0.2705847833676245,False,True,2022
2022-12-22,PETR4,TRANSFORMER,14.005419731140137,13.546140958873309,13.38689869361463,13.753797497862806,13.472139449883707,0.4592787722668277,0.5332802812564292,False,True,2022
2022-12-23,PETR4,TRANSFORMER,14.665115356445312,13.419882030120874,13.564117549269556,13.829585979834746,14.05002623660665,1.2452333263244384,0.6150891198386628,True,True,2022
2022-12-26,PETR4,TRANSFORMER,14.560028076171877,13.710535355449373,13.834064655482889,14.570343931963933,14.651445848804741,0.8494927207225036,0.09141777263286421,True,False,2022
2022-12-27,PETR4,TRANSFORMER,14.659278869628906,13.812690318070196,13.975974962475526,14.660807446322803,14.70413804966623,0.8465885515587104,0.044859180037324364,True,True,2022
2022-12-28,PETR4,TRANSFORMER,14.478296279907228,13.719500199157892,13.683631995114478,14.49619218021816,14.335152828494923,0.7587960807493364,0.1431434514123051,True,True,2022
2022-12-29,PETR4,TRANSFORMER,14.3031587600708,13.71288090523283,13.555836662526348,14.362365488990523,14.191628835170743,0.5902778548379715,0.11152992490005786,True,False,2022
2022-12-30,PETR4,TRANSFORMER,14.3031587600708,13.76229664811568,13.948011882084186,14.353700703240674,14.637827931469216,0.5408621119551213,0.33466917139841534,True,True,2022
2023-01-02,PETR4,TRANSFORMER,13.380749702453612,13.743433289283267,13.80771709560677,14.206535792925676,14.176550229985699,0.3626835868296556,0.7958005275320872,False,False,2023
2023-01-03,PETR4,TRANSFORMER,13.042144775390623,13.447220347133133,13.200368119476096,13.42659038325531,13.084459627598216,0.4050755717425094,0.04231485220759268,True,True,2023
2023-01-04,PETR4,TRANSFORMER,13.456645011901855,12.937347857687854,13.00251091921794,12.703976520989993,12.912541934700716,0.5192971542140015,0.5441030772011395,False,True,2023
2023-01-05,PETR4,TRANSFORMER,13.941198348999023,13.02157743552489,13.151725519056319,13.333268352255082,13.494078670264479,0.9196209134741338,0.44711967873454483,True,True,2023
2023-01-06,PETR4,TRANSFORMER,13.859469413757324,13.610762822325583,13.450760891863903,14.359377963987583,14.11892766708713,0.24870659143174123,0.25945825332980554,False,True,2023
2023-01-09,PETR4,TRANSFORMER,13.935362815856934,13.649643875025347,13.809937749800735,14.08418288257812,14.30076341389213,0.2857189408315861,0.36540059803519576,False,True,2023
2023-01-10,PETR4,TRANSFORMER,14.063802719116213,13.655268646007634,13.152789799654522,13.885024855269013,13.310475843204328,0.40853407310857826,0.7533268759118847,False,False,2023
2023-01-11,PETR4,TRANSFORMER,14.174720764160156,13.70768025095667,13.868772487746636,14.094962474050398,14.541360066755471,0.46704051320348583,0.3666393025953152,True,True,2023
2023-01-12,PETR4,TRANSFORMER,14.379051208496094,13.770984279310483,13.770984279310483,14.144526356200737,14.136473808446373,0.6080669291856111,0.24257740004972028,True,False,2023
2023-01-13,PETR4,TRANSFORMER,14.344024658203123,13.736434134308368,13.736434134308368,14.205949257638466,14.176670388497424,0.6075905238947552,0.1673542697056991,True,False,2023
2023-01-16,PETR4,TRANSFORMER,14.03460693359375,13.790236104459233,13.680796513158011,14.37080479300774,14.262728121751062,0.24437082913451746,0.22812118815731175,True,True,2023
2023-01-17,PETR4,TRANSFORMER,14.898636817932127,13.731793437016677,13.942334267415642,14.097307854532394,14.367362834393646,1.1668433809154504,0.5312739835384814,True,True,2023
2023-01-18,PETR4,TRANSFORMER,14.635927200317385,13.679063437207098,13.679063437207098,14.43192749948141,14.344526600994625,0.9568637631102863,0.29140059932275975,True,False,2023
2023-01-19,PETR4,TRANSFORMER,15.11464500427246,13.693784589542993,13.863774765306513,14.604707012041345,14.730448429378422,1.4208604147294661,0.38419657489403747,True,True,2023
2023-01-20,PETR4,TRANSFORMER,15.39486598968506,13.934456068385245,13.931899957934618,14.99930206207174,14.900761861547055,1.4604099212998154,0.4941041281380052,True,False,2023
2023-01-23,PETR4,TRANSFORMER,15.640067100524902,14.02330728899529,14.02330728899529,15.210799738384248,15.180657731330616,1.6167598115296116,0.45940936919428665,True,False,2023
2023-01-24,PETR4,TRANSFORMER,15.52914333343506,14.242509857240961,14.088144672114902,15.614159806861057,15.466703751993835,1.2866334761940994,0.0624395814412253,True,True,2023
2023-01-25,PETR4,TRANSFORMER,15.727636337280272,14.303979734506242,14.464176311032569,15.472420646594347,15.711589040808361,1.4236566027740292,0.0160472964719105,True,True,2023
2023-01-26,PETR4,TRANSFORMER,15.324810981750488,14.599611206505656,14.449596811152876,15.81966055299874,15.603240190989819,0.7251997752448318,0.2784292092393308,True,True,2023
2023-01-27,PETR4,TRANSFORMER,14.957019805908203,14.615304753956181,14.42390297444011,15.401263044632078,15.247391053875646,0.341715051952022,0.2903712479674425,True,True,2023
2023-01-30,PETR4,TRANSFORMER,15.032912254333496,14.529553273272228,14.351630050594915,14.96982801221162,14.927837759749544,0.5033589810612682,0.10507449458395257,True,True,2023
2023-01-31,PETR4,TRANSFORMER,15.219730377197266,14.661070634518758,14.676641890687286,15.055761950018253,15.221456386640453,0.5586597426785076,0.0017260094431872375,True,False,2023
2023-02-01,PETR4,TRANSFORMER,15.009557723999023,14.812290368081563,14.685036417492102,15.343858192327344,15.241502836273673,0.19726735591746092,0.23194511227464965,False,True,2023
2023-02-02,PETR4,TRANSFORMER,14.314833641052246,14.663228097762975,14.492372239111528,14.989553904082083,14.886918604769164,0.34839445671072866,0.5720849637169181,False,True,2023
2023-02-03,PETR4,TRANSFORMER,14.47246265411377,14.639070656046677,14.467782902854937,14.562453531759461,14.505952278420217,0.16660800193290726,0.03348962430644775,True,True,2023
2023-02-06,PETR4,TRANSFORMER,15.05042552947998,14.537439385358638,14.770847119916649,14.456650096049103,14.832291034228259,0.5129861441213421,0.21813449525172146,True,True,2023
2023-02-07,PETR4,TRANSFORMER,14.957019805908203,14.884536497653855,15.107890595550314,15.240990805727126,15.365819137697256,0.07248330825434834,0.40879933178905326,False,True,2023
2023-02-08,PETR4,TRANSFORMER,15.208050727844238,14.935163739127688,15.07389759928347,15.122481903159292,15.051714417750194,0.27288698871655015,0.15633631009404425,True,True,2023
2023-02-09,PETR4,TRANSFORMER,15.1379976272583,14.927886142315288,15.065956413579116,15.178490462903554,15.188122089882569,0.21011148494301324,0.05012446262426806,True,True,2023
2023-02-10,PETR4,TRANSFORMER,15.599198341369627,14.847862081149742,15.011602010485653,15.121013502183825,15.170083768624512,0.751336260219885,0.42911457274511555,True,True,2023
2023-02-13,PETR4,TRANSFORMER,15.645903587341309,14.930066962711436,15.027990957023666,15.443553027955202,15.4291103518505,0.7158366246298726,0.2167932354908082,True,False,2023
2023-02-14,PETR4,TRANSFORMER,15.587523460388184,14.990421843302926,14.92621606450713,15.608218258666334,15.43792478430006,0.5971016170852579,0.14959867608812338,True,True,2023
2023-02-15,PETR4,TRANSFORMER,15.610875129699709,15.023065921775036,15.055429527605199,15.54912340564673,15.602966060842,0.5878092079246731,0.00790906885770859,True,False,2023
2023-02-16,PETR4,TRANSFORMER,15.675092697143556,14.983975269369779,15.0138575796129,15.480117007192336,15.502716115264871,0.6911174277737775,0.17237658187868554,True,False,2023
2023-02-17,PETR4,TRANSFORMER,15.435735702514648,15.086293732054123,14.926285161062498,15.713804670911905,15.532444141544046,0.34944197046052494,0.0967084390293973,True,True,2023
2023-02-21,PETR4,TRANSFORMER,15.435735702514648,14.951129581796785,14.779904524202669,15.324583741496111,15.241141824994603,0.4846061207178636,0.1945938775200453,True,False,2023
2023-02-22,PETR4,TRANSFORMER,15.03874969482422,15.05082774083153,14.889634172479242,15.5057701980739,15.484372602794805,0.012078046007308885,0.44562290797058424,False,True,2023
2023-02-23,PETR4,TRANSFORMER,15.499956130981444,14.901672041905215,15.17497752341527,15.087491981049007,15.47740579946953,0.5982840890762287,0.022550331511913768,True,True,2023
2023-02-24,PETR4,TRANSFORMER,15.120479583740234,15.084114755643654,14.984343165717158,15.534038179905767,15.306704146865812,0.03636482809658048,0.18622456312557745,False,True,2023
2023-02-27,PETR4,TRANSFORMER,15.26643180847168,15.033188788489852,15.023665663671286,15.195957998348858,15.187798978042483,0.23324301998182762,0.07863283042919633,True,False,2023
2023-02-28,PETR4,TRANSFORMER,14.7351713180542,15.027896549591645,14.810098246345651,15.26830086993599,15.078025115171481,0.292725231537446,0.34285379711728226,False,True,2023
2023-03-01,PETR4,TRANSFORMER,14.770201683044434,14.879601377315446,15.007153691868222,14.76629162268246,15.021742349857478,0.10939969427101204,0.2515406668130442,False,False,2023
2023-03-02,PETR4,TRANSFORMER,14.38489055633545,14.79066226005471,14.64861661343351,14.75836530327725,14.576301737878959,0.4057717037192603,0.19141118154350956,True,True,2023
2023-03-03,PETR4,TRANSFORMER,15.003721237182615,14.722074598069192,14.93177528668473,14.548262162437062,14.813726987892922,0.2816466391134238,0.18999424928969333,True,True,2023
2023-03-06,PETR4,TRANSFORMER,15.155509948730469,14.7874334411311,14.897095273596806,14.888677670267496,14.912353057378441,0.36807650759936905,0.24315689135202767,True,False,2023
2023-03-07,PETR4,TRANSFORMER,14.653438568115234,14.916853575998921,14.821718163114756,15.289471651107604,15.088392253389658,0.26341500788368677,0.434953685274424,False,True,2023
2023-03-08,PETR4,TRANSFORMER,14.840255737304688,14.557541287905323,14.42060443956911,14.570396850505256,14.451835979367887,0.2827144493993643,0.3884197579368003,False,True,2023
2023-03-09,PETR4,TRANSFORMER,14.776037216186523,14.79506016589869,14.62113617510241,15.004899485659907,14.947183168239654,0.019022949712166337,0.17114595205313066,False,True,2023
2023-03-10,PETR4,TRANSFORMER,14.583383560180664,14.692784729546851,14.57974811453034,14.748973687703693,14.76628361846273,0.10940116936618693,0.18290005828206546,False,False,2023
2023-03-13,PETR4,TRANSFORMER,14.12217903137207,14.753117482310195,14.599404555951374,14.753201276596846,14.690590615264698,0.6309384509381246,0.5684115838926278,True,True,2023
2023-03-14,PETR4,TRANSFORMER,13.87114143371582,14.329101580732562,14.19473531144336,13.989941610381043,13.94664231480949,0.4579601470167418,0.07550088109366904,True,True,2023
2023-03-15,PETR4,TRANSFORMER,13.625947952270508,14.248653402860889,14.081152721179949,13.937837388083267,13.883651597785386,0.6227054505903808,0.25770364551487823,True,True,2023
2023-03-16,PETR4,TRANSFORMER,13.579241752624512,13.873214845344137,13.766483461581267,13.408350676618308,13.43112136844574,0.29397309271962513,0.14812038417877105,True,False,2023
2023-03-17,PETR4,TRANSFORMER,13.72519302368164,14.161970709409132,14.030771960273063,13.950733106614083,13.922784477543951,0.43677768572749187,0.19759145386231047,True,True,2023
2023-03-20,PETR4,TRANSFORMER,13.386590003967283,13.871043859538275,13.71714277542991,13.640074644589033,13.580757067344283,0.4844538555709921,0.19416706337699985,True,True,2023
2023-03-21,PETR4,TRANSFORMER,13.66097354888916,13.941275127425513,14.18591344065485,13.65200588908173,14.012902575036811,0.28030157853635274,0.3519290261476513,False,True,2023
2023-03-22,PETR4,TRANSFORMER,13.620107650756836,13.903863116649873,13.73658797851357,13.727274911623452,13.434887684886798,0.28375546589303724,0.1852199658700382,True,True,2023
2023-03-23,PETR4,TRANSFORMER,13.310693740844728,13.748570633384453,13.59461765727584,13.611667381494872,13.516728280635768,0.43787689253972495,0.20603453979103925,True,True,2023
2023-03-24,PETR4,TRANSFORMER,13.30485725402832,13.498457333204762,13.508753326091771,13.179400372119385,13.317413577113918,0.1936000791764414,0.012556323085597398,True,False,2023
2023-03-27,PETR4,TRANSFORMER,13.532540321350098,13.401933288185155,13.600178022228897,13.281122197379752,13.503900437795362,0.13060703316494227,0.028639883554735235,True,True,2023
2023-03-28,PETR4,TRANSFORMER,13.77189826965332,13.460447256407292,13.460447256407292,13.505505945660895,13.391147475130204,0.3114510132460282,0.38075079452311655,False,False,2023
2023-03-29,PETR4,TRANSFORMER,13.952874183654783,13.435308814309863,13.435308814309863,13.655758429444267,13.629478126266385,0.5175653693449203,0.3233960573883987,True,False,2023
2023-03-30,PETR4,TRANSFORMER,13.993741989135742,13.367583522960139,13.367583522960139,13.752826209127505,13.76360187054112,0.6261584661756032,0.23014011859462258,True,False,2023
2023-03-31,PETR4,TRANSFORMER,13.690166473388672,13.423951706514025,13.280914102412236,13.996498823305483,13.855774220990234,0.26621476687464707,0.1656077476015625,True,True,2023
2023-04-03,PETR4,TRANSFORMER,14.297321319580078,13.278575563567394,13.45334294603316,13.643210412126269,13.893975479229255,1.0187457560126845,0.40334584035082344,True,True,2023
2023-04-04,PETR4,TRANSFORMER,14.168883323669434,13.18682006551321,13.327393942297409,13.909140175458246,13.977719899351719,0.9820632581562236,0.19116342431771471,True,True,2023
2023-04-05,PETR4,TRANSFORMER,14.215588569641112,13.255495624149418,13.454094846613609,14.065302484981363,14.151165495900269,0.9600929454916933,0.06442307374084244,True,False,2023
2023-04-06,PETR4,TRANSFORMER,14.011255264282228,13.243305649488647,13.342417429392317,14.058613219341884,13.993898854773748,0.7679496147935811,0.017356409508479942,True,True,2023
2023-04-10,PETR4,TRANSFORMER,14.308996200561523,13.546662192158522,13.659304680282998,14.275301050259875,14.279199627554513,0.7623340084030019,0.029796573007009997,True,True,2023
2023-04-11,PETR4,TRANSFORMER,14.980366706848145,13.545565635341518,13.74697169180823,14.253335832390544,14.364732255974673,1.4348010715066266,0.6156344508734719,True,True,2023
2023-04-12,PETR4,TRANSFORMER,15.09129238128662,13.730293661997905,13.851246715976565,14.843058821408299,14.836040067001207,1.3609987192887143,0.2552523142854124,True,True,2023
2023-04-13,PETR4,TRANSFORMER,15.196374893188477,13.849503648162113,13.874012465714964,14.973566087253207,14.891989112406355,1.3468712450263638,0.30438578078212153,True,False,2023
2023-04-14,PETR4,TRANSFORMER,15.354002952575684,14.0265361079189,13.998977149006143,15.127653966081557,15.071084163982267,1.327466844656783,0.2829187885934168,True,False,2023
2023-04-17,PETR4,TRANSFORMER,15.59335994720459,14.239473427489841,14.239473427489841,15.328407168087061,15.350435840526401,1.3538865197147487,0.24292410667818842,True,False,2023
2023-04-18,PETR4,TRANSFORMER,15.990345001220703,14.335487303138308,14.411197071377904,15.52065969901742,15.601765556618354,1.6548576980823952,0.3885794446023496,True,True,2023
2023-04-19,PETR4,TRANSFORMER,15.47659683227539,14.565195672458096,14.480767891449096,15.939967087300515,15.816569604704828,0.9114011598172951,0.33997277242943724,True,True,2023
2023-04-20,PETR4,TRANSFORMER,15.581685066223145,14.55380783156761,14.39012646402331,15.538785198458674,15.392219609323746,1.0278772346555343,0.18946545689939853,True,True,2023
2023-04-21,PETR4,TRANSFORMER,15.581685066223145,14.744506069190116,14.768998284968431,15.570432322212012,15.726152250161402,0.8371789970330283,0.1444671839382572,True,False,2023
2023-04-24,PETR4,TRANSFORMER,15.879424095153809,14.963001776258906,14.963001776258906,15.697394816379628,15.71228996197329,0.9164223188949023,0.16713413318051806,True,False,2023
2023-04-25,PETR4,TRANSFORMER,15.815207481384276,15.074934780272606,14.903249040979832,15.891582241942167,15.717485031006088,0.7402727011116692,0.09772245037818728,True,True,2023
2023-04-26,PETR4,TRANSFORMER,15.616711616516112,15.014495076339891,14.85126983808931,15.7425143967378,15.682756504264217,0.6022165401762205,0.06604488774810591,True,True,2023
2023-04-27,PETR4,TRANSFORMER,15.237244606018066,15.009157352461607,14.849599201195037,15.579775925006993,15.537753511240645,0.22808725355645976,0.30050890522257845,False,True,2023
2023-04-28,PETR4,TRANSFORMER,15.585893630981444,15.144206560944966,15.390128590588082,15.491888310537254,15.853976723727428,0.4416870700364779,0.2680830927459841,True,True,2023
2023-05-01,PETR4,TRANSFORMER,15.585893630981444,15.254843243026457,15.256720343129563,15.588798913287656,15.475156680290235,0.33105038795498665,0.11073695069120859,True,False,2023
2023-05-02,PETR4,TRANSFORMER,14.95456886291504,15.239110357214784,15.071998543634606,15.621218655312168,15.405399554842639,0.2845414942997433,0.4508306919275977,False,True,2023
2023-05-03,PETR4,TRANSFORMER,14.901954650878906,14.903636501315049,14.75186998888187,14.892418736052267,14.823424097665745,0.0016818504361424402,0.07853055321316127,False,True,2023
2023-05-04,PETR4,TRANSFORMER,15.13870334625244,15.028024399265377,14.864205919156689,15.061362372931132,15.029572120189195,0.11067894698706304,0.10913122606324421,True,True,2023
2023-05-05,PETR4,TRANSFORMER,15.783184051513672,15.134351072153578,15.388617933838887,15.293068958465799,15.679371106765512,0.648832979360094,0.10381294474816016,True,True,2023
2023-05-08,PETR4,TRANSFORMER,16.118574142456055,15.312520656412303,15.539106450762368,15.820630103041008,15.92827318311039,0.8060534860437514,0.19030095934566482,True,True,2023
2023-05-09,PETR4,TRANSFORMER,16.171186447143555,15.413528659940901,15.43660865073934,16.04719309896123,15.897787721267225,0.7576577872026533,0.27339872587632996,True,False,2023
2023-05-10,PETR4,TRANSFORMER,16.13172721862793,15.431587426355456,15.263369759768924,16.14702109227399,15.922848783317816,0.7001397922724735,0.20887843531011363,True,True,2023
2023-05-11,PETR4,TRANSFORMER,16.723602294921875,15.393679998094107,15.59208947565833,16.064702181090595,16.36338776042628,1.3299222968277675,0.3602145344955936,True,True,2023
2023-05-12,PETR4,TRANSFORMER,17.262859344482422,15.311271048783958,15.504312320630184,16.354234082680872,16.46810269278928,1.951588295698464,0.7947566516931417,True,True,2023
2023-05-15,PETR4,TRANSFORMER,16.874855041503906,15.742061139083674,15.571125955320465,17.292443568052565,16.986009660106987,1.1327939024202323,0.11115461860308073,True,True,2023
2023-05-16,PETR4,TRANSFORMER,17.29573631286621,15.886948625825418,16.08769418673488,17.066439694614502,17.31730353387835,1.4087876870407925,0.021567221012137594,True,True,2023
2023-05-17,PETR4,TRANSFORMER,16.874855041503906,16.026417867980904,16.251467377770243,17.194225301672354,17.325973364564284,0.8484371735230027,0.4511183230603777,True,True,2023
2023-05-18,PETR4,TRANSFORMER,16.97349739074707,15.99821472168528,16.01982858685394,16.80918658190854,16.64667627325741,0.9752826690617908,0.32682111748966136,True,False,2023
2023-05-19,PETR4,TRANSFORMER,16.947193145751953,16.055062341515658,16.078418970152562,16.831841507072962,16.821965438421245,0.8921308042362952,0.12522770733070843,True,False,2023
2023-05-22,PETR4,TRANSFORMER,16.848546981811523,16.084078070833748,15.910164018709674,16.91823821100039,16.72051643725067,0.7644689109777758,0.12803054456085405,True,True,2023
2023-05-23,PETR4,TRANSFORMER,17.262859344482422,16.230212706556266,16.422816611800936,16.970473876874937,17.264014460366457,1.032646637926156,0.0011551158840354958,True,True,2023
2023-05-24,PETR4,TRANSFORMER,17.525911331176758,16.32644970447187,16.534855228186654,17.20142993061436,17.320695074639204,1.1994616267048883,0.20521625653755393,True,True,2023
2023-05-25,PETR4,TRANSFORMER,17.394384384155273,16.52885786581676,16.487166600443125,17.50757977526945,17.29292632643573,0.8655265183385126,0.10145805771954386,True,True,2023
2023-05-26,PETR4,TRANSFORMER,17.62455177307129,16.509684102728414,16.49193240074641,17.291249470124626,17.269897366166166,1.1148676703428748,0.35465440690512295,True,False,2023
2023-05-29,PETR4,TRANSFORMER,17.552217483520508,16.95557459175197,16.918804521989305,17.821655685957598,17.828452504894305,0.5966428917685391,0.27623502137379674,True,False,2023
2023-05-30,PETR4,TRANSFORMER,17.35492515563965,17.07063806878641,16.734953517052304,17.755659803213298,17.424661656496617,0.2842870868532401,0.06973650085696903,True,True,2023
2023-05-31,PETR4,TRANSFORMER,17.1773681640625,16.778063925042474,16.81228105409575,17.081240686535892,17.343094873828683,0.3993042390200259,0.16572670976618298,True,False,2023
2023-06-01,PETR4,TRANSFORMER,17.729778289794922,16.99272352723743,17.174059631202578,17.391906528061835,17.605226300203665,0.7370547625574915,0.12455198959125724,True,True,2023
2023-06-02,PETR4,TRANSFORMER,17.87445831298828,17.163230736338775,17.291375444709935,17.789397913384573,17.803985633067512,0.711227576649506,0.07047267992076911,True,True,2023
2023-06-05,PETR4,TRANSFORMER,18.065168380737305,17.28830582628541,17.445346920239583,17.880856049670484,17.93973239808143,0.7768625544518954,0.1254359826558762,True,False,2023
2023-06-06,PETR4,TRANSFORMER,18.446596145629883,17.170160434519772,16.98450278204899,17.883868634853155,17.57455892514323,1.2764357111101106,0.8720372204866536,True,True,2023
2023-06-07,PETR4,TRANSFORMER,18.985855102539062,17.32957668442492,17.574527744721244,18.35915469788107,18.713824386928696,1.656278418114141,0.2720307156103665,True,True,2023
2023-06-08,PETR4,TRANSFORMER,18.985855102539062,17.5714559738868,17.701763783477826,18.850816367639712,18.88630582005715,1.4143991286522635,0.09954928248191308,True,False,2023
2023-06-09,PETR4,TRANSFORMER,19.91312026977539,17.54748661870974,17.65928137455194,18.756409128922833,18.753514377575193,2.36563365106565,1.1596058922001973,True,False,2023
2023-06-12,PETR4,TRANSFORMER,20.261659622192383,18.043218811307952,17.869948696054998,19.8788739762406,19.639011156667987,2.218440810884431,0.6226484655243958,True,True,2023
2023-06-13,PETR4,TRANSFORMER,20.22212600708008,18.203424287083635,18.423108907368686,20.143052465306212,20.450256790587677,2.0187017199964465,0.22813078350759497,True,True,2023
2023-06-14,PETR4,TRANSFORMER,21.090993881225582,18.68698002758272,18.907881817248562,20.476147298326577,20.574359367908798,2.404013853642862,0.5166345133167844,True,True,2023
2023-06-15,PETR4,TRANSFORMER,20.593494415283203,18.894679198502033,18.77994802486584,20.88867736230704,20.597472634223536,1.6988152167811705,0.003978218940332567,True,True,2023
2023-06-16,PETR4,TRANSFORMER,20.76866912841797,19.140788591111118,19.13743144196645,20.703014811278535,20.73517808836767,1.6278805373068508,0.033491040050297016,True,False,2023
2023-06-19,PETR4,TRANSFORMER,21.315216064453125,19.28583650460692,19.484625953556048,20.730765242181626,20.946204689734937,2.0293795598462054,0.36901137471818757,True,True,2023
2023-06-20,PETR4,TRANSFORMER,21.42032051086425,19.673146027262007,19.673146027262007,21.285155995730666,21.188987339932673,1.7471744836022438,0.23133317093157757,True,False,2023
2023-06-21,PETR4,TRANSFORMER,22.317211151123047,19.761491381134164,20.031212518460215,21.354230086407007,21.57554746032875,2.555719769988883,0.7416636907942973,True,True,2023
2023-06-22,PETR4,TRANSFORMER,22.03693199157715,20.344557194128754,20.05560048019672,22.38572847722521,21.940739793732984,1.6923747974483945,0.09619219784416444,True,True,2023
2023-06-23,PETR4,TRANSFORMER,21.133031845092773,20.373794201728302,20.01357967190252,22.047674005908654,21.79991517511681,0.7592376433644716,0.6668833300240351,True,True,2023
2023-06-26,PETR4,TRANSFORMER,21.60950469970703,20.56111364292532,20.739287209652478,21.47890482333238,21.907510759949076,1.0483910567817105,0.2980060602420451,True,True,2023
2023-06-27,PETR4,TRANSFORMER,21.44133949279785,20.873829027577088,20.644099948288833,21.76676340927024,21.49106379643758,0.5675104652207636,0.04972430363972791,True,True,2023
2023-06-28,PETR4,TRANSFORMER,21.644540786743164,20.931657647788597,21.181310764468076,21.588269799882408,21.936387364431603,0.7128831389545667,0.2918465776884389,True,True,2023
2023-06-29,PETR4,TRANSFORMER,21.742639541625977,21.276940278175857,21.078271253710877,21.869273035567943,21.56822500523555,0.46569926345011936,0.17441453639042592,True,False,2023
2023-06-30,PETR4,TRANSFORMER,20.69159698486328,21.40989041629483,21.67201696798676,21.935570212457865,22.271468028985513,0.7182934314315474,1.579871044122232,False,True,2023
2023-07-03,PETR4,TRANSFORMER,21.07697868347168,21.126174779751935,21.126174779751935,20.81565449061909,20.638285176630948,0.04919609628025512,0.43869350684073183,False,False,2023
2023-07-04,PETR4,TRANSFORMER,21.12602424621582,21.176713509913185,21.176713509913185,21.036083499393662,21.03272581220685,0.050689263697364595,0.09329843400897175,False,False,2023
2023-07-05,PETR4,TRANSFORMER,21.097999572753903,21.25443750627535,21.518708966983386,21.287567247995376,21.542540667578322,0.15643793352144897,0.4445410948244195,False,True,2023
2023-07-06,PETR4,TRANSFORMER,20.77567481994629,21.247493056208924,21.043432941763378,21.23912204502141,20.85556250514383,0.4718182362626351,0.07988768519754075,True,True,2023
2023-07-07,PETR4,TRANSFORMER,20.67057228088379,21.088655817806924,21.31164105695693,20.844512302358144,21.133416278624413,0.4180835369231346,0.4628439977406238,False,True,2023
2023-07-10,PETR4,TRANSFORMER,20.70560646057129,21.134025241448555,21.235879963766436,20.818215849921653,20.82460328704347,0.4284187808772657,0.11899682647218057,True,False,2023
2023-07-11,PETR4,TRANSFORMER,20.425331115722656,21.03945705057228,21.21290675882472,20.78523786831325,20.846210527233588,0.6141259348496249,0.42087941151093133,True,True,2023
2023-07-12,PETR4,TRANSFORMER,20.439340591430664,20.99695686864689,21.30369166129089,20.62908798891759,20.791617430736537,0.5576162772162263,0.3522768393058726,True,True,2023
2023-07-13,PETR4,TRANSFORMER,20.76166343688965,20.90935525566519,20.91324040645298,20.536627508960873,20.304490300871347,0.1476918187755416,0.45717313601830156,False,True,2023
2023-07-14,PETR4,TRANSFORMER,20.355260848999023,20.86195744777686,20.637637263862572,20.751738316443475,20.47724839340202,0.506696598777836,0.12198754440299808,True,True,2023
2023-07-17,PETR4,TRANSFORMER,20.313217163085938,20.644861325838292,20.715105988303605,20.337468939588128,20.5513418971099,0.33164416275235453,0.2381247340239625,True,False,2023
2023-07-18,PETR4,TRANSFORMER,20.20110511779785,20.52313245523682,20.778846955682642,20.309484013000894,20.558837091180628,0.3220273374389677,0.3577319733827764,False,True,2023
2023-07-19,PETR4,TRANSFORMER,20.39029312133789,20.627361901746312,20.941999737455543,20.455570865407168,20.58728805403243,0.23706878040842128,0.19699493269454038,True,True,2023
2023-07-20,PETR4,TRANSFORMER,20.41131401062012,20.471793435290962,20.68622209262188,20.336065429674466,20.296146318046226,0.06047942467084155,0.1151676925738947,False,True,2023
2023-07-21,PETR4,TRANSFORMER,20.79669761657715,20.514812391853994,20.805805053193357,20.522084760830175,20.61868698377382,0.2818852247231547,0.1780106328033284,True,True,2023
2023-07-24,PETR4,TRANSFORMER,21.231130599975582,20.588536168616912,20.870981596503125,20.841659283138664,20.904564993841642,0.6425944313586704,0.3265656061339399,True,True,2023
2023-07-25,PETR4,TRANSFORMER,21.72161865234375,20.652883892864935,20.62034898214462,21.197477503775342,20.93974665188505,1.068734759478815,0.7818720004587014,True,True,2023
2023-07-26,PETR4,TRANSFORMER,21.72161865234375,20.78903027282719,20.441906388913644,21.60419586366341,21.256040746458886,0.9325883795165595,0.4655779058848637,True,False,2023
2023-07-27,PETR4,TRANSFORMER,20.593494415283203,20.876770799396695,20.940346489415557,21.742118811605927,22.026013467850955,0.283276384113492,1.432519052567752,False,True,2023
2023-07-28,PETR4,TRANSFORMER,20.852754592895508,20.670797599072756,20.644746866075263,20.713465372233014,20.678042618647503,0.18195699382275166,0.17471197424800522,True,False,2023
2023-07-31,PETR4,TRANSFORMER,21.79869842529297,20.75879751296108,21.08094170390415,20.910888555666435,21.2477846151711,1.0399009123318876,0.5509138101218696,True,True,2023
2023-08-01,PETR4,TRANSFORMER,21.44133949279785,20.990754930147133,21.057927115122432,21.6830814968449,21.5860106281829,0.4505845626507181,0.1446711353850496,True,False,2023
2023-08-02,PETR4,TRANSFORMER,21.392290115356445,20.91548220541401,20.653328780686852,21.502945364565583,21.11895959492513,0.47680790994243694,0.27333052043131545,True,True,2023
2023-08-03,PETR4,TRANSFORMER,21.66556167602539,20.78946299479982,21.020820303159667,21.255827270845547,21.6341647406171,0.8760986812255709,0.03139693540829214,True,True,2023
2023-08-04,PETR4,TRANSFORMER,21.02092170715332,21.159643119822476,21.04924803432552,21.8741017457687,21.673828342817096,0.13872141266915605,0.6529066356637756,False,True,2023
2023-08-07,PETR4,TRANSFORMER,21.154052734375,21.01495785684351,21.03670408248309,21.152468586963906,21.180638491860737,0.13909487753149108,0.026585757485737105,True,False,2023
2023-08-08,PETR4,TRANSFORMER,21.175073623657227,21.10691988129372,21.349226827048497,21.191582305016077,21.460117492344725,0.06815374236350635,0.28504386868749876,False,False,2023
2023-08-09,PETR4,TRANSFORMER,21.343244552612305,21.167103885878973,21.460990764815524,21.32312343735196,21.452179239728824,0.17614066673333184,0.10893468711651977,True,True,2023
2023-08-10,PETR4,TRANSFORMER,21.46236038208008,21.31684535758926,21.096230695448067,21.468443357724585,21.029547458574378,0.1455150244908232,0.4328129235057041,False,False,2023
2023-08-11,PETR4,TRANSFORMER,21.413311004638672,21.266546345566255,21.47257628941691,21.47673102036846,21.760290170113105,0.1467646590724172,0.3469791654744334,False,True,2023
2023-08-14,PETR4,TRANSFORMER,21.46936798095703,21.401987093675416,21.366069388375244,21.55279483739908,21.43520249350814,0.06738088728161529,0.034165487448891696,True,False,2023
2023-08-15,PETR4,TRANSFORMER,21.623523712158203,21.47371936590521,21.225608142476936,21.643147032210518,21.372936999880796,0.1498043462529921,0.25058671227740703,False,True,2023
2023-08-16,PETR4,TRANSFORMER,22.099994659423828,21.483258918483628,21.74125686639765,21.6844465272955,22.10215150439598,0.6167357409402001,0.002156844972152072,True,True,2023
2023-08-17,PETR4,TRANSFORMER,22.029926300048828,21.619723693306426,21.971443162401734,22.109026704143357,22.354883162051344,0.41020260674240205,0.32495686200251583,True,True,2023
2023-08-18,PETR4,TRANSFORMER,22.08597946166992,21.819699022879064,21.78230546733541,22.228068403417158,21.926896410994072,0.2662804387908544,0.1590830506758465,True,False,2023
2023-08-21,PETR4,TRANSFORMER,21.931825637817383,21.886439011214406,21.886439011214406,22.16525907827001,22.127829916257976,0.04538662660297632,0.19600427844059354,False,False,2023
2023-08-22,PETR4,TRANSFORMER,22.265928268432617,21.796308679205154,21.796308679205154,21.910874511205492,21.921746303297915,0.46961958922746305,0.3441819651347018,True,False,2023
2023-08-23,PETR4,TRANSFORMER,23.45160675048828,21.96298900336106,21.814756841462472,22.333983578600954,22.191841704424597,1.488617747127222,1.2597650460636842,True,True,2023
2023-08-24,PETR4,TRANSFORMER,23.41522979736328,22.190152057782186,22.228940007236293,23.209265056085965,23.382701424517975,1.2250777395810957,0.03252837284530585,True,False,2023
2023-08-25,PETR4,TRANSFORMER,23.25520133972168,22.484696807554883,22.484696807554883,23.56947576598042,23.577687878472997,0.7705045321667967,0.32248653875131694,True,False,2023
2023-08-28,PETR4,TRANSFORMER,23.51706886291504,22.574588650749675,22.574588650749675,23.333298763362276,23.324798458741505,0.9424802121653642,0.19227040417353436,True,False,2023
2023-08-29,PETR4,TRANSFORMER,23.5679874420166,22.728283627755346,22.728283627755346,23.4889200501001,23.505079931743996,0.8397038142612558,0.06290751027260555,True,False,2023
2023-08-30,PETR4,TRANSFORMER,23.728015899658203,22.900232833657526,23.205937529035733,23.699818372007943,23.997535458106718,0.8277830660006771,0.26951955844851483,True,True,2023
2023-08-31,PETR4,TRANSFORMER,23.233381271362305,23.078117214797928,22.842932037303285,23.84850022791853,23.419184510124477,0.15526405656437703,0.18580323876217264,False,True,2023
2023-09-01,PETR4,TRANSFORMER,23.73529052734375,23.034301656421647,23.32449071503127,23.404098623943845,23.75868740212047,0.700988870922103,0.02339687477671859,True,True,2023
2023-09-04,PETR4,TRANSFORMER,23.48797416687012,23.161159265857805,23.33291964450873,23.648062458643633,23.709073525125227,0.32681490101231603,0.22109935825510618,True,False,2023
2023-09-05,PETR4,TRANSFORMER,24.273569107055664,23.277910604450256,23.569373507056227,23.7211276532852,23.836344254245727,0.9956585026054086,0.43722485280993695,True,True,2023
2023-09-06,PETR4,TRANSFORMER,24.38268280029297,23.352920253893203,23.407336143305677,24.055258877840476,23.922805289053183,1.0297625463997662,0.45987751123978526,True,False,2023
2023-09-07,PETR4,TRANSFORMER,24.38268280029297,23.67510266102002,23.67510266102002,24.539519230274845,24.4599009368784,0.7075801392729488,0.07721813658543297,True,False,2023
2023-09-08,PETR4,TRANSFORMER,24.295394897460938,23.80651368575907,23.80651368575907,24.48826018154676,24.478502392769425,0.48888121170186594,0.18310749530848724,True,False,2023
2023-09-11,PETR4,TRANSFORMER,24.273569107055664,23.990199245845034,23.780615863870427,24.531388405901563,24.310820825270056,0.28336986121063035,0.037251718214392326,True,True,2023
2023-09-12,PETR4,TRANSFORMER,24.38995742797852,24.09475569248157,24.373655759648564,24.460777808202476,24.857387177157243,0.29520173549694917,0.4674297491787236,False,True,2023
2023-09-13,PETR4,TRANSFORMER,24.02625274658203,24.271589001785046,24.229993514582432,24.545746725257885,24.382275598929827,0.24533625520301428,0.3560228523477953,False,False,2023
2023-09-14,PETR4,TRANSFORMER,24.63727188110352,24.180557575440744,24.462945819659883,24.197809921408176,24.434518771821708,0.45671430566277493,0.20275310928181156,True,True,2023
2023-09-15,PETR4,TRANSFORMER,24.65182304382324,24.351555284732655,24.17979761709235,24.61103514282649,24.300243597377072,0.300267759090584,0.35157944644616634,False,False,2023
2023-09-18,PETR4,TRANSFORMER,24.826400756835938,24.399452198078052,24.01885451861694,24.762662002701667,24.424077488900743,0.4269485587578856,0.4023232679351949,True,True,2023
2023-09-19,PETR4,TRANSFORMER,24.88459587097168,24.592708043837078,24.592708043837078,24.95060637712723,25.233568803409906,0.2918878271346017,0.348972932438226,False,False,2023
2023-09-20,PETR4,TRANSFORMER,24.94278907775879,24.620999701445285,24.620999701445285,24.925751294111162,25.005439499446286,0.3217893763135038,0.06265042168749702,True,False,2023
2023-09-21,PETR4,TRANSFORMER,24.557260513305664,24.713656293834518,24.40305131548363,25.04281488901399,24.724565773633625,0.15639578052885383,0.16730526032796078,False,True,2023
2023-09-22,PETR4,TRANSFORMER,24.7536563873291,24.726098279871394,24.755027337338152,24.74028925787162,24.96190448594963,0.027558107457707592,0.20824809862052973,False,False,2023
2023-09-25,PETR4,TRANSFORMER,24.913686752319336,24.894009157136963,24.602042661236013,24.91646322083537,24.682174482743,0.019677595182372443,0.23151226957633497,False,False,2023
2023-09-26,PETR4,TRANSFORMER,24.339040756225582,25.03637468613198,24.78370206613863,25.154212824667763,25.070909029757644,0.6973339299063959,0.7318682735320614,False,True,2023
2023-09-27,PETR4,TRANSFORMER,25.110090255737305,24.93192887863617,25.20222140821181,24.62372624586778,25.07986488711493,0.17816137710113367,0.030225368622375015,True,True,2023
2023-09-28,PETR4,TRANSFORMER,25.05917358398437,25.080444714531936,24.861336720853675,25.137926044511325,24.81660208118791,0.021271130547564354,0.2425715027964621,False,True,2023
2023-09-29,PETR4,TRANSFORMER,25.197376251220703,25.057635841008747,25.077689758730333,25.117687846403076,25.231893978517412,0.1397404102119566,0.03451772729670921,True,False,2023
2023-10-02,PETR4,TRANSFORMER,24.819128036499023,25.15233802817768,24.909556036000346,25.331400251402513,25.115446192797382,0.3332099916786575,0.29631815629835856,True,True,2023
2023-10-03,PETR4,TRANSFORMER,24.710018157958984,25.099284101550523,25.33425473208191,25.025202139991176,25.387710005401388,0.3892659435915391,0.6776918474424036,False,True,2023
2023-10-04,PETR4,TRANSFORMER,23.728015899658203,25.159965982269057,24.909910597044984,24.958696154921938,24.60272349548272,1.4319500826108538,0.8747075958245176,True,True,2023
2023-10-05,PETR4,TRANSFORMER,23.80803108215332,24.532655576896914,24.20341468441782,23.69313998997586,23.448285047655066,0.724624494743594,0.3597460344982544,True,True,2023
2023-10-06,PETR4,TRANSFORMER,24.37540626525879,24.820314884144906,25.141061112387497,24.182317223543627,24.76891930386654,0.4449086188861173,0.39351303860775033,True,True,2023
2023-10-09,PETR4,TRANSFORMER,25.4228744506836,25.002817834748853,25.246337721286487,24.652564256847956,24.758423444201654,0.4200566159347474,0.6644510064819471,False,True,2023
2023-10-10,PETR4,TRANSFORMER,25.612003326416016,25.164038731971672,25.613980571462864,25.357720211873616,25.634961472769174,0.44796459444434333,0.02295814635315807,True,False,2023
2023-10-11,PETR4,TRANSFORMER,25.546531677246094,25.267180226930662,24.951288307030747,25.721012059237694,25.075185524759497,0.2793514503154313,0.4713461524865963,False,True,2023
2023-10-12,PETR4,TRANSFORMER,25.546531677246094,25.1607109524833,25.230206039693915,25.452196477068615,25.65423174774912,0.3858207247627945,0.1077000705030251,True,False,2023
2023-10-13,PETR4,TRANSFORMER,26.390323638916016,25.315659839750566,25.633822160706778,25.683009137102893,26.00547151118135,1.0746637991654495,0.38485212773466415,True,True,2023
2023-10-16,PETR4,TRANSFORMER,26.68128967285156,25.6374402579994,25.584329931052306,26.39626401321738,26.16700136401215,1.0438494148521578,0.5142883088394079,True,False,2023
2023-10-17,PETR4,TRANSFORMER,27.401416778564453,25.720203252559884,26.020167094238214,26.661831283301805,26.93135841382039,1.6812135260045693,0.4700583647440624,True,True,2023
2023-10-18,PETR4,TRANSFORMER,28.019716262817383,26.10252049132052,26.40171945022521,27.423091504529342,27.55070039253227,1.9171957714968642,0.46901587028511216,True,True,2023
2023-10-19,PETR4,TRANSFORMER,27.88878631591797,26.443040721361285,25.95652269889738,27.97515411588877,27.268980453026593,1.4457455945566835,0.6198058628913756,True,False,2023
2023-10-20,PETR4,TRANSFORMER,27.532358169555664,26.57309948993587,26.303509113590327,27.927323286349555,27.89688972495303,0.9592586796197935,0.3645315553973667,True,True,2023
2023-10-23,PETR4,TRANSFORMER,25.713836669921875,26.64377208506224,26.35080737660435,27.60984043522105,27.55188196982062,0.9299354151403634,1.838045299898745,False,True,2023
2023-10-24,PETR4,TRANSFORMER,26.099363327026367,26.125038015106455,25.885715474932777,25.832036756714295,25.788691556810797,0.02567468808008755,0.3106717702155706,False,True,2023
2023-10-25,PETR4,TRANSFORMER,26.23756599426269,26.28970224825352,26.55540189991274,26.21215477858924,26.681173837103085,0.05213625399082744,0.4436078428403931,False,True,2023
2023-10-26,PETR4,TRANSFORMER,25.96842765808105,26.662979039892804,26.31245109703754,26.729589121596696,26.241349797335932,0.6945513818117526,0.27292213925488085,True,True,2023
2023-10-27,PETR4,TRANSFORMER,25.77930450439453,26.526311426645336,26.7709177142139,26.182552653673085,26.578229939723176,0.7470069222508045,0.7989254353286448,False,True,2023
2023-10-30,PETR4,TRANSFORMER,25.517438888549805,26.7279905989852,26.49031385912607,26.247383188742706,25.901563921364147,1.2105517104353964,0.3841250328143424,True,True,2023
2023-10-31,PETR4,TRANSFORMER,25.27012252807617,26.488041347867153,26.590182391728778,25.681957452272265,25.857244867885864,1.2179188197909845,0.5871223398096959,True,True,2023
2023-11-01,PETR4,TRANSFORMER,25.546531677246094,26.536222235007088,26.239418067504133,25.6659981630816,25.33346338508985,0.9896905577609942,0.2130682921562439,True,True,2023
2023-11-02,PETR4,TRANSFORMER,25.546531677246094,26.59881079691752,26.834651532945436,25.865252706381675,26.274326797358935,1.0522791196714252,0.727795120112841,True,True,2023
2023-11-03,PETR4,TRANSFORMER,25.8520450592041,26.725764293608975,26.453808219165378,25.97469002036312,25.58499556002184,0.8737192344048736,0.26704949918226006,True,True,2023
2023-11-06,PETR4,TRANSFORMER,25.83022117614746,26.568456333996608,26.568456333996608,25.883312880324993,26.04279399315211,0.7382351578491466,0.21257281700464858,True,False,2023
2023-11-07,PETR4,TRANSFORMER,25.40105056762696,26.713591529481207,26.374697232691553,26.194357364659012,25.89560107630099,1.3125409618542463,0.49455050867403116,True,True,2023
2023-11-08,PETR4,TRANSFORMER,24.855493545532227,26.249159149795247,25.80472327270922,25.400565946059167,25.152350301062977,1.3936656042630204,0.29685675553075086,True,True,2023
2023-11-09,PETR4,TRANSFORMER,25.371957778930664,26.092318333221513,26.437271254214515,25.080378450771715,25.759859713943914,0.7203605542908491,0.3879019350132502,True,True,2023
2023-11-10,PETR4,TRANSFORMER,25.255571365356445,26.159953269272975,26.571700120776306,25.545631311070387,25.821252245860475,0.90438190391653,0.5656808805040292,True,True,2023
2023-11-13,PETR4,TRANSFORMER,25.961156845092773,26.06748845139434,26.37288240836412,25.468742131299845,25.438409803864214,0.10633160630156624,0.5227470412285591,False,True,2023
2023-11-14,PETR4,TRANSFORMER,26.31758689880371,26.106781327562373,26.153723041269537,25.912145872993804,25.733245397262976,0.21080557124133747,0.5843415015407345,False,False,2023
2023-11-15,PETR4,TRANSFORMER,26.31758689880371,26.121338979834746,26.121338979834746,26.269512722603107,26.21643112498441,0.19624791896896454,0.10115577381930052,True,False,2023
2023-11-16,PETR4,TRANSFORMER,25.859317779541016,26.09372713828013,25.792359913513046,26.34682891101093,26.0295144669419,0.23440935873911428,0.17019668740088534,True,True,2023
2023-11-17,PETR4,TRANSFORMER,26.703109741210938,25.916821298873288,26.180207077748978,25.9038522530579,26.339921332820506,0.7862884423376499,0.36318840839043176,True,True,2023
2023-11-20,PETR4,TRANSFORMER,26.72493553161621,26.37246278416643,26.68813700836435,26.90589221280175,27.119177179938642,0.35247274744978085,0.39424164832243136,False,True,2023
2023-11-21,PETR4,TRANSFORMER,26.44851493835449,26.417234756448124,26.479464135736738,26.816725350928195,26.64598967974573,0.03128018190636439,0.19747474139123966,False,False,2023
2023-11-22,PETR4,TRANSFORMER,26.57796859741211,26.42411159370633,26.581341820872474,26.54919079363143,26.629292376427948,0.15385700370578093,0.05132377901583851,True,False,2023
2023-11-23,PETR4,TRANSFORMER,26.585525512695312,26.33077395593972,26.33077395593972,26.468403642192577,26.384605060940824,0.25475155675559336,0.20092045175448803,True,False,2023
2023-11-24,PETR4,TRANSFORMER,26.661117553710938,26.531029571335537,26.531029571335537,26.753575039331263,26.75481876960496,0.1300879823754002,0.09370121589402203,True,False,2023
2023-11-27,PETR4,TRANSFORMER,26.50993537902832,26.518559310851586,26.3293531548308,26.69352690906741,26.484476517170553,0.008623931823265707,0.0254588618577678,False,True,2023
2023-11-28,PETR4,TRANSFORMER,26.91057014465332,26.605803190611596,26.89877662525507,26.716709427666988,27.115818617261173,0.3047669540417246,0.2052484726078525,True,True,2023
2023-11-29,PETR4,TRANSFORMER,26.630884170532227,26.84314996327494,26.944388202901816,27.0641078780499,27.042447861362042,0.21226579274271273,0.4115636908298157,False,False,2023
2023-11-30,PETR4,TRANSFORMER,27.14490509033203,26.89616701018852,27.15301729456283,26.919386049026702,27.04006327086175,0.24873808014351084,0.10484181947028048,True,True,2023
2023-12-01,PETR4,TRANSFORMER,26.963483810424805,26.93080197853186,26.657582625876763,27.136713739910345,26.687999472119916,0.03268183189294405,0.2754843383048886,False,True,2023
2023-12-04,PETR4,TRANSFORMER,26.38899040222168,27.051044596676206,26.805319540859383,27.21237060346253,27.0841694780455,0.6620541944545266,0.6951790758238197,False,True,2023
2023-12-05,PETR4,TRANSFORMER,26.268041610717773,26.992607461190687,26.741997908749163,26.691852702322276,26.61121387699229,0.7245658504729136,0.343172266274518,True,True,2023
2023-12-06,PETR4,TRANSFORMER,25.323150634765625,26.974344627027676,26.724168916330708,26.5007002370502,26.440141551819778,1.6511939922620513,1.116990917054153,True,True,2023
2023-12-07,PETR4,TRANSFORMER,25.26267433166504,26.6244581790623,26.867459938221227,25.545594302041657,25.95217488420043,1.3617838473972625,0.6895005525353923,True,True,2023
2023-12-08,PETR4,TRANSFORMER,26.07150650024414,26.68261257007707,27.027949719151977,25.62371401332893,25.85465006497299,0.6111060698329283,0.21685643527115062,True,True,2023
2023-12-11,PETR4,TRANSFORMER,25.973237991333008,26.80459591070222,26.857464851011276,26.21217581301675,26.052530605350046,0.8313579193692107,0.07929261401703869,True,False,2023
2023-12-12,PETR4,TRANSFORMER,25.761585235595703,26.787676727437173,26.515909414289993,26.2525567680538,25.87739830339473,1.0260914918414699,0.11581306779902789,True,True,2023
2023-12-13,PETR4,TRANSFORMER,26.13197898864746,26.458043388844146,26.73952394285357,25.761179852763192,26.195938212187542,0.32606440019668526,0.06395922354008121,True,True,2023
2023-12-14,PETR4,TRANSFORMER,26.69891357421875,26.72204927712805,26.99429070004287,26.416077710668525,26.56523196747743,0.02313570290930045,0.13368160674131957,False,True,2023
2023-12-15,PETR4,TRANSFORMER,26.759389877319336,26.824997768252658,26.674520557291796,26.807139488143388,26.430145151999948,0.06560789093332176,0.32924472531938775,False,True,2023
2023-12-18,PETR4,TRANSFORMER,27.09198760986328,26.830865330682656,26.849872406269068,26.821554809173062,26.92078517077238,0.2611222791806256,0.1712024390909015,True,False,2023
2023-12-19,PETR4,TRANSFORMER,27.401912689208984,26.920834621275958,26.635220265547165,27.102599859656948,26.86545337995422,0.48107806793302643,0.5364593092547629,False,False,2023
2023-12-20,PETR4,TRANSFORMER,27.50018119812012,27.068791114849148,26.87633350370878,27.462754155761413,27.440215382362076,0.4313900832709727,0.05996581575804427,True,True,2023
2023-12-21,PETR4,TRANSFORMER,27.507741928100582,27.13939363851972,27.365644371662057,27.530798117639534,27.948930140774603,0.36834828958086163,0.441188212674021,False,False,2023
2023-12-22,PETR4,TRANSFORMER,27.77231788635254,27.190115537925067,27.190115537925067,27.533934437692594,27.442653786071663,0.5822023484274723,0.3296641002808762,True,False,2023
2023-12-26,PETR4,TRANSFORMER,28.21830177307129,27.316313000488208,27.561600154920118,27.787383086530458,27.984873449978345,0.9019887725830813,0.23342832309294437,True,True,2023
2023-12-27,PETR4,TRANSFORMER,28.24098014831543,27.58995064063447,27.539193347871613,28.290336771831896,28.1184890959459,0.6510295076809598,0.12249105236952929,True,False,2023
2023-12-28,PETR4,TRANSFORMER,28.15027236938477,27.67627621552643,27.68937696619493,28.28364399744438,28.308867425675025,0.4739961538583408,0.15859505629025605,True,False,2023
2023-12-29,PETR4,TRANSFORMER,28.15027236938477,27.804108678724788,27.75457823386637,28.25598621741558,28.225450652587682,0.3461636906599814,0.07517828320291287,True,False,2023
2024-01-02,PETR4,TRANSFORMER,28.55846405029297,28.03946025888365,27.978957284000046,28.379198252609697,28.370734890315216,0.5190037914093182,0.18772915997775286,True,False,2024
2024-01-03,PETR4,TRANSFORMER,29.45044136047364,28.15264164120191,28.441788270073218,28.622978807953697,28.95407179071002,1.2977997192717297,0.496369569763619,True,True,2024
2024-01-04,PETR4,TRANSFORMER,29.200990676879883,28.637491859647525,29.088061257055877,29.568728088770754,29.894729977588213,0.5634988172323574,0.6937393007083301,False,False,2024
2024-01-05,PETR4,TRANSFORMER,29.269027709960938,28.737529312047172,28.737529312047172,29.368654064653114,29.034754024685622,0.5314983979137651,0.23427368527531556,True,False,2024
2024-01-08,PETR4,TRANSFORMER,29.04981231689453,29.01170785465922,28.705351076549583,29.522222597798958,29.13216323528433,0.038104462235310166,0.08235091838979969,False,True,2024
2024-01-09,PETR4,TRANSFORMER,28.800355911254883,28.83269864225474,29.18082276893587,29.045270593425716,29.562161619312107,0.03234273099985785,0.7618057080572243,False,True,2024
2024-01-10,PETR4,TRANSFORMER,28.535785675048828,29.141907995469182,28.90391037171039,29.21960004972205,28.794240434525328,0.6061223204203543,0.2584547594764999,True,True,2024
2024-01-11,PETR4,TRANSFORMER,28.77767944335937,29.019772218694584,29.328506369640518,28.732567407895793,29.1131435328942,0.24209277533521245,0.33546408953482754,False,True,2024
2024-01-12,PETR4,TRANSFORMER,28.8532657623291,29.166410877169312,29.404396585756814,28.950404526004036,29.067806268649125,0.3131451148402107,0.21454050632002364,True,False,2024
2024-01-15,PETR4,TRANSFORMER,29.163196563720703,29.23111264666767,29.635390350941794,29.08374178636851,29.274822490261283,0.06791608294696516,0.11162592654057946,False,True,2024
2024-01-16,PETR4,TRANSFORMER,28.800355911254883,29.317868484884684,29.018206010103327,29.307661500393934,28.707891185866405,0.5175125736298014,0.09246472538847783,True,True,2024
2024-01-17,PETR4,TRANSFORMER,28.6340560913086,29.378193861705313,29.899359555640135,29.09203727379982,29.75904662007449,0.744137770396712,1.1249905287658883,False,False,2024
2024-01-18,PETR4,TRANSFORMER,28.52066802978516,29.39615674086457,29.39615674086457,28.88920422419863,28.621439255866203,0.8754887110794094,0.10077122608104361,True,False,2024
2024-01-19,PETR4,TRANSFORMER,28.36948585510254,29.395089687818427,29.395089687818427,28.761546722421784,28.703313460961166,1.0256038327158876,0.3338276058586267,True,False,2024
2024-01-22,PETR4,TRANSFORMER,28.49799346923828,29.302167561491444,29.646398308819688,28.597058672879783,28.925429254479944,0.804174092253163,0.4274357852416628,True,True,2024
2024-01-23,PETR4,TRANSFORMER,28.8532657623291,29.350770106689936,29.26972500947078,28.70376088632732,28.43265028384051,0.49750434436083424,0.4206154784885925,True,False,2024
2024-01-24,PETR4,TRANSFORMER,28.6340560913086,29.400513464361723,29.49846720202222,28.983168637555085,29.11362278450507,0.7664573730531217,0.4795666931964675,True,False,2024
2024-01-25,PETR4,TRANSFORMER,29.692338943481445,29.39684516218466,29.71889011421635,28.919892225771097,29.172506404280217,0.29549378129678416,0.5198325392012286,False,True,2024
2024-01-26,PETR4,TRANSFORMER,30.20635414123535,29.619495368987828,29.908317572593226,29.719575919599784,29.791247362283837,0.586858772247524,0.4151067789515146,True,True,2024
2024-01-29,PETR4,TRANSFORMER,30.66747093200684,29.799797830015052,29.55373695472135,30.300510057784905,29.815954188155313,0.8676731019917874,0.8515167438515263,True,True,2024
2024-01-30,PETR4,TRANSFORMER,30.47849464416504,29.96040160669736,29.95629750578861,30.637626415498872,30.784344631718806,0.5180930374676791,0.305849987553767,True,False,2024
2024-01-31,PETR4,TRANSFORMER,30.81109046936035,30.228148327261692,30.228148327261692,30.738129444818092,30.791680285045608,0.5829421420986591,0.019410184314743617,True,False,2024
2024-02-01,PETR4,TRANSFORMER,31.423383712768555,30.401384635167688,29.988397639172874,30.94027775700132,30.518624805401572,1.0219990776008672,0.9047589073669826,True,True,2024
2024-02-02,PETR4,TRANSFORMER,31.015186309814453,30.644259676896127,30.644259676896127,31.417670657003914,31.720521857450752,0.3709266329183265,0.7053355476362988,False,False,2024
2024-02-05,PETR4,TRANSFORMER,31.151256561279297,30.833295254098232,30.833295254098232,31.282393132593985,31.355408170866582,0.31796130718106497,0.20415160958728507,True,False,2024
2024-02-06,PETR4,TRANSFORMER,31.4384994506836,31.09397090424619,31.487651643263067,31.443569628624875,31.82493985491226,0.3445285464374095,0.386440404228658,False,True,2024
2024-02-07,PETR4,TRANSFORMER,31.89960670471192,31.308596085375143,30.763434364560332,31.615496296055696,30.841736479034925,0.5910106193367781,1.0578702256769965,False,False,2024
2024-02-08,PETR4,TRANSFORMER,31.642597198486328,31.51536342886476,31.841730127615957,32.028631862176155,32.64092974093916,0.12723376962156863,0.9983325424528289,False,True,2024
2024-02-09,PETR4,TRANSFORMER,31.21928977966309,31.62493551654768,31.304093069431616,31.89641065064933,31.425474781256245,0.4056457368845905,0.20618500159315545,True,True,2024
2024-02-12,PETR4,TRANSFORMER,31.21928977966309,31.645027584504078,31.68579155946772,31.45749048224097,31.661928286276087,0.42573780484098833,0.4426385066129974,False,False,2024
2024-02-13,PETR4,TRANSFORMER,31.21928977966309,31.8300309796885,32.16508578360045,31.535737322682046,31.91554248748485,0.6107412000254122,0.6962527078217597,False,False,2024
2024-02-14,PETR4,TRANSFORMER,30.98495483398437,31.97666963816323,32.03973989089207,31.56201732823414,31.420886063168965,0.9917148041788586,0.43593122918459315,True,False,2024
2024-02-15,PETR4,TRANSFORMER,31.97520065307617,31.912105552928892,32.229193270423984,31.278504297220188,31.48599646766111,0.06309510014727593,0.4892041854150584,False,True,2024
2024-02-16,PETR4,TRANSFORMER,32.2700080871582,32.274323347790414,32.337980687758304,32.17551015845693,32.06951981386169,0.004315260632210993,0.2004882732965143,False,False,2024
2024-02-19,PETR4,TRANSFORMER,32.428749084472656,32.5016203985042,32.5016203985042,32.54575222279263,32.47460172249662,0.0728713140315449,0.04585263802396611,True,False,2024
2024-02-20,PETR4,TRANSFORMER,32.08858871459961,32.65398278852598,32.65398278852598,32.64434964609363,32.653034464893935,0.5653940739263703,0.5644457502943254,True,False,2024
2024-02-21,PETR4,TRANSFORMER,32.13393783569336,32.575792878448965,32.9230695712804,32.30084616861571,32.626314061614075,0.4418550427556056,0.49237622592071517,False,True,2024
2024-02-22,PETR4,TRANSFORMER,31.89204406738281,32.75641988095566,32.77592190635301,32.41607787075678,32.23504423237287,0.8643758135728525,0.3430001649900625,True,False,2024
2024-02-23,PETR4,TRANSFORMER,31.672836303710938,32.713644330502234,32.31356223303542,32.18817931816329,31.704057119308608,1.0408080267912965,0.031220815597670537,True,True,2024
2024-02-26,PETR4,TRANSFORMER,32.2700080871582,32.62343655109447,32.74598328847684,31.854878652391175,32.25060565977258,0.35342846393626814,0.01940242738562148,True,False,2024
2024-02-27,PETR4,TRANSFORMER,32.22465515136719,32.910803279281424,33.21366228228187,32.53676896656572,32.860666689889,0.6861481279142367,0.6360115385218137,True,False,2024
2024-02-28,PETR4,TRANSFORMER,30.561643600463867,32.97399543917072,32.725163897153465,32.55298107117517,32.06525492232395,2.4123518387068543,1.5036113218600846,True,True,2024
2024-02-29,PETR4,TRANSFORMER,30.342418670654297,32.45156233394323,32.73870193477947,30.86482879711362,31.231557793343548,2.1091436632889327,0.8891391226892509,True,False,2024
2024-03-01,PETR4,TRANSFORMER,30.37266159057617,32.3687944220876,32.3687944220876,30.63470034410118,30.51601095250322,1.996132831511435,0.14334936192705072,True,False,2024
2024-03-04,PETR4,TRANSFORMER,30.29707145690918,32.3518887613842,32.3518887613842,30.73754680206109,30.718026356059394,2.054817304475023,0.4209548991502139,True,False,2024
2024-03-05,PETR4,TRANSFORMER,30.20635414123535,32.20441416273508,32.20441416273508,30.56755608094179,30.58694677152851,1.9980600214997253,0.38059263029315815,True,False,2024
2024-03-06,PETR4,TRANSFORMER,30.871566772460938,32.051137155816605,32.40537510168214,30.506355809616153,30.854366149071303,1.1795703833556672,0.017200623389634018,True,True,2024
2024-03-07,PETR4,TRANSFORMER,30.531400680541992,32.18236501131156,31.79260731418793,31.090919924818913,30.511942248119535,1.6509643307695683,0.01945843242245715,True,False,2024
2024-03-08,PETR4,TRANSFORMER,27.742074966430664,32.09160157755258,32.474270624020264,30.92837311570296,31.490251706539386,4.349526611121917,3.748176740108722,True,True,2024
2024-03-11,PETR4,TRANSFORMER,26.94836807250977,30.74146476729311,30.38329712655054,27.812053171138764,27.143523466685338,3.7930966947833404,0.19515539417556838,True,True,2024
2024-03-12,PETR4,TRANSFORMER,27.8327865600586,30.623444766553632,31.134632104905993,27.42061526427132,28.1001099448801,2.7906582064950314,0.2673233848214984,True,True,2024
2024-03-13,PETR4,TRANSFORMER,27.50018119812012,30.556515462355264,30.8909118375321,28.09750746949595,28.17523875415825,3.0563342642351436,0.67505755603813,True,True,2024
2024-03-14,PETR4,TRANSFORMER,27.37923812866211,30.29302220209007,30.048491861038748,27.80012364766553,27.22918502032386,2.913784073427962,0.15005310833824836,True,False,2024
2024-03-15,PETR4,TRANSFORMER,27.45483016967773,29.931900964045553,29.990796763485232,27.45971841988019,27.627968519839918,2.4770707943678225,0.17313835016218704,True,False,2024
2024-03-18,PETR4,TRANSFORMER,27.469947814941406,29.638240098074903,29.51388433352937,27.467629369946525,27.378141303419216,2.1682922831334963,0.09180651152218999,True,False,2024
2024-03-19,PETR4,TRANSFORMER,27.265851974487305,29.348626166007364,29.614770871179704,27.523444478037817,27.84975845280822,2.082774191520059,0.583906478320916,True,True,2024
2024-03-20,PETR4,TRANSFORMER,27.742074966430664,29.088988065134686,28.815982446322064,27.41071976771107,26.972579858914994,1.3469130987040216,0.7694951075156702,True,True,2024
2024-03-21,PETR4,TRANSFORMER,26.986162185668945,28.93118714668418,28.59879045230804,27.73230675472571,27.543172462489235,1.9450249610152355,0.5570102768202894,True,True,2024
2024-03-22,PETR4,TRANSFORMER,27.250730514526367,28.756869033846613,28.854715007571492,27.2583596613731,27.619459979904217,1.5061385193202455,0.3687294653778501,True,False,2024
2024-03-25,PETR4,TRANSFORMER,27.666486740112305,28.655685851678527,28.948723802801283,27.38036960421606,27.674111686080337,0.9891991115662222,0.007624945968032648,True,True,2024
2024-03-26,PETR4,TRANSFORMER,27.40947151184082,28.667187405019206,28.824620252984662,27.728340173852438,27.705853298937665,1.2577158931783856,0.2963817870968448,True,False,2024
2024-03-27,PETR4,TRANSFORMER,27.62869453430176,28.448613635890013,28.448613635890013,27.45494891450654,27.301404414355524,0.8199191015882512,0.32729011994623747,True,False,2024
2024-03-28,PETR4,TRANSFORMER,28.24098014831543,28.382441595143746,28.70855256432572,27.679243421378644,27.979049490062053,0.14146144682831618,0.2619306582533767,False,True,2024
2024-04-01,PETR4,TRANSFORMER,28.46019554138184,28.36502453574542,28.520797982654642,28.099365788751733,28.07999776549609,0.09517100563641989,0.3801977758857511,False,False,2024
2024-04-02,PETR4,TRANSFORMER,29.193431854248047,28.445412476751585,28.729132796485988,28.545186089141165,28.668363354407433,0.7480193774964619,0.5250684998406143,True,True,2024
2024-04-03,PETR4,TRANSFORMER,29.042251586914062,28.68712211953101,28.700129197746655,29.169254216813748,29.006505979916245,0.3551294673830512,0.0357456069978177,True,False,2024
2024-04-04,PETR4,TRANSFORMER,28.70964813232422,28.771871701329474,28.771871701329474,29.144867364601534,29.09018377591154,0.06222356900525483,0.38053564358732217,False,False,2024
2024-04-05,PETR4,TRANSFORMER,28.800355911254883,28.7053259461523,28.7053259461523,28.738927727803915,28.73798095537399,0.09502996510258299,0.062374955880891036,True,False,2024
2024-04-08,PETR4,TRANSFORMER,29.200990676879883,28.79846935076074,28.79846935076074,28.841635677212142,28.86185289834263,0.4025213261191425,0.33913777853725335,True,False,2024
2024-04-09,PETR4,TRANSFORMER,29.27658462524414,29.03868413581654,29.03868413581654,29.30490569505622,29.33077138681237,0.23790048942760222,0.05418676156822855,True,False,2024
2024-04-10,PETR4,TRANSFORMER,29.926677703857425,29.14734652389791,29.46224166614049,29.44872457699071,29.749966024656864,0.7793311799595166,0.17671167920056163,True,True,2024
2024-04-11,PETR4,TRANSFORMER,29.70745849609375,29.498264374519636,29.458106683092467,30.02932640679648,29.817036636124033,0.20919412157411443,0.10957814003028332,True,False,2024
2024-04-12,PETR4,TRANSFORMER,29.435321807861328,29.57936532332161,29.93528685168621,29.94003716396435,30.241137653295954,0.14404351546028238,0.8058158454346263,False,True,2024
2024-04-15,PETR4,TRANSFORMER,29.715023040771484,29.621339354666645,29.54726360327412,29.575725263864477,29.278852572222547,0.09368368610483913,0.43617046854893715,False,False,2024
2024-04-16,PETR4,TRANSFORMER,29.85108184814453,29.801086161342653,29.664568588962027,29.82835726868329,29.69755490265441,0.04999568680187849,0.15352694549012114,False,False,2024
2024-04-17,PETR4,TRANSFORMER,30.070293426513672,30.004952300697596,29.733809885113807,30.126500886519697,29.94669130583574,0.06534112581607587,0.12360212067793341,False,True,2024
2024-04-18,PETR4,TRANSFORMER,30.12320709228516,30.085566437280363,30.124321571044785,30.136042472418435,30.39041099124321,0.03764065500479674,0.2672038989580514,False,False,2024
2024-04-19,PETR4,TRANSFORMER,30.63722419738769,30.443260320609852,30.763717458200176,30.479881107362143,30.83774162680539,0.19396387677783977,0.20051742941769746,False,False,2024
2024-04-22,PETR4,TRANSFORMER,31.370473861694336,30.524287509984674,30.93443128642069,30.722555786725874,30.914614351068014,0.8461863517096617,0.4558595106263219,True,True,2024
2024-04-23,PETR4,TRANSFORMER,31.30999565124512,31.024228907225734,31.29830989723523,31.618813030561892,31.572807708759317,0.2857667440193872,0.26281205751419634,True,True,2024
2024-04-24,PETR4,TRANSFORMER,31.166372299194336,31.176906004136697,31.300363475828245,31.53121592581702,31.400651153594826,0.010533704942361055,0.23427885440048968,False,False,2024
2024-04-25,PETR4,TRANSFORMER,31.91473197937012,31.26396671465261,31.56264691916108,31.38872792623367,31.54053828156787,0.65076526471751,0.37419369780225153,True,True,2024
2024-04-26,PETR4,TRANSFORMER,32.36545181274414,31.515899414035403,31.44342929357471,31.941288218259558,31.659200441958216,0.8495523987087381,0.7062513707859246,True,True,2024
2024-04-29,PETR4,TRANSFORMER,32.75399398803711,31.878805630217016,31.869832881184294,32.53914540323888,32.542445381607834,0.8751883578200932,0.2115486064292753,True,False,2024
2024-04-30,PETR4,TRANSFORMER,32.65297317504883,32.13010891582144,31.895205418084252,32.91548865935259,32.6938308410554,0.52286425922739,0.04085766600657337,True,True,2024
2024-05-01,PETR4,TRANSFORMER,32.65297317504883,32.323442208978975,31.97982799182386,32.899015450395616,32.690224304615604,0.32953096606985355,0.03725112956677634,True,True,2024
2024-05-02,PETR4,TRANSFORMER,32.777305603027344,32.44295215014694,32.481801440286105,32.758649563632126,33.06765854967067,0.3343534528804071,0.2903529466433241,True,False,2024
2024-05-03,PETR4,TRANSFORMER,32.360347747802734,32.794125700116126,32.96600766395394,33.07227988028564,33.293008937157545,0.4337779523133918,0.9326611893548105,False,False,2024
2024-05-06,PETR4,TRANSFORMER,32.579383850097656,32.78261431218516,32.78261431218516,32.58885642005159,32.45595931878535,0.20323046208750384,0.12342453131230968,True,False,2024
2024-05-07,PETR4,TRANSFORMER,32.976890563964844,33.04792205435831,33.04792205435831,32.83374805887289,32.820943526730794,0.0710314903934659,0.1559470372340499,False,False,2024
2024-05-08,PETR4,TRANSFORMER,33.479854583740234,33.21033047835829,33.21033047835829,33.12531248446386,33.13998921008185,0.26952410538194727,0.3398653736583839,False,False,2024
2024-05-09,PETR4,TRANSFORMER,33.804351806640625,33.47921309410077,33.88580858869949,33.699879888205885,34.10971382244924,0.3251387125398537,0.3053620158086119,True,True,2024
2024-05-10,PETR4,TRANSFORMER,33.73134231567383,33.74197367738958,33.86272482835225,34.00104618053436,33.87043268742581,0.010631361715752519,0.13909037175198335,False,False,2024
2024-05-13,PETR4,TRANSFORMER,33.763790130615234,33.88101511486758,33.91228899290283,33.946477276245496,33.82659757592386,0.11722498425234562,0.06280744530862847,True,False,2024
2024-05-14,PETR4,TRANSFORMER,33.15536117553711,34.11658305601276,34.015353852039254,34.045806823607606,33.90919697950734,0.961221880475648,0.7538358039702331,True,False,2024
2024-05-15,PETR4,TRANSFORMER,31.1516056060791,33.92358905622012,34.23884519914419,33.38189549288487,33.72045304107555,2.771983450141022,2.5688474349964494,True,True,2024
2024-05-16,PETR4,TRANSFORMER,30.24301147460937,33.340761732039994,32.99975029246263,31.50819362778202,30.911852591322624,3.097750257430622,0.6688411167132529,True,True,2024
2024-05-17,PETR4,TRANSFORMER,29.764379501342773,33.15272436575202,33.74084978562097,30.64913504081811,31.404133176989884,3.388344864409248,1.6397536756471105,True,False,2024
2024-05-20,PETR4,TRANSFORMER,29.81305694580078,32.84350517794729,32.84350517794729,30.06771188931882,29.698300335403864,3.0304482321465116,0.11475661039691687,True,False,2024
2024-05-21,PETR4,TRANSFORMER,29.756267547607425,32.63007981683336,32.26590032048248,30.103268554734196,29.63919969538061,2.873812269225933,0.11706785222681404,True,True,2024
2024-05-22,PETR4,TRANSFORMER,30.16188621520996,32.41323201829954,32.16640274546933,30.051185875624284,30.048960198305114,2.2513458030895777,0.11292601690484716,True,True,2024
2024-05-23,PETR4,TRANSFORMER,29.86173439025879,32.35167240039789,32.247055753903076,30.3500267004597,30.505534295573387,2.489938010139099,0.643799905314598,True,False,2024
2024-05-24,PETR4,TRANSFORMER,29.699481964111328,32.16893096097948,31.77605722605059,30.200231320785363,29.904103936984395,2.4694489968681523,0.20462197287306694,True,True,2024
2024-05-27,PETR4,TRANSFORMER,30.023975372314453,32.088459425955875,31.885324064690554,30.002300700425973,30.103516462044634,2.064484053641422,0.07954108973018137,True,False,2024
2024-05-28,PETR4,TRANSFORMER,30.66485977172852,32.0387849104161,32.37364250164589,30.302101474880015,30.846460866331363,1.3739251386875786,0.18160109460284346,True,True,2024
2024-05-29,PETR4,TRANSFORMER,30.6242904663086,32.09899227215328,32.15186499786489,30.814396911510052,30.700367156406916,1.4747018058446812,0.07607669009831497,True,False,2024
2024-05-30,PETR4,TRANSFORMER,30.6242904663086,31.85328486842218,31.36647816699298,30.702817587505738,30.116326795291194,1.2289944021135781,0.5079636710174071,True,True,2024
2024-05-31,PETR4,TRANSFORMER,31.467981338500977,31.70723136806953,31.759446156299003,30.625324770299144,31.024767917548093,0.23925002956855224,0.4432134209528833,False,False,2024
2024-06-03,PETR4,TRANSFORMER,31.29762840270996,31.86365544387985,31.85923772016695,31.540399081402978,31.593681472275215,0.5660270411698889,0.2960530695652537,True,True,2024
2024-06-04,PETR4,TRANSFORMER,30.948789596557617,31.628205517818117,31.369963415917983,31.20305245832803,30.941644324014856,0.6794159212604995,0.007145272542761205,True,False,2024
2024-06-05,PETR4,TRANSFORMER,30.98935317993164,31.606805449353544,31.606805449353544,31.050207279919775,31.235742032845366,0.6174522694219036,0.24638885291372503,True,False,2024
2024-06-06,PETR4,TRANSFORMER,31.1353759765625,31.690743677453327,31.690743677453327,31.153242048178807,31.204737849816222,0.5553677008908267,0.06936187325372245,True,False,2024
2024-06-07,PETR4,TRANSFORMER,29.967191696166992,31.68886035341336,31.15280491147524,31.281949130415192,30.74106873748161,1.7216686572463686,0.7738770413146163,True,True,2024
2024-06-10,PETR4,TRANSFORMER,30.421480178833008,31.312151289763904,31.67423224551305,30.15683138739403,30.83911018048435,0.8906711109308958,0.417630001651343,True,True,2024
2024-06-11,PETR4,TRANSFORMER,30.55128669738769,31.40093797087519,31.767757483987925,30.574985103234347,30.793578500766635,0.849651273487499,0.24229180337894363,True,True,2024
2024-06-12,PETR4,TRANSFORMER,29.88650894165039,31.42097594858501,31.09096584787224,30.7355114112416,30.089539998873164,1.5344670069346193,0.20303105722277337,True,True,2024
2024-06-13,PETR4,TRANSFORMER,29.58614158630371,31.2445286469503,30.963481493995474,30.158190705370323,30.01515982396501,1.6583870606465894,0.42901823766129965,True,True,2024
2024-06-14,PETR4,TRANSFORMER,28.935346603393555,31.113654836705678,30.824084532734943,29.816750001845392,29.757264925585506,2.178308233312123,0.8219183221919515,True,True,2024
2024-06-17,PETR4,TRANSFORMER,29.043811798095703,30.896393985379802,31.23738167273134,29.229270295458086,29.786732363949547,1.8525821872840993,0.7429205658538436,True,True,2024
2024-06-18,PETR4,TRANSFORMER,29.953256607055664,30.86748028993594,31.264317024752064,29.31438502281651,29.5231008100978,0.9142236828802766,0.43015579695786244,True,True,2024
2024-06-19,PETR4,TRANSFORMER,29.978286743164062,30.993358128314753,30.97695656611939,30.035434046831636,29.745124756652345,1.0150713851506907,0.2331619865117176,True,False,2024
2024-06-20,PETR4,TRANSFORMER,30.453866958618164,31.00060130406115,31.00060130406115,30.153074641443542,30.115558326643058,0.5467343454429852,0.3383086319751065,True,False,2024
2024-06-21,PETR4,TRANSFORMER,30.61239051818848,31.108560518936997,31.108560518936997,30.55014543856761,30.585785268097418,0.496170000748517,0.026605250091062516,True,False,2024
2024-06-24,PETR4,TRANSFORMER,30.921104431152344,31.133791160318367,31.741003972664654,30.764474862032003,31.36520591293128,0.21268672916602327,0.4441014817789366,False,True,2024
2024-06-25,PETR4,TRANSFORMER,30.896074295043945,31.26750716715594,31.387911801972322,31.02365647347725,30.747761034534705,0.3714328721119955,0.14831326050924076,True,False,2024
2024-06-26,PETR4,TRANSFORMER,30.94613647460937,31.25071460424084,31.665316369390478,31.031514425625108,31.261471496902622,0.30457812963146935,0.31533502229325094,False,True,2024
2024-06-27,PETR4,TRANSFORMER,31.46343231201172,31.35997690232972,31.592538729024145,31.078399958860064,31.0219807175922,0.10345540968199884,0.44145159441951876,False,False,2024
2024-06-28,PETR4,TRANSFORMER,31.74711227416992,31.572168022362632,31.890900901698632,31.629953362417492,31.73766830263483,0.17494425180728612,0.009443971535088025,True,True,2024
2024-07-01,PETR4,TRANSFORMER,32.23103713989258,31.62998557866007,31.935803617761692,31.823693843166325,31.86986809570654,0.6010515612325094,0.36116904418603824,True,True,2024
2024-07-02,PETR4,TRANSFORMER,32.13091278076172,31.88547348243162,31.831638233943544,32.29338312930481,32.012503044008625,0.2454392983300977,0.11840973675309385,True,False,2024
2024-07-03,PETR4,TRANSFORMER,31.571901321411133,31.91758833701391,31.91758833701391,32.16952006109726,32.16183685122358,0.3456870156027776,0.5899355298124505,False,False,2024
2024-07-04,PETR4,TRANSFORMER,31.138032913208008,31.929070221174015,31.929070221174015,31.73086934629781,31.72701868255773,0.7910373079660076,0.5889857693497227,True,False,2024
2024-07-05,PETR4,TRANSFORMER,31.30491065979004,31.88160848844882,31.88160848844882,31.283211441445737,31.278641818570712,0.57669782865878,0.026268841219327044,True,False,2024
2024-07-08,PETR4,TRANSFORMER,32.072509765625,31.915331298543038,32.04547742461784,31.462093517881044,31.59063685111931,0.15717846708196248,0.4818729145056899,False,True,2024
2024-07-09,PETR4,TRANSFORMER,32.064170837402344,32.245006434144784,32.24523942554695,32.225061742436296,32.17548153330648,0.18083559674244043,0.11131069590413745,True,False,2024
2024-07-10,PETR4,TRANSFORMER,31.76379776000977,32.460639660778156,32.646612448654196,32.350710544993724,32.51738049506015,0.696841900768387,0.753582735050383,False,False,2024
2024-07-11,PETR4,TRANSFORMER,31.98073387145996,32.50505758780952,32.48842336743644,31.998254399155257,31.845231077424742,0.5243237163495564,0.1355027940352187,True,False,2024
2024-07-12,PETR4,TRANSFORMER,31.830551147460938,32.63941776031089,32.63941776031089,32.15020843644951,32.15314549678765,0.808866612849954,0.3225943493267138,True,False,2024
2024-07-15,PETR4,TRANSFORMER,32.1225700378418,32.645943010966334,33.09744915285936,32.08949663374109,32.52270961711039,0.5233729731245376,0.4001395792685898,True,True,2024
2024-07-16,PETR4,TRANSFORMER,32.03913879394531,32.82906308211079,32.599201512641855,32.407561123990426,31.86738569820593,0.78992428816548,0.17175309573938335,True,True,2024
2024-07-17,PETR4,TRANSFORMER,32.20600509643555,32.78492544090261,33.14938348522749,32.23681681861495,32.676029481873165,0.5789203444670648,0.47002438543761826,True,True,2024
2024-07-18,PETR4,TRANSFORMER,32.14760208129883,32.94162980253611,33.285071028537395,32.4716177481326,32.59559150601086,0.7940277212372848,0.4479894247120342,True,True,2024
2024-07-19,PETR4,TRANSFORMER,32.28110122680664,32.87784264993445,32.398524559326006,32.319339863156245,31.53303891773828,0.5967414231278099,0.7480623090683594,False,True,2024
2024-07-22,PETR4,TRANSFORMER,31.63864517211914,32.838332183456316,32.5379999451044,32.369650136930964,32.34497456211821,1.1996870113371756,0.7063293899990697,True,True,2024
2024-07-23,PETR4,TRANSFORMER,31.22981643676757,32.844306697055686,32.54409465009822,31.998805798209464,31.947764737771376,1.6144902602881146,0.7179483010038048,True,True,2024
2024-07-24,PETR4,TRANSFORMER,31.480121612548828,32.63696894732942,32.9997822133433,31.423341783290994,32.01750833478823,1.1568473347805934,0.537386722239404,True,True,2024
2024-07-25,PETR4,TRANSFORMER,31.43840408325196,32.71823216687113,33.08194880642243,31.72735124286301,31.89323881673563,1.2798280836191722,0.45483473348366843,True,True,2024
2024-07-26,PETR4,TRANSFORMER,31.405027389526367,32.62837351541856,32.95295604784889,31.642124311323805,31.648546462981873,1.223346125892192,0.24351907345550572,True,True,2024
2024-07-29,PETR4,TRANSFORMER,30.77092170715332,32.59102174150843,32.22178260018489,31.618392621552122,30.962526776416425,1.8201000343551073,0.1916050692631046,True,True,2024
2024-07-30,PETR4,TRANSFORMER,30.579021453857425,32.355684913234995,32.097685449587,30.917261734228507,30.85614779419016,1.7766634593775699,0.2771263403327353,True,False,2024
2024-07-31,PETR4,TRANSFORMER,31.21312713623047,32.28878511280749,32.751330007357566,30.847681883934857,31.53814116734106,1.0756579765770198,0.3250140311105909,True,True,2024
2024-08-01,PETR4,TRANSFORMER,30.737548828125,32.408467159305474,32.23467115233125,31.3562408139264,30.934002492349663,1.6709183311804736,0.19645366422466282,True,False,2024
2024-08-02,PETR4,TRANSFORMER,29.811412811279297,32.12534405682737,31.88746257822649,30.88955239997441,30.673170686665497,2.3139312455480763,0.8617578753861999,True,True,2024
2024-08-05,PETR4,TRANSFORMER,29.7863826751709,31.699771831336818,31.42195339517633,29.931580012759195,29.811771771854783,1.9133891561659198,0.02538909668388456,True,True,2024
2024-08-06,PETR4,TRANSFORMER,30.303682327270508,31.568017825261506,31.196083804099626,29.934470062099177,29.799520818909507,1.2643354979909986,0.5041615083610012,True,True,2024
2024-08-07,PETR4,TRANSFORMER,30.26196479797364,31.672200557467136,32.01140847784493,30.540306091021517,31.195969241627765,1.4102357594934958,0.9340044436541248,True,True,2024
2024-08-08,PETR4,TRANSFORMER,30.74588966369629,31.65285100107741,31.941313120361986,30.53538579864552,30.634889507887408,0.9069613373811194,0.11100015580888112,True,True,2024
2024-08-09,PETR4,TRANSFORMER,30.46220970153809,31.62420775686644,32.12195971540956,30.823046167808027,31.07554524045739,1.1619980553283504,0.6133355389193014,True,True,2024
2024-08-12,PETR4,TRANSFORMER,31.154720306396484,31.44638852988669,31.855539969211737,30.57310834358912,30.575229790724926,0.2916682234902055,0.5794905156715586,False,True,2024
2024-08-13,PETR4,TRANSFORMER,30.96282196044922,31.64286397464093,31.251780358792995,31.29024859699045,30.559370015410693,0.680042014191713,0.4034519450385261,True,True,2024
2024-08-14,PETR4,TRANSFORMER,31.50514793395996,31.50782029811461,31.512490456687075,30.980478370381313,31.186906866401273,0.0026723641546482213,0.318241067558688,False,False,2024
2024-08-15,PETR4,TRANSFORMER,31.98908233642578,31.665213081068202,31.62418190894338,31.508805473461827,31.555856056692814,0.3238692553575788,0.4332262797329669,False,False,2024
2024-08-16,PETR4,TRANSFORMER,32.1225700378418,31.99053641046794,31.998298364143317,32.17403106157318,32.23071729567183,0.1320336273738576,0.10814725783003354,True,False,2024
2024-08-19,PETR4,TRANSFORMER,32.072509765625,31.98472908490345,31.56783170168735,32.18539416484892,31.754619048918062,0.08778068072155065,0.3178907167069376,False,True,2024
2024-08-20,PETR4,TRANSFORMER,31.94736099243164,32.05359088609322,32.01790317363466,32.10895842265089,32.36789650078321,0.10622989366157753,0.42053550835156983,False,False,2024
2024-08-21,PETR4,TRANSFORMER,31.75545692443848,32.13130381854131,31.83324739322767,32.13277797315594,31.905674827299343,0.3758468941028319,0.150217902860863,True,True,2024
2024-08-22,PETR4,TRANSFORMER,31.85259437561035,32.10737626037297,32.4421197667704,31.8837642288333,32.41110207869019,0.25478188476262176,0.5585077030798402,False,True,2024
2024-08-23,PETR4,TRANSFORMER,31.655229568481445,32.2590551463698,32.54941691154211,32.07288585241501,32.171817915766205,0.6038255778883581,0.5165883472847597,True,True,2024
2024-08-26,PETR4,TRANSFORMER,33.954933166503906,32.33887268113932,32.788361700311555,31.951701743991734,32.13039324058146,1.616060485364585,1.8245399259224442,False,True,2024
2024-08-27,PETR4,TRANSFORMER,33.500144958496094,32.917898936173515,32.46504971578382,33.92213238808575,33.17818854764967,0.5822460223225789,0.32195641084642546,True,True,2024
2024-08-28,PETR4,TRANSFORMER,33.980674743652344,33.0437964437329,32.97659785490522,33.68985905565371,33.841062463551744,0.9368782999194423,0.13961228010060012,True,False,2024
2024-08-29,PETR4,TRANSFORMER,33.748992919921875,33.38224403387068,33.75762071468531,34.15664119444189,34.648880709418485,0.36674888605119804,0.89988778949661,False,True,2024
2024-08-30,PETR4,TRANSFORMER,33.7833137512207,33.64743376096038,33.78473183017176,34.02774593376194,33.90558447192275,0.13587999026032094,0.1222707207020477,True,False,2024
2024-09-02,PETR4,TRANSFORMER,33.4658203125,33.675634448608434,33.6282331874006,33.80246690623524,33.606120677162714,0.20981413610843447,0.14030036466271412,True,False,2024
2024-09-03,PETR4,TRANSFORMER,33.0625114440918,33.77428522377761,33.36305725673625,33.71929085799337,33.30136378041943,0.7117737796858137,0.23885233632763203,True,True,2024
2024-09-04,PETR4,TRANSFORMER,33.07109069824219,33.64524556462152,33.77718676221423,33.10920766188924,33.52572227849877,0.574154866379331,0.45463158025658146,True,False,2024
2024-09-05,PETR4,TRANSFORMER,32.86515045166016,33.87636827095696,34.08310490873436,33.340582536145455,33.533242454704585,1.011217819296796,0.6680920030444213,True,False,2024
2024-09-06,PETR4,TRANSFORMER,32.22157669067383,33.88791407995393,33.56161804171201,33.17967443834421,32.67198760129243,1.6663373892801019,0.4504109106186007,True,True,2024
2024-09-09,PETR4,TRANSFORMER,32.573394775390625,33.619085554458024,33.969589765363104,32.38876332607496,32.907018875018366,1.0456907790673995,0.3336240996277411,True,True,2024
2024-09-10,PETR4,TRANSFORMER,32.03279495239258,33.8149660064999,33.4836026294899,32.88801234144012,32.37761318270144,1.782171054107323,0.34481823030886005,True,True,2024
2024-09-11,PETR4,TRANSFORMER,31.998470306396484,33.50725642830423,33.82883197996019,32.187260952953494,32.659181644686626,1.5087861219077467,0.6607113382901417,True,True,2024
2024-09-12,PETR4,TRANSFORMER,31.6380672454834,33.65902874290879,33.97563996831904,32.40126190917269,32.547711052914444,2.0209614974253896,0.9096438074310456,True,True,2024
2024-09-13,PETR4,TRANSFORMER,31.49219512939453,33.50859393258327,33.69797019011163,31.922795762458897,31.82005025708192,2.0163988031887357,0.3278551276873891,True,True,2024
2024-09-16,PETR4,TRANSFORMER,31.92982292175293,33.38509114775877,33.49418472268888,31.649228419977526,31.59547676881899,1.4552682260058418,0.3343461529339393,True,False,2024
2024-09-17,PETR4,TRANSFORMER,31.7839469909668,33.435572099702085,33.42524662773286,32.0721835093175,31.994092450432987,1.651625108735285,0.21014545946618668,True,False,2024
2024-09-18,PETR4,TRANSFORMER,31.02024269104004,33.19455087824275,32.8615969646409,31.894068457242835,31.541389517083726,2.174308187202712,0.5211468260436867,True,True,2024
2024-09-19,PETR4,TRANSFORMER,31.123214721679688,32.86733439021276,32.990083316615625,31.088920438704214,31.445361584624656,1.7441196685330738,0.32214686294496886,True,False,2024
2024-09-20,PETR4,TRANSFORMER,31.11462783813477,32.76031929600447,32.76031929600447,31.16822350884931,31.166625151887402,1.6456914578696988,0.051997313752632834,True,False,2024
2024-09-23,PETR4,TRANSFORMER,31.43212509155273,32.57227209512621,32.84989417518352,31.210318664760823,31.469699291311716,1.1401470035734782,0.03757419975898557,True,True,2024
2024-09-24,PETR4,TRANSFORMER,31.56084251403809,32.530563597718924,32.845555289280355,31.5302316277707,31.664450693505117,0.9697210836808345,0.10360817946702738,True,True,2024
2024-09-25,PETR4,TRANSFORMER,31.792526245117188,32.5943409157303,32.17019329755684,31.7998067080494,31.11490059135635,0.801814670613112,0.6776256537608383,True,True,2024
2024-09-26,PETR4,TRANSFORMER,31.10605239868164,32.522336962943825,32.176462211368346,31.870180925957506,31.775448394433006,1.4162845642621846,0.6693959957513655,True,True,2024
2024-09-27,PETR4,TRANSFORMER,30.985918045043945,32.26759648803409,32.70748219980988,31.237955229487422,31.95246386308067,1.2816784429901418,0.9665458180367246,True,True,2024
2024-09-30,PETR4,TRANSFORMER,30.90010452270508,32.346253541149736,32.236221504990496,31.201780353910262,30.859144553773298,1.446149018444654,0.040959968931783663,True,False,2024
2024-10-01,PETR4,TRANSFORMER,31.723880767822266,32.172073112576186,32.49900578928531,31.031803199127772,31.360208355348888,0.4481923447539202,0.36367241247337745,True,True,2024
2024-10-02,PETR4,TRANSFORMER,32.16150665283203,32.144939477974276,32.20897327504886,31.55010984226801,31.44830004161099,0.016567174857755163,0.7132066112210396,False,False,2024
2024-10-03,PETR4,TRANSFORMER,32.556236267089844,32.3444636457175,32.2993189721552,32.30397442084889,32.17323475526905,0.2117726213723472,0.3830015118207939,False,True,2024
2024-10-04,PETR4,TRANSFORMER,32.47042465209961,32.4587465021479,32.61312576443461,32.56648193214403,32.760912044237244,0.011678149951706018,0.29048739213763497,False,False,2024
2024-10-07,PETR4,TRANSFORMER,32.92521667480469,32.469874341057675,32.951534416531864,32.54870908820956,32.913329220525725,0.45534233374701216,0.01188745427896265,True,True,2024
2024-10-08,PETR4,TRANSFORMER,32.26448059082031,32.66653172573223,32.33607938968851,33.021460607563796,32.33984880202608,0.4020511349119147,0.07536821120577031,True,True,2024
2024-10-09,PETR4,TRANSFORMER,31.93840217590332,32.27372835507805,32.38672150030853,32.05149715015012,32.30915667481254,0.3353261791747286,0.3707544989092213,False,False,2024
2024-10-10,PETR4,TRANSFORMER,32.30738830566406,32.55528775770051,32.898961668869,32.31196972382974,32.61964131494787,0.24789945203644947,0.3122530092838076,False,True,2024
2024-10-11,PETR4,TRANSFORMER,32.281639099121094,32.80810065291399,32.7245035925946,32.55079652632941,32.224985142034505,0.5264615537928989,0.05665395708658849,True,False,2024
2024-10-14,PETR4,TRANSFORMER,32.3588752746582,32.79250791001391,32.33265044375766,32.44904876786583,31.983037713262313,0.43363263535570695,0.3758375613958904,True,True,2024
2024-10-15,PETR4,TRANSFORMER,32.09286117553711,32.82243948555248,32.407009076860014,32.49157118378591,32.40356594762273,0.7295783100153699,0.31070477208562153,True,True,2024
2024-10-16,PETR4,TRANSFORMER,31.92982292175293,32.81813193500676,32.767392174762314,32.22346901454965,32.52934221447932,0.8883090132538314,0.5995192927263915,True,False,2024
2024-10-17,PETR4,TRANSFORMER,31.68955421447754,32.85364464053322,32.81146482805607,32.101601596615154,32.163593350175574,1.1640904260556795,0.47403913569803535,True,False,2024
2024-10-18,PETR4,TRANSFORMER,31.60374641418457,32.77525803865046,32.78271601112496,31.809672264881286,31.859196656527285,1.171511624465893,0.2554502423427145,True,False,2024
2024-10-21,PETR4,TRANSFORMER,31.10605239868164,32.6576805944739,32.63103114874696,31.636842409057394,31.62499627754005,1.5516281957922615,0.5189438788584084,True,False,2024
2024-10-22,PETR4,TRANSFORMER,30.985918045043945,32.687744936981346,33.07861320987856,31.496870803078693,31.891637363748842,1.7018268919374009,0.9057193187048966,True,True,2024
2024-10-23,PETR4,TRANSFORMER,30.599767684936523,32.55024261288327,32.479255959530825,31.101136353761085,30.77042652206687,1.9504749279467433,0.1706588371303468,True,False,2024
2024-10-24,PETR4,TRANSFORMER,30.80571174621582,32.29193709899448,32.20261578909583,30.64753915661139,30.55981444619689,1.4862253527786606,0.24589730001893173,True,False,2024
2024-10-25,PETR4,TRANSFORMER,31.02024269104004,32.188516547536096,32.50430179959928,30.89996401634959,31.303064908015955,1.1682738564960573,0.2828222169759158,True,True,2024
2024-10-28,PETR4,TRANSFORMER,30.9687557220459,32.30149632075347,31.89456669204206,31.307981292147424,30.7012370360781,1.3327405987075736,0.26751868596779715,True,True,2024
2024-10-29,PETR4,TRANSFORMER,30.90010452270508,32.02324134046745,31.960507741679788,30.887937135994704,31.07361936904424,1.1231368177623686,0.1735148463391596,True,False,2024
2024-10-30,PETR4,TRANSFORMER,30.762805938720703,32.12544732002539,32.45034554117123,31.187944794779863,31.620364135441296,1.3626413813046838,0.8575581967205927,True,True,2024
2024-10-31,PETR4,TRANSFORMER,30.81429481506348,32.11574057941209,31.860948272697247,30.96671359815791,30.498884090834775,1.3014457643486104,0.3154107242287054,True,False,2024
2024-11-01,PETR4,TRANSFORMER,30.39382553100586,31.976536871194355,31.69718317877092,30.91265718075624,30.76634620001535,1.5827113401884958,0.3725206690094893,True,True,2024
2024-11-04,PETR4,TRANSFORMER,30.462474822998047,31.70395644950395,31.981849477699377,30.461622555104977,30.96378910619933,1.2414816265059017,0.5013142832012818,True,True,2024
2024-11-05,PETR4,TRANSFORMER,30.36808586120605,31.698606432387805,31.416801030513586,30.546305662053857,30.135921554806547,1.3305205711817543,0.23216430639950403,True,False,2024
2024-11-06,PETR4,TRANSFORMER,30.37666702270508,31.49891999390485,31.423713647696122,30.346629552122298,30.438332107924516,1.1222529711997673,0.0616650852194347,True,False,2024
2024-11-07,PETR4,TRANSFORMER,30.47105407714844,31.343356444744643,31.069534348529125,30.402917879325226,30.227697150509194,0.8723023675962018,0.24335692663924746,True,True,2024
2024-11-08,PETR4,TRANSFORMER,31.04598045349121,31.398061353216235,30.97757137278997,30.661888140177183,30.448393325292145,0.3520808997250242,0.5975871281990663,False,True,2024
2024-11-11,PETR4,TRANSFORMER,31.10605239868164,31.43779801527097,31.01264972097091,31.095391574290186,31.013469042636274,0.33174561658933044,0.09258335604536683,True,True,2024
2024-11-12,PETR4,TRANSFORMER,31.68955421447754,31.512555653337813,31.400947227744247,31.18647823057337,31.44157800295444,0.176998561139726,0.247976211523099,False,False,2024
2024-11-13,PETR4,TRANSFORMER,31.64665412902832,31.82711994096354,32.26100088757189,31.93542054473489,32.51576812084291,0.18046581193522115,0.8691139918145865,False,True,2024
2024-11-14,PETR4,TRANSFORMER,31.981306076049805,31.87774841176116,31.76931008639356,31.744498245894295,31.345901654971755,0.10355766428864399,0.6354044210780501,False,False,2024
2024-11-15,PETR4,TRANSFORMER,31.981306076049805,32.02731777814142,31.567547246036494,32.1106029810703,31.667677643031166,0.046011702091618645,0.3136284330186392,False,True,2024
2024-11-18,PETR4,TRANSFORMER,32.77933883666992,32.0202073693639,32.300523413038555,32.053637454737526,32.658092566111144,0.7591314673060197,0.12124627055877824,True,True,2024
2024-11-19,PETR4,TRANSFORMER,32.43610000610352,32.36256420914077,32.162004800941794,32.82194468952014,32.51976626614047,0.07353579696275148,0.08366626003694932,False,False,2024
2024-11-20,PETR4,TRANSFORMER,32.43610000610352,32.35163797933188,32.27220364788731,32.4881334455234,32.49726435902361,0.08446202677163939,0.061164352920087595,True,False,2024
2024-11-21,PETR4,TRANSFORMER,32.530494689941406,32.4107192804812,32.73836385808521,32.52757823251436,32.93226277262735,0.11977540946020326,0.40176808268594044,False,True,2024
2024-11-22,PETR4,TRANSFORMER,33.82621765136719,32.53889349569204,32.998976985015084,32.68127825623178,32.919216434120656,1.287324155675151,0.9070012172465312,True,True,2024
2024-11-25,PETR4,TRANSFORMER,33.62027740478516,33.00256984124968,32.58934649186621,33.92768686225881,33.16821684955859,0.6177075635354825,0.4520605552265735,True,True,2024
2024-11-26,PETR4,TRANSFORMER,33.577369689941406,33.10427917399812,33.17531779348057,33.695489171470044,33.972131225191205,0.47309051594328366,0.39476153524979907,True,False,2024
2024-11-27,PETR4,TRANSFORMER,33.45724105834961,33.36751181762071,33.369252203566425,33.747125935515186,33.76139356778712,0.0897292407289001,0.3041525094375075,False,False,2024
2024-11-28,PETR4,TRANSFORMER,33.11399841308594,33.55146291164442,33.46392773181729,33.64772419571575,33.54544970681854,0.4374644985584837,0.43145129373260005,True,False,2024
2024-11-29,PETR4,TRANSFORMER,33.380008697509766,33.61783656149157,33.61783656149157,33.29277732869657,33.348309981360096,0.23782786398180633,0.03169871614966979,True,False,2024
2024-12-02,PETR4,TRANSFORMER,33.59453201293945,33.72399112904975,33.72399112904975,33.44116133581014,33.46836141311383,0.12945911611029715,0.1261705998256204,True,False,2024
2024-12-03,PETR4,TRANSFORMER,33.894866943359375,33.92077636339803,34.383196550603046,33.84340037833075,34.30367127746085,0.02590942003865848,0.4088043341014753,False,True,2024
2024-12-04,PETR4,TRANSFORMER,33.68033981323242,34.07502699475492,33.76522584671212,34.08550204552746,33.4530419705326,0.3946871815224995,0.22729784269981934,True,True,2024
2024-12-05,PETR4,TRANSFORMER,34.01499938964844,34.04140744785872,34.38977506445621,33.822379057589465,34.30520881628994,0.02640805821027925,0.2902094266415034,False,True,2024
2024-12-06,PETR4,TRANSFORMER,33.49155807495117,34.29920156305258,33.973644785820426,34.2633404797385,33.74618483939438,0.8076434881014052,0.2546267644432092,True,True,2024
2024-12-09,PETR4,TRANSFORMER,34.35824203491211,34.28498566279268,34.62354220205579,33.787665108633504,34.27980820511149,0.07325637211943103,0.0784338298006162,False,True,2024
2024-12-10,PETR4,TRANSFORMER,34.48695755004883,34.60246590643851,34.61120073482454,34.46687353616801,34.31708085772094,0.11550835638968238,0.1698766923278896,False,False,2024
2024-12-11,PETR4,TRANSFORMER,34.83019256591797,34.75597894352387,35.15186091855204,34.740474568731955,35.07137128916323,0.07421362239409746,0.24117872324526246,False,True,2024
2024-12-12,PETR4,TRANSFORMER,34.20720672607422,34.898875540394386,34.51290266052823,34.97808315254669,34.31635015686022,0.6916688143201668,0.10914343078599842,True,True,2024
2024-12-13,PETR4,TRANSFORMER,33.993072509765625,34.81112640855838,34.95540155786133,34.31338314456154,34.656358244015735,0.8180538987927548,0.6632857342501097,True,False,2024
2024-12-16,PETR4,TRANSFORMER,33.85032272338867,34.82377860896264,35.03629698893591,34.11138865422185,34.285455252328106,0.9734558855739692,0.4351325289394339,True,False,2024
2024-12-17,PETR4,TRANSFORMER,34.17151641845703,34.75492664236316,34.42587610146893,33.972560396985045,33.46392337013532,0.5834102239061281,0.7075930483217121,False,True,2024
2024-12-18,PETR4,TRANSFORMER,33.28823471069336,34.8127786197266,34.49987481339411,34.30339910970051,34.19414479074276,1.524543909033241,0.9059100800494022,True,True,2024
2024-12-19,PETR4,TRANSFORMER,33.15439987182617,34.67113101582254,34.44004142373819,33.56773192065323,33.565604890062836,1.5167311439963669,0.41120501823666444,True,True,2024
2024-12-20,PETR4,TRANSFORMER,32.8778190612793,34.61175467696461,34.694946719868994,33.284810905060596,33.58808538453287,1.7339356156853114,0.7102663232535704,True,False,2024
2024-12-23,PETR4,TRANSFORMER,32.88673782348633,34.55579094093628,34.20088965702209,33.17414459461768,32.79619935936538,1.6690531174499483,0.09053846412094657,True,True,2024
2024-12-24,PETR4,TRANSFORMER,32.88673782348633,34.49973869359536,34.63503082071406,33.03092944169798,33.41678672048424,1.6130008701090333,0.5300488969979114,True,False,2024
2024-12-26,PETR4,TRANSFORMER,33.13395690917969,34.50349058978986,34.71405435444916,33.08264340172426,33.26832778028594,1.369533680610175,0.134370871106249,True,False,2024
2024-12-27,PETR4,TRANSFORMER,33.032066345214844,34.48866986222731,34.36051317300721,33.242231908355656,32.96510404290677,1.4566035170124678,0.06696230230807032,True,False,2024
2024-12-30,PETR4,TRANSFORMER,33.523006439208984,34.4737409541716,34.58403038728579,33.20966004114481,33.38808044812571,0.950734514962619,0.1349259910832714,True,False,2024
2024-12-31,PETR4,TRANSFORMER,33.523006439208984,34.47478833803717,34.47478833803717,33.53895054362331,33.5027891274353,0.9517818988281874,0.0202173117736848,True,False,2024
2025-01-02,PETR4,TRANSFORMER,34.060264587402344,34.473504924004715,34.473504924004715,33.62404007382868,33.61757124478634,0.4132403366023709,0.44269334261600335,False,False,2025
2025-01-03,PETR4,TRANSFORMER,33.69900894165039,34.54426480111988,34.54426480111988,34.06058955631114,34.079204549440625,0.8452558594694892,0.38019560779023465,True,False,2025
2025-01-06,PETR4,TRANSFORMER,33.54153823852539,34.48467701857078,34.48467701857078,33.79944567413906,33.79929827981825,0.9431387800453876,0.2577600412928618,True,False,2025
2025-01-07,PETR4,TRANSFORMER,34.25478744506836,34.34513401698814,34.35763232205138,33.555806440595596,33.537257780782916,0.09034657191978113,0.7175296642854434,False,True,2025
2025-01-08,PETR4,TRANSFORMER,33.97690200805664,34.559621513853074,34.09674771476819,34.38196498742958,33.92431795791027,0.5827195057964332,0.05258405014637191,True,True,2025
2025-01-09,PETR4,TRANSFORMER,34.12510681152344,34.44795957573416,34.13297260178192,34.084353643881414,34.07433135335967,0.3228527642107224,0.05077545816376983,True,True,2025
2025-01-10,PETR4,TRANSFORMER,34.21773910522461,34.5970175434195,34.96139311889724,34.32416686193479,34.97767393603515,0.3792784381948877,0.7599348308105434,False,True,2025
2025-01-13,PETR4,TRANSFORMER,34.33816146850586,34.55719728734732,34.62418258661241,34.20235046416867,34.0700773797591,0.21903581884146206,0.26808408874676104,False,False,2025
2025-01-14,PETR4,TRANSFORMER,34.10658264160156,34.637472130565186,34.53427586845368,34.38069184956453,34.18734765285444,0.5308894889636235,0.08076501125287905,True,False,2025
2025-01-15,PETR4,TRANSFORMER,34.54194641113281,34.58522586966535,35.01830927137546,34.23453724898352,34.71941019618644,0.04327945853253823,0.17746378505362514,False,True,2025
2025-01-16,PETR4,TRANSFORMER,34.31962966918945,34.78792661007128,34.54357482183573,34.68945756972402,34.16806282394268,0.46829694088182805,0.15156684524677644,True,True,2025
2025-01-17,PETR4,TRANSFORMER,34.458580017089844,34.748037511867096,34.723981579888,34.380887626880664,34.458912146491414,0.2894574947772526,0.0003321294015705689,True,False,2025
2025-01-20,PETR4,TRANSFORMER,34.54194641113281,34.93704358529834,34.93704358529834,34.61783760939913,34.68079561899081,0.39509717416552803,0.13884920785799437,True,False,2025
2025-01-21,PETR4,TRANSFORMER,34.55120849609375,35.04659108650554,35.04659108650554,34.686765005342444,34.69458377242801,0.49538259041179344,0.14337527633426106,True,False,2025
2025-01-22,PETR4,TRANSFORMER,34.356685638427734,34.978078413270964,34.67250262818881,34.6209084841006,34.31111501147095,0.6213927748432297,0.04557062695678127,True,True,2025
2025-01-23,PETR4,TRANSFORMER,34.1158447265625,35.18544566676809,34.933586779729715,34.70415381257766,34.65997888304751,1.0696009402055893,0.5441341564850077,True,True,2025
2025-01-24,PETR4,TRANSFORMER,33.93984603881836,35.10396116894492,35.079466643024766,34.23229859933579,34.42832712567031,1.1641151301265609,0.488481086851948,True,False,2025
2025-01-27,PETR4,TRANSFORMER,34.4400520324707,35.10775240350057,35.10775240350057,34.0174231246432,34.05531018855943,0.6677003710298663,0.38474184391127153,True,True,2025
2025-01-28,PETR4,TRANSFORMER,34.39373779296875,35.10462992108444,34.7599408009577,34.4982950795725,34.16739123638446,0.7108921281156881,0.22634655658428926,True,True,2025
2025-01-29,PETR4,TRANSFORMER,34.180686950683594,35.23730346135159,34.98507337405752,34.66530862903322,34.65148661084765,1.0566165106679932,0.4707996601640545,True,True,2025
2025-01-30,PETR4,TRANSFORMER,34.63457489013672,35.16333750780285,35.46656072603658,34.352786849723,34.878436583608945,0.528762617666132,0.2438616934722262,True,True,2025
2025-01-31,PETR4,TRANSFORMER,34.9124641418457,35.288659691830446,35.594993354043396,34.75791312868274,34.907127590058465,0.37619554998474314,0.005336551787237909,True,True,2025
2025-02-03,PETR4,TRANSFORMER,34.73646926879883,35.427883069228756,35.427883069228756,35.0389915589664,34.79292706875912,0.6914138004299275,0.056457799960291766,True,False,2025
2025-02-04,PETR4,TRANSFORMER,34.39373779296875,35.31650141693302,35.31650141693302,34.74247875735169,34.6979424487608,0.922763623964272,0.3042046557920486,True,False,2025
2025-02-05,PETR4,TRANSFORMER,34.14363479614258,35.28852692486157,34.91626558124607,34.59053295473537,34.213204155718124,1.1448921287189933,0.06956935957554577,True,True,2025
2025-02-06,PETR4,TRANSFORMER,34.07879638671875,35.19573264820832,34.88825539035423,34.308253940827605,34.25317463729914,1.1169362614895704,0.17437825058038925,True,True,2025
2025-02-07,PETR4,TRANSFORMER,33.88426971435547,35.22506431373938,34.907017924200225,34.316878458936266,34.26905217663202,1.340794599383912,0.3847824622765543,True,True,2025
2025-02-10,PETR4,TRANSFORMER,34.1158447265625,35.15235227045224,35.18656664416764,34.00937740918518,34.31943381425482,1.0365075438897406,0.20358908769232187,True,False,2025
2025-02-11,PETR4,TRANSFORMER,34.1158447265625,35.17548322680733,35.403205633648646,34.198492601980504,34.470389570054174,1.05963850024483,0.3545448434916736,True,False,2025
2025-02-12,PETR4,TRANSFORMER,33.606380462646484,35.11593478261938,34.79341002395682,34.26320031907672,33.77943372296224,1.5095543199728922,0.1730532603157542,True,True,2025
2025-02-13,PETR4,TRANSFORMER,33.643428802490234,34.866116520148296,34.926326546633675,33.61742454023618,33.870596477883424,1.2226877176580615,0.22716767539318994,True,False,2025
2025-02-14,PETR4,TRANSFORMER,34.68088912963867,34.94209856470587,35.040651722232425,33.872071124703254,33.99551028588138,0.26120943506720096,0.6853788437572916,False,True,2025
2025-02-17,PETR4,TRANSFORMER,34.89393997192383,35.1551502113889,35.15510722319868,34.719026063975846,34.67195780438659,0.26121023946507194,0.22198216753724154,True,False,2025
2025-02-18,PETR4,TRANSFORMER,35.53309631347656,35.3144312356776,35.3144312356776,35.04679477341217,35.038341388935365,0.21866507779895983,0.49475492454119774,False,False,2025
2025-02-19,PETR4,TRANSFORMER,35.60719680786133,35.505758272416585,35.505758272416585,35.5631887083776,35.57778319921671,0.10143853544474268,0.029413608644617284,True,False,2025
2025-02-20,PETR4,TRANSFORMER,35.662776947021484,35.55389859187159,35.55389859187159,35.61485070236915,35.6163956780423,0.10887835514989774,0.046381268979182266,True,False,2025
2025-02-21,PETR4,TRANSFORMER,35.560882568359375,35.63411934484287,35.32366632824545,35.763587863641256,35.44726375148179,0.07323677648349758,0.11361881687758313,False,True,2025
2025-02-24,PETR4,TRANSFORMER,35.3107795715332,35.5621153920564,35.222510643997396,35.570261679954974,35.435755117684714,0.25133582052319525,0.12497554615151074,True,True,2025
2025-02-25,PETR4,TRANSFORMER,35.1533088684082,35.72690870420098,35.31469550932146,35.58238304599697,35.44230521071769,0.573599835792777,0.28899634230948834,True,True,2025
2025-02-26,PETR4,TRANSFORMER,35.1533088684082,35.64358513799414,35.62050632154412,35.170194001530895,35.483285550911866,0.49027626958593373,0.32997668250366274,True,False,2025
2025-02-27,PETR4,TRANSFORMER,33.91205978393555,35.79120725549757,36.19700841380872,35.40113953151047,35.88309938558574,1.879147471562021,1.9710396016501903,False,True,2025
2025-02-28,PETR4,TRANSFORMER,33.28217315673828,35.41016113753153,35.51309579591124,34.008222571332986,33.817415183802,2.1279879807932502,0.5352420270637168,True,False,2025
2025-03-03,PETR4,TRANSFORMER,33.28217315673828,35.27423726517452,34.86749381661323,33.553289791948174,33.021475559098846,1.9920641084362387,0.26069759763943523,True,True,2025
2025-03-04,PETR4,TRANSFORMER,33.28217315673828,35.15914305504543,35.08658196829291,33.402454332825435,33.62337199300736,1.876969898307152,0.3411988362690792,True,False,2025
2025-03-05,PETR4,TRANSFORMER,32.06870651245117,35.188110840735874,34.81931415732823,33.5977399237583,33.34911748356175,3.119404328284702,1.2804109711105767,True,True,2025
2025-03-06,PETR4,TRANSFORMER,31.7352352142334,34.67458787430843,35.03957768481447,32.26039989853748,32.890294291835,2.9393526600750306,1.1550590776015994,True,True,2025
2025-03-07,PETR4,TRANSFORMER,32.07797622680664,34.5893563975859,34.97387364194701,32.08337243771851,32.29152840310745,2.511380170779262,0.21355217630080858,True,True,2025
2025-03-10,PETR4,TRANSFORMER,32.06870651245117,34.4730967885078,34.034880172043344,32.29212458743006,31.552819402513897,2.404390276056631,0.5158871099372746,True,True,2025
2025-03-11,PETR4,TRANSFORMER,31.58702850341797,34.221783668313094,33.8766374198707,32.18734932739358,32.11132324031159,2.6347551648951253,0.5242947368936228,True,True,2025
2025-03-12,PETR4,TRANSFORMER,31.58702850341797,34.03415935481718,34.39010510905938,31.85604102652743,32.53603969312411,2.4471308513992085,0.9490111897061411,True,True,2025
2025-03-13,PETR4,TRANSFORMER,31.901975631713867,33.842134062167816,33.88748356187982,31.663554525117796,31.54649362828283,1.9401584304539483,0.35548200343103886,True,False,2025
2025-03-14,PETR4,TRANSFORMER,32.88386154174805,33.63209180011262,33.961017136492515,31.90886269339322,32.171287299123115,0.7482302583645719,0.7125742426249317,True,True,2025
2025-03-17,PETR4,TRANSFORMER,33.49522399902344,33.81092398989193,33.94129781396879,32.92455998688804,32.85093497773606,0.3156999908684952,0.6442890212873778,False,False,2025
2025-03-18,PETR4,TRANSFORMER,33.523006439208984,33.895757165707835,33.85157410718168,33.50776755022136,33.34098917704179,0.3727507264988503,0.18201726216719294,True,False,2025
2025-03-19,PETR4,TRANSFORMER,33.49522399902344,33.78033349680413,33.776204182230124,33.425142135571946,33.4416523052399,0.28510949778069516,0.053571693783538876,True,False,2025
2025-03-20,PETR4,TRANSFORMER,33.5693244934082,33.76691911565263,33.70818109513028,33.4631393993076,33.42407244406721,0.1975946222444236,0.14525204934099634,True,False,2025
2025-03-21,PETR4,TRANSFORMER,34.08805847167969,33.70652981399513,33.70652981399513,33.47724980224432,33.528703488196975,0.38152865768455513,0.559354983482713,False,False,2025
2025-03-24,PETR4,TRANSFORMER,34.04174041748047,33.85007549382459,33.85007549382459,34.034469322442185,34.05669504358273,0.19166492365587828,0.014954626102259283,True,False,2025
2025-03-25,PETR4,TRANSFORMER,34.31036758422852,33.91232353304633,33.91232353304633,34.05936232498753,34.060553296508196,0.39804405118218966,0.24981428772032643,True,False,2025
2025-03-26,PETR4,TRANSFORMER,34.63457489013672,34.016162054591916,34.39973014698444,34.35353626868461,34.732018745059854,0.6184128355448024,0.09744385492313512,True,True,2025
2025-03-27,PETR4,TRANSFORMER,34.89393997192383,34.2417183828249,34.429765126583774,34.68660968904166,34.61116409830605,0.6522215890989287,0.2827758736177799,True,False,2025
2025-03-28,PETR4,TRANSFORMER,34.671630859375,34.46904985460469,34.46904985460469,34.97213582791413,34.787648470612574,0.20258100477030894,0.1160176112375737,True,False,2025
2025-03-31,PETR4,TRANSFORMER,34.42152404785156,34.55819058096631,34.55819058096631,34.75687055012885,34.72636045306745,0.13666653311474874,0.3048364052158874,False,False,2025
2025-04-01,PETR4,TRANSFORMER,34.55120849609375,34.670776970572206,34.670776970572206,34.563327281613056,34.564723241429824,0.11956847447845576,0.01351474533607444,True,False,2025
2025-04-02,PETR4,TRANSFORMER,34.458580017089844,34.80919391156698,34.80919391156698,34.65895145278627,34.66684282846581,0.3506138944771351,0.2082628113759668,True,False,2025
2025-04-03,PETR4,TRANSFORMER,33.34701156616211,34.855942636496366,34.514605348339416,34.63003477314468,34.28166063002751,1.5089310703342562,0.9346490638654004,True,True,2025
2025-04-04,PETR4,TRANSFORMER,32.00386428833008,34.455635473453185,34.09872128799582,33.39667727150267,33.26377641008824,2.451771185123107,1.2599121217581626,True,True,2025
2025-04-07,PETR4,TRANSFORMER,30.73483085632324,33.98434715501338,33.60335947118613,32.08778496646224,32.002349688076194,3.2495162986901427,1.2675188317529553,True,True,2025
2025-04-08,PETR4,TRANSFORMER,29.641788482666016,33.79787348858105,33.450438091443395,31.18452214475482,31.16690274398591,4.156085005915031,1.5251142613198958,True,True,2025
2025-04-09,PETR4,TRANSFORMER,30.845985412597656,33.34047652892167,33.70705417757706,29.94294661344177,30.630213929609056,2.4944911163240135,0.21577148298860038,True,True,2025
2025-04-10,PETR4,TRANSFORMER,28.92853164672852,33.27422581145311,32.96555968445517,30.943491752796326,30.451761301177164,4.345694164724588,1.5232296544486452,True,True,2025
2025-04-11,PETR4,TRANSFORMER,29.50284194946289,32.58766322892541,32.91507854983733,29.13866705925565,29.647467222575337,3.084821279462517,0.144625273112446,True,True,2025
2025-04-14,PETR4,TRANSFORMER,29.39168357849121,32.53997530062361,32.46534867595918,29.659431044097804,29.439009000936824,3.1482917221323987,0.04732542244561344,True,False,2025
2025-04-15,PETR4,TRANSFORMER,28.715482711791992,32.321652313546736,31.964155651559185,29.651024761228086,29.321996048466556,3.6061696017547433,0.6065133366745634,True,True,2025
2025-04-16,PETR4,TRANSFORMER,28.715482711791992,31.893228056872942,31.843243701443168,28.804692977503493,29.055310260768348,3.1777453450809503,0.3398275489763556,True,False,2025
2025-04-17,PETR4,TRANSFORMER,29.28323554992676,31.57619528708517,31.960100233805704,28.791637501308088,29.290163086122718,2.2929597371584087,0.006927536195956208,True,True,2025
2025-04-21,PETR4,TRANSFORMER,29.28323554992676,31.434700119330557,31.07955154585958,29.331022155340108,28.727861893371095,2.151464569403796,0.5553736565556662,True,True,2025
2025-04-22,PETR4,TRANSFORMER,29.34967994689941,31.04793026981747,31.249698777059983,29.131136388694504,29.568357566596852,1.69825032291806,0.21867761969744137,True,False,2025
2025-04-23,PETR4,TRANSFORMER,29.017454147338867,30.835955510770873,30.538745489936705,29.3369624118948,28.95513794598095,1.8185013634320057,0.06231620135791616,True,True,2025
2025-04-24,PETR4,TRANSFORMER,28.884565353393555,30.403440064537676,30.644760276830635,28.870192622325913,29.30257880515466,1.5188747111441216,0.41801345176110516,True,True,2025
2025-04-25,PETR4,TRANSFORMER,28.969995498657227,30.196372766044306,30.218524386513685,28.801462328047123,28.711365020413147,1.226377267387079,0.25863047824407914,True,False,2025
2025-04-28,PETR4,TRANSFORMER,28.85608673095703,30.021474412379803,29.728877196713082,28.951182668236612,28.621980482755315,1.1653876814227715,0.23410624820171577,True,True,2025
2025-04-29,PETR4,TRANSFORMER,29.007963180541992,29.799758491653904,29.50708416797289,28.81594082626087,28.736552627524222,0.7917953111119118,0.27141055301776973,True,True,2025
2025-04-30,PETR4,TRANSFORMER,28.46691131591797,29.755832294136894,29.434270915811098,29.046955653749208,28.98276451065109,1.2889209782189255,0.515853194733122,True,True,2025
2025-05-01,PETR4,TRANSFORMER,28.46691131591797,29.621993354920733,29.74476207730489,28.541885340897736,28.941575818246708,1.1550820390027638,0.47466450232873925,True,False,2025
2025-05-02,PETR4,TRANSFORMER,29.24526596069336,29.5909357187943,29.771519732708082,28.532992030918347,28.68601198494994,0.34566975810093936,0.5592539757434203,False,False,2025
2025-05-05,PETR4,TRANSFORMER,28.15367126464844,29.61296520103724,29.278385505174544,29.21899297863417,28.753915288594737,1.4592939363888,0.6002440239462956,True,True,2025
2025-05-06,PETR4,TRANSFORMER,28.618783950805664,29.46047496134173,29.780858271326274,28.398123951407765,28.91760450790572,0.8416910105360671,0.2988205571000542,True,True,2025
2025-05-07,PETR4,TRANSFORMER,28.75167655944824,29.43613926767648,29.176910649709754,28.643648197806783,28.210555742632028,0.6844627082282422,0.5411208168162105,True,True,2025
2025-05-08,PETR4,TRANSFORMER,29.15034294128418,29.27195078283455,29.550227182331856,28.682276774971005,29.108306409341342,0.12160784155037163,0.04203653194283774,True,True,2025
2025-05-09,PETR4,TRANSFORMER,29.340187072753903,29.50396843688611,29.33183514524693,29.26694195728739,28.949335016263795,0.163781364132209,0.39085205649010746,False,False,2025
2025-05-12,PETR4,TRANSFORMER,30.04260635375977,29.496390885069957,29.762365091949565,29.385312115960843,29.734081674978835,0.5462154686898124,0.3085246787809339,True,True,2025
2025-05-13,PETR4,TRANSFORMER,30.49822807312012,29.700330783852053,30.022182407224594,30.08518359421202,30.24119448131863,0.797897289268068,0.2570335918014912,True,True,2025
2025-05-14,PETR4,TRANSFORMER,30.28940200805664,29.860216635443408,29.876910547629652,30.457755935761533,30.216307093323483,0.4291853726132331,0.07309491473315788,True,False,2025
2025-05-15,PETR4,TRANSFORMER,30.25143241882324,29.91478385965098,29.51430056587077,30.359448258263352,29.88842989282865,0.3366485591722572,0.36300252599458815,False,True,2025
2025-05-16,PETR4,TRANSFORMER,30.393814086914062,29.93626260483785,30.317208644059164,30.189674349747506,30.86283509549417,0.4575514820762123,0.469021008580107,False,False,2025
2025-05-19,PETR4,TRANSFORMER,30.355846405029297,30.147657123057513,30.149301384736418,30.472927186410185,30.25851860109408,0.20818928197178366,0.09732780393521523,True,False,2025
2025-05-20,PETR4,TRANSFORMER,30.47924423217773,30.17477108847885,30.092450062443262,30.341420687454796,30.212226612196464,0.3044731436988819,0.2670176199812673,True,False,2025
2025-05-21,PETR4,TRANSFORMER,30.137527465820312,30.292382953721415,30.292382953721415,30.490376483991685,30.559043458307453,0.15485548790110215,0.4215159924871408,False,False,2025
2025-05-22,PETR4,TRANSFORMER,29.73885726928711,30.199436240918715,29.902842017561337,30.15858547422879,29.856727164137943,0.4605789716316053,0.1178698948508341,True,True,2025
2025-05-23,PETR4,TRANSFORMER,29.80530166625977,30.23225918600167,30.17989660223233,29.83344809989393,30.00243512965963,0.4269575197419009,0.1971334633998616,True,False,2025
2025-05-26,PETR4,TRANSFORMER,29.710378646850582,30.279538978806556,30.58869727864913,29.92817692589494,30.306847311631703,0.5691603319559739,0.5964686647811206,False,True,2025
2025-05-27,PETR4,TRANSFORMER,29.928699493408203,30.35063323199148,30.304632955779326,29.834529265360427,29.582919749658735,0.4219337385832773,0.3457797437494676,True,False,2025
2025-05-28,PETR4,TRANSFORMER,29.833778381347656,30.39377757958067,30.39377757958067,29.9611487947705,29.97106951546353,0.5599991982330152,0.13729113411587335,True,False,2025
2025-05-29,PETR4,TRANSFORMER,29.65342712402344,30.514615190437382,30.720332320806396,30.060424177978593,30.258678824689717,0.8611880664139413,0.6052517006662761,True,True,2025
2025-05-30,PETR4,TRANSFORMER,29.3306941986084,30.3869327047409,30.08046312015218,29.719085675089378,29.25830315642931,1.0562385061325017,0.07239104217908832,True,True,2025
2025-06-02,PETR4,TRANSFORMER,29.501554489135746,30.395238016238295,30.718605406272378,29.54493405237002,30.05999645521291,0.8936835271025494,0.5584419660771651,True,True,2025
2025-06-03,PETR4,TRANSFORMER,29.510517120361328,30.393000646947996,30.789015859453816,29.62894314820349,29.8331801377532,0.8824835265866682,0.3226630173918714,True,True,2025
2025-06-04,PETR4,TRANSFORMER,28.69892883300781,30.25060561418212,29.948963140771262,29.51808419068796,28.888344036178907,1.5516767811743115,0.18941520317109806,True,True,2025
2025-06-05,PETR4,TRANSFORMER,28.70870780944824,30.024596894795934,29.9997906350113,28.743676420709924,28.89378621491703,1.3158890853476954,0.18507840546878995,True,False,2025
2025-06-06,PETR4,TRANSFORMER,29.011831283569336,29.982126216641404,30.318860509412243,28.84269032075071,29.243467079377467,0.9702949330720685,0.2316357958081312,True,True,2025
2025-06-09,PETR4,TRANSFORMER,28.52292251586914,29.952086460609678,29.918904323651766,29.019894670958895,28.769054223637305,1.4291639447405373,0.24613170776816418,True,False,2025
2025-06-10,PETR4,TRANSFORMER,29.383399963378903,29.710322727583673,30.024039264609065,28.57606720601078,28.86447527387168,0.3269227642047703,0.518924689507223,False,True,2025
2025-06-11,PETR4,TRANSFORMER,30.361217498779297,29.812577880093045,30.110200629431315,29.391662615623044,29.484581570338246,0.5486396186862521,0.8766359284410505,False,True,2025
2025-06-12,PETR4,TRANSFORMER,31.045690536499023,30.14606883672616,30.42138334850615,30.49057284846042,30.518215855679873,0.8996216997728652,0.5274746808191502,True,True,2025
2025-06-13,PETR4,TRANSFORMER,31.808385848999023,30.269935501391274,30.602528757049427,31.01131278353696,31.101735737512783,1.5384503476077498,0.7066501114862405,True,True,2025
2025-06-16,PETR4,TRANSFORMER,31.495485305786133,30.349925141490814,30.327882799996768,31.52250236077563,31.23539769410233,1.1455601642953184,0.26008761168380445,True,False,2025
2025-06-17,PETR4,TRANSFORMER,32.20928955078125,30.35702571567805,30.702802173761174,31.41354203379314,31.712451239107107,1.8522638351032015,0.49683831167414283,True,True,2025
2025-06-18,PETR4,TRANSFORMER,32.17995834350586,31.003900809102447,30.995129009392528,32.439788620173985,32.188692175312866,1.1760575344034123,0.008733831807006709,True,False,2025
2025-06-20,PETR4,TRANSFORMER,32.09195327758789,31.182614983798317,31.443308346000926,32.29329329388863,32.48749979350626,0.909338293789574,0.39554651591836887,True,True,2025
2025-06-23,PETR4,TRANSFORMER,31.290143966674805,31.249529536111254,30.821084241176415,32.0877722320374,31.450129357591297,0.04061443056355074,0.15998539091649278,False,True,2025
2025-06-24,PETR4,TRANSFORMER,30.67411994934082,30.65298295848072,30.247781722924287,30.829235894916582,30.682986345888143,0.021136990860100013,0.008866396547322353,True,True,2025
2025-06-25,PETR4,TRANSFORMER,30.517667770385746,31.183800051927903,31.100979756475578,31.154565109667455,31.423065791213435,0.6661322815421578,0.9053980208276897,False,False,2025
2025-06-26,PETR4,TRANSFORMER,30.762121200561523,31.450651824776116,31.715499809631762,30.977982065617827,31.333620660758566,0.688530624214593,0.5714994601970425,True,True,2025
2025-06-27,PETR4,TRANSFORMER,30.517667770385746,31.582568101591164,31.48326075048866,30.94876663796047,30.675296749009256,1.0649003312054184,0.1576289786235101,True,False,2025
2025-06-30,PETR4,TRANSFORMER,30.683897018432617,31.589589999056102,31.256395576119967,30.75541447697688,30.460889497313925,0.9056929806234848,0.22300752111869215,True,True,2025
2025-07-01,PETR4,TRANSFORMER,30.79145622253418,31.63695830317357,31.7751322253665,30.794382376461744,31.204184165139065,0.8455020806393918,0.4127279426048851,True,False,2025
2025-07-02,PETR4,TRANSFORMER,31.33903312683105,31.720788350780197,32.08051557191034,31.017435577040878,31.313265901483422,0.3817552239491455,0.025767225347628653,True,True,2025
2025-07-03,PETR4,TRANSFORMER,31.44659423828125,31.867569610814087,31.71970042509214,31.433277893667338,31.02218231619981,0.4209753725328369,0.42441192208143974,False,False,2025
2025-07-04,PETR4,TRANSFORMER,31.407480239868164,31.982019655279373,32.34376177626006,31.65285163857926,32.07905241970716,0.5745394154112091,0.6715721798389964,False,True,2025
2025-07-07,PETR4,TRANSFORMER,31.34881401062012,31.9993236168894,31.687998733644445,31.554170689948297,30.990053469899266,0.6505096062692779,0.35876054072085495,True,True,2025
2025-07-08,PETR4,TRANSFORMER,31.798608779907227,31.984974949660625,32.28906094954438,31.464900680156507,31.953939566431536,0.18636616975339848,0.15533078652430987,True,True,2025
2025-07-09,PETR4,TRANSFORMER,31.60304450988769,32.02900441037565,32.39222419080812,31.760224281005403,31.94934077301582,0.42595990048795684,0.3462962631281279,True,False,2025
2025-07-10,PETR4,TRANSFORMER,31.524822235107425,31.95052929718031,31.65063743785912,31.63358805381787,31.02638618539283,0.42570706207288467,0.498436049714595,False,True,2025
2025-07-11,PETR4,TRANSFORMER,31.906169891357425,31.745999322980992,32.11931484426342,31.40783166251575,31.954852137544012,0.16017056837643295,0.04868224618658701,True,True,2025
2025-07-14,PETR4,TRANSFORMER,31.485708236694336,31.964848460638223,32.098906072273174,31.974151423265095,31.883572643343832,0.47914022394388667,0.3978644066494965,True,False,2025
2025-07-15,PETR4,TRANSFORMER,31.241254806518555,31.79144988199249,31.85129215365366,31.414073340200932,31.335020783755347,0.5501950754739369,0.09376597723679225,True,False,2025
2025-07-16,PETR4,TRANSFORMER,31.08480262756348,31.882877150595846,31.85006591182434,31.371211426034616,31.288918256929016,0.7980745230323656,0.2041156293655355,True,False,2025
2025-07-17,PETR4,TRANSFORMER,30.77190017700196,31.824115473630854,32.25693163253464,31.201626918086053,31.64636442736206,1.0522152966288942,0.8744642503600986,True,True,2025
2025-07-18,PETR4,TRANSFORMER,30.302549362182617,31.80579363192612,31.487337506485527,30.96794904726706,30.334392309248553,1.5032442697435044,0.031842947065936045,True,True,2025
2025-07-21,PETR4,TRANSFORMER,30.361217498779297,31.568435795348705,31.74852427814759,30.291559912914643,30.664858103133852,1.2072182965694083,0.3036406043545554,True,False,2025
2025-07-22,PETR4,TRANSFORMER,30.6545639038086,31.629425007013708,31.650116042470323,30.50897634994741,30.452802493643855,0.9748611032051073,0.20176141016474602,True,False,2025
2025-07-23,PETR4,TRANSFORMER,31.28036499023437,31.674231400361407,31.907744117358916,30.812376228491942,31.010595228125666,0.3938664101270355,0.2697697621087052,True,True,2025
2025-07-24,PETR4,TRANSFORMER,31.231475830078125,31.805129797081747,31.853628994510288,31.344017881978406,31.234613772889116,0.5736539670036223,0.003137942810990779,True,False,2025
2025-07-25,PETR4,TRANSFORMER,31.27058792114257,31.81385307866634,32.151640780317656,31.36701153489518,31.637236482920283,0.5432651575237699,0.366648561777712,True,True,2025
2025-07-28,PETR4,TRANSFORMER,31.30970001220703,31.783660886485166,32.166941652051634,31.34055411325812,31.469205435625575,0.47396087427813427,0.159505423418544,True,True,2025
2025-07-29,PETR4,TRANSFORMER,31.720382690429688,31.852507935789504,32.289296081786205,31.458695909888288,31.57357341845101,0.1321252453598163,0.14680927197867888,False,True,2025
2025-07-30,PETR4,TRANSFORMER,32.04306411743164,31.904090361844965,31.915660077481352,31.6953804483615,31.354356185772446,0.1389737555866759,0.6887079316591951,False,False,2025
2025-07-31,PETR4,TRANSFORMER,31.91594696044922,31.999348203365116,31.75683283888881,32.029704611863956,31.736109665620745,0.08340124291589746,0.17983729482847366,False,False,2025
2025-08-01,PETR4,TRANSFORMER,31.495485305786133,31.96381091136294,31.546367466832336,31.943904324344256,31.692882853766186,0.46832560557680836,0.19739754798005293,True,True,2025
2025-08-04,PETR4,TRANSFORMER,31.44659423828125,31.821607653107662,31.50870020728031,31.49558743036701,31.50566714582418,0.3750134148264124,0.05907290754293015,True,True,2025
2025-08-05,PETR4,TRANSFORMER,31.59326934814453,31.927673709353257,31.881915243979144,31.543137786190275,31.78380228411284,0.3344043612087262,0.1905329359683101,True,False,2025
2025-08-06,PETR4,TRANSFORMER,31.63237762451172,31.97994455672881,31.740380737671188,31.700221338869383,31.523534668253866,0.34756693221709156,0.10884295625785256,True,True,2025
2025-08-07,PETR4,TRANSFORMER,31.808385848999023,31.997622232769743,31.9883003642372,31.64982492323686,31.829938277216,0.18923638377071939,0.021552428216978115,True,False,2025
2025-08-08,PETR4,TRANSFORMER,29.852754592895508,32.162976116560685,32.23821609838125,31.985152412739527,32.08789845862483,2.3102215236651773,2.23514386572932,True,True,2025
2025-08-11,PETR4,TRANSFORMER,30.038537979125977,31.685885389851535,31.64246467163729,29.930420241138393,29.83285629253971,1.6473474107255583,0.20568168658626718,True,False,2025
2025-08-12,PETR4,TRANSFORMER,30.116762161254883,31.683126787276024,31.66816080065674,30.140086798304903,30.17515427429961,1.5663646260211408,0.05839211304472869,True,False,2025
2025-08-13,PETR4,TRANSFORMER,29.891864776611328,31.65053003776967,31.594375323192352,30.250593577302173,30.22964947836947,1.7586652611583418,0.33778470175814235,True,False,2025
2025-08-14,PETR4,TRANSFORMER,29.510517120361328,31.5029374240371,31.5029374240371,29.97361155166315,30.033629465579097,1.9924203036757717,0.5231123452177684,True,False,2025
2025-08-15,PETR4,TRANSFORMER,29.5007381439209,31.355172704974507,31.355172704974507,29.629536564544388,29.654768658780696,1.8544345610536084,0.15403051485979802,True,False,2025
2025-08-18,PETR4,TRANSFORMER,29.68652534484864,31.113507317851372,30.829364187204153,29.539758967715578,29.263538213414282,1.4269819730027322,0.4229871314343576,True,True,2025
2025-08-19,PETR4,TRANSFORMER,29.37362289428711,31.140719629175578,30.826647672611887,29.893994012941484,29.7946491908382,1.7670967348884687,0.4210262965510907,True,True,2025
2025-08-20,PETR4,TRANSFORMER,29.54962921142578,30.896807038171858,30.913701272017963,29.376116664599266,29.671804841184603,1.3471778267460763,0.12217562975882146,True,False,2025
2025-08-21,PETR4,TRANSFORMER,29.618078231811523,30.85839804580587,30.95085474716518,29.596127934966308,29.73624050353955,1.240319813994347,0.11816227172802485,True,False,2025
2025-08-22,PETR4,TRANSFORMER,30.46999931335449,30.74210893295691,30.82298319878291,29.655640541844676,29.668164563436285,0.2721096196024213,0.8018347499182035,False,True,2025
2025-08-25,PETR4,TRANSFORMER,30.64999961853028,30.856106586268993,30.771901949146443,30.443145444913217,30.306882309826996,0.2061069677387124,0.3431173087032846,False,False,2025
2025-08-26,PETR4,TRANSFORMER,30.43000030517578,30.942336273905653,31.295128334752565,30.763449160015142,31.16224669353819,0.5123359687298716,0.7322463883624089,False,True,2025
2025-08-27,PETR4,TRANSFORMER,30.65999984741211,30.761247045655466,30.791015528754784,30.307283768703755,30.098744574653676,0.1012471982433567,0.5612552727584337,False,False,2025
2025-08-28,PETR4,TRANSFORMER,30.93000030517578,30.899786919028827,30.750709058652696,30.703195850918146,30.49998387698461,0.030213386146954235,0.4300164281911698,False,False,2025
2025-08-29,PETR4,TRANSFORMER,31.100000381469727,30.971422074679538,30.971422074679538,30.923110718085667,31.03352990145446,0.1285783067901889,0.06647048001526557,True,False,2025
2025-09-01,PETR4,TRANSFORMER,31.170000076293945,31.063439418700113,31.063439418700113,31.10365103259612,31.127713416748005,0.10656065759383182,0.04228665954594035,True,False,2025
2025-09-02,PETR4,TRANSFORMER,31.32999992370605,31.168713790427603,31.168713790427603,31.20597752518577,31.211129167617152,0.16128613327844832,0.1188707560888993,True,False,2025
2025-09-03,PETR4,TRANSFORMER,31.059999465942383,31.181021780171818,31.43322652768,31.323102578280178,31.56689399637984,0.12102231422943532,0.5068945304374566,False,True,2025
2025-09-04,PETR4,TRANSFORMER,31.059999465942383,31.085537743075065,31.095919758084463,30.962806408509636,30.795875886969576,0.025538277132682197,0.26412357897280714,False,False,2025
2025-09-05,PETR4,TRANSFORMER,30.59000015258789,31.241273397565294,30.96359432194661,31.229150162643602,30.907356498087054,0.6512732449774035,0.3173563454991637,True,True,2025
2025-09-08,PETR4,TRANSFORMER,30.709999084472656,31.10415462248841,31.224994413834416,30.573699272526024,30.900713211689762,0.3941555380157524,0.190714127217106,True,False,2025
2025-09-09,PETR4,TRANSFORMER,30.950000762939453,31.28238198496507,31.611672030851597,30.858174825959516,31.145005320766984,0.33238122202561726,0.1950045578275308,True,False,2025
2025-09-10,PETR4,TRANSFORMER,31.51000022888184,31.39969389520388,31.461626130548844,31.05311900847779,30.87134607631424,0.11030633367795772,0.6386541525676002,False,False,2025
2025-09-11,PETR4,TRANSFORMER,31.38999938964844,31.605644967699675,31.605644967699675,31.587566439284277,31.510206319192985,0.21564557805123385,0.12020692954454404,True,False,2025
2025-09-12,PETR4,TRANSFORMER,31.18000030517578,31.63046255628899,31.63046255628899,31.43368421297868,31.431680468754255,0.45046225111320837,0.2516801635784738,True,False,2025
2025-09-15,PETR4,TRANSFORMER,31.450000762939453,31.66719475101104,31.66719475101104,31.258921395806095,31.266896159414994,0.2171939880715854,0.183104603524459,True,False,2025
2025-09-16,PETR4,TRANSFORMER,31.530000686645508,31.785047563715636,32.050777391745136,31.579214234047395,31.839939709760404,0.25504687707012863,0.30993902311489663,False,True,2025
2025-09-17,PETR4,TRANSFORMER,31.71999931335449,31.881647826809967,31.806943671219905,31.61430257290992,31.355539427911523,0.1616485134554786,0.36445988544296526,False,False,2025
2025-09-18,PETR4,TRANSFORMER,31.40999984741211,31.950971853743226,31.950971853743226,31.74607980006781,31.774421156611588,0.540972006331117,0.36442130919947857,True,False,2025
2025-09-19,PETR4,TRANSFORMER,31.059999465942383,31.897820810536984,31.575406405072304,31.508687208174944,31.18992848361908,0.8378213445946017,0.12992901767669807,True,True,2025
2025-09-22,PETR4,TRANSFORMER,31.3700008392334,31.807185226451736,31.77473895941412,31.076556575319046,31.286669730528523,0.43718438721833763,0.08333110870487559,True,False,2025
2025-09-23,PETR4,TRANSFORMER,31.89999961853028,31.872014845623823,31.872014845623823,31.392075207171718,31.466566584234478,0.027984772906457067,0.4334330342958026,False,False,2025
2025-09-24,PETR4,TRANSFORMER,32.619998931884766,32.082735694408825,32.459388305026216,32.067846199161,32.44404937447503,0.5372632374759405,0.17594955740973717,True,True,2025
2025-09-25,PETR4,TRANSFORMER,32.36000061035156,32.325625488022695,32.28940966670822,32.662324807582,32.35908868368351,0.03437512232886775,0.0009119266680528426,True,False,2025
2025-09-26,PETR4,TRANSFORMER,32.25,32.37599825947285,32.37599825947285,32.41471794384135,32.39712734828569,0.12599825947285126,0.14712734828569296,False,False,2025
2025-09-29,PETR4,TRANSFORMER,31.809999465942383,32.42793964807379,32.07575308313321,32.36278178259927,32.00788501063654,0.6179401821314059,0.19788554469415942,True,True,2025
2025-09-30,PETR4,TRANSFORMER,31.459999084472656,32.33529780756999,32.093072014482516,31.880674475667107,31.885807373136057,0.8752987230973304,0.4258082886634007,True,True,2025
2025-10-01,PETR4,TRANSFORMER,31.3799991607666,32.337102454887656,32.50438887977109,31.637492555850272,32.01883652865547,0.9571032941210547,0.6388373678888684,True,True,2025
2025-10-02,PETR4,TRANSFORMER,31.07999992370605,32.323835592590456,32.38882811792109,31.46688012456567,31.45300448073051,1.2438356688844046,0.37300455702445845,True,False,2025
2025-10-03,PETR4,TRANSFORMER,31.0,32.182832154350194,31.95694113844259,31.107999685866744,30.82850202240515,1.1828321543501943,0.17149797759484997,True,False,2025
2025-10-06,PETR4,TRANSFORMER,30.71999931335449,32.24664881072272,32.24664881072272,31.179353054951864,31.34986801878455,1.5266494973682292,0.6298687054300629,True,False,2025
2025-10-07,PETR4,TRANSFORMER,30.82999992370605,32.097428572297645,32.097428572297645,30.78714256334465,30.830232935117984,1.2674286485915935,0.0002330114119324378,True,False,2025
2025-10-08,PETR4,TRANSFORMER,30.64999961853028,31.960835947801115,31.960835947801115,30.795059948431863,30.81126225892601,1.3108363292708347,0.16126264039573002,True,False,2025
2025-10-09,PETR4,TRANSFORMER,30.209999084472656,31.920238759096264,31.920238759096264,30.75508130048045,30.7703109868498,1.7102396746236082,0.5603119023771441,True,False,2025
2025-10-10,PETR4,TRANSFORMER,29.940000534057617,31.69731318376506,31.388926592715183,30.31513427672751,30.009291036200473,1.757312649707444,0.06929050214285581,True,True,2025
2025-10-13,PETR4,TRANSFORMER,30.229999542236328,31.462015693852777,31.43826474427089,29.91395734672794,30.13199004133954,1.232016151616449,0.0980095008967865,True,False,2025
2025-10-14,PETR4,TRANSFORMER,30.020000457763672,31.622747320208816,31.32076204688585,30.530762793522737,30.286537753638157,1.6027468624451444,0.2665372958744854,True,True,2025
2025-10-15,PETR4,TRANSFORMER,29.75,31.42804210170624,31.110376090309206,30.133056208634372,30.038621486538887,1.6780421017062395,0.28862148653888653,True,True,2025
2025-10-16,PETR4,TRANSFORMER,29.450000762939453,31.24474009064147,31.2128675695968,29.766527918273415,30.019887037990287,1.7947393277020183,0.569886275050834,True,False,2025
2025-10-17,PETR4,TRANSFORMER,29.729999542236328,30.933917864619957,31.33554766436857,29.44030197045124,29.90897969750376,1.203918322383629,0.17898015526743194,True,True,2025
2025-10-20,PETR4,TRANSFORMER,29.75,30.89233229959126,30.610209042867844,29.81246217600539,29.24740470286482,1.14233229959126,0.5025952971351799,True,True,2025
2025-10-21,PETR4,TRANSFORMER,29.51000022888184,30.739011037016496,30.83754831166993,29.699747505868068,29.96616418018974,1.2290108081346567,0.4561639513079001,True,False,2025
2025-10-22,PETR4,TRANSFORMER,29.850000381469727,30.599158245839817,30.947692672686095,29.58406660890333,29.897774908904935,0.7491578643700905,0.047774527435208824,True,True,2025
2025-10-23,PETR4,TRANSFORMER,30.190000534057617,30.54322893087749,31.063380859713362,29.847974407934444,30.101561888320887,0.3532283968198726,0.08843864573672988,True,True,2025
2025-10-24,PETR4,TRANSFORMER,29.84000015258789,30.576528853589366,30.894775812443115,30.166386434723993,30.075321367751343,0.7365287010014754,0.23532121516345228,True,False,2025
2025-10-27,PETR4,TRANSFORMER,30.0,30.44497645661494,30.44497645661494,29.80772580277243,29.522629719168155,0.44497645661493834,0.4773702808318454,False,False,2025
2025-10-28,PETR4,TRANSFORMER,29.989999771118164,30.3993292057977,30.3993292057977,29.92432093791082,29.894557877600253,0.40932943467953464,0.09544189351791132,True,False,2025
2025-10-29,PETR4,TRANSFORMER,30.020000457763672,30.385541110215286,30.64523263248716,30.037543601209713,30.290116352187077,0.3655406524516138,0.2701158944234052,True,True,2025
2025-10-30,PETR4,TRANSFORMER,29.88999938964844,30.45850885284989,30.738357939657813,30.160756689679786,30.26781138026357,0.5685094632014476,0.37781199061512893,True,True,2025
2025-10-31,PETR4,TRANSFORMER,29.75,30.451172248495766,30.451172248495766,29.934595801234355,29.710166657641587,0.7011722484957659,0.039833342358413404,True,False,2025
2025-11-03,PETR4,TRANSFORMER,30.100000381469727,30.383898733637352,30.383898733637352,29.745779256526582,29.72099991689738,0.2838983521676255,0.3790004645723464,False,False,2025
2025-11-04,PETR4,TRANSFORMER,30.25,30.520142230178692,30.520142230178692,30.16703129282417,30.176441782749272,0.270142230178692,0.07355821725072786,True,False,2025
2025-11-05,PETR4,TRANSFORMER,30.850000381469727,30.5220304715138,30.802135419756855,30.305275107362533,30.578622024029805,0.32796990995592523,0.27137835743992156,True,True,2025
2025-11-06,PETR4,TRANSFORMER,31.01000022888184,30.668103641047026,31.2598294030487,30.814360250592724,31.21006474533345,0.3418965878348139,0.2000645164516115,True,False,2025
2025-11-07,PETR4,TRANSFORMER,32.18000030517578,30.864854454329304,31.232262879262574,31.17228578973213,31.069860325473968,1.315145850846477,1.1101399797018132,True,True,2025
2025-11-10,PETR4,TRANSFORMER,32.36000061035156,31.19637357560987,31.090677954701196,32.138488418835536,31.694356564848725,1.163627034741694,0.6656440455028374,True,False,2025
2025-11-11,PETR4,TRANSFORMER,33.20000076293945,31.518269550294576,31.820398087220706,32.528687605206045,32.840706839336896,1.681731212644877,0.3592939236025572,True,True,2025
2025-11-12,PETR4,TRANSFORMER,32.349998474121094,31.9148297344384,31.444546604494608,33.30127119697164,32.60704348105436,0.43516873968269465,0.2570450069332679,True,True,2025
2025-11-13,PETR4,TRANSFORMER,32.4900016784668,31.759035072406448,31.767863072508757,32.225646895143214,32.54077799594574,0.730966606060349,0.050776317478941735,True,False,2025
2025-11-14,PETR4,TRANSFORMER,32.70000076293945,32.123863950989175,32.48816222073151,32.727079020250216,33.13077123825854,0.5761368119502777,0.4307704753190862,True,True,2025
2025-11-17,PETR4,TRANSFORMER,32.880001068115234,32.289173579123826,32.13934810253149,32.74449366887578,32.32972369197872,0.5908274889914082,0.5502773761365134,True,False,2025
2025-11-18,PETR4,TRANSFORMER,32.9900016784668,32.48337231622662,32.206389636276725,32.93054621938003,32.71845014844539,0.5066293622401759,0.2715515300214051,True,False,2025
2025-11-19,PETR4,TRANSFORMER,32.81999969482422,32.64427604791268,32.13179092822482,33.10331967303746,32.79892578258359,0.17572364691153552,0.021073912240630932,True,True,2025
2025-11-20,PETR4,TRANSFORMER,32.81999969482422,32.65256660752465,32.667420970514875,32.78913325685921,33.211715686336284,0.16743308729957107,0.39171599151206493,False,False,2025
2025-11-21,PETR4,TRANSFORMER,32.56999969482422,32.830730045164444,32.616823665406116,32.92102331317395,32.762842873609465,0.26073035034022496,0.19284317878524604,True,False,2025
2025-11-24,PETR4,TRANSFORMER,32.540000915527344,32.92947916623649,32.92947916623649,32.70653804480037,32.86595637336367,0.3894782507091463,0.3259554578363293,True,False,2025
2025-11-25,PETR4,TRANSFORMER,32.279998779296875,33.079137043929336,32.75673904099447,32.783290480140174,32.481796110032434,0.799138264632461,0.20179733073555894,True,True,2025
2025-11-26,PETR4,TRANSFORMER,32.22999954223633,33.04121486378256,33.02688853343019,32.35685009470424,32.586252934137235,0.8112153215462286,0.356253391900907,True,False,2025
2025-11-27,PETR4,TRANSFORMER,32.400001525878906,33.16844004103069,33.16477957684606,32.42621487788402,32.4821338760059,0.7684385151517859,0.08213235012699727,True,False,2025
2025-11-28,PETR4,TRANSFORMER,31.790000915527344,33.229217809004524,33.36484771841511,32.5164886935578,32.66727100151744,1.4392168934771803,0.8772700859900979,True,False,2025
2025-12-01,PETR4,TRANSFORMER,31.850000381469727,32.986785323839,32.986785323839,31.788510034076193,31.703014069937552,1.1367849423692746,0.14698631153217434,True,False,2025
2025-12-02,PETR4,TRANSFORMER,32.06999969482422,32.97436915360163,32.97436915360163,31.91510784630358,31.913387673620566,0.9043694587774098,0.15661202120365303,True,False,2025
2025-12-03,PETR4,TRANSFORMER,32.310001373291016,32.87696245410376,33.32053285328792,32.100099716304044,32.54422285372302,0.5669610808127459,0.23422148043200508,True,True,2025
2025-12-04,PETR4,TRANSFORMER,32.52000045776367,33.014931921240475,33.016778723806596,32.43704994603121,32.12647102343374,0.49493146347680295,0.3935294343299347,True,False,2025
2025-12-05,PETR4,TRANSFORMER,31.3700008392334,33.0789747731896,33.424993395088315,32.667426928262465,32.956819773047904,1.7089739339562016,1.5868189338145058,True,True,2025
2025-12-08,PETR4,TRANSFORMER,30.69980812072754,32.81981364994584,32.4905596255275,31.53584814251357,30.95427033082915,2.1200055292183038,0.25446221010161096,True,True,2025
2025-12-09,PETR4,TRANSFORMER,30.89374351501465,32.355719334301,32.803211569397305,30.62281976737288,31.273344578181096,1.4619758192863515,0.37960106316644726,True,True,2025
2025-12-10,PETR4,TRANSFORMER,30.97131729125977,32.323038990777206,32.21286581304224,30.943034387756196,30.56227380084257,1.3517216995174373,0.4090434904172007,True,False,2025
2025-12-11,PETR4,TRANSFORMER,30.45738983154297,32.242488779031305,32.333821901825004,31.0230576530987,31.154720667803392,1.7850989474883363,0.6973308362604236,True,False,2025
2025-12-12,PETR4,TRANSFORMER,30.63193130493164,31.952550305484294,31.982510062118642,30.43013400978567,30.41972424280774,1.3206190005526537,0.21220706212390184,True,False,2025
2025-12-15,PETR4,TRANSFORMER,30.73859596252441,31.94122577476878,31.629918155485917,30.77971322334031,30.439934733532667,1.2026298122443713,0.29866122899174385,True,True,2025
2025-12-16,PETR4,TRANSFORMER,29.807710647583008,31.88764200958991,31.578336750646383,30.869201828917003,30.783313955293885,2.079931362006903,0.9756033077108768,True,True,2025
2025-12-17,PETR4,TRANSFORMER,30.13739967346192,31.516617339126356,31.844500178283905,29.86714952347569,30.457834662248093,1.3792176656644344,0.3204349887861717,True,True,2025
2025-12-18,PETR4,TRANSFORMER,29.96285820007324,31.506291019324976,31.43448713121722,30.18609043521009,29.931990441716035,1.5434328192517377,0.030867758357203456,True,False,2025
2025-12-19,PETR4,TRANSFORMER,30.069522857666016,31.335198652101553,31.295764411260798,29.984404711481666,29.97079188056132,1.2656757944355377,0.09873097710469736,True,False,2025
2025-12-22,PETR4,TRANSFORMER,30.15679359436035,31.31038106351224,31.669298040266206,30.214643500721884,30.61302460595623,1.153587469151887,0.45623101159587875,True,True,2025
2025-12-23,PETR4,TRANSFORMER,30.309999465942383,31.239036028274995,31.50195620535155,30.244711394495464,30.249826905913658,0.9290365623326124,0.060172560028725286,True,True,2025
2025-12-24,PETR4,TRANSFORMER,30.309999465942383,31.155712462068152,31.112612751562175,30.279177385825328,30.01333458048292,0.8457129961257692,0.2966648854594638,True,False,2025
2025-12-26,PETR4,TRANSFORMER,30.40999984741211,31.063149298286646,30.744802801479917,30.349595309083675,30.028132583454546,0.6531494508745368,0.3818672639575631,True,True,2025
2025-12-29,PETR4,TRANSFORMER,30.729999542236328,30.903479807681606,31.209121593280447,30.339921781867016,30.878143355906335,0.17348026544527784,0.14814381367000706,True,True,2025
2025-12-30,PETR4,TRANSFORMER,30.81999969482422,31.072275798073008,31.02660214256659,30.806403884862732,30.587691814532178,0.25227610324878924,0.23230788029204064,True,False,2025
2025-12-31,PETR4,TRANSFORMER,30.81999969482422,31.067923991870998,30.851862462601215,30.804834071166937,30.59214098326221,0.24792429704677943,0.227858711562007,True,False,2025
2026-01-02,PETR4,TRANSFORMER,30.709999084472656,31.03352751234212,30.93299971512929,30.763825471822376,30.833111429722056,0.3235284278694621,0.12311234524939962,True,False,2026
2026-01-05,PETR4,TRANSFORMER,30.200000762939453,30.987216426680504,31.15551875728207,30.729963117266024,30.98941636693274,0.7872156637410512,0.7894156039932874,False,True,2026
2026-01-06,PETR4,TRANSFORMER,29.63999938964844,30.829789222660906,30.98382887034492,30.20937191580016,30.245946366235433,1.1897898330124654,0.605946976586992,True,True,2026
2026-01-07,PETR4,TRANSFORMER,29.82999992370605,30.610394265242746,30.76333771594337,29.63724874569181,29.65221769415208,0.7803943415366952,0.17778222955397283,True,True,2026
2026-01-08,PETR4,TRANSFORMER,30.200000762939453,30.598400982387716,30.761197331325352,29.892497887474647,29.923568512563367,0.39840021944826276,0.2764322503760859,True,True,2026
2026-01-09,PETR4,TRANSFORMER,30.299999237060547,30.674314184813284,30.98444786161454,30.30412821413833,30.474445479681684,0.37431494775273677,0.17444624262113706,True,True,2026
2026-01-12,PETR4,TRANSFORMER,30.36000061035156,30.733134869319997,30.709165923040405,30.352545268983214,30.094113802053478,0.3731342589684381,0.265886808298081,True,False,2026
2026-01-13,PETR4,TRANSFORMER,31.13999938964844,30.75327611022783,31.09187831441369,30.452389378284415,30.76543591118018,0.386723279420611,0.37456347846826077,True,True,2026
2026-01-14,PETR4,TRANSFORMER,31.989999771118164,30.931169096634733,31.31180613135961,31.180685865970396,31.312094630482925,1.0588306744834313,0.6779051406352394,True,True,2026
2026-01-15,PETR4,TRANSFORMER,31.790000915527344,31.241047201988692,30.85615890507209,32.07715850150233,31.39891929514333,0.5489537135386513,0.3910816203840142,True,True,2026
2026-01-16,PETR4,TRANSFORMER,32.040000915527344,31.29385403453489,31.29385403453489,31.76315556766026,31.996392447167853,0.7461468809924554,0.043608468359490615,True,False,2026
2026-01-19,PETR4,TRANSFORMER,32.16999816894531,31.64452602039944,31.64452602039944,32.19408461031877,32.24119227336857,0.5254721485458731,0.07119410442325602,True,False,2026
2026-01-20,PETR4,TRANSFORMER,32.290000915527344,31.783056059182513,31.783056059182513,32.197152074600936,32.19754084726618,0.5069448563448304,0.09246006826116115,True,False,2026
2026-01-21,PETR4,TRANSFORMER,33.43000030517578,31.91489857657041,32.100527737794486,32.356178422110496,32.526697848807025,1.515101728605373,0.9033024563687562,True,True,2026
2026-01-22,PETR4,TRANSFORMER,33.58000183105469,27.261765445461208,27.258573040777037,28.43142520629929,28.27887421194986,6.3182363855934796,5.301127619104829,True,True,2026
2026-01-23,PETR4,TRANSFORMER,35.040000915527344,31.53402948122954,31.653091851417287,36.328242255933546,36.4085630404333,3.5059714342978054,1.3685621249059565,True,True,2026
2026-01-26,PETR4,TRANSFORMER,35.36000061035156,32.06772319233568,32.27357134612337,35.33459132198502,35.41948918462058,3.2922774180158854,0.0594885742690181,True,False,2026
2026-01-27,PETR4,TRANSFORMER,36.130001068115234,32.38533128565524,32.756570625497346,35.231302864540396,35.40975137428585,3.7446697824599937,0.7202496938293876,True,True,2026
2026-01-28,PETR4,TRANSFORMER,37.34000015258789,32.9186660342159,33.24729461030346,36.0585369120497,36.06109249300027,4.421334118371988,1.2789076595876239,True,True,2026
2026-01-29,PETR4,TRANSFORMER,37.70000076293945,33.67512304991351,34.02523166641803,37.37682620051474,37.39851858886124,4.024877713025944,0.30148217407820965,True,True,2026
2026-01-30,PETR4,TRANSFORMER,37.7599983215332,34.32949210113662,34.36054077795304,37.784953438760766,37.48797302302692,3.4305062203965804,0.27202529850628565,True,False,2026
2026-02-02,PETR4,TRANSFORMER,37.2400016784668,34.701451057677446,34.376952014266145,37.75395314549088,37.318860850383416,2.5385506207893513,0.07885917191661918,True,True,2026
2026-02-03,PETR4,TRANSFORMER,37.58000183105469,34.852515281781336,35.06817163268597,37.120755486871005,37.58047119289601,2.727486549273351,0.00046936184132562175,True,True,2026
2026-02-04,PETR4,TRANSFORMER,37.52000045776367,35.41308201084678,35.42307328941488,37.73424928273892,37.61399767040603,2.106918446916893,0.09399721264235694,True,True,2026
2026-02-05,PETR4,TRANSFORMER,37.0,35.591397884636024,35.094059355556375,37.50181415480481,36.94318425751677,1.4086021153639763,0.056815742483230736,True,True,2026
2026-02-06,PETR4,TRANSFORMER,36.650001525878906,35.72615144074888,36.094436995907124,37.04801459649659,37.743323549251244,0.9238500851300273,1.0933220233723375,False,True,2026
2026-02-09,PETR4,TRANSFORMER,37.31999969482422,35.8720770914278,35.87789733556194,36.66778691964158,36.48336650201526,1.447922603396421,0.8366331928089608,True,False,2026
2026-02-10,PETR4,TRANSFORMER,37.34999847412109,36.32303239444917,36.27889658068002,37.41952153454933,37.317817484577056,1.026966079671915,0.032180989544031036,True,False,2026
2026-02-11,PETR4,TRANSFORMER,38.08000183105469,36.620110780544564,36.922617102101874,37.573876663064524,37.88344738054667,1.459891050510123,0.19655445050801745,True,True,2026
2026-02-12,PETR4,TRANSFORMER,37.11000061035156,37.7509460619936,37.327190120612535,38.95144230740948,38.3055325200302,0.6409454516420396,1.1955319096786354,False,True,2026
2026-02-13,PETR4,TRANSFORMER,36.88999938964844,37.62886437546558,37.63438489757734,37.32422368785991,37.59383761873667,0.7388649858171448,0.7038382290882339,True,False,2026
2026-02-17,PETR4,TRANSFORMER,36.88999938964844,37.80466751143649,37.8004953938673,37.13822865755061,37.19917705860903,0.9146681217880541,0.3091776689605936,True,False,2026
2026-02-18,PETR4,TRANSFORMER,37.18999862670898,37.754589777694946,38.1675195615643,37.02546172863101,37.43847723951131,0.5645911509859687,0.2484786128023302,True,True,2026
2026-02-19,PETR4,TRANSFORMER,37.810001373291016,37.91066964284522,38.14524888653615,37.35681010634985,37.32845674548422,0.10066826955420538,0.4815446278067981,False,True,2026
2026-02-20,PETR4,TRANSFORMER,37.970001220703125,38.00186088128169,37.600620329230665,37.86603409237563,37.23353931869999,0.03185966057856149,0.7364619020031355,False,True,2026
2026-02-23,PETR4,TRANSFORMER,38.59000015258789,37.974038825359685,38.31154018102255,37.9593486085391,38.541719820498685,0.6159613272282058,0.04828033208920601,True,True,2026
2026-02-24,PETR4,TRANSFORMER,39.56999969482422,38.21848740153405,38.54959280467136,38.66856934283094,38.80066162330677,1.3515122932901704,0.7693380715174456,True,True,2026
2026-02-25,PETR4,TRANSFORMER,39.56999969482422,38.53938024800948,38.72029136013732,39.59887634706426,39.48278125085971,1.0306194468147396,0.08721844396450962,True,True,2026
2026-02-26,PETR4,TRANSFORMER,39.61000061035156,38.716466798012846,38.32713852575419,39.65368725674683,39.078020124829585,0.8935338123387169,0.5319804855219772,True,True,2026
2026-02-27,PETR4,TRANSFORMER,39.33000183105469,38.83844522134285,39.29355569073757,39.63515849312071,40.32963102446148,0.4915566097118358,0.9996291934067898,False,True,2026
2026-03-02,PETR4,TRANSFORMER,41.130001068115234,39.01185855187401,39.43776817173924,39.50371198466064,39.64494677644337,2.118142516241221,1.4850542916718652,True,True,2026
2026-03-03,PETR4,TRANSFORMER,40.95000076293945,39.18241493392679,39.61605776807897,40.777936517206015,40.83911851837393,1.7675858290126598,0.11088224456552354,True,True,2026
2026-03-04,PETR4,TRANSFORMER,40.5,39.22566746200914,39.361758497012026,40.778483658382164,40.55982344783788,1.2743325379908583,0.05982344783787852,True,True,2026
2026-03-05,PETR4,TRANSFORMER,40.68999862670898,39.281729543940344,39.65276932694957,40.45331384569175,40.65185744570953,1.4082690827686335,0.03814118099944608,True,True,2026
2026-03-06,PETR4,TRANSFORMER,42.15999984741211,39.51266539306033,39.99660694797295,40.710330029416355,40.89794251479395,2.6473344543517783,1.2620573326181628,True,True,2026
2026-03-09,PETR4,TRANSFORMER,43.15999984741211,39.84397798794487,40.34626386905092,41.93840016592226,42.03063935036921,3.3160218594672415,1.1293604970428959,True,True,2026
2026-03-10,PETR4,TRANSFORMER,42.93000030517578,38.73274796223302,38.60444135690546,41.48357739748081,40.90500264429084,4.197252342942761,2.0249976608849423,True,True,2026
2026-03-11,PETR4,TRANSFORMER,44.79999923706055,40.07413690443218,40.710014919949074,43.56486393553095,44.19480867188919,4.725862332628367,0.6051905651713554,True,True,2026
2026-03-12,PETR4,TRANSFORMER,45.0,41.4272290090729,41.73928388570199,45.43975563112088,45.26461098038682,3.572770990927097,0.26461098038681996,True,True,2026
2026-03-13,PETR4,TRANSFORMER,44.66999816894531,41.83487769376535,41.93291079960952,45.08356143690061,44.82824877162161,2.835120475179963,0.1582506026762971,True,True,2026
2026-03-16,PETR4,TRANSFORMER,45.86000061035156,41.96580067696141,41.91120369919367,44.51552054152278,44.31530391426646,3.894199933390155,1.5446966960851043,True,True,2026
2026-03-17,PETR4,TRANSFORMER,46.380001068115234,42.170778125018785,42.067120892308495,45.39032486859396,45.285518098554896,4.209222943096449,1.0944829695603389,True,True,2026
2026-03-18,PETR4,TRANSFORMER,47.0,43.05057565480115,43.0717350930467,46.656500102292505,46.726995319042345,3.9494243451988496,0.27300468095765495,True,True,2026
2026-03-19,PETR4,TRANSFORMER,46.77999877929688,43.1534159654326,42.99170209863237,46.531160630611275,46.34507077796496,3.6265828138642817,0.4349280013319188,True,False,2026
2026-03-20,PETR4,TRANSFORMER,45.66999816894531,42.97591636263718,42.918451842639946,46.17889335200293,46.20341609964089,2.6940818063081338,0.5334179306955775,True,True,2026
2026-03-23,PETR4,TRANSFORMER,46.02999877929688,43.62057375595185,43.191005863378834,46.1003330931396,45.70319754754662,2.4094250233450296,0.32680123175025955,True,True,2026
2026-03-24,PETR4,TRANSFORMER,47.27000045776367,42.91360439857857,43.331344993249516,45.05292677978823,45.7665791905596,4.356396059185101,1.5034212672040752,True,True,2026
2026-03-25,PETR4,TRANSFORMER,47.5,44.86604593908163,44.3362757390768,48.37136702594511,47.58256447321499,2.63395406091837,0.08256447321498683,True,True,2026
2026-03-26,PETR4,TRANSFORMER,47.5,45.140735880388604,45.01400857158399,47.602105032253675,47.77556572771065,2.359264119611396,0.27556572771064936,True,False,2026
