Date,Ativo,Modelo,Real,Pred_Base,Pred_SeqOnly,Pred_ResidualOnly,Pred_Hibrido,ErroAbs_Base,ErroAbs_Hibrido,Hybrid_Better,Event_Day,Year,Deterioracao_Abs
2022-11-28,EXXO34,AUTOENCODER,68.01919555664062,69.85702369284002,70.33035354770752,75.09483672626033,76.10224759350336,1.8378281361993916,8.083052036862739,False,True,2022,6.245223900663348
2022-03-09,EXXO34,AUTOENCODER,46.20536422729492,46.20759319537672,45.84765757502542,49.34392017615491,48.72485310803584,0.0022289680817948,2.519488880740916,False,True,2022,2.5172599126591213
2022-06-21,EXXO34,AUTOENCODER,53.58755111694336,53.58959480406088,54.09339652666902,51.24540151957187,51.31004626902573,0.0020436871175206,2.2775048479176263,False,True,2022,2.2754611608001056
2022-05-09,EXXO34,AUTOENCODER,48.719364166259766,48.67962844977615,48.25594678513662,51.63778112757328,50.86084425700236,0.0397357164836194,2.141480090742597,False,True,2022,2.1017443742589776
2023-08-16,EXXO34,AUTOENCODER,62.53546524047852,62.45717028769309,63.08537537572332,63.70168147080014,64.57677526970215,0.0782949527854341,2.041310029223631,False,True,2023,1.9630150764381966
2023-01-09,EXXO34,AUTOENCODER,65.85456848144531,66.48415376826551,67.15286295694996,67.09138883537453,68.05712604315033,0.6295852868202019,2.202557561705021,False,True,2023,1.572972274884819
2021-01-28,EXXO34,AUTOENCODER,26.678083419799805,27.487575450060994,27.73301201268052,28.60648392938386,29.033887819707385,0.8094920302611897,2.35580439990758,False,True,2021,1.5463123696463903
2024-11-18,EXXO34,AUTOENCODER,84.44876861572266,85.16655407650819,85.74447127563313,85.50498889750435,86.70004174849981,0.7177854607855352,2.2512731327771576,False,True,2024,1.5334876719916224
2022-01-03,EXXO34,AUTOENCODER,40.19772720336914,39.03589452013779,38.71896068559072,37.57943379184914,37.54289911958392,1.1618326832313528,2.654828083785219,False,False,2022,1.4929954005538661
2026-03-04,EXXO34,AUTOENCODER,97.9499969482422,98.76413329574848,99.64938390784556,99.93044613778356,100.24422901115096,0.8141363475062633,2.294232062908762,False,True,2026,1.4800957154024985
2024-09-24,EXXO34,AUTOENCODER,77.30240631103516,76.99401197481211,77.79850933754678,78.76536583548976,79.05329432646067,0.3083943362230457,1.7508880154255166,False,True,2024,1.442493679202471
2025-05-16,EXXO34,AUTOENCODER,75.51296997070312,75.9142053058797,76.63872500161575,75.97676580136991,77.25924316115454,0.4012353351765796,1.7462731904514186,False,False,2025,1.345037855274839
2025-01-13,EXXO34,AUTOENCODER,80.87035369873047,80.93436264775266,80.65305619921348,80.21870200870994,79.49506110186753,0.0640089490221953,1.375292596862934,False,False,2025,1.3112836478407386
2022-11-04,EXXO34,AUTOENCODER,64.71961975097656,64.76499997150756,65.42849530548371,65.44784469232661,66.0642239198199,0.0453802205310012,1.3446041688433326,False,True,2022,1.2992239483123313
2025-03-10,EXXO34,AUTOENCODER,80.14796447753906,78.62011973185633,78.49867716169616,77.82203504628283,77.33648923141997,1.527844745682728,2.8114752461190875,False,True,2025,1.2836305004363595
2022-03-14,EXXO34,AUTOENCODER,46.82149887084961,46.7050365994989,46.28369265332947,48.1615831993677,48.186555377519895,0.1164622713507128,1.365056506670285,False,True,2022,1.2485942353195723
2022-12-14,EXXO34,AUTOENCODER,64.98502349853516,65.05330132490246,65.70761875070362,65.6111056309423,66.28109083947335,0.0682778263673071,1.296067340938194,False,True,2022,1.2277895145708868
2024-09-30,EXXO34,AUTOENCODER,77.12796020507812,77.007669115054,76.93236225995739,76.40327176391672,75.79436746233446,0.1202910900241249,1.3335927427436616,False,False,2024,1.2133016527195366
2023-01-25,EXXO34,AUTOENCODER,66.19683074951172,66.83492093084385,67.1970458801263,67.37622647678583,68.0429947023502,0.6380901813321316,1.8461639528384808,False,True,2023,1.2080737715063492
2021-04-07,EXXO34,AUTOENCODER,34.08298110961914,34.1416323292876,34.170421897098784,33.23903720438241,32.85586444829379,0.0586512196684623,1.227116661325354,False,False,2021,1.1684654416568916
2022-09-08,EXXO34,AUTOENCODER,56.37047576904297,56.77468807939721,56.861527665194366,57.1467698853334,57.94231031207372,0.4042123103542394,1.5718345430307537,False,False,2022,1.1676222326765142
2022-06-29,EXXO34,AUTOENCODER,51.652286529541016,51.58232281540353,51.00062773291858,53.69997955591036,52.87630246876002,0.0699637141374864,1.2240159392190009,False,True,2022,1.1540522250815144
2026-01-05,EXXO34,AUTOENCODER,84.33999633789062,83.80705722420873,83.10489407854806,82.77048341401753,82.66742849821054,0.5329391136818913,1.6725678396800845,False,True,2026,1.1396287259981932
2021-11-03,EXXO34,AUTOENCODER,39.05603790283203,39.902087160139416,39.896622637807184,40.96336580175735,40.957664966862566,0.846049257307385,1.901627064030535,False,True,2021,1.05557780672315
2024-06-19,EXXO34,AUTOENCODER,72.4503173828125,72.2386648796014,72.03135245545539,71.9069675635607,71.18679876630735,0.2116525032110985,1.2635186165051522,False,False,2024,1.0518661132940537
2021-03-16,EXXO34,AUTOENCODER,35.45142364501953,36.06847449363602,36.08374385129521,37.259497661591176,37.11719459074204,0.6170508486164863,1.6657709457225067,False,True,2021,1.0487200971060204
2023-09-18,EXXO34,AUTOENCODER,67.41499328613281,67.10080950856411,66.30033229162133,67.45751215907354,66.05431675894692,0.3141837775687008,1.3606765271858876,False,True,2023,1.0464927496171867
2024-04-23,EXXO34,AUTOENCODER,74.18016052246094,74.07644541169805,74.9023339178733,74.98024868587157,75.32896339474394,0.1037151107628915,1.1488028722829997,False,True,2024,1.0450877615201082
2021-02-11,EXXO34,AUTOENCODER,28.37903594970703,28.22610291536239,28.35411414122624,29.65897458361379,29.574060694430106,0.1529330343446417,1.1950247447230709,False,True,2021,1.042091710378429
2025-12-17,EXXO34,AUTOENCODER,81.0,80.94049726798221,81.50208342553147,79.01134598965348,79.90202076202476,0.0595027320177905,1.0979792379752382,False,True,2025,1.0384765059574477
2023-11-28,EXXO34,AUTOENCODER,60.16350173950195,60.56134303995936,61.06150266349872,60.89945993505155,61.57815256256496,0.3978413004574008,1.4146508230630062,False,True,2023,1.0168095226056053
2023-04-12,EXXO34,AUTOENCODER,66.61621856689453,66.63410369907399,67.07434910860084,67.670606308367,67.62933291173648,0.0178851321794581,1.0131143448419522,False,True,2023,0.9952292126624941
2023-11-21,EXXO34,AUTOENCODER,60.91542816162109,60.88161510340672,60.83016133227944,60.379368273227975,59.88913181168801,0.0338130582143705,1.0262963499330766,False,False,2023,0.9924832917187061
2025-06-23,EXXO34,AUTOENCODER,75.90789794921875,76.21416192176287,75.52508953484939,78.29373905275799,77.20426234125007,0.3062639725441158,1.2963643920313217,False,True,2025,0.9901004194872058
2023-03-21,EXXO34,AUTOENCODER,65.30180358886719,64.3483256274219,64.8653256764309,62.526562769330376,63.36447844121589,0.9534779614452872,1.9373251476513005,False,True,2023,0.9838471862060133
2023-01-17,EXXO34,AUTOENCODER,66.47434997558594,66.76097012197079,67.31442945729314,66.8274297380366,67.73381347584353,0.2866201463848483,1.2594635002575956,False,True,2023,0.9728433538727472
2022-05-31,EXXO34,AUTOENCODER,51.57051849365234,51.19777396573272,51.79918487323479,52.309191965290985,52.91297962383282,0.3727445279196146,1.3424611301804816,False,True,2022,0.969716602260867
2024-04-24,EXXO34,AUTOENCODER,74.75489807128906,74.19193518395889,73.76386930592491,74.2453837671391,73.2238939852071,0.5629628873301726,1.531004086081964,False,False,2024,0.9680411987517914
2021-04-06,EXXO34,AUTOENCODER,33.74620056152344,34.136230355040055,34.47426159293081,34.396604154857066,35.08180929380188,0.3900297935166179,1.335608732278445,False,True,2021,0.945578938761827
2025-08-19,EXXO34,AUTOENCODER,73.15170288085938,72.87010252650862,72.22159750039849,72.06319100838427,71.93028926553566,0.2816003543507577,1.221413615323712,False,True,2025,0.9398132609729544
2022-12-13,EXXO34,AUTOENCODER,65.89156341552734,65.2499290599302,65.29854990369482,64.57568577161025,64.31063807943875,0.641634355597148,1.5809253360885975,False,True,2022,0.9392909804914495
2021-03-31,EXXO34,AUTOENCODER,33.71210479736328,34.12947530749125,34.04161544604952,35.036216849338786,35.0641021140396,0.4173705101279665,1.351997316676318,False,True,2021,0.9346268065483514
2025-07-03,EXXO34,AUTOENCODER,75.07852172851562,75.5401121398886,75.27722603793876,74.44792341351997,73.70101263555502,0.4615904113729812,1.377509092960608,False,False,2025,0.9159186815876268
2023-10-20,EXXO34,AUTOENCODER,65.93033599853516,65.80289619458244,65.36680713432106,67.06047384831237,66.96723406925666,0.1274398039527113,1.036898070721506,False,True,2023,0.9094582667687948
2026-01-06,EXXO34,AUTOENCODER,81.72000122070312,84.08805791517739,84.04020691643731,84.56507513794784,84.9937938814164,2.3680566944742623,3.273792660713269,False,True,2026,0.9057359662390065
2022-06-15,EXXO34,AUTOENCODER,54.205379486083984,54.3028437257114,53.851823718368365,55.695603517261134,55.207895820915,0.0974642396274134,1.0025163348310144,False,True,2022,0.9050520952036011
2022-02-09,EXXO34,AUTOENCODER,46.36726760864258,46.54915326813199,46.957960129944496,47.01701902880801,47.45015888779848,0.18188565948941,1.082891279155902,False,True,2022,0.901005619666492
2021-11-16,EXXO34,AUTOENCODER,39.86397171020508,40.22717688686629,40.22717688686629,38.77210424152688,38.60317474567891,0.3632051766612107,1.2607969645261647,False,False,2021,0.897591787864954
2022-09-28,EXXO34,AUTOENCODER,54.42999267578125,54.33719295546598,54.78796390908092,53.13795072683385,53.453387224288434,0.0927997203152699,0.9766054514928156,False,True,2022,0.8838057311775458
2024-06-12,EXXO34,AUTOENCODER,72.4503173828125,72.52260131397679,72.03417692639296,72.55480266199785,71.50116174753533,0.0722839311642928,0.9491556352771652,False,True,2024,0.8768717041128724
2021-05-18,EXXO34,AUTOENCODER,34.49311447143555,34.777309777854725,34.87474750290031,35.8204707866252,35.64957188674555,0.2841953064191784,1.1564574153100011,False,True,2021,0.8722621088908227
2022-11-21,EXXO34,AUTOENCODER,67.7231674194336,68.55736647504204,67.94590782151721,69.6683416599883,69.41793703409998,0.8341990556084511,1.6947696146663844,False,True,2022,0.8605705590579333
2025-05-15,EXXO34,AUTOENCODER,75.80916595458984,75.73860760622256,74.97814631099541,75.55996971151238,74.883789422684,0.0705583483672853,0.9253765319058402,False,True,2025,0.8548181835385549
2023-11-14,EXXO34,AUTOENCODER,61.581687927246094,61.42919316250829,61.38527628455786,60.94706659988315,60.57783539353289,0.1524947647378098,1.0038525337132072,False,False,2023,0.8513577689753974
2024-02-01,EXXO34,AUTOENCODER,59.56386947631836,58.90257836218939,59.59888209005288,60.50349382649887,61.06947548375396,0.6612911141289715,1.5056060074355957,False,True,2024,0.8443148933066242
2023-05-18,EXXO34,AUTOENCODER,61.56838607788086,62.084446963309176,61.69637019939471,60.909544107082624,60.23004173701147,0.5160608854283169,1.3383443408693907,False,False,2023,0.8222834554410738
2024-01-02,EXXO34,AUTOENCODER,59.868446350097656,58.8125738351967,58.71739540688343,58.03560678204278,58.01795257274566,1.055872514900955,1.8504937773519927,False,False,2024,0.7946212624510378
2021-11-04,EXXO34,AUTOENCODER,39.78026580810547,40.04222376237212,39.73456824213311,39.14813256909761,38.72564356231527,0.2619579542666486,1.054622245790199,False,True,2021,0.7926642915235504
2024-08-27,EXXO34,AUTOENCODER,78.43636322021484,78.31964716809853,77.51156875997992,78.79210423950006,77.53719256847087,0.1167160521163168,0.8991706517439724,False,True,2024,0.7824545996276555
2023-12-14,EXXO34,AUTOENCODER,59.2402572631836,58.88900119386807,59.3606587241607,58.077097634090165,58.10714957866903,0.3512560693155322,1.1331076845145702,False,True,2023,0.781851615199038
2021-05-11,EXXO34,AUTOENCODER,33.622581481933594,34.39913030469643,34.133708327691586,35.120864989196626,35.180764396341424,0.7765488227628339,1.55818291440783,False,True,2021,0.7816340916449962
2026-03-12,EXXO34,AUTOENCODER,100.47000122070312,98.41982064108196,98.9880030299903,97.36683192835449,97.6484402390387,2.05018057962117,2.821560981664419,False,True,2026,0.7713804020432491
2025-03-11,EXXO34,AUTOENCODER,77.84204864501953,78.6813008308319,78.06245291922858,79.8772499830524,79.45140787340357,0.83925218581237,1.6093592283840366,False,True,2025,0.7701070425716665
2022-02-08,EXXO34,AUTOENCODER,46.83727264404297,46.20978597384397,46.11416388929968,48.23807405970104,48.22636952741396,0.627486670199005,1.3890968833709891,False,True,2022,0.7616102131719842
2022-04-20,EXXO34,AUTOENCODER,45.76462936401367,45.7330707755857,46.22409877048289,46.11347537189906,46.555691905956806,0.0315585884279698,0.7910625419431341,False,True,2022,0.7595039535151643
2021-01-22,EXXO34,AUTOENCODER,27.71826362609864,27.157357201460137,27.012802887512496,29.26311480960045,29.03819082431339,0.5609064246385032,1.3199271982147494,False,True,2021,0.7590207735762462
2022-07-08,EXXO34,AUTOENCODER,51.33429718017578,51.22573576079918,51.71980131806875,51.9539266078327,52.1983434312612,0.1085614193765991,0.8640462510854192,False,True,2022,0.7554848317088201
2023-05-31,EXXO34,AUTOENCODER,60.75034713745117,61.8663712751324,62.65868530334049,61.49526604885994,62.62114152796086,1.1160241376812223,1.8707943905096869,False,False,2023,0.7547702528284645
2024-11-26,EXXO34,AUTOENCODER,83.80523681640625,85.96599467035776,86.49469657167666,85.67963026988033,86.72028647535815,2.160757853951509,2.915049658951901,False,False,2024,0.754291805000392
2024-06-11,EXXO34,AUTOENCODER,72.4792251586914,72.40300459663376,73.15953130251724,73.09072685773378,73.30878014564833,0.0762205620576423,0.8295549869569214,False,True,2024,0.7533344248992792
2025-09-03,EXXO34,AUTOENCODER,75.61625671386719,76.12185884698863,75.3017733738969,77.68479875621978,76.86707166666675,0.5056021331214424,1.2508149527995585,False,True,2025,0.745212819678116
2021-02-02,EXXO34,AUTOENCODER,26.19209671020508,27.234295993462247,27.493278303957176,27.928243345566205,27.971862406222797,1.0421992832571654,1.7797656960177122,False,True,2021,0.7375664127605468
2025-04-21,EXXO34,AUTOENCODER,76.16412353515625,76.54922879051571,75.94271973928329,76.26090991259406,75.05017227200722,0.3851052553594627,1.1139512631490334,False,True,2025,0.7288460077895706
2021-04-12,EXXO34,AUTOENCODER,33.972145080566406,34.06791885643688,34.45351977659209,34.435903158782466,34.791294914663005,0.0957737758704695,0.8191498340965992,False,True,2021,0.7233760582261297
2023-07-10,EXXO34,AUTOENCODER,59.913516998291016,59.8435873136238,60.12125704354135,59.185442380252525,59.12531808394096,0.0699296846672155,0.7881989143500547,False,False,2023,0.7182692296828392
2024-04-25,EXXO34,AUTOENCODER,74.71658325195312,74.27547746382163,75.0159573951482,74.79169945161789,75.86589085905527,0.4411057881314946,1.1493076071021449,False,True,2024,0.7082018189706503
2024-03-04,EXXO34,AUTOENCODER,61.8136100769043,61.87905069415183,61.87905069415183,62.57696251871509,62.58665198380822,0.0654406172475319,0.77304190690392,False,False,2024,0.7076012896563881
2022-09-30,EXXO34,AUTOENCODER,54.085933685302734,53.91360233012068,54.10945027480786,54.26284841090197,54.96292144505127,0.1723313551820524,0.8769877597485305,False,False,2022,0.704656404566478
2022-06-16,EXXO34,AUTOENCODER,54.205379486083984,54.35229732949625,54.91547269781715,54.13029046923675,55.05300287742459,0.1469178434122682,0.8476233913406048,False,False,2022,0.7007055479283366
2026-02-27,EXXO34,AUTOENCODER,98.4499969482422,97.72968360447622,98.24047390456712,95.97829468543416,97.0332013237644,0.7203133437659801,1.4167956244777995,False,True,2026,0.6964822807118194
2024-01-23,EXXO34,AUTOENCODER,57.5841178894043,57.67308747560395,57.553649698561,57.24784986647943,56.79958021079002,0.0889695861996529,0.7845376786142779,False,False,2024,0.695568092414625
2024-07-04,EXXO34,AUTOENCODER,75.52408599853516,75.89412461459847,75.69784810278072,76.63772334349895,76.58698143683435,0.3700386160633115,1.0628954382991935,False,False,2024,0.692856822235882
2022-04-11,EXXO34,AUTOENCODER,44.20405960083008,44.8806087983981,44.53936000211423,45.64191256016501,45.57129933768584,0.676549197568022,1.3672397368557654,False,True,2022,0.6906905392877434
2025-07-25,EXXO34,AUTOENCODER,76.84589385986328,77.00709641291314,77.28173431813728,75.72761899950456,76.00659072346653,0.1612025530498613,0.8393031363967509,False,True,2025,0.6781005833468896
2024-06-03,EXXO34,AUTOENCODER,71.9974365234375,71.89332548866435,71.2896111282241,73.45061859817798,72.76774932516145,0.1041110347731546,0.7703128017239464,False,True,2024,0.6662017669507918
2024-11-21,EXXO34,AUTOENCODER,86.46711730957031,85.40467949909373,86.0232789585357,84.0552085844309,84.74169362014688,1.062437810476581,1.7254236894234367,False,True,2024,0.6629858789468557
2025-09-25,EXXO34,AUTOENCODER,76.88829040527344,75.87381174677364,75.73052361144755,75.86784730106126,75.21434538121893,1.0144786584997971,1.673945024054504,False,False,2025,0.6594663655547068
2025-04-22,EXXO34,AUTOENCODER,75.77162170410156,76.46066633783266,76.83146662582581,76.22176593467654,77.10925222398258,0.6890446337311005,1.3376305198810172,False,False,2025,0.6485858861499167
2023-01-11,EXXO34,AUTOENCODER,66.40959930419922,66.72391474561368,67.31201779133164,66.50886762652746,67.3665760073056,0.3143154414144646,0.9569767031063776,False,True,2023,0.642661261691913
2024-02-07,EXXO34,AUTOENCODER,60.43001174926758,59.90506508262729,59.50815949199546,60.093770376876286,59.26425184918589,0.5249466666402895,1.1657599000816887,False,False,2024,0.6408132334413992
2023-09-15,EXXO34,AUTOENCODER,67.28260803222656,66.90813909373492,67.72747885272139,67.83533625817734,68.29268119530145,0.3744689384916455,1.0100731630748925,False,False,2023,0.635604224583247
2024-06-04,EXXO34,AUTOENCODER,71.61202239990234,72.04946163448983,72.25865078618175,72.07515729583321,72.68056707620552,0.4374392345874867,1.0685446763031765,False,False,2024,0.6311054417156898
2022-11-09,EXXO34,AUTOENCODER,64.5269546508789,65.22249611143525,64.52086570320313,66.96597756160807,65.85306872377336,0.6955414605563419,1.3261140728944554,False,True,2022,0.6305726123381135
2022-12-16,EXXO34,AUTOENCODER,64.59648895263672,64.90036405589979,64.31206071383303,64.75285665772493,63.680223413912,0.3038751032630671,0.9162655387247156,False,True,2022,0.6123904354616485
2025-09-17,EXXO34,AUTOENCODER,75.91439056396484,76.02829169992151,75.76388962508328,75.86738141206854,75.19111399183922,0.1139011359566666,0.7232765721256271,False,False,2025,0.6093754361689605
2023-07-07,EXXO34,AUTOENCODER,59.06727600097656,59.852722170744414,60.31271109136679,59.74277364049911,60.4616129864444,0.7854461697678516,1.394336985467838,False,True,2023,0.6088908156999864
2025-12-18,EXXO34,AUTOENCODER,81.0999984741211,81.10603398408375,80.75027797561704,81.32624075549344,80.51460040452385,0.0060355099626576,0.5853980695972467,False,False,2025,0.5793625596345892
2024-02-19,EXXO34,AUTOENCODER,61.11434173583984,60.88102176335087,61.0248354365869,61.5090240124553,61.92614537253443,0.2333199724889638,0.8118036366945915,False,False,2024,0.5784836642056277
2023-07-26,EXXO34,AUTOENCODER,58.27745819091797,58.33305446023974,58.33305446023974,58.71900168200716,58.91151855789207,0.0555962693217679,0.6340603669740972,False,False,2023,0.5784640976523293
2021-11-08,EXXO34,AUTOENCODER,40.11824417114258,40.21493731340999,40.5074617274823,39.53145655259625,39.445168344284106,0.0966931422674122,0.6730758268584722,False,True,2021,0.57638268459106
2025-09-29,EXXO34,AUTOENCODER,75.08955383300781,76.25308502942619,75.63196989597758,77.4558384345577,76.82853960749215,1.1635311964183757,1.738985774484334,False,True,2025,0.5754545780659583
2022-12-20,EXXO34,AUTOENCODER,64.24496459960938,64.67219642729492,65.208339487875,64.47413179602428,65.23938570795721,0.4272318276855458,0.9944211083478364,False,True,2022,0.5671892806622906
2021-04-28,EXXO34,AUTOENCODER,33.18347930908203,33.51717287738498,33.86980872144347,33.50728758937346,34.082637107150475,0.333693568302948,0.899157798068444,False,True,2021,0.5654642297654959
2021-09-23,EXXO34,AUTOENCODER,33.345550537109375,32.87837265430656,33.14074101391625,32.35697804910341,32.314154712078825,0.4671778828028152,1.0313958250305504,False,True,2021,0.5642179422277351
2023-10-04,EXXO34,AUTOENCODER,67.63249206542969,68.78865558828852,68.33774086041825,70.2509583524231,69.35252746951512,1.156163522858833,1.7200354040854364,False,True,2023,0.5638718812266035
2022-07-11,EXXO34,AUTOENCODER,52.02480697631836,51.26702190972839,51.08672060545653,51.27807552083203,50.70980935390784,0.7577850665899746,1.314997622410516,False,False,2022,0.5572125558205414
2021-12-16,EXXO34,AUTOENCODER,39.02734756469727,38.91914841480218,38.91914841480218,38.4544853029487,38.36622975049782,0.1081991498950927,0.66111781419945,False,False,2021,0.5529186643043573
2024-02-27,EXXO34,AUTOENCODER,61.53582382202149,61.40681650318487,61.53741144137345,62.137931253313376,62.21282624844613,0.1290073188366207,0.6770024264246359,False,False,2024,0.5479951075880152
2025-03-05,EXXO34,AUTOENCODER,74.08387756347656,78.94981042375537,78.53295805715646,79.8918375605244,79.48823896661531,4.865932860278804,5.404361403138751,False,True,2025,0.5384285428599469
2026-03-06,EXXO34,AUTOENCODER,98.63999938964844,99.14346849214596,100.27074740381644,98.94452043610384,99.6815554578904,0.5034691024975331,1.0415560682419738,False,True,2026,0.5380869657444407
2021-02-01,EXXO34,AUTOENCODER,26.643983840942383,27.332689832896683,27.582528877427585,27.44855181258167,27.868855520326896,0.6887059919543006,1.2248716793845134,False,True,2021,0.5361656874302128
2023-11-17,EXXO34,AUTOENCODER,61.220001220703125,61.15457990622775,61.692451141635885,59.7759575710435,60.61876338169161,0.0654213144753725,0.6012378390115174,False,True,2023,0.5358165245361449
2023-06-09,EXXO34,AUTOENCODER,61.540164947509766,61.68601653607101,61.68601653607101,62.27899312802345,62.21780021373655,0.1458515885612428,0.6776352662267868,False,False,2023,0.531783677665544
2022-02-25,EXXO34,AUTOENCODER,44.81570053100586,45.12915378831213,45.58146884375217,43.53719566135632,43.97356627813577,0.3134532573062643,0.842134252870089,False,True,2022,0.5286809955638248
2022-03-21,EXXO34,AUTOENCODER,45.66120147705078,46.13810275587997,46.58403239073138,44.561911556202,44.66185034749867,0.4769012788291888,0.9993511295521104,False,True,2022,0.5224498507229216
2022-09-29,EXXO34,AUTOENCODER,54.69147491455078,54.05551121330279,53.51752029478749,54.28216958171044,53.53932648299123,0.635963701247988,1.152148431559553,False,True,2022,0.516184730311565
2025-03-17,EXXO34,AUTOENCODER,79.20597839355469,78.85361194252755,78.99404305944516,78.6119666487537,78.33851222434663,0.3523664510271374,0.8674661692080576,False,False,2025,0.5150997181809203
2024-11-28,EXXO34,AUTOENCODER,86.203857421875,85.91592708860207,85.7451009627222,85.5319967582383,85.4019362583667,0.287930333272925,0.8019211635082968,False,False,2024,0.5139908302353717
2024-10-22,EXXO34,AUTOENCODER,83.65058135986328,83.62905004797699,84.37905457764033,83.44791621007128,84.18414325912279,0.0215313118862923,0.5335618992595101,False,True,2024,0.5120305873732178
2025-02-25,EXXO34,AUTOENCODER,77.62616729736328,77.83515663536934,77.20736254036844,78.54781222829978,78.34659633458003,0.208989338006063,0.7204290372167463,False,True,2025,0.5114396992106833
2024-11-27,EXXO34,AUTOENCODER,85.20930480957031,85.96297121581233,85.96638819714587,84.46145269779194,83.95080082858176,0.7536664062420186,1.25850398098855,False,False,2024,0.5048375747465315
2022-01-26,EXXO34,AUTOENCODER,44.861427307128906,44.58896410277549,44.98571829400536,45.649374303505255,45.62671018435383,0.2724632043534143,0.7652828772249265,False,True,2022,0.4928196728715122
2023-11-20,EXXO34,AUTOENCODER,60.43952560424805,61.00592500458464,61.6548549577901,61.257260430264,61.496911963158894,0.5663994003365929,1.057386358910847,False,True,2023,0.4909869585742541
2025-10-22,EXXO34,AUTOENCODER,77.24604797363281,76.63061956774118,77.2314302654563,75.73395367494126,76.14200832353154,0.6154284058916346,1.1040396501012708,False,True,2025,0.4886112442096362
2023-02-17,EXXO34,AUTOENCODER,67.2035140991211,69.43986435775219,68.95902262359273,70.39881171369838,69.92525377689523,2.2363502586310915,2.7217396777741385,False,True,2023,0.485389419143047
2023-12-21,EXXO34,AUTOENCODER,58.85953140258789,58.97761008185984,59.02909979530827,59.18379349292234,59.46256952928252,0.1180786792719459,0.6030381266946279,False,False,2023,0.48495944742268193
2021-04-09,EXXO34,AUTOENCODER,33.92951202392578,34.10925531028386,33.99559908348473,32.9262311801584,33.27017307587158,0.1797432863580752,0.6593389480541987,False,False,2021,0.47959566169612344
2023-05-02,EXXO34,AUTOENCODER,64.5000991821289,68.10949792245526,67.54709239825173,68.82916205957878,68.58805772226033,3.609398740326355,4.0879585401314245,False,True,2023,0.47855979980506946
2023-08-22,EXXO34,AUTOENCODER,63.00828552246094,63.52510499602988,63.52510499602988,64.00963500571967,64.00319476984735,0.516819473568944,0.994909247386417,False,False,2023,0.478089773817473
2021-11-24,EXXO34,AUTOENCODER,39.59251403808594,39.76932345303541,39.5899186013715,39.43341609497058,38.94023242954654,0.1768094149494743,0.652281608539397,False,True,2021,0.47547219358992265
2022-07-14,EXXO34,AUTOENCODER,51.18891906738281,51.14002649986293,50.65533693928117,51.78030124262686,51.711780895405006,0.0488925675198856,0.5228618280221937,False,True,2022,0.47396926050230814
2024-07-23,EXXO34,AUTOENCODER,76.56473541259766,76.53643328322448,76.04557196417475,77.25132146641623,77.06069013821045,0.0283021293731735,0.4959547256127905,False,True,2024,0.467652596239617
2023-06-27,EXXO34,AUTOENCODER,59.23652267456055,59.02130054788489,58.64751058664633,58.65366144129396,58.5569273825508,0.2152221266756555,0.6795952920097434,False,True,2023,0.46437316533408796
2023-05-26,EXXO34,AUTOENCODER,61.44614028930664,61.81751359114276,61.76766257317157,62.20865565853523,62.27720529013492,0.3713733018361154,0.831065000828282,False,False,2023,0.45969169899216666
2021-11-05,EXXO34,AUTOENCODER,39.27549743652344,40.15839587569718,40.47588385433574,40.02138872925826,40.6177562250152,0.8828984391737436,1.3422587884917618,False,True,2021,0.4593603493180183
2025-12-11,EXXO34,AUTOENCODER,80.47000122070312,79.75555074115437,79.94394998907816,81.22210893500859,81.64329726242464,0.7144504795487592,1.173296041721514,False,False,2025,0.45884556217275474
2023-01-30,EXXO34,AUTOENCODER,67.06639099121094,67.08497506829121,66.50593179692105,68.15005701094987,67.54319967103875,0.0185840770802769,0.4768086798278119,False,True,2023,0.45822460274753496
2021-04-05,EXXO34,AUTOENCODER,34.29187774658203,34.12594235441961,33.83788169487324,35.61550213489617,34.9131495573416,0.1659353921624244,0.6212718107595663,False,True,2021,0.4553364185971419
2024-06-05,EXXO34,AUTOENCODER,72.0263442993164,72.11667932359876,71.98181385891354,71.81460474091205,71.49649057239135,0.0903350242823535,0.5298537269250545,False,False,2024,0.439518702642701
2021-10-18,EXXO34,AUTOENCODER,38.037715911865234,37.87118604869295,37.73462905261744,37.67169405067354,37.43384555367679,0.1665298631722862,0.6038703581884448,False,True,2021,0.43734049501615857
2021-09-15,EXXO34,AUTOENCODER,32.51597595214844,32.40446937196512,32.663292291206666,31.747804400996024,31.98006186185025,0.1115065801833168,0.5359140902981885,False,True,2021,0.42440751011487166
2025-10-24,EXXO34,AUTOENCODER,77.11685943603516,77.03862598753278,77.89178915813795,77.48302241650056,77.61800983667247,0.0782334485023739,0.5011504006373144,False,False,2025,0.4229169521349405
2021-02-16,EXXO34,AUTOENCODER,29.027013778686523,28.648887372153556,28.89419799676857,29.842138776355277,29.826322600055,0.3781264065329708,0.7993088213684736,False,True,2021,0.4211824148355028
2022-07-06,EXXO34,AUTOENCODER,51.16620635986328,51.20723644975374,50.748045621590656,51.802165252507486,51.62444303718716,0.0410300898904552,0.4582366773238817,False,True,2022,0.4172065874334265
2023-01-20,EXXO34,AUTOENCODER,67.76943969726562,66.6070215951338,66.70258942237788,66.46694357242217,66.19340116652879,1.1624181021318236,1.576038530736838,False,False,2023,0.41362042860501447
2025-03-12,EXXO34,AUTOENCODER,77.67523956298828,78.80608282431513,79.4465773496091,78.19960173370363,79.21957948798993,1.130843261326845,1.5443399250016512,False,True,2025,0.4134966636748061
2025-11-20,EXXO34,AUTOENCODER,78.58000183105469,79.1131801587834,79.1401728890069,78.78179911481885,79.52094519400069,0.5331783277287059,0.9409433629460012,False,False,2025,0.40776503521729535
2021-11-25,EXXO34,AUTOENCODER,39.205352783203125,39.74074639012844,40.084513693698725,39.61751799301384,40.142382162644985,0.5353936069253109,0.93702937944186,False,True,2021,0.40163577251654914
2025-10-14,EXXO34,AUTOENCODER,76.08332824707031,76.56147739305982,75.85978523813527,76.11750976779726,75.21228583153585,0.4781491459895051,0.8710424155344612,False,True,2025,0.39289326954495607
2023-08-01,EXXO34,AUTOENCODER,59.86649703979492,58.42988755735337,57.958967282487954,59.03257149249346,58.037419363576106,1.436609482441554,1.829077676218816,False,False,2023,0.39246819377726183
2025-12-05,EXXO34,AUTOENCODER,79.37999725341797,78.90296751621622,79.51139535893799,77.93356948627024,78.51532018163003,0.4770297372017467,0.8646770717879377,False,True,2025,0.38764733458619105
2024-01-09,EXXO34,AUTOENCODER,58.02194213867188,59.2594388691673,59.78142197996992,58.82932941405005,59.6425881633986,1.2374967304954154,1.6206460247267174,False,True,2024,0.38314929423130195
2024-10-17,EXXO34,AUTOENCODER,82.51663208007812,83.10148302719358,83.10148302719358,83.38385667844902,83.48270683261549,0.5848509471154557,0.9660747525373664,False,False,2024,0.3812238054219107
2024-11-07,EXXO34,AUTOENCODER,83.6312026977539,83.596937452259,83.04489856022633,83.78560314729924,83.21739529275138,0.0342652454949075,0.4138074050025295,False,True,2024,0.379542159507622
2024-10-15,EXXO34,AUTOENCODER,82.83646392822266,82.45212135112115,81.71475503870973,83.77034696685682,83.59948974823303,0.3843425771015063,0.7630258200103697,False,True,2024,0.37868324290886335
2022-01-27,EXXO34,AUTOENCODER,44.90592193603516,44.753623707490135,44.64326969139416,44.81375277972821,44.383532407315705,0.1522982285450282,0.522389528719458,False,False,2022,0.3700913001744298
2024-11-15,EXXO34,AUTOENCODER,85.258056640625,84.87090562537833,84.02307415786062,85.3238811901654,84.5042487799957,0.3871510152466726,0.7538078606292942,False,True,2024,0.36665684538262155
2022-05-19,EXXO34,AUTOENCODER,50.76189041137695,50.3172882797337,50.70890714706543,50.97162728311105,51.57153524402106,0.4446021316432507,0.8096448326441035,False,True,2022,0.3650427010008528
2021-01-26,EXXO34,AUTOENCODER,26.37541007995605,27.49298258378729,27.49298258378729,27.949704222088567,27.849217887824075,1.1175725038312372,1.473807807868024,False,False,2021,0.3562353040367867
2024-04-26,EXXO34,AUTOENCODER,72.40803527832031,74.33746344148165,74.91509931693524,74.69856229158553,74.69317255851718,1.929428163161333,2.285137280196864,False,True,2024,0.3557091170355311
2021-05-14,EXXO34,AUTOENCODER,34.46284866333008,34.63563436108589,34.93522864287423,34.36712424457369,34.98840991145238,0.1727856977558133,0.5255612481223011,False,True,2021,0.3527755503664878
2023-04-27,EXXO34,AUTOENCODER,67.55775451660156,67.77194418494662,67.77194418494662,67.83358378529334,68.12250347810357,0.2141896683450568,0.5647489615020049,False,True,2023,0.3505592931569481
2024-08-26,EXXO34,AUTOENCODER,78.7852554321289,78.35859607315558,79.03311826484645,77.74211913379789,78.00874473976235,0.4266593589733247,0.776510692366557,False,True,2024,0.3498513333932323
2021-03-17,EXXO34,AUTOENCODER,35.72425842285156,36.17826691149108,36.52983717165301,36.26996018858373,36.5266625860039,0.4540084886395163,0.8024041631523389,False,True,2021,0.34839567451282255
2025-01-16,EXXO34,AUTOENCODER,81.83563995361328,81.05378910229706,80.77390236410312,81.47864479946573,80.70682636270895,0.7818508513162215,1.128813590904329,False,True,2025,0.34696273958810764
2021-10-27,EXXO34,AUTOENCODER,39.32378005981445,39.39990348491892,39.00969169734132,40.40167562462306,39.7466406940547,0.0761234251044697,0.4228606342402443,False,True,2021,0.34673720913577455
2023-07-25,EXXO34,AUTOENCODER,59.06727600097656,58.33191421543677,58.11189064064019,58.540583118781,57.98651591459586,0.7353617855397943,1.0807600863806996,False,True,2023,0.3453983008409054
2024-11-08,EXXO34,AUTOENCODER,84.17394256591797,83.71453745132715,82.85145389216906,83.83506823465692,83.36915013658833,0.4594051145908224,0.8047924293296376,False,True,2024,0.3453873147388152
2025-11-10,EXXO34,AUTOENCODER,77.53424072265625,77.68943747713297,77.48647602862755,77.77692088365852,77.03468493509521,0.1551967544767194,0.4995557875610359,False,False,2025,0.3443590330843165
2025-02-26,EXXO34,AUTOENCODER,77.85186004638672,77.96470082773556,78.1117380600659,77.79023936953041,78.30815507650257,0.1128407813488365,0.4562950301158537,False,False,2025,0.3434542487670172
2024-04-18,EXXO34,AUTOENCODER,73.76826477050781,73.47409174648465,73.09038469120266,74.27267318722743,74.40565347762433,0.2941730240231663,0.6373887071165143,False,False,2024,0.343215683093348
2024-01-12,EXXO34,AUTOENCODER,58.15519714355469,58.879621261507,58.78271859176714,57.5837295020164,57.09377549925604,0.7244241179523101,1.0614216442986475,False,False,2024,0.3369975263463374
2023-04-26,EXXO34,AUTOENCODER,67.87470245361328,67.65762561436122,67.12022166391822,68.6219875068419,68.4235426283787,0.2170768392520585,0.5488401747654166,False,True,2023,0.33176333551335807
2024-05-16,EXXO34,AUTOENCODER,72.73938751220703,72.35270483833449,71.78275235763984,73.13724986958496,72.02212783061458,0.3866826738725422,0.7172596815924521,False,True,2024,0.33057700771990994
2022-12-15,EXXO34,AUTOENCODER,64.47624206542969,64.98426233979603,65.6378853594703,65.1470990212072,65.31092761372526,0.5080202743663449,0.8346855482955675,False,True,2022,0.3266652739292226
2023-06-13,EXXO34,AUTOENCODER,60.740943908691406,61.74044645710683,62.2282737344402,61.33483503022408,62.06289438112323,0.9995025484154212,1.3219504724318227,False,True,2023,0.32244792401640154
2023-01-10,EXXO34,AUTOENCODER,66.11357879638672,66.64668250825787,66.20510981573003,66.20780654187831,65.25901842053665,0.5331037118711492,0.8545603758500704,False,False,2023,0.32145666397892114
2025-11-07,EXXO34,AUTOENCODER,77.60380554199219,77.66070949947266,78.35256364044042,76.3362611459714,77.22707464094574,0.0569039574804719,0.376730901046443,False,True,2025,0.31982694356597113
2024-02-28,EXXO34,AUTOENCODER,62.244667053222656,61.50101568639843,61.2595916981232,61.572341958520994,61.18425381568037,0.7436513668242242,1.060413237542292,False,True,2024,0.31676187071806794
2024-08-05,EXXO34,AUTOENCODER,79.15672302246094,79.93201523324092,79.40687755928734,80.48260719523589,80.24863464415884,0.7752922107799805,1.0919116216979037,False,True,2024,0.3166194109179232
2024-09-03,EXXO34,AUTOENCODER,78.70771789550781,79.24129001605809,78.35766830634526,80.34965926586925,79.55642235940886,0.533572120550275,0.8487044639010435,False,True,2024,0.31513234335076845
2022-08-04,EXXO34,AUTOENCODER,51.44331741333008,54.47244611106515,53.93981818476614,54.95130608854405,54.78698972718057,3.029128697735075,3.3436723138504902,False,True,2022,0.31454361611541515
2024-05-09,EXXO34,AUTOENCODER,72.94447326660156,72.19866860035881,72.81897631050738,71.27541050600696,71.88551297315995,0.7458046662427478,1.058960293441615,False,True,2024,0.31315562719886714
2022-02-28,EXXO34,AUTOENCODER,44.81570053100586,44.95206499929725,45.10942874755621,44.5821399161362,44.3685291486058,0.13636446829139,0.4471713824000645,False,True,2022,0.31080691410867445
2022-06-27,EXXO34,AUTOENCODER,52.83797836303711,52.02033418384519,52.44093786398216,51.64833186580326,51.71325689188222,0.817644179191916,1.124721471154892,False,True,2022,0.30707729196297606
2022-03-24,EXXO34,AUTOENCODER,45.10353088378906,45.683400473693496,45.05701717941726,45.29364056577731,44.21695020477878,0.5798695899044333,0.8865806790102795,False,True,2022,0.3067110891058462
2024-01-15,EXXO34,AUTOENCODER,58.364593505859375,58.69903434590202,59.229625916017504,58.37388298658816,58.99471093830831,0.3344408400426459,0.6301174324489338,False,True,2024,0.2956765924062879
2025-07-15,EXXO34,AUTOENCODER,77.65552520751953,77.21826871852716,77.21826871852716,78.23095350742227,78.38549273958859,0.4372564889923751,0.729967532069054,False,False,2025,0.29271104307667883
2021-12-28,EXXO34,AUTOENCODER,38.787052154541016,38.999476339405874,38.7196634963212,38.8437074685921,38.28257409623612,0.212424184864858,0.5044780583048976,False,True,2021,0.2920538734400395
2023-12-26,EXXO34,AUTOENCODER,58.65013122558594,59.03989530928715,59.43750738594572,59.02073650009928,59.32568734867705,0.3897640837012091,0.6755561230911127,False,True,2023,0.2857920393899036
2023-05-01,EXXO34,AUTOENCODER,68.78829956054688,67.9731741750162,67.48742579415045,68.51980270132943,67.687910566557,0.8151253855306777,1.1003889939898812,False,False,2023,0.2852636084592035
2025-11-21,EXXO34,AUTOENCODER,78.94999694824219,79.27706584168607,78.88967260990148,78.86875381768019,78.33779197440309,0.3270688934438794,0.6122049738390984,False,False,2025,0.28513608039521904
2023-01-16,EXXO34,AUTOENCODER,66.66863250732422,66.82046407139626,66.27671437513192,66.80163486877542,66.23562779580286,0.1518315640720402,0.4330047115213631,False,True,2023,0.28117314744932287
2024-02-06,EXXO34,AUTOENCODER,60.13494491577149,59.72177975963791,60.322471813703295,60.26379900986775,60.8284961749637,0.41316515613358,0.6935512591922119,False,True,2024,0.28038610305863193
2024-02-22,EXXO34,AUTOENCODER,62.12972259521485,61.09398440808991,60.96846933928384,61.31308939551257,60.81431605689124,1.0357381871249416,1.315406538323607,False,False,2024,0.2796683511986655
2021-06-11,EXXO34,AUTOENCODER,34.59257888793945,34.39229786496642,34.485501762147166,34.30240315941456,34.11834918009404,0.20028102297303,0.4742297078454101,False,False,2021,0.2739486848723801
2024-04-29,EXXO34,AUTOENCODER,73.41384887695312,74.21138641883306,74.12339548269831,72.86363809358163,72.34439786172409,0.7975375418799331,1.0694510152290349,False,False,2024,0.27191347334910176
2022-01-21,EXXO34,AUTOENCODER,43.815650939941406,44.118455757449226,43.850738076607904,44.701748341210376,44.387912619979936,0.3028048175078197,0.5722616800385296,False,True,2022,0.26945686253070994
2025-10-29,EXXO34,AUTOENCODER,78.25969696044922,77.64382768501423,78.19957253835975,76.84246587787476,77.378707084405,0.6158692754349886,0.8809898760442252,False,True,2025,0.2651206006092366
2023-01-19,EXXO34,AUTOENCODER,66.57611846923828,66.66395128362228,67.20996549295278,66.22765942311143,66.92835012763992,0.0878328143840008,0.3522316584016352,False,True,2023,0.26439884401763436
2021-12-15,EXXO34,AUTOENCODER,38.537845611572266,38.89314206218063,38.95603889590959,38.75752592483254,39.1494826340308,0.355296450608364,0.6116370224585381,False,False,2021,0.2563405718501741
2023-12-15,EXXO34,AUTOENCODER,58.945194244384766,58.76305315818814,58.52758840795076,59.067867551312,58.50694524878833,0.1821410861966228,0.4382489955964388,False,True,2023,0.256107909399816
2025-04-01,EXXO34,AUTOENCODER,82.7090072631836,82.33413439114702,82.15243148046186,83.5770785143724,83.33912850433286,0.3748728720365761,0.6301212411492685,False,False,2025,0.2552483691126924
2023-08-28,EXXO34,AUTOENCODER,62.88535690307617,63.2188280186823,63.2188280186823,62.29444379475632,62.29962762775592,0.3334711156061303,0.5857292753202543,False,False,2023,0.252258159714124
2024-05-20,EXXO34,AUTOENCODER,72.84537506103516,72.6483584489431,72.66242819493517,73.21600103984403,73.28998527944623,0.1970166120920566,0.4446102184110714,False,False,2024,0.2475936063190148
2025-04-02,EXXO34,AUTOENCODER,82.7482681274414,82.72612062943085,82.72612062943085,82.92833773245543,83.00983231068534,0.022147498010554,0.2615641832439337,False,False,2025,0.23941668523337972
2025-10-13,EXXO34,AUTOENCODER,75.81501770019531,76.45879860652644,76.62315675492711,76.02876199816346,76.69773193143803,0.6437809063311306,0.8827142312427156,False,False,2025,0.23893332491158503
2025-09-16,EXXO34,AUTOENCODER,75.66594696044922,76.09511210916696,76.64934194422646,74.46110684635995,74.99812916908549,0.4291651487177432,0.6678177913637313,False,True,2025,0.23865264264598812
2024-05-21,EXXO34,AUTOENCODER,72.75865936279297,72.77890358018612,72.3007604478321,73.01835985390183,72.50370724594613,0.0202442173931558,0.2549521168468374,False,True,2024,0.2347078994536816
2025-02-20,EXXO34,AUTOENCODER,78.3719253540039,77.56818972659107,77.56818972659107,77.33963653680057,77.33423309739094,0.8037356274128342,1.0376922566129707,False,False,2025,0.2339566292001365
2021-08-09,EXXO34,AUTOENCODER,32.57322311401367,33.38893532301131,33.254489752782035,33.72322488492776,33.62265971581096,0.8157122089976383,1.0494366017972894,False,True,2021,0.23372439279965107
2024-02-02,EXXO34,AUTOENCODER,60.582298278808594,59.24842596178297,59.24842596178297,59.542214409230894,59.01533667866154,1.333872317025623,1.566961600147053,False,False,2024,0.23308928312142996
2022-09-09,EXXO34,AUTOENCODER,56.85674285888672,56.79529761724996,57.0205999747181,56.58030835652906,56.562385169174,0.0614452416367612,0.2943576897127187,False,True,2022,0.2329124480759575
2021-10-13,EXXO34,AUTOENCODER,37.067684173583984,37.21139577620423,37.21139577620423,37.48279818650201,37.44112362532873,0.1437116026202431,0.3734394517447441,False,False,2021,0.22972784912450098
2022-01-24,EXXO34,AUTOENCODER,44.6300163269043,44.29334918825748,44.28070186703192,43.85239637166859,44.06443723995824,0.3366671386468169,0.5655790869460589,False,False,2022,0.22891194829924194
2021-01-20,EXXO34,AUTOENCODER,28.00814819335937,26.5655985258526,26.33760230275901,26.5655985258526,26.33760230275901,1.4425496675067713,1.6705458906003656,False,True,2021,0.22799622309359435
2025-07-17,EXXO34,AUTOENCODER,76.27322387695312,77.95071348085389,78.7175540575545,77.43958953471703,78.17862916958603,1.6774896039007672,1.9054052926329064,False,True,2025,0.2279156887321392
2022-04-08,EXXO34,AUTOENCODER,45.75113677978516,44.70371348983622,44.37771990057768,45.17854957222461,44.480670297538026,1.047423289948945,1.2704664822471372,False,True,2022,0.22304319229819214
2023-07-06,EXXO34,AUTOENCODER,59.43397903442383,59.71182712513598,59.29936769318942,60.73912259469956,59.93307384607005,0.2778480907121547,0.4990948116462235,False,True,2023,0.22124672093406877
2024-11-04,EXXO34,AUTOENCODER,83.18537902832031,83.37781438989668,84.0102406867615,82.57255722979814,83.59699622832483,0.1924353615763721,0.4116172000045139,False,True,2024,0.21918183842814182
2022-08-03,EXXO34,AUTOENCODER,54.67329788208008,54.22999962502945,53.60701793532052,56.00771241134208,55.33374466384682,0.4432982570506283,0.6604467817667441,False,True,2022,0.2171485247161158
2025-02-10,EXXO34,AUTOENCODER,78.0232162475586,78.2244031904388,78.2244031904388,77.21065269930467,77.60736380301786,0.2011869428802128,0.4158524445407323,False,False,2025,0.21466550166051948
2023-03-28,EXXO34,AUTOENCODER,65.18992614746094,63.64847845181532,63.64847845181532,63.88578517218181,63.43444384047986,1.5414476956456156,1.7554823069810794,False,False,2023,0.21403461133546386
2022-09-12,EXXO34,AUTOENCODER,56.976016998291016,56.83941632001097,57.45095138928547,56.84397564277859,57.32566097552144,0.1366006782800468,0.3496439772304285,False,False,2022,0.2130432989503817
2024-11-05,EXXO34,AUTOENCODER,82.93338012695312,83.3556957045106,82.8597148489425,83.31983301480646,82.30058289408986,0.4223155775574696,0.6327972328632683,False,False,2024,0.21048165530579865
2022-04-12,EXXO34,AUTOENCODER,44.81119918823242,44.996730606805386,45.271895901492336,44.692636868589936,45.20469097805421,0.1855314185729639,0.3934917898217875,False,True,2022,0.2079603712488236
2021-04-13,EXXO34,AUTOENCODER,34.019039154052734,34.096510107910404,34.4824346408147,34.39922061201461,34.30188107600492,0.0774709538576701,0.2828419219521834,False,True,2021,0.20537096809451327
2021-06-16,EXXO34,AUTOENCODER,34.95146560668945,34.80489235123332,34.81945570991207,34.981380759467875,34.60020811496215,0.1465732554561327,0.3512574917273028,False,False,2021,0.2046842362711701
2022-09-15,EXXO34,AUTOENCODER,56.81086349487305,56.847372236238016,56.22543134267911,57.54220421657658,56.57132016483816,0.0365087413649689,0.2395433300348912,False,True,2022,0.2030345886699223
2024-09-19,EXXO34,AUTOENCODER,76.57550811767578,77.01915411474363,76.5883181276373,75.99053282645018,75.92907934821073,0.443645997067847,0.6464287694650466,False,False,2024,0.20278277239719955
2024-02-12,EXXO34,AUTOENCODER,60.49170684814453,60.44726696487504,60.34157276593273,60.46710468255901,60.73584889072162,0.0444398832694901,0.2441420425770886,False,False,2024,0.1997021593075985
2022-12-23,EXXO34,AUTOENCODER,64.52249145507812,64.56188161221678,65.17548793359278,63.8557512985879,64.7609813046753,0.039390157138655,0.2384898495971725,False,True,2022,0.1990996924585175
2024-07-16,EXXO34,AUTOENCODER,75.79388427734375,74.90569747374468,74.31563400357149,75.6914459836245,74.70735942201242,0.8881868035990692,1.0865248553313336,False,True,2024,0.19833805173226438
2022-01-31,EXXO34,AUTOENCODER,44.79022979736328,44.817784405441785,44.817784405441785,44.71344367343893,45.011737741408346,0.0275546080785034,0.2215079440450651,False,False,2022,0.1939533359665617
2021-12-23,EXXO34,AUTOENCODER,38.77369689941406,38.95439539385865,39.20944109774397,38.75168070009551,39.14524050250424,0.1806984944445844,0.3715436030901813,False,True,2021,0.1908451086455969
2024-11-12,EXXO34,AUTOENCODER,84.27085876464844,84.05414982085563,84.0816026593857,84.18466488646165,84.67670497423761,0.2167089437928098,0.4058462095891713,False,False,2024,0.18913726579636148
2025-11-14,EXXO34,AUTOENCODER,78.62999725341797,78.28017199620933,78.9710574073505,78.51288084416535,79.1651098488332,0.3498252572086358,0.535112595415228,False,True,2025,0.18528733820659227
2023-09-19,EXXO34,AUTOENCODER,67.49065399169922,67.20945781200714,67.20945781200714,67.33634588302459,67.9554559526931,0.2811961796920741,0.4648019609938814,False,False,2023,0.18360578130180727
2024-03-05,EXXO34,AUTOENCODER,62.445838928222656,62.00355149604337,62.00355149604337,61.84789706293039,61.82748240195136,0.4422874321792847,0.6183565262712989,False,False,2024,0.1760690940920142
2021-03-25,EXXO34,AUTOENCODER,34.09150695800781,34.46145551808402,34.33926365953147,35.233255253753846,34.63418126612664,0.3699485600762102,0.5426743081188263,False,True,2021,0.17272574804261615
2021-10-15,EXXO34,AUTOENCODER,37.647064208984375,37.6672550714996,37.769787265159685,37.63897610573986,37.45522667197984,0.0201908625152213,0.1918375370045382,False,False,2021,0.17164667448931692
2025-11-19,EXXO34,AUTOENCODER,78.58000183105469,78.93641641692955,78.00699454625182,79.16988781898768,78.05511954793587,0.3564145858748588,0.5248822831188136,False,True,2025,0.16846769724395477
2026-01-09,EXXO34,AUTOENCODER,83.30000305175781,84.28747692820696,84.88432244416452,83.279472200407,84.45591928189201,0.987473876449144,1.1559162301341956,False,True,2026,0.16844235368505167
2025-09-18,EXXO34,AUTOENCODER,75.38768768310547,76.0318001454691,76.0318001454691,75.94546559555145,76.19732002827584,0.644112462363637,0.8096323451703711,False,False,2025,0.16551988280673413
2021-04-08,EXXO34,AUTOENCODER,33.37106704711914,34.12751212582822,33.81410355184514,34.58965088416996,34.2925206791599,0.7564450787090777,0.9214536320407588,False,True,2021,0.16500855333168107
2020-12-30,EXXO34,AUTOENCODER,23.15255546569824,23.40195513846985,23.562252302417228,23.40195513846985,23.562252302417228,0.249399672771613,0.4096968367189895,False,True,2020,0.16029716394737648
2020-12-29,EXXO34,AUTOENCODER,23.04597854614257,23.382687710026023,23.542852897216854,23.382687710026023,23.542852897216854,0.3367091638834552,0.4968743510742825,False,True,2020,0.16016518719082734
2025-10-27,EXXO34,AUTOENCODER,77.06716918945312,77.29997422395616,77.29997422395616,77.26168210435605,76.67563335149183,0.2328050345030305,0.3915358379612996,False,False,2025,0.1587308034582691
2025-12-15,EXXO34,AUTOENCODER,79.44999694824219,80.58198056832668,79.94677464564649,81.4017267919602,80.74063982751582,1.1319836200844977,1.2906428792736335,False,True,2025,0.15865925918913582
2021-08-11,EXXO34,AUTOENCODER,33.02293395996094,33.45799365616304,33.1266298111138,33.00984243439853,32.42955484540855,0.4350596962021029,0.5933791145523841,False,True,2021,0.15831941835028124
2021-10-25,EXXO34,AUTOENCODER,39.271114349365234,39.05998799601409,39.41224958112778,39.355727490197246,39.640519781168514,0.2111263533511476,0.3694054318032798,False,True,2021,0.15827907845213218
2025-04-25,EXXO34,AUTOENCODER,75.87957000732422,76.32899644022291,76.25056039200982,75.72766950691187,75.2807204069663,0.4494264328986901,0.5988496003579229,False,False,2025,0.1494231674592328
2024-04-12,EXXO34,AUTOENCODER,73.32763671875,72.07428904621781,72.82738105910873,73.87628335766547,74.72919437558473,1.2533476725321862,1.4015576568347257,False,True,2024,0.1482099843025395
2024-02-16,EXXO34,AUTOENCODER,61.8136100769043,60.77380779499936,60.45625895469462,61.36471163717504,60.62634130730213,1.0398022819049402,1.18726876960217,False,False,2024,0.1474664876972298
2024-05-30,EXXO34,AUTOENCODER,71.30367279052734,72.00217501177849,71.15968343307514,71.52371245838474,70.45940817430302,0.6985022212511467,0.8442646162243221,False,True,2024,0.14576239497317545
2022-04-07,EXXO34,AUTOENCODER,45.35087203979492,44.6528590875717,45.13356714646852,44.41456847316466,44.50833568292512,0.6980129522232232,0.8425363568698074,False,True,2022,0.1445234046465842
2023-04-18,EXXO34,AUTOENCODER,67.52978515625,66.76383363267507,67.15045724131122,66.27306065414372,66.61981136522674,0.7659515235749268,0.909973791023262,False,True,2023,0.14402226744833524
2021-12-22,EXXO34,AUTOENCODER,38.58234024047852,38.861871751368,38.734076925716174,38.590806695893534,38.16004371981164,0.2795315108894769,0.4222965206668831,False,False,2021,0.1427650097774062
2023-09-25,EXXO34,AUTOENCODER,68.05804443359375,67.24063138259328,67.47931165731083,66.87662608088813,67.09854127800057,0.8174130510004716,0.9595031555931826,False,False,2023,0.142090104592711
2025-07-16,EXXO34,AUTOENCODER,76.97425079345703,77.63957627452714,77.63957627452714,77.83496513335615,77.7805821525859,0.6653254810701128,0.8063313591288619,False,False,2025,0.1410058780587491
2025-10-10,EXXO34,AUTOENCODER,75.73551177978516,76.37467330556535,75.7177932491994,75.62594400193588,74.95593864806636,0.6391615257801959,0.7795731317187915,False,True,2025,0.14041160593859559
2025-02-24,EXXO34,AUTOENCODER,78.63685607910156,77.69879161210031,77.08767137876009,77.75144766810439,77.56065470349613,0.9380644670012545,1.0762013756054358,False,True,2025,0.13813690860418137
2024-09-04,EXXO34,AUTOENCODER,77.82576751708984,79.48467294748627,79.48467294748627,79.03599792946889,79.62072588770297,1.6589054303964303,1.794958370613131,False,False,2024,0.13605294021670056
2023-06-26,EXXO34,AUTOENCODER,58.57834243774414,59.34666759659439,58.94049242775639,58.135113223049984,57.68026392719333,0.7683251588502458,0.8980785105508104,False,True,2023,0.12975335170056468
2022-03-01,EXXO34,AUTOENCODER,44.81570053100586,44.83933812790514,45.0393339938486,44.59327412265661,44.66345333605828,0.0236375968992774,0.1522471949475772,False,True,2022,0.1286095980482998
2022-05-17,EXXO34,AUTOENCODER,51.41606903076172,49.943602712563575,49.46661832303509,50.60840100422678,49.81559955499912,1.472466318198144,1.6004694757626012,False,True,2022,0.12800315756445713
2023-01-12,EXXO34,AUTOENCODER,66.47434997558594,66.75833878781009,66.75833878781009,66.48174812022076,66.06334200252824,0.2839888122241518,0.4110079730576927,False,False,2023,0.12701916083354092
2023-11-24,EXXO34,AUTOENCODER,61.29615020751953,60.589887856124165,60.589887856124165,60.43917564149792,60.46428011785517,0.7062623513953667,0.8318700896643634,False,False,2023,0.12560773826899663
2022-01-28,EXXO34,AUTOENCODER,44.825828552246094,44.85495329033131,44.50280437231803,44.90689865663639,44.67110334793896,0.0291247380852155,0.1547252043071338,False,True,2022,0.12560046622191828
2022-08-30,EXXO34,AUTOENCODER,56.33835983276367,56.00867058886723,55.382381596649935,57.73105989470908,56.79362452575045,0.3296892438964391,0.4552646929867805,False,True,2022,0.1255754490903414
2021-03-11,EXXO34,AUTOENCODER,36.30828857421875,35.03024677405168,35.2694072151593,37.63796333607225,37.71174053003067,1.278041800167074,1.4034519558119172,False,True,2021,0.12541015564484326
2022-02-14,EXXO34,AUTOENCODER,46.39874649047852,46.93536346995916,46.83608540509386,47.47021637205629,47.059962914539206,0.5366169794806339,0.661216424060683,False,True,2022,0.12459944458004912
2021-04-16,EXXO34,AUTOENCODER,33.852783203125,34.17237508339841,34.201219967176044,33.88312031165774,34.29266516768687,0.319591880273407,0.4398819645618701,False,False,2021,0.1202900842884631
2025-01-14,EXXO34,AUTOENCODER,80.50957489013672,80.93843863596237,80.78387000168021,80.97017384754403,81.05717765641688,0.4288637458256517,0.5476027662801641,False,False,2025,0.11873902045451246
2021-10-28,EXXO34,AUTOENCODER,39.74076843261719,39.48655693046578,39.12107592682805,39.360668928036695,39.37005323260849,0.2542115021514064,0.3707152000086964,False,True,2021,0.11650369785728998
2024-10-30,EXXO34,AUTOENCODER,81.57652282714844,83.56729108738182,84.20115457766566,83.0237921444819,83.6805200085623,1.9907682602333807,2.10399718141386,False,True,2024,0.11322892118047934
2023-03-24,EXXO34,AUTOENCODER,63.04582214355469,63.80115258740193,63.80115258740193,63.58261218892304,63.91370480311405,0.7553304438472423,0.8678826595593563,False,False,2023,0.11255221571211393
2021-04-19,EXXO34,AUTOENCODER,33.44352340698242,34.21093315794042,34.549704134246205,34.137412018109735,34.32210316888039,0.7674097509579951,0.8785797618979672,False,True,2021,0.11117001093997203
2021-03-12,EXXO34,AUTOENCODER,36.77721786499024,35.45822682594053,35.75371235496832,35.174955047029066,35.34931740829389,1.3189910390497133,1.4279004566963494,False,False,2021,0.10890941764663609
2021-04-15,EXXO34,AUTOENCODER,34.28334426879883,34.12908318710652,33.84051026159951,34.999898544621246,34.54253116528617,0.1542610816923115,0.2591868964873427,False,True,2021,0.10492581479503121
2022-04-01,EXXO34,AUTOENCODER,43.40354919433594,44.99964571229714,45.47988284839901,44.31422733577506,45.10148844366638,1.5960965179612003,1.697939249330446,False,True,2022,0.1018427313692456
2026-02-17,EXXO34,AUTOENCODER,97.3000030517578,97.04392696532624,97.04392696532624,97.48764984809604,97.655471241278,0.2560760864315625,0.3554681895201952,False,False,2026,0.09939210308863272
2022-04-22,EXXO34,AUTOENCODER,45.87256240844727,45.93924096655502,45.93924096655502,45.853521854086345,45.71057846193551,0.0666785581077462,0.1619839465117678,False,False,2022,0.09530538840402161
2025-02-11,EXXO34,AUTOENCODER,78.39154052734375,78.08356489909659,78.08356489909659,78.0236956558391,77.99016358591838,0.3079756282471635,0.4013769414253687,False,False,2025,0.09340131317820521
2023-02-06,EXXO34,AUTOENCODER,66.43733978271484,67.01596704005726,67.5891368421686,66.42547077425333,67.10766209483074,0.5786272573424185,0.6703223121158999,False,True,2023,0.09169505477348139
2025-12-31,EXXO34,AUTOENCODER,82.9000015258789,83.35790912089283,83.62017755962063,83.14713885931657,83.4491433076643,0.4579075950139213,0.5491417817853943,False,False,2025,0.09123418677147299
2025-09-24,EXXO34,AUTOENCODER,75.77526092529297,75.87257863135324,76.57424902690417,75.08872741307093,75.58711853098481,0.0973177060602665,0.1881423943081586,False,True,2025,0.0908246882478921
2025-12-30,EXXO34,AUTOENCODER,82.9000015258789,82.99108050097675,82.97410394602318,83.71914238916239,83.08114554038517,0.0910789750978438,0.181144014506259,False,False,2025,0.0900650394084152
2023-02-07,EXXO34,AUTOENCODER,68.26895904541016,66.92306030626969,67.46719948828147,66.6835177035105,66.83370137889521,1.3458987391404662,1.4352576665149428,False,True,2023,0.0893589273744766
2021-02-03,EXXO34,AUTOENCODER,27.17686080932617,27.14269202805816,27.39476458572523,26.99472627356633,27.053728251361527,0.0341687812680113,0.1231325579646416,False,True,2021,0.0889637766966303
2023-09-20,EXXO34,AUTOENCODER,67.13130187988281,67.30292176949933,67.30292176949933,67.40865445469629,67.3878613823367,0.1716198896165224,0.2565595024538822,False,False,2023,0.08493961283735982
2023-02-01,EXXO34,AUTOENCODER,66.55760192871094,67.30106435715061,66.81507698707756,68.03453964335982,67.38562160631473,0.7434624284396705,0.8280196776037911,False,True,2023,0.08455724916412066
2025-09-04,EXXO34,AUTOENCODER,75.78520202636719,76.48758849793171,76.59638615166267,75.8910537986118,76.56935482823339,0.7023864715645232,0.784152801866199,False,False,2025,0.0817663303016758
2025-12-19,EXXO34,AUTOENCODER,81.0999984741211,81.26237134958035,81.09322901130716,81.20302474496056,81.34387388228738,0.1623728754592548,0.2438754081662892,False,False,2025,0.08150253270703439
2025-05-14,EXXO34,AUTOENCODER,75.29574584960938,75.4937284259579,75.41050130974753,76.07356016675294,75.57176182042208,0.1979825763485223,0.2760159708127077,False,False,2025,0.07803339446418539
2021-10-21,EXXO34,AUTOENCODER,38.89362716674805,38.5891159074362,38.20693406008614,38.923972164344654,38.51392647256743,0.3045112593118517,0.3797006941806202,False,True,2021,0.0751894348687685
2025-12-26,EXXO34,AUTOENCODER,83.38999938964844,82.30742376967657,81.64607495028378,82.93195934830841,82.23396695331543,1.0825756199718626,1.1560324363330068,False,True,2025,0.0734568163611442
2021-12-06,EXXO34,AUTOENCODER,39.08074951171875,38.627346355077805,38.96292686086918,38.292491574923126,38.554766537109806,0.4534031566409453,0.5259829746089437,False,True,2021,0.0725798179679984
2023-12-04,EXXO34,AUTOENCODER,60.18253707885742,60.42622661054696,59.98610427331306,60.00986481857696,59.875506029140645,0.2436895316895402,0.3070310497167767,False,True,2023,0.0633415180272365
2023-05-29,EXXO34,AUTOENCODER,61.70002365112305,61.88152466421076,61.78087688168014,61.52294261115505,61.4562617854608,0.1815010130877112,0.2437618656622504,False,False,2023,0.0622608525745392
2026-03-05,EXXO34,AUTOENCODER,98.68000030517578,99.03307112540789,99.64025520853993,98.34594554658902,98.26563044597532,0.3530708202321051,0.4143698592004625,False,True,2026,0.06129903896835737
2023-06-02,EXXO34,AUTOENCODER,61.474342346191406,61.70370064947451,62.29511405495506,61.05055769651026,61.18705072985813,0.2293583032831065,0.2872916163332775,False,True,2023,0.05793331305017099
2023-03-02,EXXO34,AUTOENCODER,67.2687759399414,67.68805106052912,67.10251570629231,67.18623488764702,66.79265973285034,0.419275120587713,0.4761162070910671,False,True,2023,0.05684108650335412
2025-03-19,EXXO34,AUTOENCODER,79.9124755859375,79.10145266359268,78.74081576163172,79.31230297772267,79.05240574953834,0.8110229223448187,0.8600698363991626,False,False,2025,0.049046914054343915
2025-11-24,EXXO34,AUTOENCODER,77.83999633789062,79.43992994779694,79.43992994779694,79.20240677079315,79.48826737221692,1.5999336099063155,1.6482710343262994,False,False,2025,0.0483374244199839
2025-12-03,EXXO34,AUTOENCODER,78.41999816894531,78.92015373992069,79.58741185576206,77.23619298624749,77.87215652982063,0.5001555709753802,0.5478416391246839,False,True,2025,0.04768606814930365
2023-07-24,EXXO34,AUTOENCODER,58.49371719360352,58.38955333225289,58.86618040263863,58.28452097023684,58.343644143328106,0.104163861350635,0.1500730502754166,False,True,2023,0.04590918892478159
2021-06-17,EXXO34,AUTOENCODER,33.70181655883789,34.96770873216579,34.68910483279598,35.254526931814766,35.01243910121975,1.2658921733278987,1.3106225423818572,False,True,2021,0.04473036905395844
2022-02-11,EXXO34,AUTOENCODER,47.44661712646485,46.87808551665529,47.28019266413408,46.40110936055572,46.83386637131582,0.5685316098095612,0.6127507551490297,False,True,2022,0.04421914533946847
2025-07-31,EXXO34,AUTOENCODER,77.01374053955078,77.13275551778327,77.13275551778327,76.90380342526576,76.85208206881984,0.1190149782324851,0.1616584707309414,False,False,2025,0.042643492498456295
2024-09-20,EXXO34,AUTOENCODER,76.7305908203125,76.90988667385102,76.90988667385102,76.66060429844475,76.95206042352227,0.1792958535385196,0.2214696032097691,False,False,2024,0.04217374967124951
2025-12-10,EXXO34,AUTOENCODER,81.47000122070312,79.351568714785,79.14426499563695,80.1158105952858,79.3102093753121,2.118432505918122,2.1597918453910268,False,False,2025,0.04135933947290482
2021-05-12,EXXO34,AUTOENCODER,34.43690872192383,34.50003036093196,34.832812647785445,33.8373536355187,34.33440212764579,0.0631216390081306,0.1025065942780401,False,True,2021,0.0393849552699095
2022-11-07,EXXO34,AUTOENCODER,67.18306732177734,64.85638465906493,65.2827736872179,64.97462650787833,64.82040671901713,2.326682662712414,2.362660602760215,False,True,2022,0.03597794004780086
2025-01-07,EXXO34,AUTOENCODER,80.9581069946289,81.22676062727226,81.22676062727226,80.7532706298591,80.65522325841415,0.2686536326433497,0.3028837362147527,False,True,2025,0.03423010357140299
2024-07-15,EXXO34,AUTOENCODER,75.88059997558594,74.97189358606181,75.51879550672386,74.40507477291959,74.9401399139714,0.9087063895241272,0.9404600616145444,False,True,2024,0.03175367209041724
2023-09-22,EXXO34,AUTOENCODER,66.8759765625,67.29230356223911,67.29779418390181,66.9465287793854,67.31941532419567,0.4163269997391126,0.4434387616956741,False,False,2023,0.02711176195656151
2022-05-10,EXXO34,AUTOENCODER,48.90824508666992,49.04810552315172,48.41765875975625,48.95425033077686,48.74177394689534,0.139860436481797,0.166471139774579,False,True,2022,0.026610703292782006
2023-10-13,EXXO34,AUTOENCODER,65.95870971679688,66.88276993673855,67.51319723301744,64.46789372443244,65.01340916671178,0.92406021994168,0.9453005500850936,False,True,2023,0.021240330143413644
2022-03-30,EXXO34,AUTOENCODER,44.829200744628906,45.15759283516263,45.644747346625934,44.17588133835893,44.4814407100418,0.3283920905337254,0.347760034587111,False,True,2022,0.0193679440533856
2023-03-06,EXXO34,AUTOENCODER,68.14505004882812,67.46914469627416,67.56594949868422,67.70979117427358,67.44992791972221,0.6759053525539684,0.6951221291059113,False,False,2023,0.01921677655194287
2024-02-13,EXXO34,AUTOENCODER,60.49170684814453,60.60331539956184,60.61549650108507,60.560732941506735,60.62250522701024,0.111608551417305,0.1307983788657125,False,False,2024,0.019189827448407498
2022-03-23,EXXO34,AUTOENCODER,45.260929107666016,45.79221130071704,46.34062207706026,45.25636384169529,45.81078725977834,0.5312821930510268,0.5498581521123214,False,True,2022,0.01857595906129461
2024-02-09,EXXO34,AUTOENCODER,60.49170684814453,60.26434280539792,59.759246381231165,61.62741946078217,60.736505424869584,0.2273640427466148,0.2447985767250529,False,True,2024,0.01743453397843811
2022-04-21,EXXO34,AUTOENCODER,45.76462936401367,45.85428498951575,46.04804096691048,45.84244671055177,45.657791747654606,0.0896556255020755,0.1068376163590656,False,False,2022,0.017181990856990098
2024-03-07,EXXO34,AUTOENCODER,63.47079849243164,62.27148838682598,62.092780028439655,62.88973385357616,62.25680361437833,1.1993101056056616,1.2139948780533132,False,False,2024,0.01468477244765154
2022-08-11,EXXO34,AUTOENCODER,54.9575424194336,53.3890974599733,53.69838960124055,52.76185227663443,53.3756506907561,1.568444959460301,1.5818917286774976,False,True,2022,0.013446769217196675
2022-08-15,EXXO34,AUTOENCODER,53.65012741088867,53.238500014582144,52.709623448472456,54.11854627874566,53.22621114516339,0.4116273963065282,0.4239162657252819,False,True,2022,0.012288869418753678
2024-06-07,EXXO34,AUTOENCODER,72.49848937988281,72.2026981532598,72.2026981532598,72.25234845976571,72.19133232451762,0.2957912266230096,0.3071570553651952,False,True,2024,0.011365828742185613
2023-10-17,EXXO34,AUTOENCODER,66.13838958740234,66.09290533544242,66.65840943556644,65.45373091322405,66.0825268347484,0.0454842519599196,0.0558627526539368,False,True,2023,0.010378500694017204
2021-04-29,EXXO34,AUTOENCODER,33.50320816040039,33.475860931062044,33.855962598248446,33.55601988859356,33.465583459185865,0.0273472293383463,0.0376247012145256,False,True,2021,0.010277471876179303
2023-03-22,EXXO34,AUTOENCODER,63.88482666015625,64.0107202951258,63.54270773895056,64.78046102600182,64.0126460804377,0.1258936349695432,0.1278194202814546,False,True,2023,0.0019257853119113988
2022-11-28,EXXO34,LSTM,68.01919555664062,70.7474774917772,71.22684078959914,75.18512388338455,76.2128379906472,2.728281935136579,8.193642434006577,False,True,2022,5.465360498869998
2022-03-09,EXXO34,LSTM,46.20536422729492,46.426757533569,46.06511472514382,49.30582659248999,48.69552272957896,0.2213933062740807,2.49015850228404,False,True,2022,2.268765196009959
2023-08-16,EXXO34,LSTM,62.53546524047852,62.83524399153709,63.46725181067588,63.643321299216005,64.52442066981918,0.299778751058561,1.988955429340656,False,True,2023,1.689176678282095
2022-01-03,EXXO34,LSTM,40.19772720336914,39.15011119101794,38.83225002720338,37.61282344723012,37.55072463685807,1.0476160123511988,2.6470025665110697,False,False,2022,1.5993865541598709
2021-11-03,EXXO34,LSTM,39.05603790283203,39.35568675206173,39.350297058327314,40.85021415105588,40.843326851847145,0.2996488492296976,1.7872889490151138,False,True,2021,1.4876400997854162
2022-05-09,EXXO34,LSTM,48.719364166259766,49.59995047117661,49.168258811834,51.854678613143655,51.07453877737278,0.8805863049168465,2.3551746111130143,False,True,2022,1.4745883061961678
2024-04-12,EXXO34,LSTM,73.32763671875,73.13647609523105,73.90066672030937,74.08155111790785,74.95883310085388,0.1911606235189538,1.6311963821038802,False,True,2024,1.4400357585849264
2023-05-18,EXXO34,LSTM,61.56838607788086,61.673019809108666,61.28751478942964,60.71999909826828,60.05805468081871,0.1046337312278069,1.5103313970621528,False,False,2023,1.4056976658343459
2022-03-14,EXXO34,LSTM,46.82149887084961,46.799713034496506,46.37751497610203,48.1648855110809,48.18984037757263,0.0217858363531036,1.36834150672302,False,True,2022,1.3465556703699164
2026-03-12,EXXO34,LSTM,100.47000122070312,99.43637210058272,100.0104230902764,97.83012007829322,98.10479645634932,1.033629120120409,2.3652047643537912,False,True,2026,1.3315756442333821
2021-11-16,EXXO34,LSTM,39.86397171020508,39.76562281690451,39.76562281690451,38.63153765813149,38.47700363061243,0.0983488933005674,1.3869680795926485,False,False,2021,1.288619186292081
2026-01-06,EXXO34,LSTM,81.72000122070312,83.38311833404805,83.33566848695595,84.27335562069331,84.66164700081224,1.6631171133449243,2.9416457801091127,False,True,2026,1.2785286667641884
2024-11-18,EXXO34,LSTM,84.44876861572266,85.41906928531762,85.9986999843463,85.48146109972328,86.67075030772182,0.9703006695949624,2.221981691999161,False,True,2024,1.2516810224041985
2024-09-30,EXXO34,LSTM,77.12796020507812,76.97257434062055,76.89730180518487,76.3535624220184,75.73728932465018,0.1553858644575712,1.3906708804279475,False,False,2024,1.2352850159703763
2025-03-10,EXXO34,LSTM,80.14796447753906,78.41645446781843,78.2953264943951,77.6576836767422,77.181293017432,1.7315100097206368,2.966671460107065,False,True,2025,1.2351614503864283
2025-07-03,EXXO34,LSTM,75.07852172851562,74.62595053611142,74.36624579534521,74.15621175023153,73.42725371962752,0.452571192404207,1.6512680088881098,False,False,2025,1.1986968164839027
2022-06-03,EXXO34,LSTM,53.61935806274414,53.31215157368791,52.760659525366776,53.10535403238589,52.16430943621253,0.3072064890562274,1.4550486265316067,False,True,2022,1.1478421374753793
2024-09-24,EXXO34,LSTM,77.30240631103516,76.82569429966622,77.62843293958228,78.62607206433054,78.91527590221983,0.4767120113689316,1.6128695911846762,False,True,2024,1.1361575798157446
2023-01-09,EXXO34,LSTM,65.85456848144531,66.87981355541683,67.5525023590962,67.00931506317754,68.00188673887885,1.0252450739715189,2.14731825743354,False,True,2023,1.1220731834620212
2022-06-01,EXXO34,LSTM,53.40130233764648,53.013074648931024,53.20737687198744,52.164800421750655,51.89496426546378,0.3882276887154532,1.506338072182693,False,True,2022,1.11811038346724
2022-06-29,EXXO34,LSTM,51.652286529541016,51.83934998837674,51.25475640434275,53.744602643504486,52.93390226552166,0.1870634588357234,1.281615735980644,False,True,2022,1.0945522771449205
2026-02-27,EXXO34,LSTM,98.4499969482422,98.40011143227046,98.91440576530938,96.27791649593644,97.32467280743676,0.0498855159717379,1.1253241408054464,False,True,2026,1.0754386248337084
2022-12-14,EXXO34,LSTM,64.98502349853516,65.14423197833014,65.79946400046792,65.53851379069444,66.21917198172522,0.1592084797949837,1.2341484831900686,False,True,2022,1.0749400033950849
2022-07-11,EXXO34,LSTM,52.02480697631836,51.886458609071326,51.70397880406654,51.37699686722869,50.81395934969935,0.1383483672470333,1.2108476266190067,False,False,2022,1.0724992593719733
2022-12-13,EXXO34,LSTM,65.89156341552734,65.3615389041737,65.41024291377279,64.5658819113669,64.29144453672093,0.5300245113536448,1.600118878806413,False,True,2022,1.070094367452768
2022-06-27,EXXO34,LSTM,52.83797836303711,52.523845134973214,52.948519887746606,51.42842312666197,51.45720220637615,0.3141332280638949,1.3807761566609642,False,True,2022,1.0666429285970693
2026-03-04,EXXO34,LSTM,97.9499969482422,99.2558470987227,100.14550507947212,99.96715622393587,100.30323938313026,1.3058501504804951,2.35324243488806,False,True,2026,1.047392284407565
2026-01-08,EXXO34,LSTM,82.55000305175781,83.50871036569447,82.767298805314,81.11764822243723,80.55831162182807,0.9587073139366566,1.9916914299297448,False,True,2026,1.0329841159930881
2023-11-28,EXXO34,LSTM,60.16350173950195,60.36088955144112,60.85939368426113,60.71506022086184,61.39133873334304,0.1973878119391656,1.2278369938410805,False,True,2023,1.0304491819019148
2025-10-10,EXXO34,LSTM,75.73551177978516,75.66466711630699,75.01389365111105,75.31932319549733,74.65604207932907,0.0708446634781694,1.0794697004560874,False,True,2025,1.008625036977918
2024-06-19,EXXO34,LSTM,72.4503173828125,72.62337625285272,72.41495977386963,72.00473395958475,71.29299456904351,0.1730588700402222,1.1573228137689853,False,False,2024,0.984263943728763
2023-06-26,EXXO34,LSTM,58.57834243774414,58.75634841555711,58.35421345660345,57.88872509673399,57.42619831435957,0.1780059778129725,1.1521441233845664,False,True,2023,0.9741381455715938
2021-04-07,EXXO34,LSTM,34.08298110961914,34.42700696836357,34.456037175299564,33.08393781629947,32.77057727085946,0.3440258587444305,1.3124038387596784,False,False,2021,0.9683779800152479
2022-02-09,EXXO34,LSTM,46.36726760864258,46.32501261268874,46.73185101253098,46.922980685579205,47.373560802512586,0.04225499595384,1.0062931938700077,False,True,2022,0.9640381979161677
2023-11-14,EXXO34,LSTM,61.581687927246094,61.44203510510823,61.3981090462131,60.87398009439397,60.51568935145266,0.1396528221378616,1.0659985757934365,False,False,2023,0.9263457536555749
2022-09-28,EXXO34,LSTM,54.42999267578125,54.50134177178472,54.95347447256477,53.15676184179598,53.44081738427603,0.0713490960034732,0.9891752915052194,False,True,2022,0.9178261955017463
2021-11-04,EXXO34,LSTM,39.78026580810547,39.602868349717,39.298588519071366,39.08964337363093,38.689885323708936,0.1773974583884694,1.0903804843965332,False,True,2021,0.9129830260080638
2022-11-07,EXXO34,LSTM,67.18306732177734,66.0261984347294,66.46027823629731,65.28915520891763,65.12198299220941,1.156868887047949,2.061084329567933,False,True,2022,0.904215442519984
2025-10-14,EXXO34,LSTM,76.08332824707031,75.727385739949,75.03333810272976,75.73543523085092,74.82990242830986,0.3559425071213127,1.253425818760448,False,True,2025,0.8974833116391352
2022-09-30,EXXO34,LSTM,54.085933685302734,54.08609402357246,54.28256856604161,54.26529874659568,54.9805613750408,0.0001603382697226,0.8946276897380656,False,False,2022,0.894467351468343
2024-11-21,EXXO34,LSTM,86.46711730957031,85.68965814817591,86.31032175257232,84.12393081399648,84.80268099308694,0.777459161394404,1.6644363164833749,False,True,2024,0.8869771550889709
2024-04-25,EXXO34,LSTM,74.71658325195312,75.25755328633852,76.00782389774479,75.04721686819796,76.14328498147202,0.5409700343853956,1.4267017295188964,False,True,2024,0.8857316951335008
2021-09-23,EXXO34,LSTM,33.345550537109375,33.244676297260185,33.50996774819593,32.39090822838162,32.36103781494764,0.1008742398491904,0.9845127221617388,False,True,2021,0.8836384823125484
2023-10-20,EXXO34,LSTM,65.93033599853516,66.12163847258148,65.68343704297898,67.08986746681562,67.00034787362259,0.1913024740463242,1.070011875087431,False,True,2023,0.8787094010411068
2025-01-13,EXXO34,LSTM,80.87035369873047,81.3000097470358,81.01743240584295,80.3057675159332,79.56471267539014,0.4296560483053326,1.3056410233403284,False,False,2025,0.8759849750349957
2024-04-24,EXXO34,LSTM,74.75489807128906,75.1741348339657,74.74040194974644,74.47728798778742,73.46364422955288,0.4192367626766327,1.2912538417361787,False,False,2024,0.8720170790595461
2023-05-31,EXXO34,LSTM,60.75034713745117,61.548320367285385,62.33656116167069,61.29934186770488,62.41510244670718,0.7979732298342128,1.6647553092560088,False,False,2023,0.866782079421796
2025-11-25,EXXO34,LSTM,78.30999755859375,78.56434576660706,77.8886328680517,77.93706761020485,77.18919157990734,0.2543482080133117,1.1208059786864055,False,True,2025,0.8664577706730938
2025-08-18,EXXO34,LSTM,71.79022979736328,72.16049877659248,71.51830884518391,71.2152228226263,70.55932043467885,0.3702689792291949,1.2309093626844287,False,True,2025,0.8606403834552339
2024-01-12,EXXO34,LSTM,58.15519714355469,58.52652201453526,58.43020046707476,57.42065764152444,56.93241221446695,0.3713248709805725,1.2227849290877373,False,False,2024,0.8514600581071647
2021-02-18,EXXO34,LSTM,30.263303756713867,30.235107199008866,30.24831365267929,29.55735314753143,29.384403118657232,0.0281965577050016,0.8789006380566349,False,False,2021,0.8507040803516333
2022-04-08,EXXO34,LSTM,45.75113677978516,45.386516327403854,45.055543524330666,45.2727122016231,44.5477281887006,0.3646204523813097,1.2034085910845604,False,True,2022,0.8387881387032508
2022-05-17,EXXO34,LSTM,51.41606903076172,50.89821204997367,50.41211070196978,50.88557903734965,50.074047595857465,0.5178569807880535,1.342021434904254,False,True,2022,0.8241644541162005
2023-01-20,EXXO34,LSTM,67.76943969726562,67.11459047629592,67.21088656392438,66.57806563578974,66.29169344386,0.6548492209697088,1.477746253405627,False,False,2023,0.8228970324359182
2022-02-25,EXXO34,LSTM,44.81570053100586,44.72451908788133,45.17277861930653,43.47613614652739,43.90189295423588,0.0911814431245261,0.9138075767699833,False,True,2022,0.8226261336454571
2023-11-21,EXXO34,LSTM,60.91542816162109,60.440461612408455,60.38938067979276,60.0823790556134,59.619457868781616,0.4749665492126311,1.2959702928394703,False,False,2023,0.8210037436268391
2024-04-15,EXXO34,LSTM,73.95985412597656,73.47018602107357,73.25933934510202,73.44458473375302,72.64934571771754,0.4896681049029894,1.3105084082590253,False,False,2024,0.8208403033560359
2024-01-02,EXXO34,LSTM,59.868446350097656,58.75221051360245,58.65712977334638,57.95403196995724,57.93273598863843,1.116235836495207,1.935710361459229,False,False,2024,0.8194745249640221
2023-04-12,EXXO34,LSTM,66.61621856689453,66.81865309435625,67.26011780480552,67.6700461533096,67.63598114865853,0.2024345274617189,1.0197625817639988,False,True,2023,0.81732805430228
2025-09-03,EXXO34,LSTM,75.61625671386719,75.78394394596774,74.9674989396968,77.41368190402176,76.59760804093186,0.1676872321005476,0.9813513270646724,False,True,2025,0.8136640949641248
2025-03-11,EXXO34,LSTM,77.84204864501953,78.41165099310547,77.79492394423801,79.6499438206564,79.22298107874984,0.5696023480859367,1.3809324337303082,False,True,2025,0.8113300856443715
2025-05-07,EXXO34,LSTM,73.50495147705078,73.98420941014751,73.26119013842985,73.36838257892431,72.21867228322432,0.4792579330967328,1.2862791938264593,False,True,2025,0.8070212607297265
2021-02-17,EXXO34,LSTM,30.544666290283203,30.100182315244936,30.224856051653287,29.37348443677301,29.298155872272165,0.444483975038267,1.246510418011038,False,True,2021,0.802026442972771
2025-09-29,EXXO34,LSTM,75.08955383300781,75.79268410296424,75.17531913887296,77.21812291747385,76.58862764776921,0.7031302699564321,1.4990738147614024,False,True,2025,0.7959435448049703
2024-07-16,EXXO34,LSTM,75.79388427734375,75.65750060032815,75.06151486286795,75.86102866899562,74.8655308776635,0.1363836770156012,0.9283533996802475,False,True,2024,0.7919697226646464
2025-05-08,EXXO34,LSTM,73.71101379394531,73.77225802324278,74.29379924180635,73.44562828971509,74.55750532722602,0.0612442292974719,0.8464915332807124,False,True,2025,0.7852473039832405
2023-03-21,EXXO34,LSTM,65.30180358886719,63.84374408445399,64.35669012459951,62.25555444853914,63.06628238435656,1.4580595044131996,2.2355212045106327,False,True,2023,0.7774617000974331
2024-05-09,EXXO34,LSTM,72.94447326660156,72.83136516008017,73.4571087953197,71.45591428154746,72.06792463402525,0.1131081065213948,0.8765486325763163,False,True,2024,0.7634405260549215
2024-09-19,EXXO34,LSTM,76.57550811767578,76.65265570146732,76.22386986289186,75.81863621089113,75.74786369282896,0.0771475837915431,0.8276444248468238,False,False,2024,0.7504968410552807
2025-05-09,EXXO34,LSTM,74.19182586669922,73.64123821995508,73.4647531154718,73.53695429397612,72.89503928537974,0.550587646744134,1.2967865813194803,False,False,2025,0.7461989345753464
2026-01-05,EXXO34,LSTM,84.33999633789062,83.118019156576,82.42162899893177,82.50363141680009,82.39312554830865,1.221977181314628,1.946870789581979,False,True,2026,0.7248936082673509
2023-09-15,EXXO34,LSTM,67.28260803222656,67.81644984861362,68.64691254608063,68.06613796030216,68.53209253873074,0.5338418163870529,1.2494845065041744,False,False,2023,0.7156426901171216
2026-01-09,EXXO34,LSTM,83.30000305175781,83.42799548018479,84.01875494792979,83.00546507621505,84.13978522055191,0.1279924284269782,0.8397821687941018,False,True,2026,0.7117897403671236
2025-09-16,EXXO34,LSTM,75.66594696044922,75.4773058051079,76.0270359203233,74.23300874949445,74.7665193714308,0.1886411553413154,0.8994275890184156,False,True,2025,0.7107864336771001
2024-11-08,EXXO34,LSTM,84.17394256591797,84.11489752361649,83.24768631582465,83.88737893972456,83.41071000297198,0.0590450423014772,0.7632325629459871,False,True,2024,0.7041875206445098
2024-02-01,EXXO34,LSTM,59.56386947631836,58.8989435094125,59.595204268672425,60.35272818314032,60.92420103169864,0.6649259669058551,1.3603315553802844,False,True,2024,0.6954055884744292
2023-07-07,EXXO34,LSTM,59.06727600097656,59.45794981393749,59.91490477213154,59.417448726795946,60.14869252582247,0.3906738129609266,1.0814165248459062,False,True,2023,0.6907427118849796
2023-09-11,EXXO34,LSTM,66.45044708251953,66.34719024546189,65.88514080422723,67.70779292861405,67.23994263257715,0.1032568370576427,0.7894955500576231,False,True,2023,0.6862387129999804
2023-01-25,EXXO34,LSTM,66.19683074951172,67.44533886133797,67.81077117687511,67.46675074784883,68.13096308746348,1.2485081118262542,1.934132337951766,False,True,2023,0.6856242261255119
2024-02-07,EXXO34,LSTM,60.43001174926758,59.79362550118242,59.39745826202108,59.93373749540262,59.11253931133272,0.6363862480851594,1.3174724379348604,False,False,2024,0.6810861898497009
2022-11-10,EXXO34,LSTM,67.71063232421875,66.69879324359715,67.16267907622516,65.17410657833715,66.02758247778716,1.0118390806215984,1.6830498464315866,False,True,2022,0.6712107658099882
2021-11-05,EXXO34,LSTM,39.27549743652344,39.71112582264499,40.02507773212659,39.81307646339027,40.38226233427367,0.4356283861215502,1.1067648977502316,False,True,2021,0.6711365116286814
2024-11-15,EXXO34,LSTM,85.258056640625,85.130721496614,84.2802945569522,85.26889908991615,84.46448445089175,0.1273351440109991,0.7935721897332542,False,True,2024,0.6662370457222551
2022-09-29,EXXO34,LSTM,54.69147491455078,54.16966984004705,53.63054275052753,54.252901220845104,53.50925037062604,0.5218050745037317,1.1822245439247467,False,True,2022,0.660419469421015
2022-06-02,EXXO34,LSTM,52.91975021362305,53.19874623084064,53.72990350408386,53.49327245617413,53.85766735380125,0.2789960172175938,0.9379171401782074,False,True,2022,0.6589211229606136
2023-11-17,EXXO34,LSTM,61.220001220703125,60.95406708370393,61.4901747540654,59.45510210556046,60.29839601283453,0.2659341369991921,0.9216052078685948,False,True,2023,0.6556710708694027
2022-07-05,EXXO34,LSTM,51.78857803344727,51.8555249542469,51.33340150238464,53.37760529502125,52.511092748912766,0.06694692079963,0.7225147154654934,False,True,2022,0.6555677946658633
2022-04-07,EXXO34,LSTM,45.35087203979492,45.40682145601056,45.89564625802349,44.55616221926119,44.64047991856248,0.0559494162156397,0.7103921212324451,False,True,2022,0.6544427050168053
2025-01-16,EXXO34,LSTM,81.83563995361328,81.37667960120825,81.09567789023468,81.49917183633256,80.72483025122457,0.4589603524050289,1.110809702388707,False,True,2025,0.6518493499836779
2023-01-17,EXXO34,LSTM,66.47434997558594,67.15210504626145,67.70880695392547,66.89646425054943,67.79820940810089,0.6777550706755164,1.3238594325149506,False,True,2023,0.6461043618394342
2025-12-15,EXXO34,LSTM,79.44999694824219,79.68082085099059,79.0527185262326,80.97766968351938,80.32598197026856,0.2308239027483978,0.8759850220263701,False,True,2025,0.6451611192779723
2022-09-08,EXXO34,LSTM,56.37047576904297,57.31795281426673,57.40562334931522,57.18462131739765,57.96278184139066,0.9474770452237636,1.5923060723476894,False,False,2022,0.6448290271239258
2022-05-31,EXXO34,LSTM,51.57051849365234,52.74456505600756,53.36414583616739,52.77508211897302,53.38772504621694,1.1740465623552223,1.8172065525646064,False,True,2022,0.6431599902093841
2021-03-16,EXXO34,LSTM,35.45142364501953,36.01205430367375,36.027299776206895,36.79894959809448,36.64899984446165,0.5606306586542189,1.1975761994421177,False,True,2021,0.6369455407878988
2024-08-27,EXXO34,LSTM,78.43636322021484,78.62713662295153,77.81588563173052,78.86137508139231,77.61193297603658,0.1907734027366814,0.8244302441782594,False,True,2024,0.633656841441578
2023-09-26,EXXO34,LSTM,68.82400512695312,68.21152145518784,67.7573194232312,68.23043054416834,67.5870140916112,0.6124836717652897,1.23699103534193,False,True,2023,0.6245073635766403
2021-11-25,EXXO34,LSTM,39.205352783203125,39.327215458469055,39.66740561701232,39.44564444279023,39.94806357531019,0.1218626752659304,0.7427107921070615,False,True,2021,0.6208481168411311
2025-06-02,EXXO34,LSTM,72.0374755859375,72.56459947097301,73.21666059367692,72.04279448421698,73.18302661976702,0.5271238850355076,1.1455510338295198,False,True,2025,0.6184271487940123
2024-07-15,EXXO34,LSTM,75.88059997558594,75.75710949700738,76.30973937876645,74.60094066051728,75.13895437377039,0.1234904785785602,0.7416456018155486,False,True,2024,0.6181551232369884
2026-01-12,EXXO34,LSTM,83.47000122070312,83.4328041143765,83.41873212252594,83.36600687713596,82.82636023037152,0.03719710632663,0.6436409903316047,False,False,2026,0.6064438840049747
2024-07-03,EXXO34,LSTM,76.56473541259766,76.2758950849643,76.01703307114798,77.55192323715333,77.45717069275541,0.288840327633352,0.8924352801577555,False,False,2024,0.6035949525244035
2024-01-23,EXXO34,LSTM,57.5841178894043,57.13287199267359,57.014552972042495,56.96780690853856,56.5320411144947,0.4512458967307111,1.0520767749095938,False,False,2024,0.6008308781788827
2021-03-31,EXXO34,LSTM,33.71210479736328,34.26094140569052,34.17274310971184,34.85318670619689,34.85485802226491,0.5488366083272354,1.1427532249016252,False,True,2021,0.5939166165743899
2021-02-09,EXXO34,LSTM,29.11654090881348,29.062950375058666,29.114760873177936,30.05941486595268,29.763577578841065,0.0535905337548179,0.6470366700275818,False,True,2021,0.5934461362727639
2025-11-24,EXXO34,LSTM,77.83999633789062,78.50018248891604,78.50018248891604,78.8188023456098,79.09257086611802,0.6601861510254139,1.2525745282273988,False,False,2025,0.5923883772019849
2023-05-01,EXXO34,LSTM,68.78829956054688,68.22350176483712,67.73596449853359,68.47181328336058,67.63386446290436,0.564797795709751,1.1544350976425193,False,False,2023,0.5896373019327683
2024-08-02,EXXO34,LSTM,80.26481628417969,80.18425183019804,79.69311219544683,80.96950080582324,80.92362077895223,0.0805644539816512,0.6588044947725393,False,True,2024,0.5782400407908881
2023-11-20,EXXO34,LSTM,60.43952560424805,60.63272700815605,61.2776871935342,60.96940004023614,61.2000025835976,0.1932014039080059,0.7604769793495478,False,True,2023,0.567275575441542
2023-03-06,EXXO34,LSTM,68.14505004882812,68.1490453270469,68.24682565162368,67.85818957390833,67.57963538335905,0.003995278218781,0.5654146654690777,False,False,2023,0.5614193872502967
2024-06-11,EXXO34,LSTM,72.4792251586914,72.75981350882421,73.52006845046908,73.09156942852782,73.31607850560982,0.2805883501328026,0.8368533469184172,False,True,2024,0.5562649967856146
2024-10-15,EXXO34,LSTM,82.83646392822266,82.68374583048615,81.94430810880817,83.72389123645964,83.54467838817406,0.1527180977365105,0.7082144599514066,False,True,2024,0.5554963622148962
2024-08-26,EXXO34,LSTM,78.7852554321289,78.60422853731723,79.28086516898507,77.76565018844467,78.04878031690431,0.18102689481168,0.736475115224593,False,True,2024,0.555448220412913
2021-11-24,EXXO34,LSTM,39.59251403808594,39.34102351346428,39.16355078134515,39.26112011986468,38.78954538800278,0.2514905246216585,0.8029686500831588,False,True,2021,0.5514781254615002
2023-07-10,EXXO34,LSTM,59.913516998291016,59.38836392408393,59.66392145182076,58.899714992870166,58.83864588158177,0.5251530742070827,1.0748711167092466,False,False,2023,0.5497180425021639
2023-05-26,EXXO34,LSTM,61.44614028930664,61.45756513613509,61.408004388604375,61.915566595944064,62.0024908714089,0.0114248468284472,0.5563505821022616,False,False,2023,0.5449257352738144
2023-08-01,EXXO34,LSTM,59.86649703979492,58.56353611506239,58.09153868913332,59.0229007854534,58.02189501899251,1.3029609247325311,1.8446020208024123,False,False,2023,0.5416410960698812
2023-09-25,EXXO34,LSTM,68.05804443359375,68.22235120107666,68.46451623123379,67.14577786147262,67.35213428460249,0.1643067674829126,0.7059101489912649,False,False,2023,0.5416033815083523
2022-09-07,EXXO34,LSTM,57.29713821411133,57.29252690300416,56.30294850283171,57.30534033078078,56.75428710449519,0.004611311107169,0.5428511096161373,False,True,2022,0.5382397985089683
2024-11-28,EXXO34,LSTM,86.203857421875,86.35282142989513,86.1811266295998,85.65331285818823,85.5201640670578,0.1489640080201297,0.6836933548171942,False,False,2024,0.5347293467970644
2023-04-18,EXXO34,LSTM,67.52978515625,67.21641278935738,67.60565724489864,66.33920398573827,66.68244168284421,0.3133723668926222,0.8473434734057861,False,True,2023,0.5339711065131638
2022-04-29,EXXO34,LSTM,47.09133529663086,47.00358983716302,46.95659379750657,48.060021913391566,47.70965220980399,0.0877454594678397,0.6183169131731319,False,True,2022,0.5305714537052921
2025-04-01,EXXO34,LSTM,82.7090072631836,82.61835975633221,82.43602958969147,83.56328278348431,83.32608328419504,0.0906475068513827,0.6170760210114423,False,False,2025,0.5264285141600596
2023-12-14,EXXO34,LSTM,59.2402572631836,58.348618027878445,58.81594748698095,57.79758284998138,57.827228368498986,0.8916392353051563,1.413028894684615,False,True,2023,0.5213896593794587
2024-07-22,EXXO34,LSTM,77.23922729492188,76.76455963599938,76.21811582933704,78.14404866631098,78.2266091895003,0.4746676589224989,0.9873818945784194,False,True,2024,0.5127142356559204
2021-04-06,EXXO34,LSTM,33.74620056152344,34.43981021487292,34.78084762757415,34.30719755085695,34.951807220283754,0.6936096533494833,1.205606658760317,False,True,2021,0.5119970054108336
2022-03-21,EXXO34,LSTM,45.66120147705078,46.18322755699654,46.62959332781546,44.53767090130915,44.6342742127851,0.5220260799457606,1.0269272642656802,False,True,2022,0.5049011843199196
2023-07-26,EXXO34,LSTM,58.27745819091797,58.24207479176397,58.24207479176397,58.61490228487597,58.81362920508221,0.035383399154,0.5361710141642391,False,False,2023,0.500787615010239
2023-02-07,EXXO34,LSTM,68.26895904541016,67.3824241775036,67.93029836326438,66.73560365946733,66.88363446577578,0.8865348679065619,1.3853245796343714,False,True,2023,0.4987897117278095
2025-04-21,EXXO34,LSTM,76.16412353515625,75.00918629844125,74.41487919522952,75.69675881313303,74.51322915843956,1.154937236715,1.6508943767166926,False,True,2025,0.49595714000169266
2022-08-26,EXXO34,LSTM,56.89802932739258,56.12422485461241,55.57148593500801,58.37472272187984,58.16724335433123,0.7738044727801707,1.2692140269386485,False,True,2022,0.49540955415847776
2024-06-12,EXXO34,LSTM,72.4503173828125,72.87499371236026,72.38419603647388,72.57203659339727,71.53438551613482,0.4246763295477649,0.9159318666776812,False,True,2024,0.4912555371299163
2022-02-08,EXXO34,LSTM,46.83727264404297,45.95646588635009,45.86136799801907,48.18701821882518,48.20137141929268,0.8808067576928806,1.3640987752497082,False,True,2022,0.4832920175568276
2025-09-18,EXXO34,LSTM,75.38768768310547,75.3508160241596,75.3508160241596,75.65268793324455,75.90685603143866,0.0368716589458699,0.5191683483331957,False,False,2025,0.4822966893873258
2022-12-16,EXXO34,LSTM,64.59648895263672,65.04638246390346,64.45675550649678,64.71892806254891,63.665176263710045,0.4498935112667368,0.931312688926674,False,True,2022,0.48141917765993714
2023-01-26,EXXO34,LSTM,68.56497192382812,67.49431779307815,68.0842460372275,66.73156373138406,67.0140209643953,1.070654130749972,1.550950959432825,False,True,2023,0.48029682868285306
2022-11-18,EXXO34,LSTM,69.5547866821289,69.4702691660051,68.84017189755133,70.31623519766343,70.119081588041,0.0845175161238103,0.5642949059120923,False,True,2022,0.479777389788282
2025-11-26,EXXO34,LSTM,76.93000030517578,78.5961642720365,78.76511696638401,78.40859050636654,79.07395940889829,1.6661639668607222,2.1439591037225085,False,False,2025,0.4777951368617863
2025-12-01,EXXO34,LSTM,77.86000061035156,78.14334261985312,78.04129897451094,77.36074111356261,77.10154252783856,0.2833420095015526,0.7584580825130018,False,False,2025,0.47511607301144926
2025-10-20,EXXO34,LSTM,74.95043182373047,75.41484515540321,74.76622034835084,75.15036142606318,74.0121731552247,0.4644133316727448,0.9382586685057674,False,True,2025,0.47384533683302266
2024-03-04,EXXO34,LSTM,61.8136100769043,62.12581308415895,62.12581308415895,62.59476055622864,62.59921996742904,0.3122030072546522,0.7856098905247393,False,False,2024,0.47340688327008706
2025-03-12,EXXO34,LSTM,77.67523956298828,78.50582179918592,79.14387596028641,77.95904572361856,78.9739826629621,0.8305822361976425,1.2987430999738194,False,True,2025,0.46816086377617694
2024-02-19,EXXO34,LSTM,61.11434173583984,60.85899594858222,61.00275759224916,61.41442712134869,61.83710255230677,0.2553457872576175,0.7227608164669306,False,False,2024,0.4674150292093131
2022-11-04,EXXO34,LSTM,64.71961975097656,65.86834934196008,66.54314811389443,65.71328509326031,66.33416657424772,1.1487295909835211,1.614546823271155,False,True,2022,0.46581723228763394
2025-12-17,EXXO34,LSTM,81.0,79.94885061239063,80.50355646831392,78.62305606283392,79.48307959489449,1.051149387609371,1.516920405105509,False,True,2025,0.46577101749613803
2023-06-13,EXXO34,LSTM,60.740943908691406,61.18918968965903,61.67266134432676,60.92882799102148,61.65394533268349,0.4482457809676248,0.9130014239920854,False,True,2023,0.4647556430244606
2022-05-19,EXXO34,LSTM,50.76189041137695,51.40044860985131,51.80049770138871,51.25491015342442,51.85695707851137,0.6385581984743567,1.095066667134418,False,True,2022,0.45650846866006134
2024-01-15,EXXO34,LSTM,58.364593505859375,58.35179368704689,58.87924648378317,58.20283534935458,58.826968918222455,0.012799818812482,0.4623754123630803,False,True,2024,0.4495755935505983
2025-02-25,EXXO34,LSTM,77.62616729736328,77.82145305981874,77.19376949358379,78.48861402452616,78.26906064558456,0.1952857624554553,0.6428933482212784,False,True,2025,0.44760758576582316
2023-09-18,EXXO34,LSTM,67.41499328613281,68.07250445984312,67.26043543534968,67.71450543969043,66.31146935818185,0.6575111737103043,1.1035239279509597,False,True,2023,0.44601275424065534
2025-07-25,EXXO34,LSTM,76.84589385986328,76.15017922582797,76.42176102385973,75.43543704677984,75.70643229594091,0.695714634035312,1.1394615639223673,False,True,2025,0.44374692988705533
2025-12-03,EXXO34,LSTM,78.41999816894531,77.98383217492744,78.64317383174443,76.91473184320591,77.5418107563825,0.4361659940178697,0.8781874125628093,False,True,2025,0.4420214185449396
2021-04-09,EXXO34,LSTM,33.92951202392578,34.31388410697767,34.19954603190261,32.78842670271699,33.10502048242095,0.3843720830518862,0.824491541504834,False,False,2021,0.44011945845294775
2023-12-04,EXXO34,LSTM,60.18253707885742,60.23972951203791,59.80096555085175,59.81375988157336,59.68739723000575,0.0571924331804893,0.4951398488516716,False,True,2023,0.43794741567118234
2024-03-05,EXXO34,LSTM,62.445838928222656,62.28618258229591,62.28618258229591,61.86951722147862,61.84983169899633,0.1596563459267486,0.5960072292263234,False,False,2024,0.43635088329957483
2021-05-18,EXXO34,LSTM,34.49311447143555,35.01146240180549,35.10955616664072,35.61537552728258,35.44769856206611,0.5183479303699414,0.9545840906305614,False,True,2021,0.43623616026061995
2021-11-08,EXXO34,LSTM,40.11824417114258,39.73069185592127,40.01969385697537,39.34695918190763,39.29610271670344,0.3875523152213134,0.8221414544391408,False,True,2021,0.4345891392178274
2024-04-23,EXXO34,LSTM,74.18016052246094,75.07335473561102,75.9103579213277,75.14036771695805,75.50038899914702,0.8931942131500819,1.3202284766860828,False,True,2024,0.42703426353600094
2025-09-17,EXXO34,LSTM,75.91439056396484,75.35859135863052,75.0965182873224,75.5982833145532,74.93200592064407,0.5557992053343241,0.9823846433207706,False,False,2025,0.42658543798644644
2024-11-26,EXXO34,LSTM,83.80523681640625,86.34888990709032,86.87994666326134,85.72339696357017,86.77351517960554,2.5436530906840744,2.968278363199289,False,False,2024,0.42462527251521465
2025-07-17,EXXO34,LSTM,76.27322387695312,77.47880691678733,78.2410051100436,77.16424685552086,77.90110045572717,1.2055830398342096,1.6278765787740497,False,True,2025,0.4222935389398401
2022-04-13,EXXO34,LSTM,45.64770126342773,45.640600017752206,46.024614432657096,45.08052706001111,45.22835495722275,0.0071012456755212,0.4193463062049787,False,True,2022,0.41224506052945753
2025-06-09,EXXO34,LSTM,72.27442932128906,71.8147466273557,71.9934309900941,71.65523499574563,71.4034090959481,0.4596826939333596,0.8710202253409562,False,False,2025,0.41133753140759666
2022-05-18,EXXO34,LSTM,51.02992630004883,51.16695123970135,50.86778596924929,51.519116370458526,51.575420342621335,0.1370249396525196,0.545494042572507,False,True,2022,0.4084691029199874
2024-01-09,EXXO34,LSTM,58.02194213867188,59.0002808314718,59.51998116469017,58.595785888042265,59.40683244155552,0.978338692799916,1.3848903028836403,False,True,2024,0.4065516100837243
2025-10-13,EXXO34,LSTM,75.81501770019531,75.68939649793879,75.85210071627192,75.69747903725204,76.34523796213308,0.125621202256525,0.5302202619377709,False,False,2025,0.40459905968124593
2025-11-21,EXXO34,LSTM,78.94999694824219,78.37080339986971,77.98783868637668,78.5118065013777,77.96794357501078,0.5791935483724728,0.982053373231409,False,False,2025,0.4028598248589361
2024-02-28,EXXO34,LSTM,62.244667053222656,61.52113507377027,61.27963210626702,61.50304027714531,61.11898157811288,0.7235319794523889,1.1256854751097762,False,True,2024,0.40215349565738734
2025-02-10,EXXO34,LSTM,78.0232162475586,78.17777182152827,78.17777182152827,77.09163493367883,77.47040467553816,0.1545555739696738,0.5528115720204312,False,False,2025,0.3982559980507574
2025-10-28,EXXO34,LSTM,76.44108581542969,76.34725583550664,76.34725583550664,76.84912339844958,76.93136994525406,0.0938299799230435,0.4902841298243743,False,False,2025,0.3964541499013308
2025-03-17,EXXO34,LSTM,79.20597839355469,78.55515157548086,78.69505116160784,78.43118234890244,78.15882876855287,0.6508268180738241,1.047149625001822,False,False,2025,0.3963228069279978
2022-04-27,EXXO34,LSTM,47.22624969482422,46.6523970175881,47.0942500357667,46.24254001722776,46.25749445274962,0.5738526772361183,0.9687552420746002,False,True,2022,0.39490256483848185
2023-04-26,EXXO34,LSTM,67.87470245361328,67.92909674808516,67.3895365047133,68.51838124954826,68.32312789194896,0.0543942944718764,0.4484254383356756,False,True,2023,0.3940311438637992
2022-02-17,EXXO34,LSTM,45.30590057373047,45.663134041177386,45.25017703412208,45.07375610332044,44.55663690833006,0.3572334674469175,0.7492636654004059,False,True,2022,0.3920301979534884
2024-02-27,EXXO34,LSTM,61.53582382202149,61.35753058245928,61.48802070342825,62.03574730253116,62.09927189500713,0.1782932395622154,0.5634480729856364,False,False,2024,0.38515483342342094
2023-01-04,EXXO34,LSTM,66.65011596679688,66.42371047475069,66.31137982657421,67.036827521851,67.25774567891106,0.2264054920461831,0.6076297121141891,False,True,2023,0.38122422006800605
2021-04-12,EXXO34,LSTM,33.972145080566406,34.268519390099385,34.65639082612291,34.288271153876934,34.64614274131834,0.2963743095329789,0.6739976607519367,False,True,2021,0.3776233512189578
2025-02-19,EXXO34,LSTM,77.20423889160156,77.39115769184241,77.39115769184241,76.6503326010793,76.64393446835426,0.1869188002408464,0.5603044232473025,False,False,2025,0.37338562300645606
2024-10-22,EXXO34,LSTM,83.65058135986328,83.81120028564214,84.56283838047513,83.44561167463137,84.18314650725692,0.1606189257788628,0.5325651473936404,False,True,2024,0.37194622161477753
2022-12-20,EXXO34,LSTM,64.24496459960938,64.78647372205035,65.32356416004991,64.40277254432517,65.15291236819864,0.5415091224409707,0.907947768589267,False,True,2022,0.36643864614829624
2024-02-02,EXXO34,LSTM,60.582298278808594,59.26244426553711,59.26244426553711,59.41126655175832,58.89733383299728,1.319854013271481,1.6849644458113175,False,False,2024,0.36511043253983644
2025-08-19,EXXO34,LSTM,73.15170288085938,71.94405864317832,71.3037949134561,71.73116274330059,71.58428091253577,1.207644237681052,1.5674219683236004,False,True,2025,0.3597777306425485
2022-08-11,EXXO34,LSTM,54.9575424194336,53.84078144709309,54.15269027068312,52.856151806972434,53.48114928099103,1.116760972340508,1.4763931384425746,False,True,2022,0.3596321661020665
2021-11-23,EXXO34,LSTM,39.298805236816406,39.459508363137445,39.83105617816338,38.52476976925693,38.778483057058814,0.1607031263210387,0.5203221797575921,False,True,2021,0.3596190534365534
2025-10-16,EXXO34,LSTM,74.70198822021484,75.68654846567074,75.84924656178748,75.49897587544112,76.04436020486433,0.9845602454558956,1.342371984649489,False,False,2025,0.35781173919359344
2025-11-19,EXXO34,LSTM,78.58000183105469,78.03735660744326,77.11852054605247,78.78205908161533,77.68012001412296,0.5426452236114301,0.8998818169317246,False,True,2025,0.35723659332029456
2022-07-08,EXXO34,LSTM,51.33429718017578,51.857114073700814,52.35726919266,51.98926840477171,52.21308195073364,0.5228168935250324,0.8787847705578571,False,True,2022,0.35596787703282473
2023-01-11,EXXO34,LSTM,66.40959930419922,67.00662322404742,67.59721805577419,66.48957430625086,67.35762296541978,0.5970239198481977,0.94802366122056,False,True,2023,0.35099974137236234
2021-12-22,EXXO34,LSTM,38.58234024047852,38.69346378534405,38.56622275871648,38.536003135931495,38.1214584313459,0.1111235448655278,0.4608818091326228,False,False,2021,0.349758264267095
2021-12-15,EXXO34,LSTM,38.537845611572266,38.48714783910015,38.549388111034666,38.547664073704574,38.93393448065739,0.0506977724721195,0.3960888690851263,False,False,2021,0.3453910966130068
2021-12-28,EXXO34,LSTM,38.787052154541016,38.9716409515687,38.69202782139661,38.8054847713321,38.25715451751687,0.1845887970276862,0.529897637024149,False,True,2021,0.34530883999646284
2024-04-22,EXXO34,LSTM,74.89860534667969,74.899036586683,75.5515009415808,74.76657824172557,75.24287570639196,0.0004312400033086,0.3442703597122687,False,True,2024,0.34383911970896014
2022-01-21,EXXO34,LSTM,43.815650939941406,43.745625373881325,43.480170086043614,44.52682379062856,44.226313842538026,0.0700255660600817,0.4106629025966199,False,True,2022,0.3406373365365382
2024-05-16,EXXO34,LSTM,72.73938751220703,73.00375366395701,72.42867259969321,73.25700379850613,72.13629060328418,0.2643661517499822,0.6030969089228506,False,True,2024,0.33873075717286844
2025-10-07,EXXO34,LSTM,75.6063232421875,75.6839893642125,75.6839893642125,75.24948979387368,75.19054614719074,0.0776661220249934,0.4157770949967556,False,False,2025,0.3381109729717622
2025-10-21,EXXO34,LSTM,75.28831481933594,75.31052049514972,75.47241027015616,74.92734582500346,75.64625623086717,0.0222056758137796,0.3579414115312289,False,False,2025,0.3357357357174493
2023-12-26,EXXO34,LSTM,58.65013122558594,58.840785864982365,59.23705701244014,58.87088960033346,59.17507543553032,0.1906546393964276,0.5249442099443797,False,True,2023,0.33428957054795216
2022-11-22,EXXO34,LSTM,70.66485595703125,69.82295565467712,70.51088504062622,68.55533880133,69.49571462507933,0.8419003023541336,1.16914133195192,False,True,2022,0.32724102959778634
2021-06-11,EXXO34,LSTM,34.59257888793945,34.80303493888459,34.897351942731134,34.22047299707632,34.0551474061171,0.2104560509451403,0.5374314818223525,False,False,2021,0.32697543087721215
2021-10-18,EXXO34,LSTM,38.037715911865234,37.56518510345831,37.429731494264416,37.473505358071925,37.239318983045024,0.4725308084069297,0.7983969288202104,False,True,2021,0.3258661204132807
2023-05-29,EXXO34,LSTM,61.70002365112305,61.49061417724556,61.39060219471978,61.22751828668256,61.16529250334333,0.2094094738774856,0.5347311477797163,False,False,2023,0.3253216739022307
2023-06-06,EXXO34,LSTM,61.07943344116211,61.19733392686032,61.08196139839507,61.04149029077181,60.63676426549284,0.1179004856982146,0.4426691756692733,False,True,2023,0.3247686899710587
2021-04-05,EXXO34,LSTM,34.29187774658203,34.410833292363094,34.12036783852181,35.40868110407852,34.733884243154215,0.1189555457810627,0.4420064965721835,False,True,2021,0.3230509507911208
2023-06-02,EXXO34,LSTM,61.474342346191406,61.30773645307716,61.89535464803751,60.82617211816631,60.98953706395051,0.1666058931142515,0.4848052822408988,False,True,2023,0.3181993891266473
2024-05-31,EXXO34,LSTM,73.89566802978516,72.58828147841928,72.67845994204616,71.58637906826442,72.27280376136434,1.3073865513658802,1.6228642684208126,False,False,2024,0.3154777170549323
2022-07-14,EXXO34,LSTM,51.18891906738281,51.32452945983647,50.838091236519936,51.71253887855036,51.638029893236144,0.1356103924536569,0.4491108258533316,False,True,2022,0.3135004333996747
2024-02-22,EXXO34,LSTM,62.12972259521485,61.02716141910509,60.90178363537122,61.20889205537354,60.713940609667,1.1025611761097664,1.4157819855478522,False,False,2024,0.3132208094380857
2021-06-16,EXXO34,LSTM,34.95146560668945,35.115931527463886,35.13062503379661,34.83663066913743,34.485501282400875,0.1644659207744325,0.4659643242885778,False,False,2021,0.3014984035141453
2021-01-06,EXXO34,LSTM,25.10928726196289,25.19699422616337,25.496266643670552,25.19699422616337,25.496266643670552,0.0877069642004784,0.3869793817076612,False,True,2021,0.2992724175071828
2021-12-16,EXXO34,LSTM,39.02734756469727,38.54901127913993,38.54901127913993,38.32588513026948,38.25277115669572,0.4783362855573401,0.7745764080015576,False,False,2021,0.2962401224442175
2023-07-25,EXXO34,LSTM,59.06727600097656,58.18440471807537,57.96493753796192,58.42107690460038,57.889589257798,0.882871282901192,1.177686743178569,False,True,2023,0.29481546027737693
2022-02-28,EXXO34,LSTM,44.81570053100586,44.58498872440134,44.74106744830123,44.502687206045,44.29026065372496,0.2307118066045177,0.5254398772809026,False,True,2022,0.29472807067638485
2023-03-24,EXXO34,LSTM,63.04582214355469,63.38855939100472,63.38855939100472,63.36612836764623,63.68240989485147,0.3427372474500316,0.6365877512967799,False,False,2023,0.2938505038467483
2025-10-31,EXXO34,LSTM,76.68952941894531,76.729361671991,76.57032733870497,76.46914279099546,77.02164412989353,0.039832253045688,0.3321147109482183,False,False,2025,0.2922824579025303
2021-05-10,EXXO34,LSTM,34.8375358581543,34.67880500962724,34.41122507652167,35.0511199658507,34.39329650384159,0.1587308485270568,0.4442393543127068,False,True,2021,0.28550850578565
2024-03-07,EXXO34,LSTM,63.47079849243164,62.53509905467968,62.35563417945193,62.88384591372618,62.25123072899846,0.935699437751964,1.219567763433183,False,False,2024,0.283868325681219
2025-03-05,EXXO34,LSTM,74.08387756347656,79.07909664218425,78.66156164866285,79.77479477237408,79.36220061053078,4.995219078707692,5.278323047054215,False,True,2025,0.2831039683465226
2025-07-16,EXXO34,LSTM,76.97425079345703,77.22290708992023,77.22290708992023,77.55688384380431,77.50195070771672,0.2486562964631957,0.527699914259685,False,False,2025,0.2790436177964893
2024-06-07,EXXO34,LSTM,72.49848937988281,72.64246632421464,72.64246632421464,72.14811157984549,72.07751733284601,0.1439769443318255,0.4209720470367983,False,True,2024,0.2769951027049728
2021-03-12,EXXO34,LSTM,36.77721786499024,35.51835152164276,35.81433809031938,35.05084417357251,35.243533183134254,1.258866343347485,1.5336846818559875,False,False,2021,0.27481833850850257
2023-03-03,EXXO34,LSTM,68.06117248535156,68.19053785512597,68.74905564313376,67.54365902886651,68.46397171088826,0.1293653697744048,0.4027992255366968,False,True,2023,0.27343385576229196
2024-06-03,EXXO34,LSTM,71.9974365234375,72.63747194878806,72.02750872030347,73.62061385300723,72.90769096774747,0.6400354253505611,0.9102544443099704,False,True,2024,0.27021901895940925
2021-09-24,EXXO34,LSTM,33.95127487182617,33.3704037652237,33.50545314467434,33.21595480250494,33.101304582542284,0.5808711066024728,0.8499702892838883,False,True,2021,0.2690991826814155
2021-12-23,EXXO34,LSTM,38.77369689941406,38.8153332530749,39.06946847686622,38.68987402694519,39.0760103591271,0.0416363536608344,0.3023134597130408,False,True,2021,0.2606771060522064
2025-04-25,EXXO34,LSTM,75.87957000732422,75.03032984234426,74.95322831024738,75.22501142955265,74.77473852873199,0.8492401649799604,1.1048314785922315,False,False,2025,0.25559131361227116
2022-04-18,EXXO34,LSTM,46.05245971679688,46.03938644902388,46.353904059507016,46.3640410545053,46.31881793412283,0.0130732677730023,0.2663582173259513,False,False,2022,0.253284949552949
2022-08-15,EXXO34,LSTM,53.65012741088867,53.767403340360886,53.23327259589033,54.17283448554704,53.281465671636816,0.1172759294722141,0.3686617392518556,False,True,2022,0.2513858097796415
2023-06-09,EXXO34,LSTM,61.540164947509766,61.35033826908671,61.35033826908671,62.02269072082967,61.98054261251323,0.18982667842306,0.4403776650034672,False,False,2023,0.2505509865804072
2024-06-20,EXXO34,LSTM,73.56805419921875,72.59450380978751,72.3481355511487,72.41938812331792,72.3444295712,0.9735503894312388,1.2236246280187544,False,False,2024,0.25007423858751554
2026-03-06,EXXO34,LSTM,98.63999938964844,99.59572260166723,100.72814372318908,99.0919473168546,99.84411843409968,0.9557232120188104,1.2041190444512324,False,True,2026,0.24839583243242203
2024-11-12,EXXO34,LSTM,84.27085876464844,84.40702721024127,84.43459530168879,84.17713086037394,84.6497101938512,0.1361684455928298,0.3788514292027685,False,False,2024,0.24268298360993867
2023-04-19,EXXO34,LSTM,68.78829956054688,67.24065717998701,66.94957748195678,67.54079223493049,66.99808742464289,1.5476423805598645,1.790212135903985,False,True,2023,0.24256975534412062
2022-08-16,EXXO34,LSTM,53.89784240722656,53.78607033446559,53.251754150214815,53.685092575020114,53.54385348542247,0.1117720727609707,0.3539889218040954,False,True,2022,0.2422168490431247
2024-08-28,EXXO34,LSTM,78.65926361083984,78.7654158128355,78.64528150562762,78.51292712478232,79.00744420165653,0.1061522019956555,0.3481805908166819,False,False,2024,0.2420283888210264
2022-04-20,EXXO34,LSTM,45.76462936401367,46.50589619832164,47.00522188483008,46.30227511861345,46.74576912524811,0.7412668343079645,0.981139761234438,False,True,2022,0.23987292692647355
2021-05-11,EXXO34,LSTM,33.622581481933594,34.82868786721201,34.55995144543864,35.051750049457794,35.06418718370973,1.2061063852784173,1.4416057017761332,False,True,2021,0.23549931649771594
2025-04-23,EXXO34,LSTM,74.85906982421875,75.0103575001167,74.40737856534008,75.42414339621948,74.47660242868143,0.1512876758979473,0.3824673955373185,False,True,2025,0.2311797196393712
2023-08-18,EXXO34,LSTM,64.41730499267578,63.32389048439654,62.92104525002213,63.80689864923375,63.09456862714484,1.0934145082792384,1.3227363655309432,False,False,2023,0.22932185725170484
2025-09-25,EXXO34,LSTM,76.88829040527344,75.24654295869357,75.1044394241266,75.65103151365369,75.01735912549472,1.6417474465798705,1.8709312797787163,False,False,2025,0.22918383319884583
2023-08-17,EXXO34,LSTM,64.0579605102539,63.10203805777735,63.63219868998209,62.8549015275821,62.87557716705744,0.9559224524765568,1.182383343196463,False,True,2023,0.22646089071990616
2025-06-06,EXXO34,LSTM,71.72151947021484,72.01050241047528,72.61073995532611,70.69749877751444,71.20709783800787,0.2889829402604391,0.5144216322069752,False,True,2025,0.22543869194653615
2025-03-14,EXXO34,LSTM,78.3719253540039,78.55691095773341,79.148955023952,77.37184089684092,77.96722242882663,0.1849856037295012,0.4047029251772756,False,True,2025,0.21971732144777437
2022-07-12,EXXO34,LSTM,52.07477951049805,51.54438258844141,51.053658488906656,51.64035981430691,51.327925125199705,0.5303969220566387,0.7468543852983416,False,True,2022,0.2164574632417029
2022-08-31,EXXO34,LSTM,57.0127182006836,57.18426040098837,57.45414927800423,56.73788123247921,57.40009856822873,0.1715422003047635,0.387380367545127,False,True,2022,0.2158381672403635
2021-11-09,EXXO34,LSTM,39.83293914794922,39.7968105760572,39.42845791627652,40.14755447295418,39.58160175972312,0.0361285718920214,0.2513373882260978,False,True,2021,0.2152088163340764
2023-07-06,EXXO34,LSTM,59.43397903442383,59.38867091306935,58.9784436825823,60.48621735175346,59.69438958148,0.0453081213544805,0.2604105470561748,False,True,2023,0.21510242570169427
2021-01-18,EXXO34,LSTM,27.4454345703125,27.64652705894494,27.861199290658902,27.64652705894494,27.861199290658902,0.2010924886324403,0.4157647203464059,False,True,2021,0.21467223171396557
2025-02-26,EXXO34,LSTM,77.85186004638672,78.02501513428172,78.17216611615012,77.73396647007237,78.23936104220925,0.1731550878949974,0.3875009958225348,False,False,2025,0.21434590792753738
2024-06-21,EXXO34,LSTM,72.84537506103516,72.6744654114002,72.48651554516742,73.26220637603728,73.23025061534412,0.1709096496349502,0.3848755543089623,False,False,2024,0.2139659046740121
2021-01-05,EXXO34,LSTM,24.48688316345215,25.183377716816608,25.396669778951225,25.183377716816608,25.396669778951225,0.6964945533644595,0.909786615499076,False,True,2021,0.2132920621346165
2021-05-17,EXXO34,LSTM,35.435760498046875,34.9263439011857,35.2389057800063,34.780661071523525,34.713333737776736,0.5094165968611719,0.7224267602701389,False,True,2021,0.21301016340896695
2024-07-30,EXXO34,LSTM,80.25518035888672,78.73602742189564,77.86449041859495,78.98811239801631,78.52383757507201,1.5191529369910768,1.7313427838147106,False,False,2024,0.21218984682363384
2024-12-03,EXXO34,LSTM,87.40316009521484,86.8482603765243,87.67183574509247,87.34292156672487,88.16927311097102,0.5548997186905495,0.7661130157561757,False,True,2024,0.2112132970656262
2022-11-23,EXXO34,LSTM,70.19306945800781,69.98623251908771,70.39685979670816,70.62903538677216,70.60825899824702,0.2068369389201052,0.4151895402392114,False,True,2022,0.20835260131910618
2021-06-15,EXXO34,LSTM,34.968772888183594,35.008738197027355,35.39244087180949,34.3768783601747,34.72733549640977,0.0399653088437617,0.2414373917738217,False,True,2021,0.20147208293006
2021-09-15,EXXO34,LSTM,32.51597595214844,32.791220674125825,33.05313267653972,31.81015792754019,32.03975604764878,0.275244721977387,0.4762199044996578,False,True,2021,0.2009751825222708
2025-11-12,EXXO34,LSTM,77.45474243164062,77.08120716562735,76.17876041439038,77.90454363926592,76.88193794933522,0.3735352660132776,0.5728044823054006,False,True,2025,0.19926921629212302
2022-06-21,EXXO34,LSTM,53.58755111694336,55.24143288161372,55.76076371713983,51.72693698134185,51.73886905995722,1.6538817646703592,1.848682056986135,False,True,2022,0.1948002923157759
2021-12-21,EXXO34,LSTM,38.66244888305664,38.66471516976876,39.03446476787059,37.93211580943739,38.46758090277021,0.0022662867121141,0.1948679802864319,False,True,2021,0.1926016935743178
2021-01-19,EXXO34,LSTM,27.9314193725586,27.899609165481635,28.155083720274888,27.899609165481635,28.155083720274888,0.0318102070769654,0.2236643477162871,False,True,2021,0.1918541406393217
2025-09-04,EXXO34,LSTM,75.78520202636719,76.17401601763663,76.28236763887003,75.69379736361327,76.36218289604957,0.3888139912694441,0.5769808696823873,False,False,2025,0.18816687841294316
2025-11-20,EXXO34,LSTM,78.58000183105469,78.21371790995488,78.24040375146807,78.41416068072358,79.13291856935096,0.3662839210998072,0.5529167382962754,False,False,2025,0.18663281719646824
2022-08-03,EXXO34,LSTM,54.67329788208008,55.3058412345452,54.67050052531959,56.20766222709984,55.49199580798182,0.6325433524651203,0.8186979259017448,False,True,2022,0.18615457343662456
2023-05-02,EXXO34,LSTM,64.5000991821289,68.34272699971041,67.77839561603861,68.75897872998476,68.52786007543112,3.842627817581501,4.027760893302215,False,True,2023,0.18513307572071414
2023-09-29,EXXO34,LSTM,69.73181915283203,69.08826651909567,68.85805593205053,70.41906646931726,70.56030388167918,0.6435526337363626,0.828484728847144,False,False,2023,0.18493209511078135
2021-05-06,EXXO34,LSTM,34.7394905090332,34.36804573511867,34.255028574215736,34.54098500921224,34.18718723061315,0.3714447739145328,0.5523032784200552,False,False,2021,0.18085850450552243
2021-03-11,EXXO34,LSTM,36.30828857421875,35.172923129697324,35.41305765872308,37.53646086424738,37.623289450706565,1.135365444521426,1.3150008764878152,False,True,2021,0.1796354319663891
2025-01-21,EXXO34,LSTM,82.23541259765625,82.0834972326013,82.16879987327121,82.6182084240589,82.56572459894505,0.1519153650549469,0.330312001288803,False,False,2025,0.1783966362338561
2020-12-30,EXXO34,LSTM,23.15255546569824,25.69179533223252,25.867777292034813,25.69179533223252,25.867777292034813,2.539239866534277,2.715221826336574,False,True,2020,0.17598195980229692
2020-12-29,EXXO34,LSTM,23.04597854614257,25.64469251595152,25.82035183399935,25.64469251595152,25.82035183399935,2.598713969808948,2.774373287856779,False,True,2020,0.1756593180478312
2022-12-21,EXXO34,LSTM,64.81849670410156,64.74351074252854,65.2333055702419,64.45781974310854,64.57293156216228,0.0749859615730201,0.2455651419392808,False,True,2022,0.1705791803662607
2024-02-16,EXXO34,LSTM,61.8136100769043,60.71567336822358,60.398428285746,61.28539784446201,60.54617248888372,1.09793670868072,1.2674375880205773,False,False,2024,0.16950087933985736
2024-05-10,EXXO34,LSTM,73.05941772460938,72.69659957522254,72.87759761924723,72.77722109750368,72.52741998128184,0.3628181493868396,0.5319977433275369,False,False,2024,0.16917959394069731
2023-08-22,EXXO34,LSTM,63.00828552246094,63.74869100750789,63.74869100750789,63.93292581651517,63.91708008646973,0.7404054850469493,0.9087945640087938,False,False,2023,0.16838907896184452
2026-02-17,EXXO34,LSTM,97.3000030517578,97.10512354273804,97.10512354273804,97.49554244544096,97.66309868788764,0.1948795090197563,0.3630956361298416,False,False,2026,0.1682161271100853
2023-01-24,EXXO34,LSTM,67.42715454101562,67.32533970465272,66.80761198654523,67.68705078271327,67.15772746137228,0.1018148363629052,0.26942707964335,False,True,2023,0.1676122432804448
2025-02-20,EXXO34,LSTM,78.3719253540039,77.34784902724459,77.34784902724459,77.18805140101347,77.18041214564154,1.0240763267593138,1.191513208362366,False,False,2025,0.16743688160305226
2026-03-13,EXXO34,LSTM,104.16999816894533,99.35002822376065,98.57613213183126,100.27293305258809,99.18614552909048,4.819969945184681,4.98385263985486,False,True,2026,0.16388269467017924
2021-04-01,EXXO34,LSTM,34.965431213378906,34.32617914483049,34.662293043187105,33.841487054355625,34.1622990653115,0.6392520685484158,0.8031321480674052,False,True,2021,0.16388007951898942
2025-07-07,EXXO34,LSTM,74.75270080566406,74.70077845637138,74.06373680186833,76.11372461451542,74.96161515096824,0.0519223492926812,0.2089143453041799,False,True,2025,0.1569919960114987
2023-10-19,EXXO34,LSTM,67.44336700439453,65.9926411849624,65.55540189324735,66.66380209614783,65.83636807995902,1.4507258194321366,1.6069989244355156,False,False,2023,0.156273105003379
2022-07-01,EXXO34,LSTM,52.81071853637695,51.7262206776424,52.06134465487177,50.93765154545423,51.57191929822771,1.0844978587345508,1.238799238149241,False,True,2022,0.15430137941469013
2025-02-11,EXXO34,LSTM,78.39154052734375,77.99577120874676,77.99577120874676,77.88690781343325,77.84214534360696,0.3957693185969901,0.5493951837367916,False,False,2025,0.15362586513980153
2025-11-05,EXXO34,LSTM,75.76531982421875,76.85883363165476,77.46760366483309,76.41335254391647,77.01158374119595,1.0935138074360111,1.246263916977199,False,True,2025,0.15275010954118784
2021-05-07,EXXO34,LSTM,34.87590789794922,34.5456878782291,34.9154393119443,34.84718391826484,35.35837117166847,0.3302200197201159,0.4824632737192544,False,True,2021,0.15224325399913852
2023-05-30,EXXO34,LSTM,61.5025634765625,61.5413318533233,61.0884822860259,61.71745498649373,61.31305551194416,0.0387683767607995,0.1895079646183433,False,True,2023,0.1507395878575438
2022-12-15,EXXO34,LSTM,64.47624206542969,65.09551618000603,65.75025821016638,65.06861747317309,65.24394378415485,0.6192741145763421,0.7677017187251636,False,True,2022,0.1484276041488215
2022-04-11,EXXO34,LSTM,44.20405960083008,45.51008068390291,45.16404571093887,45.74042502179745,45.6551724623448,1.3060210830728352,1.4511128615147229,False,True,2022,0.1450917784418877
2023-12-21,EXXO34,LSTM,58.85953140258789,58.60759032433907,58.65875699636113,58.97907560855398,59.253356675304005,0.2519410782488194,0.3938252727161142,False,False,2023,0.14188419446729483
2021-01-21,EXXO34,LSTM,27.53069305419922,28.33278158779396,28.4743625311852,28.33278158779396,28.4743625311852,0.8020885335947412,0.9436694769859776,False,True,2021,0.1415809433912364
2025-05-02,EXXO34,LSTM,74.4175033569336,75.01025431054177,75.1404491716835,73.62831194873216,73.68435969335975,0.5927509536081743,0.7331436635738413,False,False,2025,0.140392709965667
2025-02-24,EXXO34,LSTM,78.63685607910156,77.59732530307235,76.9870031273745,77.65443134844706,77.45884633149274,1.0395307760292098,1.1780097476088258,False,True,2025,0.13847897157961597
2023-06-27,EXXO34,LSTM,59.23652267456055,58.41232727143978,58.042394021173095,58.37541360147642,58.27406884104099,0.8241954031207683,0.9624538335195538,False,True,2023,0.1382584303987855
2024-04-18,EXXO34,LSTM,73.76826477050781,74.48553016254766,74.09654102691597,74.50488094039038,74.62289274656902,0.7172653920398488,0.8546279760612094,False,False,2024,0.1373625840213606
2021-02-05,EXXO34,LSTM,28.720081329345703,28.68297669316628,28.956448198500777,28.599018514931057,28.54713899357405,0.0371046361794213,0.1729423357716513,False,True,2021,0.13583769959223
2022-01-27,EXXO34,LSTM,44.90592193603516,44.43704325108587,44.3274698628338,44.709185221434176,44.30199910450844,0.4688786849492956,0.6039228315267238,False,False,2022,0.1350441465774282
2022-07-15,EXXO34,LSTM,51.57506561279297,50.90313419269779,50.73730313745937,50.70025364798666,50.76948838943645,0.6719314200951771,0.805577223356515,False,True,2022,0.1336458032613379
2021-03-25,EXXO34,LSTM,34.09150695800781,34.140388894909705,34.01933545975846,34.80176488864335,34.27280698961451,0.0488819369018926,0.1813000316066961,False,True,2021,0.1324180947048035
2021-01-22,EXXO34,LSTM,27.71826362609864,28.551415789545047,28.399441122383045,28.875970220445843,28.681417719123637,0.8331521634464067,0.9631540930249932,False,True,2021,0.13000192957858647
2021-01-28,EXXO34,LSTM,26.678083419799805,28.816563337130347,29.07386643266246,28.60144271156186,28.945704500113663,2.1384799173305424,2.267621080313859,False,True,2021,0.12914116298331635
2024-10-17,EXXO34,LSTM,82.51663208007812,83.28731197320496,83.28731197320496,83.32299843974134,83.40823730074928,0.7706798931268395,0.8916052206711527,False,False,2024,0.12092532754431318
2021-04-28,EXXO34,LSTM,33.18347930908203,33.90672384170048,34.26345817084326,33.49198304785282,34.027447730518034,0.7232445326184518,0.8439684214360028,False,True,2021,0.12072388881755103
2022-05-12,EXXO34,LSTM,50.31215286254883,50.311014353578,50.75883939586884,50.41230639955609,50.433962381726055,0.0011385089708255,0.1218095191772263,False,True,2022,0.1206710102064008
2021-10-15,EXXO34,LSTM,37.647064208984375,37.37671966380748,37.47846100523716,37.41948529696129,37.25986010512872,0.2703445451768971,0.3872041038556588,False,False,2021,0.11685955867876169
2023-03-28,EXXO34,LSTM,65.18992614746094,63.392243258829694,63.392243258829694,63.72950253940207,63.2829988921679,1.7976828886312433,1.9069272552930343,False,False,2023,0.10924436666179105
2025-10-30,EXXO34,LSTM,76.65972137451172,76.64716601608109,75.73928637409557,77.84229463656771,76.53905617571935,0.0125553584306317,0.1206651987923663,False,True,2025,0.1081098403617346
2024-05-20,EXXO34,LSTM,72.84537506103516,73.27728858917953,73.29148013953869,73.32549762308251,73.38521531981057,0.4319135281443778,0.5398402587754134,False,False,2024,0.10792673063103564
2022-09-12,EXXO34,LSTM,56.976016998291016,57.252922744146304,57.86890672750369,56.878790968676135,57.36074832420553,0.2769057458552879,0.3847313259145153,False,False,2022,0.10782558005922743
2023-08-28,EXXO34,LSTM,62.88535690307617,63.3534336596988,63.3534336596988,62.31757552101912,62.31480115301013,0.4680767566226222,0.5705557500660419,False,False,2023,0.10247899344341965
2023-12-11,EXXO34,LSTM,58.51688003540039,59.01789271217285,59.01789271217285,58.314663313932975,57.915360648527866,0.5010126767724614,0.6015193868725248,False,False,2023,0.1005067101000634
2021-04-14,EXXO34,LSTM,34.556175231933594,34.26617311713943,34.485491237375655,34.29361137995785,34.173792019285514,0.2900021147941629,0.3823832126480795,False,True,2021,0.09238109785391663
2025-11-10,EXXO34,LSTM,77.53424072265625,76.84649731797197,76.64573802668717,77.48900362644858,76.75687342718486,0.6877434046842836,0.777367295471393,False,False,2025,0.08962389078710942
2023-07-20,EXXO34,LSTM,58.28685760498047,58.55936983597462,59.26947256357157,57.5541962437825,57.92739505210324,0.2725122309941525,0.3594625528772255,False,True,2023,0.086950321883073
2022-11-03,EXXO34,LSTM,65.33891296386719,65.61327503169241,65.61327503169241,65.73600721189136,65.6983612688588,0.2743620678252227,0.3594483049916164,False,False,2022,0.08508623716639369
2023-12-13,EXXO34,LSTM,57.68881988525391,58.59801691152501,59.13155306026899,57.89751467199998,58.68204175647544,0.9091970262710944,0.9932218712215288,False,True,2023,0.08402484495043439
2025-05-26,EXXO34,LSTM,73.06431579589844,73.85372619264945,74.3821973798981,71.65554059604716,72.19237486707875,0.7894103967510091,0.8719409288196829,False,True,2025,0.08253053206867378
2021-11-10,EXXO34,LSTM,39.37446212768555,39.84734638050912,39.63889725494164,39.8129204948831,39.9282000166051,0.4728842528235759,0.5537378889195566,False,True,2021,0.08085363609598067
2025-10-08,EXXO34,LSTM,75.656005859375,75.61602871016407,75.61602871016407,75.54573081078166,75.53837800698706,0.0399771492109266,0.1176278523879403,False,False,2025,0.0776507031770137
2021-02-10,EXXO34,LSTM,29.257225036621094,29.382113795510374,29.62058528327184,29.15051200618279,29.459293379631468,0.1248887588892841,0.2020683430103744,False,True,2021,0.07717958412109031
2025-06-23,EXXO34,LSTM,75.90789794921875,75.16846972630208,74.48885171898071,77.78825812657826,76.71864536960021,0.739428222916672,0.8107474203814604,False,True,2025,0.07131919746478843
2021-02-19,EXXO34,LSTM,30.190826416015625,30.39880778561151,30.229840609243304,30.11375186873803,29.91392841346095,0.2079813695958847,0.2768980025546739,False,True,2021,0.06891663295878919
2023-04-24,EXXO34,LSTM,69.5060806274414,67.53988114988817,67.53988114988817,67.54509651534536,67.47165455313429,1.966199477553232,2.0344260743071203,False,False,2023,0.0682265967538882
2025-10-15,EXXO34,LSTM,75.61625671386719,75.70404941757874,75.05293723475353,75.87659918476155,75.77041735593374,0.0877927037115569,0.1541606420665573,False,True,2025,0.0663679383550004
2022-06-13,EXXO34,LSTM,55.6500129699707,55.393116397281005,54.67307511828968,56.88874031154168,55.97318804438102,0.2568965726896977,0.3231750744103152,False,True,2022,0.0662785017206175
2022-05-16,EXXO34,LSTM,50.69829559326172,50.64640626949188,51.0754874228994,50.72321810292859,50.81521620278927,0.0518893237698421,0.1169206095275541,False,True,2022,0.065031285757712
2021-12-02,EXXO34,LSTM,38.62239074707031,38.16479650571796,38.53979865654341,37.47742369965934,38.10180046109504,0.4575942413523535,0.520590285975274,False,True,2021,0.06299604462292052
2023-01-10,EXXO34,LSTM,66.11357879638672,66.96927891688051,66.52556883717307,66.15471315266032,65.1962586798329,0.8557001204937933,0.9173201165538244,False,False,2023,0.0616199960600311
2022-09-15,EXXO34,LSTM,56.81086349487305,57.02428818271488,56.40041173334208,57.515600221353,56.53968538206385,0.2134246878418366,0.2711781128091957,False,True,2022,0.05775342496735908
2025-05-30,EXXO34,LSTM,71.94861602783203,72.71616431862913,72.08289792602788,71.92614989757972,71.12453319843672,0.7675482907970945,0.8240828293953086,False,True,2025,0.05653453859821411
2025-05-15,EXXO34,LSTM,75.80916595458984,74.27827906078096,73.53248034481454,74.87472316793985,74.22185406491623,1.5308868938088835,1.5873118896736145,False,True,2025,0.05642499586473093
2024-01-22,EXXO34,LSTM,57.28905487060547,57.35840828711776,57.86377690128594,56.81257563140971,57.16520286056448,0.0693534165122855,0.1238520100409843,False,True,2024,0.05449859352869879
2024-05-13,EXXO34,LSTM,72.57088470458984,72.71763992955061,72.71763992955061,72.87476339508935,72.76857033262574,0.1467552249607706,0.1976856280358987,False,False,2024,0.05093040307512811
2021-12-27,EXXO34,LSTM,38.91164779663086,38.89699103332549,39.2005685470718,38.78382684333096,38.84614691906708,0.0146567633053678,0.0655008775637782,False,True,2021,0.0508441142584104
2025-09-10,EXXO34,LSTM,75.33799743652344,75.90005285567815,75.90005285567815,74.95662582655501,74.72511331940383,0.5620554191547171,0.6128841171196058,False,False,2025,0.05082869796488865
2022-05-25,EXXO34,LSTM,52.57903671264648,51.78148901397452,52.23649212806693,51.62701159333143,51.7331710304266,0.7975476986719556,0.8458656822198805,False,True,2022,0.048317983547924825
2021-12-03,EXXO34,LSTM,38.45328521728516,37.73056187571871,37.83093354692179,37.867181913862254,37.68265205144596,0.7227233415664571,0.7706331658392003,False,False,2021,0.04790982427274315
2023-01-27,EXXO34,LSTM,68.2412109375,67.59342106084023,67.59342106084023,67.98783961380845,67.54617364345113,0.6477898766597718,0.6950372940488734,False,True,2023,0.04724741738910154
2021-04-15,EXXO34,LSTM,34.28334426879883,34.33249434681616,34.04220151125132,34.8442934467211,34.37666737804653,0.0491500780173339,0.0933231092476987,False,True,2021,0.0441730312303648
2023-12-22,EXXO34,LSTM,58.87856674194336,58.7448814740431,58.81732814325491,58.673876573419065,58.70386033377879,0.1336852679002618,0.1747064081645746,False,False,2023,0.041021140264312805
2021-10-13,EXXO34,LSTM,37.067684173583984,36.9686822871434,36.9686822871434,37.24196859528181,37.20762797549592,0.0990018864405897,0.139943801911933,False,False,2021,0.04094191547134331
2021-05-03,EXXO34,LSTM,34.05739974975586,33.97221181555966,34.302326560031624,33.5334103872096,33.935181246916585,0.0851879341961989,0.1222185028392743,False,True,2021,0.0370305686430754
2022-09-06,EXXO34,LSTM,57.29713821411133,57.21898111321269,56.57106216410411,58.3088322132304,57.41048821896376,0.0781571008986361,0.1133500048524283,False,True,2022,0.035192903953792196
2021-01-20,EXXO34,LSTM,28.00814819335937,28.11146961657346,27.870206130943657,28.11146961657346,27.870206130943657,0.1033214232140871,0.1379420624157141,False,True,2021,0.034620639201627
2021-12-17,EXXO34,LSTM,38.057228088378906,38.65007127921661,38.31993415548456,38.99584559168395,38.68455690498805,0.5928431908376979,0.6273288166091433,False,True,2021,0.03448562577144543
2023-07-21,EXXO34,LSTM,58.19283676147461,58.32857345294843,58.91525239552467,58.25530850282672,58.361859530773,0.1357366914738236,0.1690227692983867,False,True,2023,0.03328607782456308
2021-08-11,EXXO34,LSTM,33.02293395996094,33.597622049739215,33.26487534229097,32.978487372391896,32.41552431139459,0.5746880897782773,0.607409648566346,False,True,2021,0.032721558788068705
2024-11-27,EXXO34,LSTM,85.20930480957031,86.36224263808617,86.3656754902415,84.53679211495323,84.02387663094375,1.15293782851586,1.185428178626566,False,False,2024,0.03249035011070589
2022-06-14,EXXO34,LSTM,56.04524993896485,55.78033011772436,55.78033011772436,55.76340808433383,56.34166698501887,0.2649198212404897,0.2964170460540174,False,False,2022,0.031497224813527736
2024-12-02,EXXO34,LSTM,87.34466552734375,86.62534509728333,86.62534509728333,86.62790564471466,86.59400962386381,0.7193204300604208,0.750655903479938,False,False,2024,0.03133547341951726
2023-09-19,EXXO34,LSTM,67.49065399169922,68.2303948284424,68.2303948284424,67.63061085978426,68.25637186806028,0.7397408367431808,0.7657178763610659,False,False,2023,0.02597703961788511
2024-06-04,EXXO34,LSTM,71.61202239990234,72.72734490907271,72.93850223407141,72.13321820483489,72.74493573657476,1.115322509170369,1.1329133366724164,False,False,2024,0.017590827502047546
2024-11-07,EXXO34,LSTM,83.6312026977539,83.99057988322045,83.43594154271433,83.83577963706878,83.25435636314981,0.3593771854665419,0.376846334604096,False,True,2024,0.017469149137554096
2022-08-30,EXXO34,LSTM,56.33835983276367,56.92606202633971,56.289514762451205,57.91673915405991,56.9432885423815,0.5877021935760354,0.6049287096178304,False,True,2022,0.017226516041795037
2024-02-06,EXXO34,LSTM,60.13494491577149,59.64368846907081,60.24359506734562,60.07563596658454,60.64298737579627,0.4912564467006817,0.5080424600247753,False,True,2024,0.016786013324093574
2023-01-06,EXXO34,LSTM,66.78885650634766,66.71461736491256,66.18801581048629,67.76633953600827,66.70011916465549,0.0742391414351004,0.0887373416921661,False,True,2023,0.014498200257065705
2022-01-26,EXXO34,LSTM,44.861427307128906,44.22306934851253,44.61656779518263,45.52162990622605,45.512233202932535,0.6383579586163819,0.6508058958036287,False,True,2022,0.012447937187246794
2022-12-23,EXXO34,LSTM,64.52249145507812,64.74173072236101,65.35704635808973,63.83690812397988,64.75341603545796,0.2192392672828873,0.2309245803798347,False,True,2022,0.011685313096947397
2025-12-04,EXXO34,LSTM,77.56999969482422,77.96770880384474,78.07066539005501,78.3676660469322,77.97825214701443,0.3977091090205249,0.4082524521902115,False,False,2025,0.010543343169686581
2023-10-02,EXXO34,LSTM,69.02259063720703,69.55271763637359,69.09962415800543,69.91482487897026,69.56095275857002,0.5301269991665549,0.5383621213629937,False,True,2023,0.008235122196438738
2025-09-22,EXXO34,LSTM,74.00634765625,75.29687367386532,75.45873411325155,74.68111969384321,75.30437702456712,1.2905260176153206,1.298029368317117,False,False,2025,0.0075033507017963075
2021-03-17,EXXO34,LSTM,35.72425842285156,36.08707441451702,36.43775849154684,35.82077467721799,36.093813689398495,0.3628159916654567,0.3695552665469321,False,True,2021,0.00673927488147541
2023-11-24,EXXO34,LSTM,61.29615020751953,60.302871212937134,60.302871212937134,60.26469833796655,60.296915138897546,0.993278994582397,0.9992350686219852,False,False,2023,0.0059560740395881995
2026-01-23,EXXO34,TRANSFORMER,88.43485260009766,85.93571884907351,85.96089119208943,96.2199555542173,96.44763431552023,2.4991337510241465,8.012781715422577,False,True,2026,5.51364796439843
2022-11-28,EXXO34,TRANSFORMER,68.01919555664062,71.5570151855336,72.04186366349691,75.31778414473021,75.79009002356662,3.537819628892976,7.770894466925995,False,True,2022,4.233074838033019
2026-02-12,EXXO34,TRANSFORMER,97.87999725341795,96.26780721541068,96.00787046055626,102.82798402582492,102.02375904240522,1.6121900380072702,4.143761788987263,False,True,2026,2.5315717509799924
2021-01-26,EXXO34,TRANSFORMER,26.37541007995605,26.610086131343984,26.610086131343984,28.82549714972476,28.91703818669609,0.2346760513879324,2.5416281067400384,False,False,2021,2.306952055352106
2026-03-13,EXXO34,TRANSFORMER,104.16999816894533,100.59080031062524,99.80723911153716,99.53628669137456,98.3317979981685,3.5791978583201,5.83820017077683,False,True,2026,2.2590023124567296
2026-01-05,EXXO34,TRANSFORMER,84.33999633789062,84.4624967662445,83.75484213208787,82.2472699788403,81.98743169013842,0.1225004283538737,2.352564647752203,False,True,2026,2.2300642193983293
2026-03-04,EXXO34,TRANSFORMER,97.9499969482422,98.71058306583892,99.59535369221426,100.5949940436907,100.8612663814394,0.7605861175967163,2.911269433197191,False,True,2026,2.1506833156004745
2025-03-10,EXXO34,TRANSFORMER,80.14796447753906,80.65511102007906,80.53052504880048,78.14475936616637,77.55217187700347,0.5071465425399992,2.5957926005355887,False,True,2025,2.0886460579955894
2023-11-17,EXXO34,TRANSFORMER,61.220001220703125,61.13377688792201,61.67146515510154,58.27719751589702,59.08087746258702,0.0862243327811143,2.1391237581161064,False,True,2023,2.052899425334992
2022-06-27,EXXO34,TRANSFORMER,52.83797836303711,51.064313728997945,51.47718762946502,48.829449052288304,49.01575121380191,1.7736646340391644,3.822227149235197,False,True,2022,2.0485625151960325
2022-01-31,EXXO34,TRANSFORMER,44.79022979736328,45.73911768467656,45.73911768467656,47.4523732770348,47.76725057367848,0.9488878873132762,2.977020776315193,False,False,2022,2.028132889001917
2025-12-18,EXXO34,TRANSFORMER,81.0999984741211,81.34280246375897,80.98600791592445,79.51871766660581,78.89306566738551,0.2428039896378777,2.20693280673558,False,False,2025,1.964128817097702
2021-12-02,EXXO34,TRANSFORMER,38.62239074707031,37.39996569529967,37.76745272158144,34.8726020481969,35.57920943695192,1.2224250517706423,3.043181310118392,False,True,2021,1.8207562583477497
2025-07-10,EXXO34,TRANSFORMER,78.42566680908203,78.85765181438603,78.41530850022829,76.85288943973868,76.20218136632207,0.4319850053039999,2.2234854427599657,False,True,2025,1.7915004374559658
2023-08-16,EXXO34,TRANSFORMER,62.53546524047852,63.12731692389565,63.76226246341688,64.0113555047066,64.9179881714957,0.5918516834171257,2.3825229310171707,False,True,2023,1.790671247600045
2026-03-12,EXXO34,TRANSFORMER,100.47000122070312,100.8816194896484,101.46401396248127,98.11248444025016,98.28006374679182,0.4116182689452756,2.1899374739113,False,True,2026,1.7783192049660244
2024-04-29,EXXO34,TRANSFORMER,73.41384887695312,73.95099784545653,73.86331564677349,71.85168894535666,71.26772131326595,0.5371489685034021,2.1461275636871733,False,False,2024,1.6089785951837712
2024-01-02,EXXO34,TRANSFORMER,59.868446350097656,59.74646786543974,59.64977808402264,58.16823205044682,58.143647179181016,0.1219784846579159,1.72479917091664,False,False,2024,1.602820686258724
2024-11-21,EXXO34,TRANSFORMER,86.46711730957031,86.16593479074072,86.79004814139651,83.83653505999096,84.6019114282547,0.3011825188295916,1.8652058813156172,False,True,2024,1.5640233624860256
2023-08-01,EXXO34,TRANSFORMER,59.86649703979492,59.603454853805886,59.12307612100187,58.90875536141197,58.04437087700355,0.2630421859890361,1.8221261627913703,False,False,2023,1.5590839768023341
2022-05-09,EXXO34,TRANSFORMER,48.719364166259766,49.669949119329885,49.23764822888349,51.93128627538175,51.22833013150973,0.9505849530701198,2.5089659652499634,False,True,2022,1.5583810121798436
2024-11-28,EXXO34,TRANSFORMER,86.203857421875,86.35121167252623,86.1795200729019,84.77859205373568,84.50831855045632,0.1473542506512331,1.6955388714186768,False,False,2024,1.5481846207674437
2025-12-10,EXXO34,TRANSFORMER,81.47000122070312,81.77986706785066,81.56621948823525,80.2747195494823,79.68598189601602,0.3098658471475346,1.784019324687108,False,False,2025,1.4741534775395735
2022-01-03,EXXO34,TRANSFORMER,40.19772720336914,38.65164492023428,38.33783082203801,37.236663470612655,37.18636172903281,1.546082283134865,3.01136547433633,False,False,2022,1.4652831912014648
2022-07-12,EXXO34,TRANSFORMER,52.07477951049805,50.06781974312406,49.59115313998926,49.13428184648677,48.62857731233941,2.006959767373985,3.446202198158637,False,True,2022,1.439242430784652
2022-03-04,EXXO34,TRANSFORMER,47.8918571472168,47.82849245862639,48.41996584129332,45.80234403285372,46.42892849358211,0.0633646885904113,1.462928653634684,False,True,2022,1.3995639650442726
2021-03-16,EXXO34,TRANSFORMER,35.45142364501953,35.52464479584376,35.5396839266836,37.03125466704096,36.87307622525542,0.0732211508242244,1.421652580235886,False,True,2021,1.3484314294116615
2022-07-15,EXXO34,TRANSFORMER,51.57506561279297,50.13616219859972,49.972829767014574,48.60336828478329,48.80872428548221,1.4389034141932484,2.766341327310762,False,True,2022,1.3274379131175138
2025-06-20,EXXO34,TRANSFORMER,78.59351348876953,78.27153502878775,78.85691502409344,76.63836509626803,76.94970895335238,0.3219784599817785,1.6438045354171464,False,True,2025,1.321826075435368
2024-02-01,EXXO34,TRANSFORMER,59.56386947631836,60.2469295646286,60.95912524119526,60.92117623856987,61.56370679134471,0.683060088310242,1.9998373150263475,False,True,2024,1.3167772267161055
2022-11-04,EXXO34,TRANSFORMER,64.71961975097656,64.53007084600546,65.19115941122296,65.54320582981786,66.21870382480803,0.1895489049711045,1.4990840738314688,False,True,2022,1.3095351688603643
2025-02-28,EXXO34,TRANSFORMER,80.10871887207031,79.90844157484833,80.09792486243806,78.72698078728706,78.62444577427875,0.2002772972219872,1.484273097791558,False,False,2025,1.2839958005695706
2023-01-20,EXXO34,TRANSFORMER,67.76943969726562,67.56613773722893,67.66308170535996,66.456137401782,66.30510018997778,0.2033019600366969,1.4643395072878462,False,False,2023,1.2610375472511492
2023-01-09,EXXO34,TRANSFORMER,65.85456848144531,67.15140335715193,67.82682385832129,67.59554843787964,68.36685639215206,1.2968348757066224,2.512287910706746,False,True,2023,1.2154530350001238
2026-01-21,EXXO34,TRANSFORMER,89.30000305175781,88.82863342273696,88.25670927440775,88.23934167165183,87.64130550248287,0.471369629020856,1.6586975492749474,False,True,2026,1.1873279202540914
2022-01-28,EXXO34,TRANSFORMER,44.825828552246094,41.94912067175639,41.619784971403504,41.06519407816042,40.76199358658245,2.876707880489704,4.063834965663645,False,True,2022,1.187127085173941
2024-07-30,EXXO34,TRANSFORMER,80.25518035888672,79.7831591119267,78.90003130267512,79.30434356717664,78.60576374889719,0.4720212469600255,1.6494166099895295,False,False,2024,1.177395363029504
2026-02-27,EXXO34,TRANSFORMER,98.4499969482422,97.59798790947274,98.10808989378188,95.442724528441,96.4351188175611,0.8520090387694665,2.014878130681097,False,True,2026,1.1628690919116305
2022-09-29,EXXO34,TRANSFORMER,54.69147491455078,55.2278557132924,54.67819696146631,53.85486059094959,52.99230269919836,0.536380798741618,1.6991722153524265,False,True,2022,1.1627914166108084
2023-03-28,EXXO34,TRANSFORMER,65.18992614746094,65.93527810025921,65.93527810025921,63.69777783221111,63.2906136113394,0.7453519527982735,1.899312536121542,False,False,2023,1.1539605833232685
2022-02-08,EXXO34,TRANSFORMER,46.83727264404297,47.9385209226341,47.83932156033481,49.21028248538605,49.0828972243862,1.1012482785911288,2.2456245803432324,False,True,2022,1.1443763017521036
2021-03-17,EXXO34,TRANSFORMER,35.72425842285156,35.836715867823614,36.18496703065082,36.69232076791737,36.96590382784845,0.1124574449720512,1.2416454049968877,False,True,2021,1.1291879600248365
2023-03-31,EXXO34,TRANSFORMER,64.41617584228516,64.39848350005565,63.94554342415312,63.754324755385696,63.28229239982889,0.0176923422295089,1.1338834424562665,False,True,2023,1.1161911002267575
2024-02-22,EXXO34,TRANSFORMER,62.12972259521485,62.27773651558795,62.1497894769462,61.3130684372232,60.8766436857298,0.1480139203730957,1.2530789094850476,False,False,2024,1.105064989111952
2023-04-12,EXXO34,TRANSFORMER,66.61621856689453,66.83816624297538,67.27975987500726,67.83667035915167,67.91499246657004,0.2219476760808447,1.2987738996755098,False,True,2023,1.076826223594665
2024-05-31,EXXO34,TRANSFORMER,73.89566802978516,72.93592199687725,73.0265323440976,71.3729712797529,71.86881290341665,0.9597460329079012,2.026855126368502,False,False,2024,1.067109093460601
2022-03-21,EXXO34,TRANSFORMER,45.66120147705078,46.50500618823787,46.9544819835043,43.44785519840722,43.75215512595623,0.8438047111870901,1.9090463510945528,False,True,2022,1.0652416399074627
2022-09-06,EXXO34,TRANSFORMER,57.29713821411133,57.47296935320424,56.822174369074766,59.52640600596973,58.5287293188338,0.1758311390929066,1.2315911047224688,False,True,2022,1.0557599656295622
2022-02-03,EXXO34,TRANSFORMER,46.699317932128906,47.10907022065573,47.15174967860252,48.08946339808803,48.163444382602606,0.4097522885268176,1.4641264504736995,False,False,2022,1.0543741619468818
2025-08-28,EXXO34,TRANSFORMER,76.05352020263672,76.2197289993303,76.03712046246523,75.24623972379734,74.8482985508491,0.1662087966935814,1.2052216517876246,False,False,2025,1.0390128550940432
2023-10-18,EXXO34,TRANSFORMER,67.2353286743164,67.59918935807877,68.27911376877262,65.51547198920025,65.83287381910986,0.3638606837623683,1.4024548552065426,False,True,2023,1.0385941714441742
2022-05-31,EXXO34,TRANSFORMER,51.57051849365234,51.95395491003256,52.56424853708903,52.4517848242462,52.99064925857124,0.3834364163802277,1.420130764918902,False,True,2022,1.0366943485386744
2022-03-09,EXXO34,TRANSFORMER,46.20536422729492,46.57112232863443,46.20835498572313,48.31604817422089,47.59968370701432,0.3657581013395088,1.3943194797193923,False,True,2022,1.0285613783798835
2023-09-18,EXXO34,TRANSFORMER,67.41499328613281,67.1174643059577,66.31678840607854,67.4742614778326,66.10637901035194,0.297528980175116,1.3086142757808688,False,True,2023,1.0110852956057528
2025-03-24,EXXO34,TRANSFORMER,81.64927673339844,81.7404176933552,81.7404176933552,80.50939720851557,80.54904595964487,0.0911409599567605,1.100230773753566,False,False,2025,1.0090898137968054
2024-04-24,EXXO34,TRANSFORMER,74.75489807128906,75.35565561522378,74.92087540891463,74.2024377224315,73.15182557708542,0.6007575439347193,1.6030724942036445,False,False,2024,1.0023149502689253
2022-04-29,EXXO34,TRANSFORMER,47.09133529663086,47.295296446530585,47.24800874712157,48.70335165035068,48.281637604667786,0.203961149899726,1.1903023080369266,False,True,2022,0.9863411581372006
2026-01-16,EXXO34,TRANSFORMER,86.83000183105469,88.01400848293655,88.01400848293655,88.6193659118899,88.99487672744793,1.1840066518818588,2.164874896393244,False,False,2026,0.980868244511385
2024-06-20,EXXO34,TRANSFORMER,73.56805419921875,73.85302450353993,73.6023851288316,72.60424826255225,72.30785699678,0.2849703043211775,1.2601972024387464,False,False,2024,0.9752268981175689
2022-11-21,EXXO34,TRANSFORMER,67.7231674194336,68.70531452809689,68.09253633559376,69.80193476689618,69.67207126890555,0.9821471086632982,1.9489038494719608,False,True,2022,0.9667567408086626
2024-02-16,EXXO34,TRANSFORMER,61.8136100769043,62.03434842468101,61.71021314147208,61.317609478957415,60.66109450310365,0.2207383477767166,1.152515573800649,False,False,2024,0.9317772260239323
2023-09-26,EXXO34,TRANSFORMER,68.82400512695312,68.20353974156706,67.7493908576779,67.89652347225577,67.27674345914743,0.6204653853860691,1.5472616678056994,False,True,2023,0.9267962824196303
2026-01-14,EXXO34,TRANSFORMER,88.26000213623047,85.87880463902127,86.65396604706008,84.54494234581165,84.957336604032,2.3811974972092003,3.302665532198475,False,True,2026,0.9214680349892745
2021-05-11,EXXO34,TRANSFORMER,33.622581481933594,34.15655225195269,33.89300199512702,35.18099521379951,35.07092289413404,0.5339707700190957,1.448341412200442,False,True,2021,0.9143706421813464
2024-02-07,EXXO34,TRANSFORMER,60.43001174926758,60.7973092206895,60.39449199827634,59.88109923237761,59.1506964255236,0.3672974714219208,1.2793153237439796,False,False,2024,0.9120178523220588
2021-03-11,EXXO34,TRANSFORMER,36.30828857421875,35.36381352435899,35.60525131086063,38.10042843342927,38.15257700852264,0.9444750498597614,1.8442884343038912,False,True,2021,0.8998133844441298
2023-05-01,EXXO34,TRANSFORMER,68.78829956054688,69.12360894850895,68.62963935633009,68.34926891478426,67.55354807604937,0.3353093879620701,1.234751484497508,False,False,2023,0.8994420965354379
2022-02-11,EXXO34,TRANSFORMER,47.44661712646485,47.51109164510143,47.91862854266154,46.14121534351003,46.48596439537609,0.0644745186365796,0.9606527310887644,False,True,2022,0.8961782124521848
2022-06-16,EXXO34,TRANSFORMER,54.205379486083984,54.61918426635396,55.18512500350652,54.61317319224587,55.51519531823914,0.4138047802699702,1.3098158321551594,False,False,2022,0.8960110518851891
2024-06-25,EXXO34,TRANSFORMER,75.25428009033203,74.22031231706444,74.09204868419927,73.7560349874671,73.32630170468158,1.033967773267591,1.927978385650448,False,False,2024,0.8940106123828571
2023-07-10,EXXO34,TRANSFORMER,59.913516998291016,60.0266198221546,60.30513880910187,58.79962692527593,58.92514604677137,0.1131028238635849,0.9883709515196486,False,False,2023,0.8752681276560637
2022-07-27,EXXO34,TRANSFORMER,54.37346267700195,54.274703928628185,54.83370027543796,54.76554746245973,55.33483555086276,0.0987587483737684,0.9613728738608032,False,True,2022,0.8626141254870348
2024-02-23,EXXO34,TRANSFORMER,62.12972259521485,61.97080944391831,61.423228408677744,61.70762345607406,61.10942640354122,0.158913151296538,1.02029619167363,False,True,2024,0.8613830403770919
2022-10-04,EXXO34,TRANSFORMER,56.22826766967773,54.61728299843588,55.04206700785545,53.6382400962447,53.75669663950061,1.6109846712418443,2.4715710301771168,False,True,2022,0.8605863589352725
2022-02-15,EXXO34,TRANSFORMER,45.06304550170898,48.02926841456628,47.5810329700501,49.352700491056986,48.88374728264102,2.966222912857297,3.820701780932041,False,True,2022,0.8544788680747439
2021-10-12,EXXO34,TRANSFORMER,37.55051040649414,37.32497654132888,37.42657703533433,38.7769122861578,38.61679069222309,0.2255338651652607,1.0662802857289435,False,False,2021,0.8407464205636828
2024-02-02,EXXO34,TRANSFORMER,60.582298278808594,60.662422388081325,60.662422388081325,60.07124974061685,59.66441940802154,0.0801241092727309,0.9178788707870496,False,False,2024,0.8377547615143186
2023-04-24,EXXO34,TRANSFORMER,69.5060806274414,69.12363474590268,69.12363474590268,68.20596054944056,68.28706348176915,0.3824458815387288,1.2190171456722538,False,False,2023,0.836571264133525
2023-04-14,EXXO34,TRANSFORMER,66.22468566894531,66.15878156007727,66.06129132110964,65.5422921561566,65.32397201932051,0.0659041088680396,0.9007136496248052,False,False,2023,0.8348095407567655
2024-07-03,EXXO34,TRANSFORMER,76.56473541259766,76.58460733628021,76.32469762744861,77.69809321953218,77.40545777103787,0.0198719236825581,0.8407223584402175,False,False,2024,0.8208504347576594
2023-08-31,EXXO34,TRANSFORMER,64.84284973144531,64.71135429124121,64.28018053770577,64.70966345392735,63.93109915055658,0.1314954402041053,0.9117505808887288,False,True,2023,0.7802551406846235
2024-04-12,EXXO34,TRANSFORMER,73.32763671875,72.54837291031538,73.30641854503479,74.17497785532679,74.88322364010833,0.7792638084346208,1.5555869213583264,False,True,2024,0.7763231129237056
2025-09-25,EXXO34,TRANSFORMER,76.88829040527344,78.02227545106734,77.87492992952437,75.662974588166,74.99374023555744,1.1339850457939065,1.8945501697159983,False,False,2025,0.7605651239220919
2023-06-28,EXXO34,TRANSFORMER,60.05455780029297,59.38306771915069,59.6748250052252,58.07454108401375,58.62393914761704,0.6714900811422808,1.4306186526759248,False,True,2023,0.759128571533644
2026-02-13,EXXO34,TRANSFORMER,97.3000030517578,96.61954435999336,96.31963997399768,99.11134267997735,98.73636392274776,0.6804586917644428,1.436360870989958,False,False,2026,0.7559021792255152
2022-02-14,EXXO34,TRANSFORMER,46.39874649047852,44.274555786923486,44.180905884241696,43.874206649237664,43.52390534856945,2.124190703555037,2.874841141909073,False,True,2022,0.750650438354036
2022-06-15,EXXO34,TRANSFORMER,54.205379486083984,54.23353128823141,53.78308696521568,55.32626045764961,54.98047347359183,0.0281518021474198,0.7750939875078444,False,True,2022,0.7469421853604247
2025-12-26,EXXO34,TRANSFORMER,83.38999938964844,83.92212391921237,83.24780081404242,82.95106242373711,82.12137305599485,0.5321245295639301,1.268626333653586,False,True,2025,0.7365018040896558
2022-07-18,EXXO34,TRANSFORMER,52.75167083740234,52.74824634409316,53.15571819656013,52.88409256679584,53.4901710235966,0.0034244933091756,0.7385001861942584,False,True,2022,0.7350756928850828
2024-10-01,EXXO34,TRANSFORMER,79.39584350585938,79.05902111038176,79.70417024884713,77.77362361975459,78.32441930487066,0.3368223954776113,1.0714242009887158,False,True,2024,0.7346018055111045
2024-02-15,EXXO34,TRANSFORMER,61.63160705566406,61.64618536014831,62.28451980689547,60.25978834480927,60.89840429061813,0.014578304484246,0.7332027650459381,False,True,2024,0.718624460561692
2023-09-15,EXXO34,TRANSFORMER,67.28260803222656,67.01884602919779,67.83954147667073,67.71717187442881,68.24815322865912,0.2637620030287735,0.965545196432558,False,False,2023,0.7017831934037845
2022-05-19,EXXO34,TRANSFORMER,50.76189041137695,51.41572582641959,51.81589382035521,51.425792383483866,52.115353021351446,0.6538354150426358,1.3534626099744926,False,True,2022,0.6996271949318569
2025-09-26,EXXO34,TRANSFORMER,77.70318603515625,78.09248047837048,78.09248047837048,76.66846361378123,76.64813198528468,0.3892944432142258,1.055054049871572,False,False,2025,0.6657596066573461
2022-11-09,EXXO34,TRANSFORMER,64.5269546508789,65.6551699991137,64.94888510547328,67.38789544215432,66.2965158827435,1.1282153482347894,1.7695612318646,False,True,2022,0.6413458836298105
2024-01-25,EXXO34,TRANSFORMER,59.58290100097656,59.56736945945312,60.05915740360112,58.53061488696038,58.93276652411565,0.015531541523444,0.650134476860913,False,True,2024,0.6346029353374689
2022-08-11,EXXO34,TRANSFORMER,54.9575424194336,54.24888073750213,54.56315374983828,53.24354802983875,53.62406219189496,0.7086616819314671,1.3334802275386437,False,True,2022,0.6248185456071766
2024-10-03,EXXO34,TRANSFORMER,80.95623779296875,80.23881847742064,79.68926808152106,80.48838793041922,79.61869080957435,0.7174193155481134,1.3375469833944038,False,True,2024,0.6201276678462904
2022-06-29,EXXO34,TRANSFORMER,51.652286529541016,54.59985169949096,53.98412787193744,56.158725436138646,55.20209644907778,2.9475651699499394,3.549809919536763,False,True,2022,0.6022447495868235
2021-05-18,EXXO34,TRANSFORMER,34.49311447143555,34.7330092034679,34.83032280887301,35.52694488567032,35.33188783350184,0.2398947320323543,0.8387733620662914,False,True,2021,0.598878630033937
2023-07-31,EXXO34,TRANSFORMER,59.39636993408203,59.32617156727406,60.09548620960704,57.930822215856864,58.728931572623935,0.0701983668079719,0.6674383614580961,False,True,2023,0.5972399946501242
2023-08-30,EXXO34,TRANSFORMER,64.99415588378906,64.42682451680997,64.98589778791118,63.29973084334782,63.830874653642965,0.56733136697909,1.1632812301460973,False,True,2023,0.5959498631670073
2024-01-26,EXXO34,TRANSFORMER,60.04928970336914,59.68146359271304,59.77330742695048,59.34765260086132,59.0949786601114,0.3678261106560967,0.9543110432577392,False,True,2024,0.5864849326016425
2023-08-18,EXXO34,TRANSFORMER,64.41730499267578,63.76310917086488,63.357469775339936,63.99206578365719,63.17889592053826,0.6541958218109016,1.2384090721375216,False,False,2023,0.58421325032662
2022-08-19,EXXO34,TRANSFORMER,55.948429107666016,55.40040158127101,54.85004846949335,55.69591895330584,54.819697554343286,0.5480275263950034,1.12873155332273,False,True,2022,0.5807040269277266
2024-03-11,EXXO34,TRANSFORMER,64.80227661132812,64.09876937967357,63.66976982051696,64.30009838984861,63.51838132534892,0.7035072316545552,1.283895285979206,False,True,2024,0.5803880543246509
2023-01-23,EXXO34,TRANSFORMER,67.64916229248047,67.60493701740234,67.60493701740234,67.23384478100908,67.03956336173356,0.0442252750781335,0.6095989307469125,False,False,2023,0.5653736556687791
2021-02-02,EXXO34,TRANSFORMER,26.19209671020508,26.46351888378866,26.715171552394267,26.898021043347025,27.025591896331665,0.2714221735835771,0.8334951861265836,False,True,2021,0.5620730125430065
2021-06-08,EXXO34,TRANSFORMER,33.727760314941406,33.91652169184002,33.72647062940602,33.00166686213558,32.979886767791044,0.1887613768986114,0.7478735471503626,False,True,2021,0.5591121702517512
2024-07-24,EXXO34,TRANSFORMER,78.41476440429688,78.45560459254659,79.15215218005693,76.74217518487546,77.81666483720497,0.0408401882497173,0.5980995670919071,False,True,2024,0.5572593788421898
2022-04-14,EXXO34,TRANSFORMER,46.30430603027344,46.328794510609896,46.81005422929164,45.556306314324345,45.72626180631863,0.0244884803364584,0.5780442239548051,False,True,2022,0.5535557436183467
2024-03-07,EXXO34,TRANSFORMER,63.47079849243164,63.73042903248478,63.54753376778671,63.20093025472736,62.66088848675051,0.2596305400531378,0.8099100056811324,False,False,2024,0.5502794656279946
2021-10-26,EXXO34,TRANSFORMER,40.29381942749024,39.24666954588832,39.595904202645606,38.633637574820426,38.70356583286101,1.0471498816019178,1.5902535946292318,False,True,2021,0.543103713027314
2022-04-08,EXXO34,TRANSFORMER,45.75113677978516,46.284755779769455,45.94723273108509,45.45106650168328,44.67650890669911,0.5336189999842915,1.074627873086058,False,True,2022,0.5410088731017664
2024-01-29,EXXO34,TRANSFORMER,60.50614929199219,59.71079006990794,59.22585752598465,59.82254886785086,59.17165299738623,0.7953592220842438,1.3344962946059624,False,True,2024,0.5391370725217186
2023-02-07,EXXO34,TRANSFORMER,68.26895904541016,68.40732883309488,68.9635363314445,67.3459642085259,67.59762522801435,0.1383697876847236,0.671333817395805,False,True,2023,0.5329640297110814
2024-08-30,EXXO34,TRANSFORMER,81.08222961425781,80.25642777838232,80.29400410100848,80.07984677981338,79.73167654756352,0.8258018358754953,1.3505530666942889,False,False,2024,0.5247512308187936
2022-05-17,EXXO34,TRANSFORMER,51.41606903076172,50.85368316865231,50.368007091956855,51.17127494730073,50.33017903167253,0.5623858621094087,1.08588999908919,False,True,2022,0.5235041369797813
2023-10-02,EXXO34,TRANSFORMER,69.02259063720703,69.41153365995535,68.9593599089701,70.14643950162055,69.92473684842301,0.3889430227483217,0.9021462112159782,False,True,2023,0.5132031884676564
2025-06-13,EXXO34,TRANSFORMER,76.23373413085938,76.4552953204576,77.1762461953158,75.26775653205029,75.51313295827062,0.2215611895982192,0.7206011725887578,False,True,2025,0.4990399829905386
2024-10-11,EXXO34,TRANSFORMER,84.4162368774414,83.1946838512697,83.03569496897175,83.27527491663295,82.70788290633897,1.221553026171705,1.70835397110244,False,False,2024,0.4868009449307351
2024-08-29,EXXO34,TRANSFORMER,80.83023834228516,80.07055755654096,80.79688764224348,78.64905486939195,79.58431469912391,0.7596807857441945,1.2459236431612482,False,True,2024,0.48624285741705364
2022-07-13,EXXO34,TRANSFORMER,51.99300384521485,52.94403308408522,52.32013668010427,53.7383242777661,53.41911816358249,0.9510292388703688,1.426114318367638,False,True,2022,0.4750850794972691
2023-01-27,EXXO34,TRANSFORMER,68.2412109375,67.50445616881495,67.50445616881495,67.58332557438933,67.03746319135517,0.7367547686850457,1.2037477461448276,False,True,2023,0.46699297745978186
2022-09-08,EXXO34,TRANSFORMER,56.37047576904297,57.602265890590616,57.69037129601215,57.2825277079943,58.06721168794645,1.2317901215476468,1.696735918903478,False,False,2022,0.4649457973558313
2021-04-14,EXXO34,TRANSFORMER,34.556175231933594,34.4051565758723,34.62536424951178,34.10592408707397,33.94304870243949,0.1510186560612965,0.6131265294941031,False,True,2021,0.46210787343280657
2021-02-01,EXXO34,TRANSFORMER,26.643983840942383,26.545208265846576,26.78784920278176,26.924678324080592,27.199962693555083,0.0987755750958072,0.5559788526127001,False,True,2021,0.4572032775168929
2023-04-19,EXXO34,TRANSFORMER,68.78829956054688,67.90375338848253,67.60980319732762,67.9782743998811,67.45184628567708,0.884546172064347,1.3364532748697968,False,True,2023,0.45190710280544977
2022-07-04,EXXO34,TRANSFORMER,53.94189453125,52.89684707120944,53.51336651965239,51.93244119166857,52.44781158414207,1.045047460040564,1.4940829471079269,False,True,2022,0.44903548706736296
2024-03-12,EXXO34,TRANSFORMER,64.76395416259766,64.35327614727913,65.09758391060355,64.77329749293962,65.62155943724589,0.4106780153185241,0.8576052746482361,False,True,2024,0.446927259329712
2023-09-11,EXXO34,TRANSFORMER,66.45044708251953,66.18956301027868,65.72861130318574,67.61763728269568,67.15744346995666,0.2608840722408558,0.7069963874371297,False,True,2023,0.44611231519627387
2025-08-29,EXXO34,TRANSFORMER,76.49078369140625,76.30203816377264,76.30203816377264,75.76698823527053,75.85899376173789,0.188745527633614,0.6317899296683578,False,False,2025,0.4430444020347438
2024-03-01,EXXO34,TRANSFORMER,62.8481559753418,62.86247572036092,62.86247572036092,62.30125761217343,62.39108718876712,0.0143197450191223,0.4570687865746734,False,False,2024,0.4427490415555511
2021-09-22,EXXO34,TRANSFORMER,32.041927337646484,32.257157224665775,32.59728420417599,31.33541148990949,31.387854765298385,0.2152298870192908,0.6540725723481025,False,True,2021,0.43884268532881165
2022-08-03,EXXO34,TRANSFORMER,54.67329788208008,55.46564834949879,54.8284718131076,56.43276790765452,55.90410340810371,0.7923504674187143,1.23080552602363,False,True,2022,0.4384550586049156
2022-08-12,EXXO34,TRANSFORMER,54.39788055419922,54.86130312548926,55.339208109662536,54.91870378819967,55.29291681944129,0.4634225712900388,0.8950362652420694,False,True,2022,0.4316136939520306
2023-09-29,EXXO34,TRANSFORMER,69.73181915283203,69.13384019486318,68.90347775073462,70.76501614535249,70.75562381874994,0.5979789579688486,1.0238046659179076,False,False,2023,0.42582570794905905
2021-09-06,EXXO34,TRANSFORMER,31.207958221435547,31.162006265941383,31.28421181091214,30.44783060833865,30.754252283986133,0.0459519554941607,0.4537059374494134,False,True,2021,0.4077539819552527
2022-12-28,EXXO34,TRANSFORMER,65.63253784179688,65.48557019349931,65.47899990416498,66.56724462866573,66.18366080419477,0.1469676482975614,0.5511229623978977,False,True,2022,0.40415531410033634
2021-01-22,EXXO34,TRANSFORMER,27.71826362609864,26.281039729353417,26.141149914607265,29.68069160361909,29.55734080914048,1.437223896745223,1.8390771830418409,False,True,2021,0.40185328629661776
2024-11-18,EXXO34,TRANSFORMER,84.44876861572266,86.31699916895843,86.902722977295,85.63557636529899,86.71606518874952,1.868230553235776,2.2672965730268686,False,True,2024,0.3990660197910927
2023-04-21,EXXO34,TRANSFORMER,67.75353240966797,68.92393196154205,69.00979952838206,68.87147509904882,69.3223089858724,1.170399551874084,1.568776576204428,False,False,2023,0.39837702433034394
2025-03-27,EXXO34,TRANSFORMER,83.28794860839844,82.23296217240761,82.05657712890127,82.40905845011534,81.83471813223113,1.054986435990827,1.453230476167306,False,False,2025,0.3982440401764791
2021-09-23,EXXO34,TRANSFORMER,33.345550537109375,32.343588812626535,32.60168961432627,31.995620535842637,31.94536048701129,1.0019617244828396,1.400190050098086,False,True,2021,0.39822832561524635
2025-12-29,EXXO34,TRANSFORMER,83.79000091552734,84.06030507900016,84.76614677457883,83.32174419072075,84.4474212265147,0.2703041634728151,0.6574203109873622,False,True,2025,0.3871161475145471
2024-10-02,EXXO34,TRANSFORMER,80.26811981201172,79.71368157112681,80.03960613683584,79.35929015868868,79.33036543134345,0.554438240884906,0.9377543806682668,False,False,2024,0.38331613978336077
2022-09-14,EXXO34,TRANSFORMER,57.69166946411133,55.10424492148462,55.58875818866833,54.09806828521108,54.72169761315282,2.587424542626706,2.969971850958508,False,True,2022,0.3825473083318016
2023-09-25,EXXO34,TRANSFORMER,68.05804443359375,68.21466357774443,68.45680131957884,67.16368692220837,67.52003594293521,0.1566191441506816,0.538008490658541,False,False,2023,0.3813893465078594
2024-02-28,EXXO34,TRANSFORMER,62.244667053222656,62.67171431266792,62.42569471360044,61.80857854255361,61.43732771288524,0.4270472594452599,0.8073393403374141,False,True,2024,0.38029208089215416
2023-01-25,EXXO34,TRANSFORMER,66.19683074951172,67.49888393176877,67.86460636519105,67.25956134873175,67.86863127171033,1.302053182257055,1.671800522198609,False,True,2023,0.36974733994155407
2025-05-15,EXXO34,TRANSFORMER,75.80916595458984,77.8590037461355,77.07725239493932,74.25096749613803,73.3917981124438,2.049837791545656,2.4173678421460494,False,True,2025,0.36753005060039357
2021-04-30,EXXO34,TRANSFORMER,33.27301025390625,33.3337430889907,33.28495908639,33.26540514962145,32.84809822753463,0.0607328350844511,0.4249120263716222,False,True,2021,0.3641791912871711
2023-01-17,EXXO34,TRANSFORMER,66.47434997558594,67.18800469937935,67.74500422102525,66.71443724129665,67.55133784230014,0.713654723793411,1.0769878667142052,False,True,2023,0.3633331429207942
2026-01-20,EXXO34,TRANSFORMER,88.19000244140625,88.57801690210623,88.57801690210623,87.44913743931858,87.44629169389229,0.3880144606999778,0.7437107475139584,False,False,2026,0.3556962868139806
2024-04-18,EXXO34,TRANSFORMER,73.76826477050781,74.52611462236734,74.13691354068504,74.77463745201594,74.88072669530844,0.7578498518595325,1.112461924800627,False,False,2024,0.3546120729410944
2021-12-03,EXXO34,TRANSFORMER,38.45328521728516,41.4884256550059,41.59879407815037,41.80756030555636,41.836467242005,3.0351404377207345,3.3831820247198365,False,False,2021,0.34804158699910204
2024-12-02,EXXO34,TRANSFORMER,87.34466552734375,87.157627881641,87.157627881641,86.79194253653223,86.81846678561578,0.1870376457027447,0.526198741727967,False,False,2024,0.33916109602522226
2025-03-03,EXXO34,TRANSFORMER,80.10871887207031,80.48614841008987,79.79009054809488,80.26987506393675,79.39511420640697,0.3774295380195553,0.7136046656633397,False,True,2025,0.3361751276437844
2022-03-07,EXXO34,TRANSFORMER,49.67729187011719,47.5689190828918,48.12309702787957,47.01282692561431,47.23277039479453,2.108372787225392,2.4445214753226594,False,True,2022,0.3361486880972673
2023-08-21,EXXO34,TRANSFORMER,64.1619873046875,64.12385476533888,64.12385476533888,64.37528528971009,64.53269426468866,0.0381325393486235,0.3707069600011579,False,False,2023,0.3325744206525344
2024-09-23,EXXO34,TRANSFORMER,79.16324615478516,80.0998995121721,80.88502100215497,77.0576359280174,77.89587651673979,0.9366533573869448,1.2673696380453665,False,True,2024,0.33071628065842174
2022-06-03,EXXO34,TRANSFORMER,53.61935806274414,52.20937748511562,51.66929317636211,52.777877472427576,51.88840153329199,1.4099805776285166,1.7309565294521505,False,True,2022,0.3209759518236339
2024-11-29,EXXO34,TRANSFORMER,86.52562713623047,86.61365371844384,86.61365371844384,86.0196537913686,86.11707977769993,0.0880265822133736,0.4085473585305408,False,False,2024,0.3205207763171672
2021-04-29,EXXO34,TRANSFORMER,33.50320816040039,33.51463699358109,33.89517894357429,33.059618030304904,33.17560130817855,0.0114288331807017,0.3276068522218409,False,True,2021,0.3161780190411392
2021-01-25,EXXO34,TRANSFORMER,27.71826362609864,26.48309201134821,26.555810081270323,29.03334674379156,29.263197002095872,1.2351716147504277,1.544933375997232,False,False,2021,0.3097617612468042
2023-08-02,EXXO34,TRANSFORMER,59.36817169189453,59.01929867013126,58.50913526725817,59.11941057966352,58.712397969636456,0.3488730217632678,0.6557737222580755,False,True,2023,0.3069007004948077
2022-06-21,EXXO34,TRANSFORMER,53.58755111694336,54.54593514659041,55.05872753079484,52.04610670295816,52.32451350446044,0.9583840296470498,1.2630376124829183,False,True,2022,0.3046535828358685
2024-11-27,EXXO34,TRANSFORMER,85.20930480957031,86.41254239638545,86.41597724792881,83.93735904405969,83.70220482931845,1.2032375868151348,1.5070999802518656,False,False,2024,0.3038623934367308
2022-06-01,EXXO34,TRANSFORMER,53.40130233764648,52.30495940863324,52.496666265050735,52.1627489382882,52.00300659069686,1.0963429290132396,1.3982957469496142,False,True,2022,0.30195281793637463
2023-04-18,EXXO34,TRANSFORMER,67.52978515625,66.90935157124034,67.29681786172185,66.22096826051164,66.61206734839595,0.6204335850096641,0.9177178078540464,False,True,2023,0.2972842228443824
2022-12-27,EXXO34,TRANSFORMER,67.26988983154297,64.74568546282018,65.40750720230628,63.95140191070068,64.45277194037214,2.524204368722792,2.817117891170824,False,True,2022,0.2929135224480319
2023-01-26,EXXO34,TRANSFORMER,68.56497192382812,67.66368284240957,68.25509140711684,66.8764292794639,67.37428839751283,0.901289081418554,1.190683526315297,False,True,2023,0.28939444489674304
2024-02-29,EXXO34,TRANSFORMER,62.31173324584961,62.54416167909784,62.50378259596023,61.704240943993646,61.79406799688069,0.2324284332482307,0.5176652489689175,False,False,2024,0.2852368157206868
2021-01-28,EXXO34,TRANSFORMER,26.678083419799805,26.335094943245277,26.57024100735966,26.868725360367485,27.305913678261057,0.342988476554531,0.6278302584612518,False,True,2021,0.2848417819067208
2026-01-15,EXXO34,TRANSFORMER,87.66999816894531,86.82365998186116,86.02141229135262,87.84492323040143,86.53995642071634,0.8463381870841573,1.130041748228976,False,True,2026,0.28370356114481865
2022-03-11,EXXO34,TRANSFORMER,48.41804122924805,48.49007178037044,47.96130883011295,49.61058545527241,48.76322732976784,0.0720305511223955,0.3451861005197969,False,True,2022,0.27315554939740144
2025-04-01,EXXO34,TRANSFORMER,82.7090072631836,83.34085188415702,83.15692725218858,83.8648377081437,83.61130311000058,0.6318446209734248,0.9022958468169832,False,False,2025,0.2704512258435584
2022-05-18,EXXO34,TRANSFORMER,51.02992630004883,51.08442795689104,50.785745187342826,51.46196646132695,51.354077216793335,0.0545016568422056,0.3241509167445073,False,True,2022,0.2696492599023017
2025-08-27,EXXO34,TRANSFORMER,75.67588806152344,76.37522021031248,76.53061579924011,74.96946615517251,74.70945671046977,0.6993321487890398,0.9664313510536716,False,False,2025,0.2670992022646318
2022-01-20,EXXO34,TRANSFORMER,44.69232177734375,44.2766169986827,44.2766169986827,45.243997701557085,45.370385003958745,0.4157047786610519,0.6780632266149951,False,False,2022,0.2623584479539432
2023-07-03,EXXO34,TRANSFORMER,60.97600936889648,61.60235042871835,61.19419934420664,60.84208786313173,60.09404111241263,0.6263410598218755,0.8819682564838445,False,False,2023,0.255627196661969
2022-08-17,EXXO34,TRANSFORMER,54.48044967651367,54.86905782204519,55.347030358535385,54.25098713465629,55.12421068932176,0.3886081455315207,0.6437610128080848,False,True,2022,0.25515286727656417
2022-09-15,EXXO34,TRANSFORMER,56.81086349487305,58.192646985372846,57.55598806094204,59.21401330549283,58.44513208776832,1.3817834904997994,1.6342685928952747,False,True,2022,0.2524851023954753
2021-08-11,EXXO34,TRANSFORMER,33.02293395996094,33.57439278655295,33.241876138863994,32.70947650208456,32.22226012310122,0.5514588265920111,0.8006738368597155,False,True,2021,0.24921501026770443
2021-03-19,EXXO34,TRANSFORMER,33.39236831665039,36.47618553326939,36.51579919349001,36.57601752952161,36.711198603697405,3.0838172166189963,3.318830287047014,False,True,2021,0.23501307042801756
2021-11-01,EXXO34,TRANSFORMER,41.0180549621582,40.828257450699,41.15569552210688,41.072216792633554,41.43676015326827,0.1897975114592043,0.4187051911100639,False,True,2021,0.2289076796508596
2023-08-15,EXXO34,TRANSFORMER,63.67969512939453,62.95942232600697,62.55184476394941,65.05395713590343,64.6270193409893,0.7202728033875587,0.9473242115947756,False,True,2023,0.22705140820721692
2024-06-24,EXXO34,TRANSFORMER,74.43525695800781,74.23544506822782,74.84821318305544,73.25903314110913,74.01380851964211,0.1998118897799941,0.4214484383657009,False,True,2024,0.2216365485857068
2021-01-20,EXXO34,TRANSFORMER,28.00814819335937,25.79880195403191,25.577386675165343,25.79880195403191,25.577386675165343,2.2093462393274628,2.4307615181940285,False,True,2021,0.22141527886656576
2023-04-25,EXXO34,TRANSFORMER,68.59251403808594,68.8034890896846,68.23773540867296,68.76773166926839,68.16193431979393,0.2109750515986661,0.4305797182920088,False,True,2023,0.2196046666933427
2021-03-18,EXXO34,TRANSFORMER,34.10430145263672,34.869790854645714,34.694048057802966,35.51878009003632,35.0885282744726,0.7654894020089955,0.9842268218358824,False,True,2021,0.21873741982688688
2021-04-09,EXXO34,TRANSFORMER,33.92951202392578,34.64006506345942,34.52464011338723,32.706195914303606,33.00075281572625,0.7105530395336359,0.92875920819953,False,False,2021,0.21820616866589404
2024-10-08,EXXO34,TRANSFORMER,82.28402709960938,82.12254932723329,81.41028118895454,83.15294023021796,81.91614748991744,0.161477772376088,0.3678796096919399,False,True,2024,0.20640183731585188
2024-07-17,EXXO34,TRANSFORMER,77.69210052490234,77.48964698163365,78.24439404640096,76.31746201393365,77.2897262557151,0.2024535432686889,0.4023742691872485,False,True,2024,0.1999207259185596
2021-06-21,EXXO34,TRANSFORMER,33.89638900756836,34.37460085286605,34.67554166566274,32.91424010302063,33.21994379571035,0.4782118452976931,0.6764452118580095,False,True,2021,0.19823336656031643
2021-10-13,EXXO34,TRANSFORMER,37.067684173583984,37.86365707933217,37.86365707933217,38.1658067523704,38.04744081998668,0.7959729057481866,0.9797566464026914,False,False,2021,0.18378374065450487
2025-09-01,EXXO34,TRANSFORMER,77.10691833496094,76.26565867913132,76.26565867913132,76.04966817591736,76.08215875701153,0.8412596558296173,1.0247595779494103,False,False,2025,0.18349992211979305
2021-01-27,EXXO34,TRANSFORMER,26.23899269104004,26.396157374209672,26.396157374209672,26.234266513806965,26.57834916392086,0.1571646831696327,0.3393564728808194,False,True,2021,0.18219178971118669
2023-07-05,EXXO34,TRANSFORMER,60.75034713745117,61.34353033688075,61.90155335841612,60.90800094317356,61.52192484039043,0.5931831994295749,0.7715777029392612,False,True,2023,0.17839450350968633
2024-12-03,EXXO34,TRANSFORMER,87.40316009521484,87.10230279104267,87.92828722427446,87.04999132703048,87.87879160451357,0.3008573041721689,0.4756315092987222,False,True,2024,0.17477420512655334
2024-10-14,EXXO34,TRANSFORMER,83.92195129394531,83.529822952725,82.70767572346017,84.19048802085858,83.35756543127142,0.3921283412203138,0.5643858626738876,False,True,2024,0.17225752145357376
2021-07-01,EXXO34,TRANSFORMER,34.39799118041992,34.76722299690539,35.07430711894944,33.83666929086719,33.856553551805526,0.3692318164854669,0.5414376286143963,False,True,2021,0.17220581212892938
2021-09-15,EXXO34,TRANSFORMER,32.51597595214844,31.813144092572287,32.067243943113745,31.475691721083887,31.645954009804576,0.7028318595761505,0.8700219423438611,False,True,2021,0.16719008276771063
2023-06-30,EXXO34,TRANSFORMER,60.72214126586914,61.15097343058397,61.766040563311,60.84286817012479,61.31516227457304,0.4288321647148336,0.5930210087039001,False,True,2023,0.16418884398906647
2022-07-26,EXXO34,TRANSFORMER,54.31440734863281,53.661613388143394,53.420823231900215,53.97335400742233,53.49931701252371,0.6527939604894186,0.8150903361091011,False,False,2022,0.16229637561968246
2025-07-11,EXXO34,TRANSFORMER,78.85022735595703,79.61734894345159,80.3621800992483,78.75948379750996,79.77807227893432,0.7671215874945574,0.927844922977286,False,True,2025,0.16072333548272866
2023-02-17,EXXO34,TRANSFORMER,67.2035140991211,69.95616307695332,69.47174619221168,70.62190054841201,70.11433549634198,2.752648977832223,2.910821397220886,False,True,2023,0.1581724193886629
2021-01-29,EXXO34,TRANSFORMER,26.23046875,26.27075043886328,26.27075043886328,26.69277248559763,26.428407798792897,0.0402816888632813,0.1979390487928967,False,True,2021,0.1576573599296154
2022-08-18,EXXO34,TRANSFORMER,55.861270904541016,55.06884315806576,55.46943999464247,54.6611478861293,54.91206672280101,0.7924277464752549,0.949204181740008,False,True,2022,0.15677643526475304
2021-09-20,EXXO34,TRANSFORMER,31.51959609985352,32.364633036563674,32.612599081827874,32.10736697692708,32.51614822388655,0.8450369367101551,0.996552124033034,False,True,2021,0.15151518732287883
2022-10-21,EXXO34,TRANSFORMER,62.352481842041016,61.417955817798486,62.02216400728703,63.24751882833843,63.43708302253196,0.9345260242425296,1.0846011804909423,False,True,2022,0.15007515624841272
2024-03-14,EXXO34,TRANSFORMER,66.46903228759766,64.87671558506537,64.69053067701111,65.41667160663036,64.73398289071005,1.5923167025322869,1.7350493968876035,False,False,2024,0.14273269435531666
2022-01-21,EXXO34,TRANSFORMER,43.815650939941406,44.89171457639986,44.61930464026208,45.29728487730716,45.02525361494042,1.076063636458457,1.2096026749990116,False,True,2022,0.1335390385405546
2024-04-25,EXXO34,TRANSFORMER,74.71658325195312,75.35916922025012,76.11045287879298,74.66806774938861,75.48665863657892,0.6425859682969985,0.7700753846257982,False,True,2024,0.12748941632879962
2024-02-26,EXXO34,TRANSFORMER,62.48414611816406,62.59166499991653,62.64315996869298,62.30814638393924,62.718408688199496,0.107518881752469,0.2342625700354332,False,False,2024,0.12674368828296417
2022-05-25,EXXO34,TRANSFORMER,52.57903671264648,51.56381834487934,52.01690879029089,51.367867705572806,51.438472210887504,1.0152183677671405,1.1405645017589734,False,True,2022,0.12534613399183292
2024-02-06,EXXO34,TRANSFORMER,60.13494491577149,60.91683370533008,61.5295458199537,60.44267948763363,61.033696657995335,0.781888789558586,0.898751742223844,False,True,2024,0.11686295266525804
2023-02-08,EXXO34,TRANSFORMER,68.31520080566406,68.22913075614952,68.98982674479551,67.78684330346613,68.11514316775815,0.0860700495145465,0.200057637905914,False,True,2023,0.1139875883913675
2021-06-23,EXXO34,TRANSFORMER,34.324485778808594,34.67665479685965,34.67665479685965,34.05243793837752,33.86140574214246,0.3521690180510575,0.4630800366661347,False,False,2021,0.11091101861507718
2026-02-23,EXXO34,TRANSFORMER,97.91000366210938,98.20829749091318,98.9907636229408,96.35784609832824,97.50426581031324,0.298293828803807,0.4057378517961325,False,True,2026,0.10744402299232547
2022-02-09,EXXO34,TRANSFORMER,46.36726760864258,47.58144113780946,47.99931382219578,47.19973027287472,47.684717370840055,1.2141735291668851,1.3174497621974766,False,True,2022,0.10327623303059141
2024-11-08,EXXO34,TRANSFORMER,84.17394256591797,84.98322747768884,84.10706392625275,83.81702965464933,83.26445090565032,0.8092849117708738,0.9094916602676476,False,True,2024,0.1002067484967738
2021-06-17,EXXO34,TRANSFORMER,33.70181655883789,34.78979184681211,34.51260549351038,35.22560769586145,34.88890580810248,1.087975287974217,1.187089249264588,False,True,2021,0.09911396129037087
2024-06-19,EXXO34,TRANSFORMER,72.4503173828125,73.60324381846613,73.3920152897212,71.96674473743346,71.19919346089326,1.152926435653626,1.2511239219192447,False,False,2024,0.09819748626561875
2021-06-14,EXXO34,TRANSFORMER,34.06935119628906,34.48425654453433,34.48425654453433,34.70549712047308,34.57855010728904,0.41490534824527,0.5091989109999773,False,False,2021,0.0942935627547073
2024-07-25,EXXO34,TRANSFORMER,79.9950180053711,78.78161141662065,79.56307122258303,78.21599066124567,78.69063654895257,1.2134065887504448,1.3043814564185254,False,True,2024,0.0909748676680806
2024-11-22,EXXO34,TRANSFORMER,86.61337280273438,86.68573163653194,87.5700010090334,86.21392860605731,86.77315555435716,0.0723588337975655,0.1597827516227852,False,True,2024,0.08742391782521972
2022-04-26,EXXO34,TRANSFORMER,46.0974235534668,45.48835669864093,45.97675724122652,44.57332517922586,45.402733102507725,0.6090668548258691,0.6946904509590723,False,True,2022,0.08562359613320325
2022-03-14,EXXO34,TRANSFORMER,46.82149887084961,48.50481499088846,48.06723455750329,48.83500167981069,48.59022224461568,1.6833161200388531,1.7687233737660648,False,True,2022,0.0854072537272117
2021-04-27,EXXO34,TRANSFORMER,32.991641998291016,33.654300213638805,33.39462530853811,32.50403608692224,32.24746875175076,0.6626582153477898,0.7441732465402566,False,True,2021,0.08151503119246684
2022-07-21,EXXO34,TRANSFORMER,54.8686408996582,53.71921122912954,54.203549687422296,55.55242182292587,56.09809402112878,1.1494296705286615,1.229453121470577,False,True,2022,0.08002345094191554
2024-10-15,EXXO34,TRANSFORMER,82.83646392822266,83.88161685157388,83.13146661306686,84.20021558368948,83.95866194639689,1.045152923351225,1.122198018174231,False,True,2024,0.07704509482300614
2024-04-22,EXXO34,TRANSFORMER,74.89860534667969,75.44015239865462,76.09733054955397,74.9008712640297,75.50834442433631,0.5415470519749306,0.6097390776566272,False,True,2024,0.06819202568169658
2021-03-26,EXXO34,TRANSFORMER,35.26384353637695,36.08353372222726,36.46432986735015,33.948371857350004,34.3801558625297,0.8196901858503054,0.8836876738472554,False,True,2021,0.06399748799695004
2025-01-17,EXXO34,TRANSFORMER,83.09346008300781,83.73300838523949,83.67834520861886,82.42511055568811,82.39548090920802,0.6395483022316739,0.6979791737997942,False,False,2025,0.058430871568120324
2021-08-06,EXXO34,TRANSFORMER,32.815372467041016,33.357022657094745,33.357022657094745,32.16891671806814,32.21638728153467,0.5416501900537298,0.5989851855063435,False,False,2021,0.05733499545261367
2021-10-27,EXXO34,TRANSFORMER,39.32378005981445,39.39658465021526,39.00640573196747,40.13990357930962,39.45170567556877,0.072804590400807,0.1279256157543145,False,True,2021,0.05512102535350749
2021-12-28,EXXO34,TRANSFORMER,38.787052154541016,39.39597583172318,39.11331819017861,38.67588523114039,38.12337133885148,0.6089236771821618,0.6636808156895384,False,True,2021,0.054757138507376624
2022-05-24,EXXO34,TRANSFORMER,51.46603393554688,51.59726982533204,52.05065420836622,51.22106541653636,51.282340382546735,0.1312358897851524,0.1836935530001469,False,True,2022,0.05245766321499448
2024-04-15,EXXO34,TRANSFORMER,73.95985412597656,71.94367168227234,71.73720583737784,72.49223114430295,71.89133678975871,2.016182443704224,2.068517336217852,False,False,2024,0.052334892513627995
2023-07-12,EXXO34,TRANSFORMER,60.19559097290039,60.420847853953774,60.915727632797,60.44345593902503,60.472298167444,0.225256881053383,0.2767071945436044,False,True,2023,0.05145031349022136
2022-09-01,EXXO34,TRANSFORMER,56.04935073852539,56.19078213044179,55.28457345731884,57.14744654031961,56.23703080431369,0.1414313919163987,0.1876800657882995,False,True,2022,0.04624867387190079
2024-02-21,EXXO34,TRANSFORMER,61.449615478515625,61.907982471222624,62.45943205063271,60.49582065895384,60.945081836614,0.4583669927069991,0.5045336419016309,False,True,2024,0.04616664919463176
2022-01-26,EXXO34,TRANSFORMER,44.861427307128906,45.79165149727305,46.19910724378926,45.79296113554541,45.836141626904926,0.9302241901441448,0.9747143197760196,False,True,2022,0.04449012963187482
2024-07-04,EXXO34,TRANSFORMER,75.52408599853516,76.54550880633951,76.34754769222012,76.58651483025852,76.58732158335107,1.021422807804356,1.0632355848159136,False,False,2024,0.04181277701155772
2023-02-09,EXXO34,TRANSFORMER,69.7212905883789,68.63216859790828,69.12101312526005,68.64199434438346,68.59088424089695,1.0891219904706304,1.1304063474819517,False,True,2023,0.04128435701132127
2021-02-03,EXXO34,TRANSFORMER,27.17686080932617,26.3343938990706,26.578959840351917,26.2941483922792,26.293485812193897,0.8424669102555704,0.8833749971322717,False,True,2021,0.04090808687670133
2022-04-20,EXXO34,TRANSFORMER,45.76462936401367,45.90695036882028,46.39984527854674,45.5702149011924,45.94778922276057,0.1423210048066039,0.1831598587468974,False,True,2022,0.04083885394029352
2022-10-18,EXXO34,TRANSFORMER,60.49000930786133,59.25099022271996,59.80215389693824,61.104104774699984,61.76727405455683,1.239019085141365,1.2772647466955007,False,True,2022,0.03824566155413578
2024-09-30,EXXO34,TRANSFORMER,77.12796020507812,78.49423876940011,78.41747817746355,76.10292109682234,75.73070869420093,1.3662785643219877,1.3972515108771972,False,False,2024,0.030972946555209546
2022-09-07,EXXO34,TRANSFORMER,57.29713821411133,57.33530930076984,56.34499194668795,57.96750132703679,57.22907234358623,0.0381710866585081,0.0680658705250962,False,True,2022,0.0298947838665881
2021-09-03,EXXO34,TRANSFORMER,31.335243225097656,31.92024842200044,31.60411421620378,31.132698294796786,30.722357766825635,0.5850051969027845,0.6128854582720216,False,True,2021,0.027880261369237047
2024-07-18,EXXO34,TRANSFORMER,80.06246185302734,78.2722057610248,78.84550532503731,77.9929295290166,78.24569131857015,1.7902560920025508,1.8167705344571916,False,True,2024,0.026514442454640852
2021-10-28,EXXO34,TRANSFORMER,39.74076843261719,39.67871010755064,39.31145056606427,39.77720520700316,39.65318468899223,0.0620583250665447,0.087583743624954,False,True,2021,0.0255254185584093
2022-05-12,EXXO34,TRANSFORMER,50.31215286254883,50.03455916338498,50.479923441192526,50.37374906070145,50.60857602803949,0.2775936991638446,0.2964231654906584,False,True,2022,0.018829466326813815
2023-09-20,EXXO34,TRANSFORMER,67.13130187988281,67.67099382379331,67.67099382379331,67.50126947317243,67.68755955795133,0.5396919439104977,0.5562576780685191,False,False,2023,0.016565734158021428
2023-08-17,EXXO34,TRANSFORMER,64.0579605102539,62.84691989194033,63.37493711305646,62.58742325937692,62.83553862897451,1.2110406183135751,1.222421881279395,False,True,2023,0.011381262965819872
2024-09-02,EXXO34,TRANSFORMER,80.45226287841797,80.58354389038686,80.42343963109707,80.89809421184634,80.58476300432352,0.1312810119688947,0.1325001259055511,False,False,2024,0.001219113936656413
2022-10-24,PETR4,AUTOENCODER,18.689563751220703,18.48575570504363,18.64736097288556,20.39863645508876,20.4379170172682,0.2038080461770732,1.7483532660474983,False,True,2022,1.544545219870425
2023-07-27,PETR4,AUTOENCODER,20.593494415283203,20.64660327764288,20.75510483219913,21.606474054316337,21.948252514486125,0.0531088623596787,1.3547580992029218,False,True,2023,1.301649236843243
2023-10-23,PETR4,AUTOENCODER,25.713836669921875,26.345088202102488,26.12782783090433,27.554429423094877,27.47701380078697,0.6312515321806131,1.763177130865099,False,True,2023,1.1319255986844858
2026-03-20,PETR4,AUTOENCODER,45.66999816894531,45.2007416330249,45.53693097416567,46.650748521762345,47.09657310587559,0.4692565359204081,1.4265749369302796,False,True,2026,0.9573184010098714
2022-08-30,PETR4,AUTOENCODER,17.69642448425293,17.77271594681568,17.64733043390525,18.7642216786839,18.547996782524976,0.0762914625627502,0.8515722982720462,False,True,2022,0.775280835709296
2023-06-30,PETR4,AUTOENCODER,20.69159698486328,21.10838154727513,21.296556093503582,21.724674174152693,21.880816669207444,0.4167845624118484,1.1892196843441631,False,True,2023,0.7724351219323147
2025-02-14,PETR4,AUTOENCODER,34.68088912963867,34.543475575249346,34.61654721511332,33.832128239413656,33.82624784647923,0.137413554389326,0.8546412831594452,False,True,2025,0.7172277287701192
2026-02-06,PETR4,AUTOENCODER,36.650001525878906,36.30128565667698,36.60685184922036,37.02206136084643,37.65110655006128,0.348715869201925,1.0011050241823725,False,True,2026,0.6523891549804475
2023-01-10,PETR4,AUTOENCODER,14.063802719116213,13.94669275734988,13.561790877964114,13.855870380743308,13.340134582617871,0.1171099617663333,0.7236681364983415,False,False,2023,0.6065581747320082
2024-03-20,PETR4,AUTOENCODER,27.742074966430664,28.02477721558512,27.796364509506866,27.28112222585425,26.858004327870407,0.2827022491544539,0.8840706385602566,False,True,2024,0.6013683894058026
2026-01-05,PETR4,AUTOENCODER,30.200000762939453,30.54218154701192,30.742828149178862,30.66979528344462,31.139541421102457,0.3421807840724682,0.939540658163004,False,True,2026,0.5973598740905358
2024-07-19,PETR4,AUTOENCODER,32.28110122680664,32.31008191807405,31.943389284491584,32.24334119618038,31.673149306216835,0.0289806912674066,0.6079519205898052,False,True,2024,0.5789712293223985
2026-03-23,PETR4,AUTOENCODER,46.02999877929688,45.42690278856054,45.137110320306505,45.549002730973925,44.85823432910783,0.6030959907363425,1.1717644501890518,False,True,2026,0.5686684594527094
2024-09-25,PETR4,AUTOENCODER,31.792526245117188,31.9085183861217,31.600699955152088,31.614772169427827,31.127137891484203,0.1159921410045115,0.6653883536329843,False,True,2024,0.5493962126284728
2025-05-02,PETR4,AUTOENCODER,29.24526596069336,29.080699964170293,29.07829295782892,28.55866043979592,28.538856363808307,0.1645659965230663,0.7064095968850523,False,False,2025,0.541843600361986
2024-05-14,PETR4,AUTOENCODER,33.15536117553711,33.14077533855328,33.06702496543388,33.789593614220735,33.702298493772545,0.0145858369838265,0.546937318235436,False,False,2024,0.5323514812516095
2025-12-04,PETR4,AUTOENCODER,32.52000045776367,32.41567837263344,32.417038333593155,32.34182842888035,31.891863643973576,0.1043220851302351,0.6281368137900962,False,False,2025,0.5238147286598611
2023-11-03,PETR4,AUTOENCODER,25.8520450592041,25.997728014517094,25.79931722322203,25.559097857379992,25.18774311348892,0.1456829553129921,0.6643019457151809,False,True,2023,0.5186189904021887
2025-03-14,PETR4,AUTOENCODER,32.88386154174805,32.76305331210426,32.99959601891424,31.97841803305253,32.24507483026481,0.1208082296437851,0.6387867114832346,False,True,2025,0.5179784818394495
2021-02-19,PETR4,AUTOENCODER,8.096334457397461,8.015284781870413,7.975245341482857,8.733483907086823,8.683137575500732,0.0810496755270477,0.5868031181032709,False,True,2021,0.5057534425762232
2024-01-23,PETR4,AUTOENCODER,28.8532657623291,28.936709269130347,28.876782943328816,28.551682546201185,28.2881123609841,0.0834435068012453,0.5651534013450004,False,False,2024,0.48170989454375507
2026-02-19,PETR4,AUTOENCODER,37.810001373291016,37.83184048439955,38.007409089726366,37.4204987911587,37.30963922697017,0.0218391111085338,0.5003621463208461,False,True,2026,0.47852303521231226
2024-11-08,PETR4,AUTOENCODER,31.04598045349121,30.87471117244448,30.520152547156343,30.559073770780856,30.399830066929887,0.1712692810467331,0.6461503865613238,False,True,2024,0.47488110551459073
2023-07-03,PETR4,AUTOENCODER,21.07697868347168,21.13334665471875,21.16460895148703,20.728936738165874,20.55545135915236,0.0563679712470701,0.5215273243193188,False,False,2023,0.4651593530722487
2024-05-28,PETR4,AUTOENCODER,30.66485977172852,30.65050710037596,30.884979988400467,30.071251688760437,30.190955363259143,0.0143526713525581,0.4739044084693731,False,True,2024,0.459551737116815
2025-12-05,PETR4,AUTOENCODER,31.3700008392334,32.421974969064706,32.67633458514151,32.53834032951903,32.87886005277824,1.051974129831308,1.508859213544845,False,True,2025,0.4568850837135372
2025-07-07,PETR4,AUTOENCODER,31.34881401062012,31.31311262096446,31.08545231362112,31.366999966795127,30.861722104329207,0.0357013896556601,0.4870919062909138,False,True,2025,0.4513905166352537
2025-08-22,PETR4,AUTOENCODER,30.46999931335449,30.09081810849364,30.15018877889727,29.59077744667541,29.64164243091092,0.3791812048608527,0.8283568824435683,False,True,2025,0.4491756775827156
2024-01-09,PETR4,AUTOENCODER,28.800355911254883,28.53549732378076,28.78685049123569,29.08197008983195,29.50844684665116,0.2648585874741229,0.7080909353962745,False,True,2024,0.44323234792215166
2024-08-12,PETR4,AUTOENCODER,31.154720306396484,30.80849487604192,31.02148951395271,30.4717684252196,30.37165280159581,0.3462254303545649,0.7830675048006697,False,True,2024,0.4368420744461048
2025-06-10,PETR4,AUTOENCODER,29.383399963378903,29.49599012551576,29.72615666420169,28.58167244297862,28.843514423315064,0.1125901621368576,0.5398855400638389,False,True,2025,0.42729537792698136
2023-03-28,PETR4,AUTOENCODER,13.77189826965332,13.748204909558154,13.748204909558154,13.447122108659968,13.323814997907096,0.0236933600951658,0.4480832717462242,False,False,2023,0.4243899116510584
2021-01-25,PETR4,AUTOENCODER,8.025236129760742,7.971946508454,7.967813003002733,8.435650776577452,8.502098136337771,0.0532896213067424,0.4768620065770292,False,False,2021,0.4235723852702868
2022-07-25,PETR4,AUTOENCODER,13.641301155090332,13.498385417763288,13.596015719218306,13.111129344332229,13.077472687436687,0.1429157373270442,0.5638284676536447,False,True,2022,0.4209127303266005
2024-12-17,PETR4,AUTOENCODER,34.17151641845703,34.31077687582041,34.06714279037836,33.93902637952912,33.61528872807047,0.1392604573633775,0.5562276903865637,False,True,2024,0.4169672330231862
2024-07-17,PETR4,AUTOENCODER,32.20600509643555,32.189509841155086,32.457889111049205,32.12820240796061,32.634589683652976,0.0164952552804606,0.4285845872174292,False,True,2024,0.4120893319369686
2023-05-01,PETR4,AUTOENCODER,15.585893630981444,15.574886626765846,15.379084972510936,15.525785544340952,15.166098286041692,0.0110070042155978,0.419795344939752,False,False,2023,0.4087883407241542
2023-12-04,PETR4,AUTOENCODER,26.38899040222168,26.55954865384413,26.373922084314405,26.96689914763383,26.955854772390406,0.1705582516224524,0.5668643701687266,False,True,2023,0.3963061185462742
2021-02-22,PETR4,AUTOENCODER,6.419597148895264,7.982407131878986,8.061032251358466,8.271731784514662,8.376772116001572,1.5628099829837223,1.957174967106308,False,True,2021,0.3943649841225856
2025-05-21,PETR4,AUTOENCODER,30.137527465820312,30.16635022054558,30.16635022054558,30.494787256357014,30.555716159263387,0.0288227547252688,0.4181886934430743,False,False,2025,0.3893659387178055
2023-07-13,PETR4,AUTOENCODER,20.76166343688965,20.79344354521849,20.883220717329717,20.457229489049077,20.343656599936864,0.0317801083288458,0.4180068369527845,False,True,2023,0.3862267286239387
2023-10-03,PETR4,AUTOENCODER,24.710018157958984,24.794147498038697,24.97222952976933,24.873505886692264,25.16762385549569,0.0841293400797127,0.4576056975367102,False,True,2023,0.3734763574569975
2025-07-04,PETR4,AUTOENCODER,31.407480239868164,31.3365091112573,31.60420893214878,31.42339513465303,31.842210736144526,0.0709711286108643,0.4347304962763623,False,True,2025,0.363759367665498
2024-05-30,PETR4,AUTOENCODER,30.6242904663086,30.452487624946656,30.09616555036504,30.545129827779533,30.094959861330626,0.171802841361945,0.5293306049779787,False,True,2024,0.35752776361603367
2021-08-05,PETR4,AUTOENCODER,8.681161880493164,8.63459290405838,8.704624974438051,8.170295480875348,8.29192396985878,0.0465689764347843,0.3892379106343835,False,True,2021,0.3426689341995992
2022-11-15,PETR4,AUTOENCODER,15.115355491638184,15.225195641282426,15.196986067460342,14.896609121330062,14.674213161338086,0.109840149644242,0.4411423303000976,False,False,2022,0.3313021806558556
2023-11-13,PETR4,AUTOENCODER,25.961156845092773,25.524338781727224,25.71754868974606,25.25705923439403,25.19692395107593,0.4368180633655498,0.764232894016839,False,True,2023,0.32741483065128923
2021-01-26,PETR4,AUTOENCODER,7.99857759475708,7.916655673532963,7.916655673532963,8.373838351293458,8.404696799413813,0.0819219212241169,0.4061192046567328,False,False,2021,0.3241972834326159
2024-06-18,PETR4,AUTOENCODER,29.953256607055664,30.398837476283347,30.60947869023266,29.22858493100205,29.183725797442516,0.4455808692276832,0.7695308096131512,False,True,2024,0.32394994038546804
2024-12-13,PETR4,AUTOENCODER,33.993072509765625,34.2087774226585,34.29102241646447,34.218953692214605,34.52640347481713,0.2157049128928747,0.5333309650515048,False,False,2024,0.3176260521586301
2023-08-04,PETR4,AUTOENCODER,21.02092170715332,20.975941578527294,20.89386407664691,21.5987615783,21.37789611234505,0.0449801286260225,0.3569744051917318,False,True,2023,0.31199427656570927
2026-02-09,PETR4,AUTOENCODER,37.31999969482422,36.709042521862585,36.71351822755272,36.78630088751876,36.39737121181095,0.6109571729616334,0.9226284830132698,False,False,2026,0.3116713100516364
2023-07-28,PETR4,AUTOENCODER,20.852754592895508,20.71514053735318,20.67072231192623,20.59998427588578,20.408398920908223,0.137614055542329,0.4443556719872852,False,False,2023,0.30674161644495623
2022-01-28,PETR4,AUTOENCODER,11.860062599182127,11.944508473836926,11.82200166506434,12.370482531904424,12.246151518784137,0.0844458746547989,0.3860889196020096,False,True,2022,0.30164304494721067
2025-07-03,PETR4,AUTOENCODER,31.44659423828125,31.362182309201582,31.253039211285092,31.4049172317256,31.06129974537061,0.0844119290796641,0.385294492910635,False,False,2025,0.3008825638309709
2024-10-09,PETR4,AUTOENCODER,31.93840217590332,32.32279066737246,32.371211595855826,32.311755926410164,32.617780440845074,0.3843884914691386,0.6793782649417537,False,False,2024,0.29498977347261507
2024-01-17,PETR4,AUTOENCODER,28.6340560913086,29.017279150056822,29.252329226044363,28.87901828439744,29.309865561499905,0.3832230587482215,0.6758094701913038,False,False,2024,0.2925864114430823
2024-05-15,PETR4,AUTOENCODER,31.1516056060791,33.24721019193464,33.478938044286686,33.26905465723101,33.52736888930169,2.09560458585554,2.375763283222589,False,True,2024,0.2801586973670491
2024-02-13,PETR4,AUTOENCODER,31.21928977966309,31.274551192449024,31.521456904477084,31.34260705530597,31.55410343342793,0.0552614127859349,0.33481365376484,False,False,2024,0.27955224097890513
2025-06-23,PETR4,AUTOENCODER,31.290143966674805,31.30502121180581,30.99674402340401,32.102827605461584,31.579550381197866,0.0148772451310037,0.2894064145230572,False,True,2025,0.2745291693920535
2025-09-18,PETR4,AUTOENCODER,31.40999984741211,31.47248953250846,31.47248953250846,31.720261511074508,31.74491759148668,0.0624896850963523,0.3349177440745663,False,False,2025,0.27242805897821404
2026-02-20,PETR4,AUTOENCODER,37.970001220703125,37.87301299663619,37.61324268040829,37.97092640738959,37.60101727164304,0.0969882240669335,0.3689839490600874,False,True,2026,0.27199572499315394
2022-09-22,PETR4,AUTOENCODER,17.429040908813477,17.13762023390757,17.25548391814109,16.980614529031197,16.865903522915417,0.2914206749059076,0.5631373858980595,False,True,2022,0.2717167109921519
2021-03-23,PETR4,AUTOENCODER,6.754352569580078,6.779545308818909,6.700112774783374,7.102102988965484,7.048119282870837,0.0251927392388306,0.2937667132907586,False,True,2021,0.268573974051928
2021-03-24,PETR4,AUTOENCODER,6.760275840759277,6.833865592610994,6.902176913613243,6.983360943596854,7.09817838621726,0.073589751851717,0.3379025454579825,False,True,2021,0.2643127936062655
2024-12-30,PETR4,AUTOENCODER,33.523006439208984,33.48500320913226,33.56534788422869,33.04046899366173,33.22334356647252,0.0380032300767254,0.2996628727364623,False,False,2024,0.2616596426597369
2024-02-12,PETR4,AUTOENCODER,31.21928977966309,31.124499931144697,31.154570018757063,31.322899915722285,31.571289679171294,0.094789848518392,0.3519998995082041,False,False,2024,0.2572100509898121
2023-03-06,PETR4,AUTOENCODER,15.155509948730469,15.01992561416401,15.103465089061984,14.8717512130021,14.76277087002206,0.1355843345664595,0.3927390787084075,False,False,2023,0.25715474414194806
2023-12-08,PETR4,AUTOENCODER,26.07150650024414,26.401903859514437,26.65441678475228,25.414302494836758,25.483984960355752,0.3303973592702931,0.5875215398883888,False,True,2023,0.2571241806180957
2024-08-22,PETR4,AUTOENCODER,31.85259437561035,31.70597499916036,31.95389394679329,31.82216463245972,32.25110343378552,0.1466193764499905,0.3985090581751649,False,True,2024,0.2518896817251744
2024-07-16,PETR4,AUTOENCODER,32.03913879394531,32.12902465224229,31.89721270933503,32.22077375623561,31.69871635520657,0.0898858582969808,0.3404224387387415,False,True,2024,0.2505365804417607
2023-02-08,PETR4,AUTOENCODER,15.208050727844238,15.089954043626577,15.195082832835684,14.892334063594648,14.839529037226496,0.1180966842176616,0.368521690617742,False,True,2023,0.25042500640008036
2024-06-20,PETR4,AUTOENCODER,30.453866958618164,30.167053393751104,30.063407853629805,29.97375262504216,29.92046478423491,0.2868135648670602,0.5334021743832551,False,False,2024,0.24658860951619488
2026-02-12,PETR4,AUTOENCODER,37.11000061035156,37.710579986160496,37.37168527948148,38.46224426999619,37.95464401240856,0.600579375808934,0.8446434020569953,False,True,2026,0.24406402624806134
2025-05-07,PETR4,AUTOENCODER,28.75167655944824,28.987109085703796,28.7752220721231,28.73341618532537,28.27676869109192,0.2354325262555541,0.4749078683563219,False,True,2025,0.23947534210076782
2023-10-09,PETR4,AUTOENCODER,25.4228744506836,24.589054493545447,24.811779484714474,24.319411510150847,24.35406025120321,0.8338199571381537,1.0688141994803857,False,True,2023,0.23499424234223198
2025-01-14,PETR4,AUTOENCODER,34.10658264160156,34.290382394212685,34.22489783996368,34.45771149189291,34.52429476078596,0.1837997526111223,0.4177121191843937,False,False,2025,0.2339123665732714
2025-11-03,PETR4,AUTOENCODER,30.100000381469727,30.14128676719909,30.14128676719909,29.78795417393573,29.82530384670132,0.0412863857293643,0.274696534768406,False,False,2025,0.2334101490390417
2021-04-16,PETR4,AUTOENCODER,7.027606964111328,7.026912914322841,7.054480169090888,7.186981739416262,7.25816806725966,0.0006940497884873,0.2305611031483314,False,False,2021,0.2298670533598441
2021-11-24,PETR4,AUTOENCODER,9.204700469970703,9.21590447201052,9.22140174681714,9.007790333537493,8.963661391391389,0.0112040020398183,0.2410390785793144,False,True,2021,0.22983507653949609
2025-02-26,PETR4,AUTOENCODER,35.1533088684082,35.247853518082,35.31432907396639,35.19828475169942,35.47760778269979,0.0945446496737929,0.3242989142915888,False,False,2025,0.2297542646177959
2024-01-11,PETR4,AUTOENCODER,28.77767944335937,28.76684868434037,28.97196677399301,28.65997278363488,29.013690062665763,0.0108307590189973,0.2360106193063913,False,True,2024,0.225179860287394
2022-12-20,PETR4,AUTOENCODER,13.468320846557615,13.55068761289538,13.701500101067126,12.994672273813324,13.171055777518209,0.0823667663377651,0.2972650690394065,False,True,2022,0.21489830270164142
2024-07-04,PETR4,AUTOENCODER,31.138032913208008,31.40294668594132,31.442348849516787,31.63419710356605,31.61607127337955,0.2649137727333084,0.4780383601715421,False,False,2024,0.2131245874382337
2021-08-31,PETR4,AUTOENCODER,8.821847915649414,8.915696534887228,8.840860249236767,9.21500247713673,9.126856743299832,0.0938486192378142,0.3050088276504183,False,True,2021,0.21116020841260413
2024-07-03,PETR4,AUTOENCODER,31.571901321411133,31.19115878411017,31.211799955504443,32.090487953191925,32.15864288431547,0.3807425373009607,0.5867415629043364,False,False,2024,0.20599902560337574
2021-03-25,PETR4,AUTOENCODER,6.872849464416504,6.87251061514387,6.848142380187982,7.148424526296599,7.077257637828869,0.0003388492726337,0.2044081734123652,False,True,2021,0.2040693241397315
2022-05-24,PETR4,AUTOENCODER,14.041210174560549,14.06072360240418,13.990084956389705,14.43053152883012,14.262219790147649,0.0195134278436324,0.2210096155870982,False,True,2022,0.20149618774346578
2025-07-23,PETR4,AUTOENCODER,31.28036499023437,31.438535609542495,31.609613820010004,30.77364280602203,30.92216225068457,0.1581706193081267,0.3582027395497995,False,True,2025,0.20003212024167277
2024-07-10,PETR4,AUTOENCODER,31.76379776000977,31.79227107028146,31.81449345125268,32.0666956044082,31.992167505715045,0.0284733102716892,0.228369745705276,False,False,2024,0.1998964354335868
2024-09-04,PETR4,AUTOENCODER,33.07109069824219,33.267112944028014,33.267112944028014,33.178454825774025,33.466731587799664,0.1960222457858265,0.3956408895574768,False,False,2024,0.19961864377165028
2022-12-30,PETR4,AUTOENCODER,14.3031587600708,14.015370159971766,14.157217909749642,14.313499334970622,14.78600205932602,0.2877886000990344,0.4828432992552205,False,True,2022,0.19505469915618612
2021-04-27,PETR4,AUTOENCODER,7.073538780212402,7.118221245849911,7.066523784260885,7.363713491525218,7.311580529048416,0.0446824656375088,0.2380417488360136,False,True,2021,0.1933592831985048
2022-09-02,PETR4,AUTOENCODER,18.23664665222168,17.934167956910244,18.057509884214827,18.39752675377793,18.72792682427741,0.3024786953114358,0.4912801720557311,False,True,2022,0.18880147674429532
2021-04-09,PETR4,AUTOENCODER,7.006158351898193,7.007903726956329,6.999684309230445,7.153591186909669,7.196449258324211,0.0017453750581353,0.1902909064260178,False,False,2021,0.1885455313678825
2025-04-02,PETR4,AUTOENCODER,34.458580017089844,34.4087908612685,34.4087908612685,34.64503205774224,34.69637919369709,0.0497891558213439,0.2377991766072469,False,False,2025,0.188010020785903
2021-05-03,PETR4,AUTOENCODER,7.174590110778809,7.236995283066552,7.297922121463985,7.361431734900885,7.4225723546437985,0.0624051722877432,0.2479822438649899,False,True,2021,0.1855770715772467
2025-12-26,PETR4,AUTOENCODER,30.40999984741211,30.49949696651865,30.25443029589455,30.303130873835123,30.13519612052278,0.0894971191065394,0.2748037268893277,False,True,2025,0.1853066077827883
2023-01-05,PETR4,AUTOENCODER,13.941198348999023,14.020233364868702,14.163883490259858,13.519484280326116,13.678309651191515,0.0790350158696782,0.262888697807508,False,True,2023,0.1838536819378298
2021-03-08,PETR4,AUTOENCODER,6.250738620758057,6.229689985230772,6.176356268542009,6.544204010939015,6.448989079590636,0.0210486355272845,0.1982504588325797,False,True,2021,0.1772018233052952
2023-07-05,PETR4,AUTOENCODER,21.097999572753903,21.12245976327101,21.31980777115076,21.10658472085536,21.29954980477008,0.0244601905171073,0.2015502320161744,False,True,2023,0.1770900414990671
2025-12-03,PETR4,AUTOENCODER,32.310001373291016,32.45683859163222,32.941296479448475,32.14409020745929,32.63128328083868,0.1468372183412043,0.3212819075476645,False,True,2025,0.1744446892064602
2024-03-27,PETR4,AUTOENCODER,27.62869453430176,27.451668925256143,27.451668925256143,27.359838289331403,27.27740511696949,0.1770256090456179,0.3512894173322713,False,False,2024,0.17426380828665342
2024-08-08,PETR4,AUTOENCODER,30.74588966369629,30.988453126409095,31.22498900273363,30.34449919154564,30.333455827289963,0.242563462712809,0.4124338364063256,False,True,2024,0.16987037369351657
2022-01-12,PETR4,AUTOENCODER,10.83223819732666,10.820546341674737,10.966648054698378,10.575968811238928,10.65319507785365,0.0116918556519252,0.1790431194730093,False,True,2022,0.1673512638210841
2023-01-09,PETR4,AUTOENCODER,13.935362815856934,13.944582008409526,14.080003529201322,13.85580210914906,14.108899326470278,0.0092191925525924,0.1735365106133439,False,True,2023,0.1643173180607515
2023-05-31,PETR4,AUTOENCODER,17.1773681640625,17.125484349493377,17.076627854046652,17.28966049546587,17.3933158158211,0.0518838145691233,0.2159476517586007,False,False,2023,0.1640638371894774
2021-01-29,PETR4,AUTOENCODER,7.906741142272949,7.728460185473033,7.687856798978422,8.363249808480763,8.247600852305018,0.1782809567999166,0.3408597100320687,False,True,2021,0.16257875323215212
2024-07-12,PETR4,AUTOENCODER,31.830551147460938,31.971875275398304,31.971875275398304,32.05626761445233,32.13413147303142,0.1413241279373664,0.3035803255704792,False,False,2024,0.1622561976331128
2022-11-29,PETR4,AUTOENCODER,14.816905975341797,14.268651427547669,14.352525213801025,14.133721985313557,14.109017690334808,0.5482545477941301,0.7078882850069892,False,True,2022,0.15963373721285912
2025-05-09,PETR4,AUTOENCODER,29.340187072753903,28.99783616505937,28.870950869946025,29.17526708949295,28.841126622013675,0.3423509076945343,0.4990604507402274,False,False,2025,0.15670954304569312
2025-01-13,PETR4,AUTOENCODER,34.33816146850586,34.10383742700077,33.98530150388612,34.31474560729617,33.948481145716954,0.23432404150509,0.3896803227889052,False,False,2025,0.15535628128381518
2025-09-09,PETR4,AUTOENCODER,30.950000762939453,30.96127769479847,30.96127769479847,30.79428550256057,30.78373927469432,0.0112769318590153,0.1662614882451372,False,False,2025,0.1549845563861219
2023-03-08,PETR4,AUTOENCODER,14.840255737304688,14.940470729911326,14.835066547950673,14.668608207323786,14.58769374125537,0.100214992606638,0.2525619960493177,False,True,2023,0.1523470034426797
2025-09-12,PETR4,AUTOENCODER,31.18000030517578,31.159582373346097,31.159582373346097,31.353739682268564,31.35262471289677,0.0204179318296837,0.1726244077209848,False,False,2025,0.1522064758913011
2025-07-02,PETR4,AUTOENCODER,31.33903312683105,31.389492966428666,31.656470609432763,30.90415136893672,31.14025173649075,0.050459839597611,0.1987813903403008,False,True,2025,0.1483215507426898
2021-05-27,PETR4,AUTOENCODER,7.933998584747314,7.894301342479602,7.923639455093078,8.077919405149888,8.121650189152719,0.0396972422677111,0.1876516044054055,False,True,2021,0.1479543621376944
2025-10-27,PETR4,AUTOENCODER,30.0,30.239281083466608,30.239281083466608,29.863120135563776,29.61300525916615,0.2392810834666079,0.386994740833849,False,False,2025,0.1477136573672411
2023-01-16,PETR4,AUTOENCODER,14.03460693359375,14.096590353180972,14.01031141701349,14.323489996987812,14.242630100041882,0.0619834195872215,0.2080231664481324,False,True,2023,0.1460397468609109
2025-08-01,PETR4,AUTOENCODER,31.495485305786133,31.52144612295729,31.320360926429014,31.868170341897077,31.667136931647114,0.0259608171711533,0.1716516258609814,False,True,2025,0.1456908086898281
2023-02-17,PETR4,AUTOENCODER,15.435735702514648,15.436211527776038,15.341662596799557,15.669009804305462,15.58018519878284,0.0004758252613896,0.1444494962681926,False,True,2023,0.143973671006803
2024-07-11,PETR4,AUTOENCODER,31.98073387145996,31.883914699871127,31.812274688839512,31.830111762951347,31.741692830829013,0.0968191715888338,0.2390410406309477,False,False,2024,0.1422218690421139
2025-02-27,PETR4,AUTOENCODER,33.91205978393555,35.29149205383311,35.59159358963226,35.227325776516224,35.428218538320245,1.3794322698975634,1.5161587543846975,False,True,2025,0.1367264844871341
2022-11-14,PETR4,AUTOENCODER,15.115355491638184,15.391165416290091,15.632517186607124,14.564782904849592,14.703169030089654,0.2758099246519094,0.4121864615485293,False,True,2022,0.13637653689661988
2021-08-19,PETR4,AUTOENCODER,8.64339828491211,8.664964116515874,8.761166895471952,8.729625988955336,8.800462232224195,0.0215658316037643,0.1570639473120856,False,True,2021,0.1354981157083213
2021-11-26,PETR4,AUTOENCODER,9.23714542388916,9.285545664480535,9.206196263547431,9.565852414458488,9.420800075881138,0.048400240591377,0.1836546519919775,False,True,2021,0.13525441140060052
2025-07-25,PETR4,AUTOENCODER,31.27058792114257,31.339609465845285,31.58917373489047,31.232594452091963,31.47399642828663,0.0690215447027142,0.2034085071440579,False,True,2025,0.13438696244134368
2021-01-22,PETR4,AUTOENCODER,8.025236129760742,8.01521240543252,7.932529935174716,8.25326685255735,8.169012463904608,0.0100237243282226,0.1437763341438653,False,True,2021,0.1337526098156427
2023-03-03,PETR4,AUTOENCODER,15.003721237182615,15.13319919576621,15.36615207408166,14.420515097150524,14.741666034372058,0.1294779585835943,0.2620552028105578,False,True,2023,0.1325772442269635
2021-06-25,PETR4,AUTOENCODER,8.910823822021484,9.074513489446762,9.068347349324227,9.2111617775047,9.201937706066676,0.1636896674252774,0.2911138840451919,False,True,2021,0.1274242166199145
2022-02-11,PETR4,AUTOENCODER,12.304720878601074,12.403126766677572,12.51672631769934,11.968567913264144,12.07981550578352,0.098405888076499,0.2249053728175543,False,True,2022,0.1264994847410553
2022-09-01,PETR4,AUTOENCODER,18.47128868103028,17.879346262678993,17.627147681280572,18.08089039850672,17.753233085083973,0.5919424183512874,0.7180555959463071,False,True,2022,0.12611317759501972
2023-01-11,PETR4,AUTOENCODER,14.174720764160156,13.960045672312091,14.083089192908105,14.041925604393512,14.511045138948084,0.2146750918480648,0.3363243747879281,False,True,2023,0.1216492829398633
2021-04-29,PETR4,AUTOENCODER,7.232770919799805,7.172387095841396,7.249187418116467,7.378410280156452,7.414456122091239,0.0603838239584089,0.1816852022914341,False,True,2021,0.12130137833302519
2021-06-23,PETR4,AUTOENCODER,8.972065925598145,8.962856775953938,9.018559291487849,9.028053570618626,9.10152635358518,0.0092091496442066,0.1294604279870359,False,False,2021,0.12025127834282928
2021-08-18,PETR4,AUTOENCODER,8.692066192626953,8.659895460881224,8.697928470644774,8.778676373395067,8.842825736665286,0.0321707317457296,0.1507595440383333,False,True,2021,0.1185888122926037
2024-01-24,PETR4,AUTOENCODER,28.6340560913086,28.89344444781014,28.96564269906636,28.839459600715937,29.011669492355608,0.2593883565015389,0.3776134010470073,False,False,2024,0.1182250445454684
2022-09-30,PETR4,AUTOENCODER,16.26128387451172,16.539725088083927,16.44429076921545,15.85372677307497,15.868390124541223,0.2784412135722078,0.3928937499704954,False,False,2022,0.11445253639828762
2022-05-04,PETR4,AUTOENCODER,12.787452697753906,13.007607400022168,13.179139914801338,12.185384710134642,12.455654647034184,0.2201547022682604,0.3317980507197227,False,True,2022,0.11164334845146229
2025-10-23,PETR4,AUTOENCODER,30.190000534057617,30.213025186047812,30.601678469327076,29.91545805016088,30.055557397479497,0.0230246519901982,0.1344431365781204,False,True,2025,0.1114184845879222
2021-04-08,PETR4,AUTOENCODER,7.020973205566406,7.005300787505204,6.959819414962318,7.199821272814161,7.147777071277181,0.015672418061202,0.1268038657107748,False,True,2021,0.11113144764957279
2024-10-02,PETR4,AUTOENCODER,32.16150665283203,31.56809158468866,31.570817351438,31.749559899379545,31.457673826446676,0.5934150681433721,0.7038328263853586,False,False,2024,0.11041775824198652
2025-09-23,PETR4,AUTOENCODER,31.89999961853028,31.511798389885712,31.50919016179471,31.41949179599656,31.4030113880223,0.3882012286445686,0.4969882305079807,False,False,2025,0.10878700186341211
2022-05-20,PETR4,AUTOENCODER,13.88796615600586,13.867527993510665,13.987838464783987,13.72918130807297,13.758754198859103,0.0204381624951963,0.1292119571467562,False,True,2022,0.10877379465155991
2024-02-15,PETR4,AUTOENCODER,31.97520065307617,31.44983063648715,31.696036711620746,31.135267070001,31.343501491164872,0.5253700165890187,0.6316991619112962,False,True,2024,0.10632914532227744
2021-06-17,PETR4,AUTOENCODER,8.613795280456543,8.861050019295465,8.773760240955916,9.058320504608083,8.96320546804585,0.2472547388389223,0.3494101875893065,False,True,2021,0.10215544875038418
2023-02-06,PETR4,AUTOENCODER,15.05042552947998,15.182680707471604,15.333523769302197,14.569461891259458,14.816123368593948,0.1322551779916239,0.2343021608860329,False,True,2023,0.102046982894409
2023-03-31,PETR4,AUTOENCODER,13.690166473388672,13.721904141821176,13.59850877501832,13.94093642304474,13.823615887981347,0.0317376684325054,0.1334494145926772,False,True,2023,0.1017117461601718
2025-01-06,PETR4,AUTOENCODER,33.54153823852539,33.52258855456171,33.52258855456171,33.67280499025412,33.66024845080351,0.0189496839636831,0.1187102122781169,False,False,2025,0.0997605283144338
2023-10-02,PETR4,AUTOENCODER,24.819128036499023,24.74402059134572,24.581377186333537,25.176256149370182,24.993955010705463,0.0751074451533071,0.1748269742064394,False,True,2023,0.09971952905313229
2026-01-02,PETR4,AUTOENCODER,30.709999084472656,30.48777413489651,30.206068129948363,30.760563309134515,30.38809718270036,0.2222249495761445,0.3219019017722964,False,False,2026,0.09967695219615189
2024-08-23,PETR4,AUTOENCODER,31.655229568481445,31.81533318450454,32.05148808000063,31.93653220663759,31.91482461658133,0.1601036160230933,0.2595950480998894,False,True,2024,0.09949143207679612
2025-01-10,PETR4,AUTOENCODER,34.21773910522461,33.93083223196652,34.177091560232405,34.183456832567394,34.601476133131065,0.2869068732580899,0.3837370279064558,False,True,2025,0.09683015464836592
2021-10-14,PETR4,AUTOENCODER,9.62973403930664,9.726713398849691,9.805337583148908,9.74938867868119,9.822000727973588,0.0969793595430523,0.1922666886669475,False,True,2021,0.09528732912389519
2022-12-08,PETR4,AUTOENCODER,14.46662139892578,14.777866843429392,14.685992011367142,14.851518128643772,14.872111139775292,0.3112454445036139,0.4054897408495126,False,True,2022,0.0942442963458987
2024-10-01,PETR4,AUTOENCODER,31.723880767822266,31.57334325590193,31.937076898620163,31.00938959708106,31.479826623769775,0.1505375119203336,0.2440541440524875,False,True,2024,0.09351663213215389
2021-09-23,PETR4,AUTOENCODER,8.708290100097656,8.536350571717062,8.611580034990626,8.42590244749607,8.445080412505373,0.1719395283805944,0.2632096875922833,False,True,2021,0.0912701592116889
2023-11-06,PETR4,AUTOENCODER,25.83022117614746,25.93836273957324,25.93836273957324,25.822107737074543,26.028935784482403,0.1081415634257751,0.1987146083349422,False,False,2023,0.0905730449091671
2021-08-06,PETR4,AUTOENCODER,8.693408966064453,8.556922383280899,8.545612889107572,8.52015863111292,8.46827079286545,0.1364865827835544,0.2251381731990029,False,False,2021,0.08865159041544848
2021-06-18,PETR4,AUTOENCODER,8.671975135803223,8.898451580818925,8.908956724320126,8.928342579629824,8.985793857846746,0.2264764450157024,0.3138187220435231,False,True,2021,0.08734227702782071
2022-12-21,PETR4,AUTOENCODER,13.76022243499756,13.431256348449716,13.532865912307386,13.350602017455024,13.34485311906603,0.3289660865478456,0.4153693159315299,False,True,2022,0.08640322938368433
2025-09-29,PETR4,AUTOENCODER,31.809999465942383,31.85211209353045,31.59266254016538,32.209988194676335,31.93627312061505,0.0421126275880681,0.1262736546726692,False,True,2025,0.0841610270846011
2024-08-13,PETR4,AUTOENCODER,30.96282196044922,30.79729819500014,30.482988327132045,31.14390515710951,30.71367241673224,0.1655237654490804,0.2491495437169817,False,True,2024,0.0836257782679013
2024-07-22,PETR4,AUTOENCODER,31.63864517211914,32.35223788933939,32.06638618694925,32.36164110753771,32.43452987162359,0.7135927172202514,0.7958846995044482,False,True,2024,0.08229198228419676
2022-09-19,PETR4,AUTOENCODER,17.06343650817871,17.35042355718585,17.228017293368826,16.78522381606757,16.694584291414643,0.2869870490071378,0.3688522167640684,False,True,2022,0.08186516775693059
2021-03-03,PETR4,AUTOENCODER,6.277400970458984,6.57484568793714,6.629418569084528,6.57451273723358,6.656294303330455,0.2974447174781556,0.3788933328714705,False,True,2021,0.08144861539331488
2024-08-09,PETR4,AUTOENCODER,30.46220970153809,30.907477568633283,31.27233075985847,30.78610989853621,30.988173553559765,0.4452678670951933,0.5259638520216754,False,True,2024,0.08069598492648211
2025-08-08,PETR4,AUTOENCODER,29.852754592895508,31.904987768208656,32.05817517873539,31.869375810451533,31.985497720303,2.052233175313148,2.132743127407494,False,True,2025,0.08050995209434575
2023-09-26,PETR4,AUTOENCODER,24.339040756225582,24.65792121203036,24.469636156118856,24.923285532951414,24.737448048189528,0.3188804558047771,0.3984072919639452,False,True,2023,0.07952683615916811
2025-07-14,PETR4,AUTOENCODER,31.485708236694336,31.563452116720757,31.555747334985732,31.914695282924736,31.63984984707233,0.0777438800264178,0.1541416103779944,False,False,2025,0.0763977303515766
2023-07-04,PETR4,AUTOENCODER,21.12602424621582,21.126849678510386,21.126849678510386,21.04603081270496,21.049123472553084,0.0008254322945617,0.0769007736627358,False,False,2023,0.07607534136817411
2022-10-26,PETR4,AUTOENCODER,17.849210739135742,18.64437289448796,18.788470309939427,18.420586090250342,18.71942823375936,0.7951621553522159,0.8702174946236134,False,True,2022,0.07505533927139751
2023-01-06,PETR4,AUTOENCODER,13.859469413757324,13.961606913520155,13.838512193132068,13.912496247244782,13.682526116469322,0.1021374997628328,0.1769432972880018,False,True,2023,0.07480579752516898
2025-11-24,PETR4,AUTOENCODER,32.540000915527344,32.66832407981204,32.66832407981204,32.59542119399828,32.741972348060656,0.1283231642846942,0.2019714325333126,False,False,2025,0.07364826824861839
2021-08-20,PETR4,AUTOENCODER,8.63042163848877,8.657834653219671,8.581131635009744,8.675722585370739,8.52997468269266,0.0274130147309019,0.1004469557961087,False,True,2021,0.0730339410652068
2022-10-03,PETR4,AUTOENCODER,17.56000518798828,16.405181746338457,16.52084528724155,16.1176457637492,16.33222895543083,1.1548234416498246,1.2277762325574528,False,True,2022,0.07295279090762818
2021-04-01,PETR4,AUTOENCODER,7.07725715637207,6.9296627999422,6.99594224093647,7.19636173450362,7.296223691701148,0.1475943564298703,0.2189665353290779,False,True,2021,0.0713721788992076
2022-01-04,PETR4,AUTOENCODER,10.64271354675293,10.80129144321652,10.946153910898138,10.659371253201106,10.87205729796521,0.1585778964635906,0.22934375121228,False,True,2022,0.0707658547486894
2024-07-15,PETR4,AUTOENCODER,32.1225700378418,32.05810250438739,32.38587485435666,31.95555973843168,32.255935623610966,0.0644675334544047,0.1333655857691695,False,True,2024,0.06889805231476478
2024-09-03,PETR4,AUTOENCODER,33.0625114440918,33.11181492880556,32.75616231530632,33.519202454219545,33.18013718335886,0.0493034847137607,0.1176257392670621,False,True,2024,0.0683222545533014
2025-08-06,PETR4,AUTOENCODER,31.63237762451172,31.748071962883984,31.56970182796271,31.66098216736558,31.448813597080797,0.1156943383722648,0.1835640274309256,False,True,2025,0.0678696890586608
2021-05-04,PETR4,AUTOENCODER,7.009234428405762,7.26332555457439,7.29632762430392,7.331741502937354,7.330294747063673,0.2540911261686283,0.3210603186579108,False,True,2021,0.06696919248928251
2023-01-27,PETR4,AUTOENCODER,14.957019805908203,15.08588498189532,14.928794134703868,15.30676157839824,15.152666855382943,0.1288651759871157,0.1956470494747417,False,True,2023,0.06678187348762601
2021-11-23,PETR4,AUTOENCODER,9.01976203918457,9.233420491973613,9.302853873011024,8.67122869747941,8.74006304829828,0.2136584527890406,0.2796989908862901,False,True,2021,0.06604053809724947
2025-07-10,PETR4,AUTOENCODER,31.524822235107425,31.430050816772365,31.16594897794839,31.5635360754031,31.364147287525427,0.0947714183350605,0.1606749475819988,False,True,2025,0.06590352924693829
2023-04-26,PETR4,AUTOENCODER,15.616711616516112,15.499231582335312,15.37870132616302,15.806465561589931,15.800061354923107,0.1174800341807991,0.1833497384069957,False,True,2023,0.0658697042261966
2021-01-18,PETR4,AUTOENCODER,8.315555572509766,8.081958694052265,8.018062520648463,8.081958694052265,8.018062520648463,0.2335968784575008,0.2974930518613021,False,True,2021,0.0638961734038013
2023-05-02,PETR4,AUTOENCODER,14.95456886291504,15.554549923376058,15.426110203950053,15.559481442673691,15.61582842262353,0.5999810604610172,0.6612595597084887,False,True,2023,0.06127849924747153
2021-09-30,PETR4,AUTOENCODER,8.834826469421387,8.774164180088093,8.833951207566667,8.943723055895749,8.956390513363171,0.0606622893332939,0.1215640439417846,False,True,2021,0.060901754608490705
2021-06-21,PETR4,AUTOENCODER,8.864890098571777,8.900495024282002,8.999312785545273,8.861997932499772,8.960550009398522,0.0356049257102242,0.095659910826745,False,True,2021,0.060054985116520805
2023-02-23,PETR4,AUTOENCODER,15.499956130981444,15.518358631119796,15.725300746272843,15.12178079181351,15.422429789614178,0.018402500138352,0.0775263413672657,False,True,2023,0.059123841228913704
2022-12-07,PETR4,AUTOENCODER,14.799388885498049,14.708885797832394,14.569969279929678,14.982438029675322,14.944996681368696,0.0905030876656542,0.1456077958706476,False,True,2022,0.0551047082049934
2025-01-03,PETR4,AUTOENCODER,33.69900894165039,33.44342502004628,33.44342502004628,33.99257596887978,34.008447083188734,0.2555839216041136,0.3094381415383438,False,False,2025,0.05385421993423023
2025-08-07,PETR4,AUTOENCODER,31.808385848999023,31.8253128349983,31.81835908277657,31.71726021101703,31.878755895778657,0.0169269859992766,0.0703700467796331,False,False,2025,0.0534430607803565
2025-10-24,PETR4,AUTOENCODER,29.84000015258789,30.230380779256848,30.5651667023392,30.25839872348289,30.283240060859637,0.3903806266689571,0.4432399082717424,False,False,2025,0.0528592816027853
2023-01-31,PETR4,AUTOENCODER,15.219730377197266,15.228577511017376,15.24070800718394,15.044245780766987,15.159829706588107,0.0088471338201117,0.0599006706091582,False,False,2023,0.0510535367890465
2025-02-25,PETR4,AUTOENCODER,35.1533088684082,35.17800334056838,34.894268538381375,35.33271213042978,35.22810648442175,0.0246944721601778,0.0747976160135479,False,True,2025,0.0501031438533701
2021-05-12,PETR4,AUTOENCODER,7.587979316711426,7.404316699576793,7.475939838163716,7.703736034309638,7.821026287067614,0.1836626171346331,0.2330469703561881,False,True,2021,0.04938435322155499
2023-01-12,PETR4,AUTOENCODER,14.379051208496094,13.994877332461172,13.994877332461172,14.08220145427803,13.9465522359969,0.3841738760349216,0.432498972499193,False,False,2023,0.04832509646427141
2021-03-26,PETR4,AUTOENCODER,6.949873447418213,6.8683879241624535,6.942443881662893,6.995456431595016,7.079541819885841,0.0814855232557594,0.1296683724676279,False,True,2021,0.04818284921186851
2025-09-15,PETR4,AUTOENCODER,31.450000762939453,31.251953762617006,31.251953762617006,31.20674519118932,31.204063256077813,0.1980470003224468,0.2459375068616403,False,False,2025,0.047890506539193495
2024-05-03,PETR4,AUTOENCODER,32.360347747802734,31.869010378291136,31.919687628540057,32.78196366970044,32.89956120948448,0.4913373695115979,0.5392134616817472,False,False,2024,0.04787609217014932
2021-02-26,PETR4,AUTOENCODER,6.588456630706787,6.939115685193713,6.858764808673234,6.984657710329583,6.986810878080077,0.3506590544869254,0.3983542473732901,False,True,2021,0.0476951928863647
2021-04-12,PETR4,AUTOENCODER,7.07725715637207,7.007070860091396,7.069912342232093,7.123210164144025,7.195101221631355,0.0701862962806743,0.1178440652592849,False,True,2021,0.0476577689786106
2021-04-30,PETR4,AUTOENCODER,7.232770919799805,7.20824309003506,7.1976938112243385,7.365369634706473,7.304727498947012,0.0245278297647448,0.0719565791472076,False,True,2021,0.047428749382462804
2022-07-26,PETR4,AUTOENCODER,13.779046058654783,13.542153647173812,13.54335412982828,13.54852791790812,13.495028096639905,0.2368924114809711,0.2840179620148806,False,False,2022,0.047125550533909516
2023-01-02,PETR4,AUTOENCODER,13.380749702453612,14.127970072139306,14.177531906839471,14.277371779498624,14.1743769725418,0.747220369685694,0.7936272700881872,False,False,2023,0.04640690040249318
2021-06-30,PETR4,AUTOENCODER,9.011873245239258,9.19516516508086,9.292457505528558,9.14683884282252,9.241463758787187,0.1832919198416007,0.2295905135479294,False,True,2021,0.04629859370632869
2021-05-06,PETR4,AUTOENCODER,7.196024417877197,7.299732593155074,7.299732593155074,7.375867344260698,7.344592313066293,0.1037081752778767,0.148567895189096,False,False,2021,0.0448597199112193
2023-07-20,PETR4,AUTOENCODER,20.41131401062012,20.452452484167736,20.628363535613317,20.343855499308138,20.32731505691775,0.0411384735476154,0.0839989537023697,False,True,2023,0.042860480154754306
2026-01-12,PETR4,AUTOENCODER,30.36000061035156,30.50095002723356,30.495805658363626,30.359126179530307,30.1782740777696,0.1409494168819982,0.1817265325819583,False,False,2026,0.04077711569996012
2022-05-27,PETR4,AUTOENCODER,13.596867561340332,14.262894504258398,14.339771354311011,14.330050191876182,14.303105971145486,0.6660269429180659,0.7062384098051542,False,True,2022,0.04021146688708832
2021-10-13,PETR4,AUTOENCODER,9.613508224487305,9.629518450373943,9.629518450373943,9.573420619321798,9.557965698758528,0.0160102258866388,0.0555425257287769,False,False,2021,0.0395322998421381
2024-01-12,PETR4,AUTOENCODER,28.8532657623291,28.82870825724578,29.07390375916926,28.84049315823571,28.916267491881975,0.0245575050833224,0.0630017295528766,False,False,2024,0.0384442244695542
2024-08-26,PETR4,AUTOENCODER,33.954933166503906,31.89738071262164,32.18775060268665,31.77057579437839,31.86131358297031,2.0575524538822663,2.093619583533595,False,True,2024,0.036067129651328855
2021-03-04,PETR4,AUTOENCODER,6.582530975341797,6.428897755764602,6.4817741507485245,6.356891208208338,6.393446707166638,0.1536332195771947,0.1890842681751587,False,True,2021,0.035451048597964
2025-01-27,PETR4,AUTOENCODER,34.4400520324707,34.89650048684007,34.89650048684007,33.99357705753529,33.94831252551597,0.4564484543693652,0.4917395069547297,False,True,2025,0.03529105258536447
2023-03-29,PETR4,AUTOENCODER,13.952874183654783,13.713189465503085,13.713189465503085,13.659454863405008,13.678728534464904,0.2396847181516985,0.2741456491898795,False,False,2023,0.034460931038180986
2024-11-28,PETR4,AUTOENCODER,33.11399841308594,32.893101016764774,32.82769986001447,33.42394219407485,33.36916900869169,0.2208973963211633,0.2551705956057546,False,False,2024,0.03427319928459133
2024-01-25,PETR4,AUTOENCODER,29.692338943481445,28.864260301133385,29.10141813064258,28.675454725108267,28.83115492816114,0.8280786423480606,0.8611840153203048,False,True,2024,0.03310537297224414
2021-06-22,PETR4,AUTOENCODER,8.910823822021484,8.91869885090329,8.88505015014847,8.956537239729213,8.871241505276819,0.0078750288818056,0.0395823167446653,False,False,2021,0.0317072878628597
2023-04-06,PETR4,AUTOENCODER,14.011255264282228,13.910676029071212,14.015081918316843,14.118475538356092,14.142269339513996,0.1005792352110166,0.1310140752317679,False,True,2023,0.030434840020751294
2023-03-07,PETR4,AUTOENCODER,14.653438568115234,14.973572731493675,14.933810122898228,15.088138705530811,15.00387200047609,0.3201341633784409,0.3504334323608553,False,True,2023,0.030299268982414362
2022-01-03,PETR4,AUTOENCODER,10.602619171142578,10.789423244056705,10.70335955535202,10.407057068580272,10.386459220651144,0.1868040729141249,0.2161599504914342,False,False,2022,0.029355877577309286
2021-08-11,PETR4,AUTOENCODER,8.779150009155273,8.570193855542296,8.49267960021937,8.677212925958028,8.541195291491384,0.2089561536129771,0.2379547176638894,False,True,2021,0.028998564050912307
2021-01-20,PETR4,AUTOENCODER,8.35702896118164,8.054315351075635,8.025507741731161,8.054315351075635,8.025507741731161,0.3027136101060055,0.3315212194504795,False,True,2021,0.028807609344474017
2024-02-22,PETR4,AUTOENCODER,31.89204406738281,31.936237178845687,31.950497466847725,32.16158846565586,31.964255182707213,0.0441931114628779,0.0722111153244036,False,False,2024,0.02801800386152569
2025-09-17,PETR4,AUTOENCODER,31.71999931335449,31.398400646581138,31.415068705850963,31.54620764871339,31.37059652029983,0.321598666773351,0.3494027930546579,False,False,2025,0.02780412628130685
2021-08-09,PETR4,AUTOENCODER,8.63216781616211,8.54506033074001,8.51065236002469,8.795019048565782,8.746960366222106,0.0871074854220985,0.1147925500599971,False,True,2021,0.027685064637898604
2025-07-09,PETR4,AUTOENCODER,31.60304450988769,31.363721422581506,31.365037249947385,31.78294470682637,31.33631424287869,0.239323087306186,0.2667302670090059,False,False,2025,0.02740717970281986
2021-03-01,PETR4,AUTOENCODER,6.517357349395752,6.789757301508201,6.799971121792413,6.731533193866451,6.817083797175574,0.2723999521124494,0.2997264477798218,False,True,2021,0.02732649566737244
2021-10-07,PETR4,AUTOENCODER,9.279324531555176,9.212306855951148,9.232664980793231,9.305965754566152,9.37194646484964,0.0670176756040277,0.0926219332944633,False,False,2021,0.025604257690435603
2022-02-01,PETR4,AUTOENCODER,12.027722358703612,12.106020720796998,12.068688736614272,11.938241803173923,11.92473829388495,0.0782983620933865,0.1029840648186617,False,True,2022,0.02468570272527519
2021-01-15,PETR4,AUTOENCODER,8.330368995666504,8.0689890207803,8.044429467688772,8.0689890207803,8.044429467688772,0.2613799748862035,0.2859395279777317,False,True,2021,0.024559553091528186
2021-04-15,PETR4,AUTOENCODER,7.070477485656738,7.01761354087909,6.950689154713652,7.245907334766385,7.146930086655826,0.0528639447776484,0.0764526009990875,False,True,2021,0.023588656221439103
2023-09-21,PETR4,AUTOENCODER,24.557260513305664,24.478742352943428,24.212239821012297,24.932772996701985,24.65883514678531,0.0785181603622362,0.1015746334796467,False,True,2023,0.023056473117410492
2021-04-06,PETR4,AUTOENCODER,7.115769386291504,6.972645645119021,7.039267110803621,7.198313701925698,7.2813613998281905,0.1431237411724826,0.1655920135366866,False,True,2021,0.022468272364203984
2023-10-25,PETR4,AUTOENCODER,26.23756599426269,26.46698303141505,26.589914399806208,26.223371995640598,26.489128572524272,0.2294170371523627,0.2515625782615807,False,True,2023,0.022145541109217987
2025-11-21,PETR4,AUTOENCODER,32.56999969482422,32.5638807309638,32.404754925008675,32.833190585311286,32.59366114590456,0.0061189638604162,0.0236614510803434,False,False,2025,0.017542487219927197
2022-05-06,PETR4,AUTOENCODER,13.18220329284668,13.000387581427702,13.117376135806618,12.803451037204749,12.982892219965144,0.1818157114189773,0.1993110728815352,False,True,2022,0.017495361462557923
2023-04-28,PETR4,AUTOENCODER,15.585893630981444,15.581032016371452,15.77382970291428,15.290637459687243,15.564218593777197,0.0048616146099913,0.0216750372042469,False,True,2023,0.016813422594255598
2024-02-16,PETR4,AUTOENCODER,32.2700080871582,31.504469161474304,31.19992691276617,31.96696836545949,31.488966211764783,0.7655389256838987,0.7810418753934201,False,False,2024,0.015502949709521374
2021-12-17,PETR4,AUTOENCODER,10.566173553466797,10.664930238922684,10.575196550911231,10.873088479345428,10.680077180234887,0.0987566854558856,0.1139036267680921,False,True,2021,0.015146941312206494
2025-05-27,PETR4,AUTOENCODER,29.928699493408203,30.29103315620452,30.25660069771297,29.79810918207612,29.551360151977647,0.3623336627963169,0.3773393414305559,False,False,2025,0.015005678634239017
2025-09-05,PETR4,AUTOENCODER,30.59000015258789,30.83375502119415,30.57586473902361,31.0877559977648,30.847602650723395,0.2437548686062598,0.2576024981355047,False,True,2025,0.01384762952924487
2021-09-02,PETR4,AUTOENCODER,8.63042163848877,8.969329165686588,9.018624190124514,8.880204528452706,8.983041971195236,0.3389075271978186,0.3526203327064667,False,True,2021,0.013712805508648118
2025-01-07,PETR4,AUTOENCODER,34.25478744506836,33.60853795637519,33.61771064791062,33.61867314571781,33.59515739675807,0.6462494886931722,0.6596300483102908,False,True,2025,0.013380559617118593
2021-04-13,PETR4,AUTOENCODER,7.100956916809082,7.015454540980141,7.078371210448519,7.169369351033794,7.199193344180361,0.0855023758289412,0.0982364273712788,False,True,2021,0.012734051542337602
2022-05-18,PETR4,AUTOENCODER,13.3975191116333,13.687896743270528,13.570912467238728,13.722576935240502,13.69985536485063,0.2903776316372273,0.3023362532173284,False,True,2022,0.011958621580101081
2021-05-05,PETR4,AUTOENCODER,7.297077178955078,7.287533705896855,7.353144807626186,7.235569213882828,7.277122788522647,0.0095434730582226,0.0199543904324306,False,True,2021,0.010410917374208
2025-07-28,PETR4,AUTOENCODER,31.30970001220703,31.33670826171061,31.62012646774525,31.294533961823088,31.345354937224048,0.0270082495035808,0.0356549250170168,False,True,2025,0.008646675513436002
2025-05-05,PETR4,AUTOENCODER,28.15367126464844,29.06470400306844,28.8194090876858,29.29730572912469,29.073337073290585,0.9110327384200012,0.9196658086421436,False,True,2025,0.008633070222142436
2023-04-27,PETR4,AUTOENCODER,15.237244606018066,15.57190551658509,15.447750089455972,15.62850290559972,15.579824146646695,0.3346609105670239,0.3425795406286287,False,True,2023,0.007918630061604814
2023-02-09,PETR4,AUTOENCODER,15.1379976272583,15.08926070501134,15.193932841718254,15.165044300206883,15.194084770386436,0.0487369222469595,0.0560871431281366,False,True,2023,0.007350220881177094
2022-11-28,PETR4,AUTOENCODER,14.221426010131836,14.3112524140235,14.444266803620222,13.93370075811238,14.127165426436742,0.0898264038916636,0.0942605836950942,False,True,2022,0.004434179803430596
2025-02-03,PETR4,AUTOENCODER,34.73646926879883,34.73680640975931,34.73680640975931,34.90190747363385,34.7410970122267,0.0003371409604824,0.0046277434278749,False,False,2025,0.0042906024673925
2021-04-07,PETR4,AUTOENCODER,7.10984468460083,6.99247694276734,6.99247694276734,7.248970011298201,7.231151494859452,0.1173677418334904,0.1213068102586216,False,False,2021,0.003939068425131198
2023-06-23,PETR4,AUTOENCODER,21.133031845092773,20.34898521840549,20.079153293496116,21.990293587703803,21.9203789739875,0.7840466266872852,0.7873471288947265,False,True,2023,0.0033005022074412693
2024-07-18,PETR4,AUTOENCODER,32.14760208129883,32.25438863327861,32.50659579885916,32.278697909332955,32.25709751471508,0.1067865519797806,0.1094954334162494,False,True,2024,0.002708881436468802
2022-02-23,PETR4,AUTOENCODER,12.472382545471191,12.677838835812691,12.657361160418487,12.365110517215996,12.26500549749403,0.2054562903415018,0.207377047977161,False,False,2022,0.0019207576356591871
2021-01-21,PETR4,AUTOENCODER,8.16150951385498,8.036854036021017,8.03493387368662,8.036854036021017,8.03493387368662,0.1246554778339632,0.1265756401683599,False,True,2021,0.001920162334396694
2024-10-08,PETR4,AUTOENCODER,32.26448059082031,32.175303775485474,31.90168312227913,32.93888575311364,32.35491978889662,0.089176815334838,0.0904391980763108,False,True,2024,0.0012623827414728062
2025-01-31,PETR4,AUTOENCODER,34.9124641418457,34.72282899831387,34.94889534928193,34.71958205481254,34.72177157594507,0.1896351435318308,0.1906925659006333,False,True,2025,0.0010574223688024909
2021-07-01,PETR4,AUTOENCODER,8.89857292175293,9.21995785986351,9.308894579295911,9.18711974256644,9.220195754556649,0.3213849381105795,0.3216228328037189,False,True,2021,0.00023789469313939549
2022-10-24,PETR4,LSTM,18.689563751220703,18.5447804572988,18.70690172843806,20.304166996652647,20.35818329696285,0.144783293921904,1.6686195457421429,False,True,2022,1.5238362518202389
2023-07-27,PETR4,LSTM,20.593494415283203,20.85094393597917,20.96051933686212,21.61924310402046,21.951057398911928,0.257449520695971,1.3575629836287249,False,True,2023,1.1001134629327538
2026-03-20,PETR4,LSTM,45.66999816894531,44.97841350905364,45.31294924136378,46.64974094717707,47.08729619260877,0.6915846598916744,1.4172980236634558,False,True,2026,0.7257133637717814
2025-02-14,PETR4,LSTM,34.68088912963867,34.53335086454885,34.60640108707709,33.83217376675854,33.829090595986536,0.1475382650898211,0.8517985336521363,False,True,2025,0.7042602685623152
2022-08-30,PETR4,LSTM,17.69642448425293,17.79790479118833,17.67234157239543,18.70240870452785,18.494594712679305,0.1014803069354002,0.7981702284263754,False,True,2022,0.6966899214909752
2023-10-23,PETR4,LSTM,25.713836669921875,26.81984321361847,26.598667674278197,27.58612951803951,27.49162331508538,1.1060065436965942,1.7777866451635056,False,True,2023,0.6717801014669114
2024-01-09,PETR4,LSTM,28.800355911254883,28.888369799222037,29.14283122210365,29.118184801965583,29.537684613515736,0.0880138879671506,0.7373287022608537,False,True,2024,0.6493148142937031
2023-06-30,PETR4,LSTM,20.69159698486328,21.279137079781226,21.46883385758264,21.742233657016516,21.90170903006737,0.5875400949179408,1.2101120452040846,False,True,2023,0.6225719502861438
2026-01-05,PETR4,LSTM,30.200000762939453,30.525684021805432,30.726222243620708,30.654848315274737,31.105867277544625,0.325683258865979,0.9058665146051688,False,True,2026,0.5801832557391897
2024-11-08,PETR4,LSTM,31.04598045349121,30.98162300345476,30.62583662540747,30.59356983585509,30.421901008963783,0.0643574500364536,0.6240794445274247,False,True,2024,0.559721994490971
2025-12-05,PETR4,LSTM,31.3700008392334,32.27514207743181,32.528349747707075,32.49046178843573,32.81936383895718,0.9051412381984107,1.4493629997237818,False,True,2025,0.544221761525371
2024-05-03,PETR4,LSTM,32.360347747802734,32.386290158208226,32.43778997296557,32.817974986232755,32.9284213304783,0.0259424104054915,0.5680735826755665,False,False,2024,0.542131172270075
2024-07-03,PETR4,LSTM,31.571901321411133,31.660974372654493,31.68192645087188,32.134652033818874,32.20087613136896,0.0890730512433606,0.6289748099578247,False,False,2024,0.5399017587144641
2026-02-06,PETR4,LSTM,36.650001525878906,36.27746382035423,36.58282949251127,36.922967561291394,37.53788851605327,0.3725377055246781,0.8878869901743656,False,True,2026,0.5153492846496874
2025-06-10,PETR4,LSTM,29.383399963378903,29.364986006949835,29.59413027907019,28.59409094573257,28.850624935664204,0.0184139564290681,0.532775027714699,False,True,2025,0.5143610712856309
2024-09-25,PETR4,LSTM,31.792526245117188,31.9055409639123,31.59775125585053,31.650510153629835,31.170999703085023,0.1130147187951138,0.6215265420321643,False,True,2024,0.5085118232370505
2026-02-12,PETR4,LSTM,37.11000061035156,37.28892192760418,36.95381654700091,38.26865877523064,37.77605247835506,0.178921317252616,0.6660518680034997,False,True,2026,0.4871305507508837
2025-05-02,PETR4,LSTM,29.24526596069336,28.983084279628827,28.980685352926937,28.52359485398267,28.503688606072927,0.2621816810645327,0.7415773546204321,False,False,2025,0.47939567355589935
2024-04-12,PETR4,LSTM,29.435321807861328,29.350629963778346,29.557620866397464,29.76987903942285,29.997514629511308,0.0846918440829824,0.5621928216499796,False,True,2024,0.4775009775669972
2023-11-13,PETR4,LSTM,25.961156845092773,25.772749468463477,25.967839754514653,25.346210895390133,25.2998849226764,0.1884073766292999,0.6612719224163754,False,True,2023,0.47286454578707554
2024-08-12,PETR4,LSTM,31.154720306396484,30.90177596491438,31.11541550196186,30.521954480017715,30.43700748817665,0.252944341482106,0.7177128182198338,False,True,2024,0.4647684767377278
2023-01-10,PETR4,LSTM,14.063802719116213,13.76015516608068,13.380401365218246,13.806492219597102,13.30464949927905,0.3036475530355336,0.7591532198371631,False,False,2023,0.4555056668016295
2023-10-09,PETR4,LSTM,25.4228744506836,24.8649651533718,25.090189313400263,24.39294356230281,24.43284920743388,0.5579092973118023,0.990025243249722,False,True,2023,0.4321159459379197
2021-02-02,PETR4,LSTM,8.490339279174805,8.495384585876447,8.568469303657277,8.016135188026556,8.061369026799833,0.0050453067016427,0.4289702523749721,False,True,2021,0.4239249456733294
2025-05-07,PETR4,LSTM,28.75167655944824,28.83928044180433,28.62847401096768,28.688522088392688,28.249164908490823,0.0876038823560954,0.5025116509574161,False,True,2025,0.4149077686013207
2025-12-04,PETR4,LSTM,32.52000045776367,32.256146566292415,32.257499834286286,32.28269254920083,31.861843644632728,0.2638538914712569,0.6581568131309439,False,False,2025,0.394302921659687
2025-07-07,PETR4,LSTM,31.34881401062012,31.282861421241563,31.055421053624745,31.384062258424105,30.89558226846897,0.0659525893785577,0.45323174215115,False,True,2025,0.3872791527725923
2023-05-01,PETR4,LSTM,15.585893630981444,15.5483307743433,15.352862970340984,15.519274363778278,15.167649537566737,0.0375628566381447,0.4182440934147085,False,False,2023,0.3806812367765638
2024-06-20,PETR4,LSTM,30.453866958618164,30.330078938291592,30.22587328809269,30.01612816101636,29.95907309312549,0.1237880203265717,0.4947938654926744,False,False,2024,0.3710058451661027
2024-12-17,PETR4,LSTM,34.17151641845703,34.36131929395302,34.11732631673005,33.9385003286234,33.61702770076126,0.1898028754959853,0.5544887176957687,False,True,2024,0.3646858421997834
2022-11-24,PETR4,LSTM,14.157208442687988,14.15599127851462,14.354774716504796,13.652919080330843,13.79316329256706,0.0012171641733687,0.3640451501209281,False,True,2022,0.3628279859475594
2026-03-23,PETR4,LSTM,46.02999877929688,45.27271362339295,44.98390477620945,45.58070386881039,44.91245636798746,0.7572851559039364,1.1175424113094223,False,True,2026,0.3602572554054859
2025-07-23,PETR4,LSTM,31.28036499023437,31.30622840776354,31.476586645787247,30.750149125559613,30.89742021056587,0.0258634175291696,0.3829447796685024,False,True,2025,0.3570813621393328
2022-06-27,PETR4,LSTM,12.432689666748049,12.642634690556491,12.742022051327645,11.868289687923417,11.866899597536126,0.2099450238084426,0.5657900692119231,False,True,2022,0.3558450454034805
2025-03-14,PETR4,LSTM,32.88386154174805,32.60336661096622,32.83875641166061,31.991273500761537,32.25247249393849,0.2804949307818276,0.6313890478095558,False,True,2025,0.35089411702772827
2024-08-22,PETR4,LSTM,31.85259437561035,31.93535944166257,32.185072018085975,31.861064725956403,32.281641785932585,0.0827650660522181,0.4290474103222337,False,True,2024,0.3462823442700156
2025-08-22,PETR4,LSTM,30.46999931335449,29.980333862561597,30.039486542090856,29.588411157085336,29.63632768989822,0.489665450792895,0.8336716234562687,False,True,2025,0.3440061726633737
2021-08-05,PETR4,LSTM,8.681161880493164,8.736214032825185,8.80707031554711,8.17794253359454,8.286848364799848,0.0550521523320206,0.3943135156933159,False,True,2021,0.3392613633612953
2025-10-27,PETR4,LSTM,30.0,30.08257918048068,30.08257918048068,29.81722712058388,29.581502980674927,0.0825791804806783,0.4184970193250734,False,False,2025,0.3359178388443951
2021-11-23,PETR4,LSTM,9.01976203918457,9.020125746511926,9.08795519590258,8.638004564853706,8.698214683215996,0.0003637073273559,0.3215473559685744,False,True,2021,0.3211836486412185
2023-07-28,PETR4,LSTM,20.852754592895508,20.92386004701477,20.878994276942183,20.65532261710804,20.466360775056817,0.0711054541192623,0.386393817838691,False,False,2023,0.3152883637194287
2022-03-24,PETR4,LSTM,11.816327095031738,11.71512464599661,11.555433883791954,11.642776730654248,11.40834685418751,0.1012024490351279,0.4079802408442283,False,True,2022,0.30677779180910036
2024-05-30,PETR4,LSTM,30.6242904663086,30.74157540643384,30.38187073929347,30.65210797781974,30.201134026206432,0.1172849401252378,0.4231564401021686,False,True,2024,0.30587149997693075
2024-02-15,PETR4,LSTM,31.97520065307617,31.75152390407473,32.000091795275495,31.233366900846523,31.446085636409965,0.2236767490014379,0.5291150166662035,False,True,2024,0.3054382676647656
2024-03-20,PETR4,LSTM,27.742074966430664,28.19411164979473,27.964318802991272,27.40659589669788,26.98468858523111,0.4520366833640707,0.7573863811995558,False,True,2024,0.3053496978354851
2021-03-04,PETR4,LSTM,6.582530975341797,6.60844172401594,6.662794832138398,6.2326955401648805,6.253323322106155,0.0259107486741427,0.3292076532356418,False,True,2021,0.30329690456149905
2023-03-28,PETR4,LSTM,13.77189826965332,13.649421367420103,13.649421367420103,13.461127618040042,13.346572284365177,0.1224769022332168,0.4253259852881452,False,False,2023,0.3028490830549284
2025-01-13,PETR4,LSTM,34.33816146850586,34.23570207221681,34.11670782245548,34.298501345320226,33.94381045029794,0.1024593962890492,0.3943510182079208,False,False,2025,0.2918916219188716
2022-11-14,PETR4,LSTM,15.115355491638184,14.971103020007844,15.20586771259267,14.538918929802886,14.68178480305317,0.1442524716303381,0.4335706885850143,False,True,2022,0.2893182169546762
2022-07-01,PETR4,LSTM,12.677077293395996,12.66216249889517,12.526922462573983,12.465455353036818,12.383137303842306,0.0149147945008252,0.2939399895536905,False,True,2022,0.27902519505286527
2024-12-30,PETR4,LSTM,33.523006439208984,33.517757312083205,33.5981805781161,33.0634506326265,33.23879780238995,0.0052491271257792,0.2842086368190308,False,False,2024,0.2789595096932516
2025-05-21,PETR4,LSTM,30.137527465820312,30.071099754968145,30.071099754968145,30.42457194220073,30.480941176859428,0.0664277108521673,0.3434137110391155,False,False,2025,0.2769860001869482
2021-08-11,PETR4,LSTM,8.779150009155273,8.68617625210668,8.607612978610794,8.542978532984831,8.409834431665354,0.0929737570485933,0.3693155774899193,False,True,2021,0.276341820441326
2024-07-08,PETR4,LSTM,32.072509765625,32.01783723310473,32.28673561104232,31.57520958558261,31.745201281288004,0.0546725325202714,0.3273084843369958,False,True,2024,0.2726359518167244
2024-02-21,PETR4,LSTM,32.13393783569336,32.16149846937006,32.418643526436384,32.18912374084782,32.42904777767977,0.0275606336766998,0.2951099419864107,False,True,2024,0.2675493083097109
2021-03-10,PETR4,LSTM,6.618079662322998,6.423197381369484,6.433236476058517,6.192955956002836,6.157618596920245,0.1948822809535144,0.460461065402753,False,True,2021,0.2655787844492386
2024-02-20,PETR4,LSTM,32.08858871459961,32.03786291757669,32.03786291757669,32.41718574883582,32.40289648236185,0.0507257970229204,0.3143077677622372,False,False,2024,0.2635819707393168
2022-05-27,PETR4,LSTM,13.596867561340332,13.907031084046082,13.981989834039362,14.17773040536066,14.1701305415839,0.31016352270575,0.5732629802435678,False,True,2022,0.2630994575378178
2025-11-03,PETR4,LSTM,30.100000381469727,30.070263814793748,30.070263814793748,29.77595301209841,29.8085273577605,0.0297365666759787,0.2914730237092264,False,False,2025,0.2617364570332477
2021-10-25,PETR4,LSTM,9.42208480834961,9.546889144775175,9.619883314774574,8.954889107069135,9.035664144159274,0.1248043364255657,0.3864206641903358,False,True,2021,0.2616163277647701
2025-12-03,PETR4,LSTM,32.310001373291016,32.28734926262558,32.76927731556263,32.110907296915336,32.59388367303279,0.0226521106654331,0.2838822997417765,False,True,2025,0.2612301890763434
2024-02-16,PETR4,LSTM,32.2700080871582,31.797055598456097,31.48968502304285,32.01253800601372,31.53875318002102,0.4729524887021057,0.7312549071371848,False,False,2024,0.25830241843507906
2023-03-03,PETR4,LSTM,15.003721237182615,15.00414109675333,15.235107319422076,14.43417083153639,14.746748018432507,0.0004198595707141,0.2569732187501081,False,True,2023,0.256553359179394
2022-09-30,PETR4,LSTM,16.26128387451172,16.39798036760078,16.30336391667028,15.86461128152656,15.868438598057947,0.1366964930890617,0.3928452764537713,False,False,2022,0.2561487833647096
2025-07-04,PETR4,LSTM,31.407480239868164,31.249123859261918,31.516077170188783,31.41598151789789,31.821213513150884,0.15835638060625,0.4137332732827197,False,True,2025,0.2553768926764697
2026-02-09,PETR4,LSTM,37.31999969482422,36.56004602036654,36.56450355983812,36.671459327301534,36.31152904697839,0.7599536744576767,1.008470647845833,False,False,2026,0.24851697338815626
2021-08-06,PETR4,LSTM,8.693408966064453,8.655063911071775,8.643624705421937,8.461848549894007,8.409912192890067,0.0383450549926784,0.2834967731743862,False,False,2021,0.2451517181817078
2023-07-03,PETR4,LSTM,21.07697868347168,21.2926756226351,21.32417361276327,20.782552940131275,20.61715597364141,0.215696939163422,0.4598227098302736,False,False,2023,0.24412577066685162
2025-01-10,PETR4,LSTM,34.21773910522461,34.074026325193216,34.32132491123411,34.19420974449317,34.603447392388695,0.1437127800313931,0.3857082871640855,False,True,2025,0.2419955071326924
2026-01-12,PETR4,LSTM,30.36000061035156,30.356991294612044,30.35187120619311,30.291389956092896,30.12088638305488,0.003009315739515,0.2391142272966817,False,False,2026,0.2361049115571667
2021-03-12,PETR4,LSTM,6.863964080810547,6.467539397657067,6.496132018389091,6.267651916765741,6.241168749497015,0.3964246831534801,0.6227953313135322,False,False,2021,0.22637064816005203
2025-09-18,PETR4,LSTM,31.40999984741211,31.47920164037936,31.47920164037936,31.68397462340536,31.705056353614676,0.0692017929672488,0.2950565062025632,False,False,2025,0.22585471323531436
2023-02-06,PETR4,LSTM,15.05042552947998,15.044682965887816,15.194154991715788,14.585194659579823,14.819356575611112,0.0057425635921646,0.231068953868867,False,True,2023,0.2253263902767024
2025-12-26,PETR4,LSTM,30.40999984741211,30.333063736443705,30.089334374353594,30.282287276937986,30.10778544151213,0.0769361109684041,0.3022144058999778,False,True,2025,0.2252782949315737
2023-07-13,PETR4,LSTM,20.76166343688965,20.884385230926423,20.97455505023685,20.520262244908096,20.41529128299913,0.1227217940367779,0.3463721538905169,False,True,2023,0.223650359853739
2023-08-04,PETR4,LSTM,21.02092170715332,21.170671383505592,21.087831916500807,21.60939304489377,21.39272968501016,0.1497496763522718,0.3718079778568395,False,True,2023,0.2220583015045677
2023-09-27,PETR4,LSTM,25.110090255737305,25.0425360569468,25.19043490274156,24.55472280358692,24.82220044055852,0.0675541987905035,0.2878898151787865,False,True,2023,0.22033561638828297
2022-03-10,PETR4,LSTM,12.282856941223145,12.244902960844726,12.34513340569877,11.867585757627127,12.02873189219567,0.0379539803784183,0.2541250490274738,False,True,2022,0.2161710686490555
2021-09-23,PETR4,LSTM,8.708290100097656,8.59596908736081,8.671723958874741,8.349005697012196,8.382281423079753,0.1123210127368459,0.3260086770179029,False,True,2021,0.213687664281057
2024-07-17,PETR4,LSTM,32.20600509643555,32.49449277919368,32.76541483705335,32.21008368299509,32.70793032455315,0.2884876827581308,0.5019252281176065,False,True,2024,0.21343754535947573
2024-01-23,PETR4,LSTM,28.8532657623291,29.12224864948541,29.06193808188041,28.630555090102494,28.37366877329916,0.2689828871563122,0.4795969890299396,False,False,2024,0.2106141018736274
2023-03-08,PETR4,LSTM,14.840255737304688,14.774803368554984,14.67056796052502,14.6438967568429,14.564203245115314,0.0654523687497032,0.2760524921893736,False,True,2023,0.2106001234396704
2024-12-13,PETR4,LSTM,33.993072509765625,34.282546684401495,34.36496903480809,34.19745344677044,34.49309037490222,0.2894741746358704,0.5000178651365985,False,False,2024,0.21054369050072813
2022-09-19,PETR4,LSTM,17.06343650817871,17.21197588309643,17.09054635984505,16.799237420207294,16.705134164468845,0.1485393749177177,0.358302343709866,False,True,2022,0.2097629687921483
2023-01-05,PETR4,LSTM,13.941198348999023,13.862050126720789,14.004079520031144,13.505105202141308,13.657844454141374,0.0791482222782349,0.2833538948576493,False,True,2023,0.20420567257941438
2022-11-22,PETR4,LSTM,13.620107650756836,14.56480167418472,14.691603190719622,14.540996297264432,14.768002200329477,0.9446940234278856,1.147894549572639,False,True,2022,0.20320052614475337
2025-07-03,PETR4,LSTM,31.44659423828125,31.22816880600783,31.11949208663468,31.357937388114404,31.02791811224442,0.2184254322734204,0.4186761260368286,False,False,2025,0.20025069376340818
2021-03-05,PETR4,LSTM,6.632892608642578,6.518553876123452,6.581515527206804,6.291052284136004,6.320415481820674,0.1143387325191263,0.3124771268219044,False,True,2021,0.19813839430277813
2025-06-23,PETR4,LSTM,31.290143966674805,31.241851179744657,30.93419606023536,32.04424447400832,31.535378304086205,0.0482927869301477,0.2452343374114001,False,True,2025,0.1969415504812524
2024-07-19,PETR4,LSTM,32.28110122680664,32.60535565685177,32.23531191121782,32.32581933299722,31.76152107584604,0.32425443004513,0.5195801509606,False,True,2024,0.19532572091546996
2021-06-03,PETR4,LSTM,8.534180641174316,8.443373740481608,8.440451116624079,8.301675851161129,8.24895016799041,0.0908069006927085,0.2852304731839066,False,False,2021,0.1944235724911981
2023-05-31,PETR4,LSTM,17.1773681640625,17.19630446347405,17.1472459286277,17.295366218675753,17.38846756502899,0.0189362994115498,0.2110994009664892,False,False,2023,0.19216310155493938
2022-11-15,PETR4,LSTM,15.115355491638184,14.822519571303856,14.795056084467456,14.826502510755548,14.630650142678393,0.2928359203343262,0.4847053489597925,False,False,2022,0.1918694286254663
2024-04-15,PETR4,LSTM,29.715023040771484,29.540958789603195,29.506040896107663,29.56592462099708,29.34966797375407,0.1740642511682892,0.3653550670174148,False,False,2024,0.19129081584912563
2024-10-02,PETR4,LSTM,32.16150665283203,31.639608725255925,31.64234066719781,31.728185721839235,31.450179873278987,0.5218979275761058,0.711326779553044,False,False,2024,0.18942885197693826
2021-02-03,PETR4,LSTM,8.573287963867188,8.486412980887106,8.563286816722616,8.265960121657736,8.29711359760314,0.0868749829800812,0.2761743662640477,False,True,2021,0.18929938328396648
2024-05-14,PETR4,LSTM,33.15536117553711,33.54881986550478,33.47416144374124,33.82594259594427,33.73770620476252,0.3934586899676731,0.582345029225408,False,False,2024,0.1888863392577349
2024-11-28,PETR4,LSTM,33.11399841308594,33.0676404078838,33.00189221550217,33.40391467070207,33.34860255426029,0.046358005202137,0.2346041411743513,False,False,2024,0.1882461359722143
2024-10-09,PETR4,LSTM,31.93840217590332,32.39585183861479,32.4443822158702,32.29092599594469,32.58375165156938,0.4574496627114683,0.6453494756660589,False,False,2024,0.18789981295459063
2021-05-19,PETR4,LSTM,8.007493019104004,7.956159225064802,7.875801859596244,7.87097681885376,7.768426842667853,0.051333794039202,0.2390661764361512,False,True,2021,0.1877323823969492
2025-01-03,PETR4,LSTM,33.69900894165039,33.58240007403984,33.58240007403984,33.98895789143645,34.00236691794952,0.1166088676105516,0.3033579762991252,False,False,2025,0.18674910868857358
2026-02-19,PETR4,LSTM,37.810001373291016,37.37197995987327,37.54541446149532,37.28037009689271,37.18576334010447,0.4380214134177436,0.6242380331865434,False,True,2026,0.18621661976879977
2024-05-28,PETR4,LSTM,30.66485977172852,30.83627267630763,31.072166649828095,30.1883212482932,30.3088499778676,0.1714129045791104,0.3560097938609203,False,True,2024,0.1845968892818099
2022-12-08,PETR4,LSTM,14.46662139892578,14.641115636164486,14.5500909940745,14.810738146527456,14.823634115605136,0.1744942372387061,0.3570127166793568,False,True,2022,0.1825184794406507
2021-08-25,PETR4,LSTM,8.997050285339355,8.895354914202297,8.861794286063631,8.805452193731396,8.714504611048781,0.1016953711370582,0.2825456742905743,False,False,2021,0.1808503031535161
2025-05-27,PETR4,LSTM,29.928699493408203,30.15410369699066,30.119826889113483,29.75613582404136,29.52252397899691,0.2254042035824568,0.4061755144112915,False,False,2025,0.1807713108288347
2023-09-28,PETR4,LSTM,25.05917358398437,25.062006087067545,24.897272551085024,25.14378033742125,24.87672522777297,0.002832503083173,0.1824483562114025,False,True,2023,0.1796158531282295
2025-01-07,PETR4,LSTM,34.25478744506836,33.771366809109935,33.78058394110396,33.6161242391772,33.59207699583134,0.4834206359584243,0.6627104492370179,False,True,2025,0.1792898132785936
2024-08-26,PETR4,LSTM,33.954933166503906,32.095065811981186,32.38723527929317,31.81733913056755,31.919084688145627,1.85986735452272,2.035848478358279,False,True,2024,0.17598112383555886
2021-03-09,PETR4,LSTM,6.395896434783936,6.450217610852146,6.492153862208015,6.141466448800879,6.16630652132374,0.0543211760682096,0.2295899134601962,False,True,2021,0.1752687373919866
2021-05-14,PETR4,LSTM,8.053422927856445,7.885939021091637,7.962220969354054,7.615190327317811,7.711803751113862,0.1674839067648079,0.3416191767425829,False,True,2021,0.174135269977775
2021-02-17,PETR4,LSTM,8.76584529876709,8.598600454924483,8.634215509855728,8.446116861067008,8.42483300549484,0.1672448438426066,0.3410122932722501,False,True,2021,0.17376744942964348
2021-09-28,PETR4,LSTM,8.747222900390625,8.738045725266144,8.659013311438812,8.685415691052249,8.566862248552615,0.0091771751244813,0.1803606518380096,False,True,2021,0.1711834767135283
2024-08-13,PETR4,LSTM,30.96282196044922,30.914270811874047,30.59876714942303,31.16900279167337,30.74315652708842,0.0485511485751715,0.2196654333607988,False,True,2024,0.1711142847856273
2021-06-04,PETR4,LSTM,8.727092742919922,8.471733625559931,8.471733625559931,8.315496041027345,8.302427921102007,0.2553591173599905,0.424664821817915,False,False,2021,0.16930570445792448
2025-10-24,PETR4,LSTM,29.84000015258789,30.069309859535903,30.402312005002813,30.19451976361708,30.23580147698529,0.2293097069480154,0.3958013243974037,False,False,2025,0.16649161744938828
2023-03-07,PETR4,LSTM,14.653438568115234,14.81152449936296,14.772192212945347,15.04303875492388,14.968933192974523,0.1580859312477258,0.3154946248592907,False,True,2023,0.1574086936115649
2022-09-01,PETR4,LSTM,18.47128868103028,17.890306913553886,17.637953725797868,18.05541765161952,17.732985370380113,0.5809817674763949,0.7383033106501671,False,True,2022,0.15732154317377223
2024-01-25,PETR4,LSTM,29.692338943481445,29.0793329561204,29.318257890121835,28.76510606621357,28.922486913163297,0.6130059873610492,0.7698520303181482,False,True,2024,0.15684604295709903
2024-05-06,PETR4,LSTM,32.579383850097656,32.556802284604714,32.524353542354255,32.504820153791734,32.40275251031705,0.0225815654929419,0.1766313397806058,False,False,2024,0.1540497742876639
2022-04-19,PETR4,LSTM,12.619986534118652,12.514407614422865,12.631595686244973,12.280049532265863,12.362066379554248,0.1055789196957874,0.2579201545644043,False,True,2022,0.15234123486861692
2023-01-16,PETR4,LSTM,14.03460693359375,14.004190689462988,13.918477290385546,14.2957097075109,14.216022914311688,0.0304162441307624,0.1814159807179365,False,True,2023,0.15099973658717408
2021-11-24,PETR4,LSTM,9.204700469970703,9.014292605147933,9.0196696187431,8.8979514540377,8.863719651457872,0.1904078648227702,0.3409808185128309,False,True,2021,0.1505729536900607
2025-07-25,PETR4,LSTM,31.27058792114257,31.23601926770445,31.484758624999937,31.213379438208804,31.45249291836385,0.0345686534381215,0.1819049972212774,False,True,2025,0.1473363437831559
2021-06-08,PETR4,LSTM,8.77608871459961,8.567654072600671,8.489741931650519,8.493556311049886,8.420905294145914,0.208434641998938,0.3551834204536952,False,True,2021,0.14674877845475723
2023-06-23,PETR4,LSTM,21.133031845092773,20.55050703730076,20.2780028896874,21.93950729752948,21.86143011766193,0.5825248077920122,0.7283982725691587,False,True,2023,0.14587346477714647
2025-12-24,PETR4,LSTM,30.309999465942383,30.37744232511392,30.33073167954638,30.28247372949865,30.096869662643016,0.0674428591715354,0.2131298032993669,False,False,2025,0.1456869441278315
2023-09-18,PETR4,LSTM,24.826400756835938,24.54316752458996,24.24772983488536,24.69858746392646,24.400448455950432,0.2832332322459763,0.4259523008855055,False,True,2023,0.1427190686395292
2021-08-12,PETR4,LSTM,8.910823822021484,8.71491599823484,8.636092784292234,8.62035578570849,8.573796703460335,0.1959078237866443,0.3370271185611493,False,True,2021,0.14111929477450502
2022-09-22,PETR4,LSTM,17.429040908813477,17.022632974947854,17.13970583631356,16.97816984376538,16.883439681167083,0.4064079338656228,0.5456012276463937,False,True,2022,0.13919329378077094
2022-02-23,PETR4,LSTM,12.472382545471191,12.289109444184916,12.26925965769205,12.234507697442211,12.150687875965131,0.1832731012862751,0.3216946695060603,False,False,2022,0.13842156821978518
2021-03-11,PETR4,LSTM,6.899511337280273,6.426288208698129,6.474769306269196,6.278002324612437,6.288371443258418,0.4732231285821449,0.6111398940218553,False,True,2021,0.13791676543971043
2022-07-19,PETR4,LSTM,12.965899467468262,12.99524040273623,13.096835026120312,12.77159861278404,12.80042530789397,0.0293409352679674,0.1654741595742912,False,True,2022,0.1361332243063238
2025-04-02,PETR4,LSTM,34.458580017089844,34.53212154076297,34.53212154076297,34.619756038672875,34.66796887411759,0.0735415236731285,0.2093888570277471,False,False,2025,0.1358473333546186
2025-07-10,PETR4,LSTM,31.524822235107425,31.502130987633564,31.237423470321247,31.57522537347072,31.36805458089929,0.0226912474738618,0.1567676542081351,False,True,2025,0.1340764067342733
2023-11-03,PETR4,LSTM,25.8520450592041,26.270972271051875,26.07047612025441,25.672367060867437,25.29911454507545,0.4189272118477731,0.5529305141286507,False,True,2023,0.1340033022808776
2023-11-16,PETR4,LSTM,25.859317779541016,25.852303927942813,25.628369731594248,26.25785881864476,26.000019157599763,0.0070138515982023,0.1407013780587469,False,True,2023,0.1336875264605446
2021-06-24,PETR4,LSTM,9.079241752624512,9.123720247286013,9.123720247286013,8.93359593920935,8.902268231921212,0.0444784946615008,0.1769735207032994,False,False,2021,0.13249502604179858
2021-03-15,PETR4,LSTM,7.006158351898193,6.572580197865239,6.548703389010254,6.528305821810964,6.440911827954079,0.4335781540329542,0.565246523944114,False,True,2021,0.13166836991115982
2025-09-12,PETR4,LSTM,31.18000030517578,31.187465895457397,31.187465895457397,31.31928857616898,31.318312779243215,0.0074655902816118,0.1383124740674368,False,False,2025,0.13084688378582499
2024-02-12,PETR4,LSTM,31.21928977966309,31.48417056712188,31.514588140719862,31.37559141973411,31.614962485752915,0.2648807874587895,0.3956727060898259,False,False,2024,0.1307919186310364
2022-05-04,PETR4,LSTM,12.787452697753906,12.53118050815739,12.69643033770808,12.151330479957194,12.40103540445794,0.2562721895965154,0.3864172932959668,False,True,2022,0.13014510369945143
2021-08-24,PETR4,LSTM,8.948384284973145,8.846739461104054,8.944960401135,8.677311394478611,8.71684526124975,0.1016448238690905,0.2315390237233945,False,True,2021,0.129894199854304
2025-09-23,PETR4,LSTM,31.89999961853028,31.50609432751924,31.50348657155285,31.391996173107398,31.376358695443805,0.3939052910110447,0.5236409230864751,False,False,2025,0.12973563207543043
2023-03-06,PETR4,LSTM,15.155509948730469,14.863593737637627,14.946263708703809,14.832539612459126,14.734933059658314,0.2919162110928397,0.420576889072155,False,False,2023,0.1286606779793153
2023-01-06,PETR4,LSTM,13.859469413757324,13.772549208489906,13.651121345325492,13.8623866572261,13.643934990594076,0.0869202052674182,0.2155344231632483,False,True,2023,0.1286142178958301
2022-04-01,PETR4,LSTM,12.031366348266602,11.996107495763496,12.009351986483688,12.10546149625488,12.194952019223916,0.0352588525031052,0.1635856709573158,False,True,2022,0.1283268184542106
2022-03-21,PETR4,LSTM,11.575773239135742,11.78807271945064,11.877121823090503,11.2375577256058,11.23590598059596,0.2122994803148969,0.3398672585397833,False,True,2022,0.12756777822488638
2021-10-13,PETR4,LSTM,9.613508224487305,9.49225676640695,9.49225676640695,9.37814092695223,9.366615035419208,0.1212514580803549,0.2468931890680981,False,False,2021,0.1256417309877432
2021-06-02,PETR4,LSTM,8.534180641174316,8.407144339187983,8.490944952445373,8.248198278896968,8.28184178575098,0.1270363019863332,0.2523388554233357,False,True,2021,0.12530255343700247
2022-01-12,PETR4,LSTM,10.83223819732666,10.704866666092624,10.849406443310912,10.4959312736618,10.580720425389158,0.1273715312340364,0.2515177719375021,False,True,2022,0.12414624070346567
2021-03-19,PETR4,LSTM,7.10984468460083,7.08842781557178,7.168279540786318,6.902744653563308,6.964973994894265,0.0214168690290499,0.1448706897065648,False,True,2021,0.1234538206775149
2022-12-30,PETR4,LSTM,14.3031587600708,13.995413317631815,14.137059086787968,14.282511203153003,14.734319121645918,0.3077454424389856,0.4311603615751167,False,True,2022,0.12341491913613112
2023-02-08,PETR4,LSTM,15.208050727844238,14.943591983003673,15.047701096064332,14.859448881319294,14.820924176878568,0.2644587448405673,0.3871265509656698,False,True,2023,0.12266780612510247
2023-12-04,PETR4,LSTM,26.38899040222168,26.87079622589556,26.68299432500658,27.01470328585685,26.99341004361319,0.4818058236738807,0.6044196413915088,False,True,2023,0.12261381771762814
2022-03-31,PETR4,LSTM,12.19173526763916,11.930894327570217,11.829071557746914,11.97451303668884,11.8094361950316,0.2608409400689453,0.3822990726075606,False,True,2022,0.12145813253861526
2023-09-12,PETR4,LSTM,24.38995742797852,24.16671907758311,24.417954730444453,24.366348648922283,24.73328350883479,0.2232383503954089,0.3433260808562721,False,True,2023,0.12008773046086318
2022-04-07,PETR4,LSTM,12.406779289245604,12.216131866960026,12.318289767066767,11.902256751376145,12.09676680791883,0.1906474222855774,0.3100124813267744,False,True,2022,0.11936505904119699
2025-02-26,PETR4,LSTM,35.1533088684082,35.33898820762431,35.40563563863139,35.191035730237765,35.457837151774555,0.185679339216108,0.304528283366352,False,False,2025,0.11884894415024402
2024-10-01,PETR4,LSTM,31.723880767822266,31.644506351218865,32.009059812468095,31.06351117564687,31.52727121826209,0.0793744166034002,0.1966095495601756,False,True,2024,0.1172351329567754
2022-09-02,PETR4,LSTM,18.23664665222168,17.931060226379543,18.05438078032161,18.344793207709746,18.65862658384507,0.3055864258421366,0.4219799316233903,False,True,2022,0.11639350578125374
2023-08-08,PETR4,LSTM,21.175073623657227,21.186994344734487,21.369413993773836,21.128709837033867,21.302702915264145,0.01192072107726,0.1276292916069152,False,False,2023,0.11570857052965519
2025-01-27,PETR4,LSTM,34.4400520324707,34.877824599885,34.877824599885,33.93601517580865,33.887678430446954,0.4377725674142994,0.5523736020237493,False,True,2025,0.11460103460944993
2024-06-05,PETR4,LSTM,30.98935317993164,30.98665831368172,30.98665831368172,30.963417134776893,31.10656109734151,0.002694866249925,0.1172079174098676,False,False,2024,0.1145130511599426
2025-11-24,PETR4,LSTM,32.540000915527344,32.54957140209618,32.54957140209618,32.5262712380494,32.66361274035607,0.0095704865688333,0.1236118248287283,False,False,2025,0.114041338259895
2023-03-31,PETR4,LSTM,13.690166473388672,13.716441641578626,13.593095396764534,13.948639281716217,13.83038250301167,0.0262751681899544,0.1402160296229979,False,True,2023,0.1139408614330435
2022-11-17,PETR4,LSTM,14.820684432983398,14.739818042932669,14.635985189448062,14.737217501360004,14.626112917793511,0.0808663900507298,0.1945715151898852,False,True,2022,0.11370512513915539
2024-01-17,PETR4,LSTM,28.6340560913086,29.242356042013316,29.47922931928323,28.93031099751184,29.355267511624344,0.608299950704712,0.7212114203157434,False,False,2024,0.11291146961103138
2021-05-24,PETR4,LSTM,8.080982208251953,8.099811241401738,8.200348193924816,7.89186572764583,7.949762304190062,0.0188290331497853,0.1312199040618908,False,True,2021,0.11239087091210549
2021-06-11,PETR4,LSTM,8.748529434204102,8.775153478404778,8.771111692924194,8.686128368079855,8.610150959595682,0.0266240442006768,0.1383784746084195,False,False,2021,0.11175443040774272
2022-06-28,PETR4,LSTM,12.58820915222168,12.57495795749631,12.68527681349692,12.416699696917757,12.46907273341897,0.0132511947253703,0.119136418802709,False,True,2022,0.1058852240773387
2023-11-29,PETR4,LSTM,26.630884170532227,26.58050862439336,26.65569439539645,26.873055058894145,26.78583518238217,0.0503755461388664,0.1549510118499419,False,False,2023,0.1045754657110755
2024-02-26,PETR4,LSTM,32.2700080871582,32.33315140823984,32.37142894177192,31.83728207199485,32.10235452085446,0.0631433210816396,0.1676535663037412,False,False,2024,0.1045102452221016
2022-04-14,PETR4,LSTM,12.468467712402344,12.492293308838695,12.622558210064652,12.542815786577808,12.596679364073498,0.0238255964363531,0.1282116516711546,False,True,2022,0.10438605523480149
2024-12-04,PETR4,LSTM,33.68033981323242,33.5045863370413,33.28305109220485,33.9050952944959,33.40025481367986,0.1757534761911188,0.2800849995525638,False,True,2024,0.10433152336144497
2021-05-11,PETR4,LSTM,7.701277732849121,7.817259159822179,7.7341799407209235,7.540695443370097,7.481556251377127,0.1159814269730574,0.2197214814719936,False,True,2021,0.10374005449893621
2022-11-21,PETR4,LSTM,14.613326072692873,14.640544000604052,14.511463323770307,14.54676041397918,14.48343647720743,0.0272179279111792,0.1298895954854426,False,True,2022,0.1026716675742634
2023-02-17,PETR4,LSTM,15.435735702514648,15.405258384171404,15.310899045481404,15.654428184624583,15.565535712221765,0.0304773183432445,0.1298000097071145,False,True,2023,0.09932269136387001
2021-05-18,PETR4,LSTM,8.068734169006348,7.897192558358515,7.897192558358515,7.883295974480882,7.79793673207985,0.1715416106478322,0.2707974369264976,False,True,2021,0.09925582627866542
2026-01-02,PETR4,LSTM,30.709999084472656,30.459332499786427,30.177889294587636,30.72792072150061,30.360853621883805,0.250666584686229,0.3491454625888508,False,False,2026,0.09847887790262183
2023-09-04,PETR4,LSTM,23.48797416687012,23.38851778276089,23.518602614364266,23.71248472529144,23.68570273424709,0.099456384109235,0.1977285673769735,False,False,2023,0.0982721832677385
2021-05-28,PETR4,LSTM,8.264711380004883,8.323262659982351,8.43673717681762,8.020452729967738,8.108897028695312,0.0585512799774683,0.1558143513095711,False,True,2021,0.09726307133210281
2021-06-01,PETR4,LSTM,8.356575965881348,8.376531718272037,8.456751232642956,8.172045901075213,8.23974385294461,0.0199557523906896,0.1168321129367377,False,True,2021,0.0968763605460481
2021-08-30,PETR4,LSTM,9.181987762451172,9.120383862531138,9.120164920986031,9.08075623864062,9.024163090381704,0.0616038999200334,0.1578246720694682,False,False,2021,0.09622077214943481
2021-10-28,PETR4,LSTM,9.396127700805664,9.449144995898084,9.3683975609226,9.27557979324276,9.249529354057955,0.0530172950924203,0.1465983467477087,False,True,2021,0.09358105165528839
2025-08-01,PETR4,LSTM,31.495485305786133,31.58613314057021,31.38463528525723,31.881919319735164,31.679300337569583,0.0906478347840789,0.1838150317834497,False,True,2025,0.09316719699937082
2021-06-07,PETR4,LSTM,8.662789344787598,8.517830808882803,8.466781188376224,8.496436457370356,8.425836267469661,0.1449585359047951,0.2369530773179367,False,True,2021,0.09199454141314159
2022-02-11,PETR4,LSTM,12.304720878601074,12.060461366630449,12.170922464234112,11.857850699095724,11.968857367310031,0.2442595119706254,0.3358635112910431,False,True,2022,0.09160399932041768
2025-07-02,PETR4,LSTM,31.33903312683105,31.21869809556142,31.484223073748343,30.89274347052604,31.128307791277148,0.1203350312696294,0.2107253355539029,False,True,2025,0.09039030428427351
2022-09-21,PETR4,LSTM,17.008865356445312,17.049110150648104,17.345519417617954,16.836002631897287,17.139297852757327,0.0402447942027919,0.1304324963120144,False,False,2022,0.0901877021092225
2025-09-09,PETR4,LSTM,30.950000762939453,31.04263926024305,31.04263926024305,30.77615068381004,30.76747072935973,0.0926384973035965,0.1825300335797273,False,False,2025,0.0898915362761308
2022-03-23,PETR4,LSTM,11.681468963623049,11.70348294974434,11.813416254530145,11.513518602114566,11.569600170986746,0.0220139861212924,0.1118687926363026,False,True,2022,0.08985480651501021
2023-02-07,PETR4,LSTM,14.957019805908203,14.967222044815829,15.135668189159796,15.00174736222714,15.057076210906548,0.0102022389076239,0.1000564049983445,False,True,2023,0.08985416609072061
2025-09-15,PETR4,LSTM,31.450000762939453,31.26707198653574,31.26707198653574,31.180239070964063,31.1776683792674,0.1829287764037133,0.272332383672051,False,False,2025,0.08940360726833768
2022-07-25,PETR4,LSTM,13.641301155090332,13.119308676502229,13.214197214747909,13.039187687235795,13.029962720838018,0.5219924785881034,0.611338434252314,False,True,2022,0.08934595566421066
2025-01-14,PETR4,LSTM,34.10658264160156,34.39544286360143,34.32975767472759,34.425409471323555,34.48478866738178,0.2888602219998688,0.3782060257802158,False,False,2025,0.08934580378034696
2021-10-12,PETR4,LSTM,9.51292896270752,9.41547504672666,9.436477295247414,9.34936343644503,9.327167200886803,0.0974539159808607,0.1857617618207161,False,False,2021,0.0883078458398554
2022-01-28,PETR4,LSTM,11.860062599182127,11.72971917798256,11.60941531889612,12.19352616419578,12.077740350809256,0.1303434211995675,0.2176777516271286,False,True,2022,0.08733433042756111
2021-03-16,PETR4,LSTM,6.896549224853516,6.734686515544837,6.689110760768605,6.731232426906918,6.648132636605526,0.1618627093086786,0.2484165882479896,False,True,2021,0.08655387893931099
2024-03-27,PETR4,LSTM,27.62869453430176,27.788235650001525,27.788235650001525,27.46433482267926,27.383103825166906,0.1595411156997634,0.2455907091348557,False,False,2024,0.0860495934350923
2024-04-17,PETR4,LSTM,30.070293426513672,29.82243459820822,29.528307055405804,29.95853753945134,29.738215665609463,0.2478588283054534,0.3320777609042089,False,True,2024,0.08421893259875549
2022-05-05,PETR4,LSTM,12.763529777526855,12.520770594338572,12.439878863927945,12.6387798104372,12.438331543183589,0.2427591831882836,0.3251982343432669,False,True,2022,0.08243905115498329
2023-05-02,PETR4,LSTM,14.95456886291504,15.52189785429934,15.393727755184532,15.557151527129005,15.604316397328985,0.5673289913842989,0.6497475344139421,False,True,2023,0.08241854302964313
2021-10-01,PETR4,LSTM,9.084654808044434,8.902282768397615,8.981907704924193,8.781992251348209,8.819943528390862,0.1823720396468182,0.2647112796535715,False,True,2021,0.0823392400067533
2021-08-09,PETR4,LSTM,8.63216781616211,8.645197973028207,8.610386783034146,8.589520540374346,8.536982582698768,0.0130301568660975,0.0951852334633418,False,True,2021,0.0821550765972443
2025-03-31,PETR4,LSTM,34.42152404785156,34.18269117192216,34.25272807517056,34.59324728559341,34.74141768881755,0.238832875929404,0.3198936409659865,False,False,2025,0.0810607650365825
2025-07-09,PETR4,LSTM,31.60304450988769,31.41859597773555,31.419914107297664,31.758701401457635,31.337851924432705,0.1844485321521425,0.2651925854549866,False,False,2025,0.0807440533028441
2021-05-17,PETR4,LSTM,8.163661003112793,7.86935513588919,7.944377363780831,7.764506247380046,7.789832058412629,0.2943058672236027,0.3738289447001639,False,True,2021,0.07952307747656123
2022-02-24,PETR4,LSTM,12.169867515563965,12.336615432566404,12.33705917074372,12.39526444671834,12.414299442031645,0.1667479170024393,0.2444319264676782,False,True,2022,0.0776840094652389
2022-02-01,PETR4,LSTM,12.027722358703612,11.85632846401397,11.81976646921056,11.794951607843124,11.779414899855436,0.1713938946896416,0.2483074588481741,False,True,2022,0.07691356415853248
2025-09-10,PETR4,LSTM,31.51000022888184,31.066436510090085,31.066436510090085,30.98889253999876,30.98965151762304,0.4435637187917542,0.5203487112587979,False,False,2025,0.07678499246704368
2021-10-27,PETR4,LSTM,9.308526039123535,9.432664066562705,9.328254808893188,9.25786789428463,9.107693864365777,0.1241380274391694,0.2008321747577586,False,True,2021,0.07669414731858921
2023-07-05,PETR4,LSTM,21.097999572753903,21.256390901771116,21.45499023377089,21.140184144233828,21.33251491254243,0.1583913290172098,0.2345153397885262,False,True,2023,0.07612401077131642
2022-12-20,PETR4,LSTM,13.468320846557615,13.189478478200172,13.336270886364916,12.945420607224122,13.114955636375315,0.2788423683574432,0.3533652101822984,False,True,2022,0.07452284182485519
2021-05-31,PETR4,LSTM,8.227967262268066,8.339206374823302,8.339006186020265,8.098694842919748,8.042677474581643,0.1112391125552356,0.1852897876864236,False,False,2021,0.074050675131188
2021-01-19,PETR4,LSTM,8.499228477478027,8.94737067689228,9.020781847693636,8.94737067689228,9.020781847693636,0.4481421994142529,0.5215533702156083,False,True,2021,0.07341117080135545
2024-06-18,PETR4,LSTM,29.953256607055664,30.54327318653378,30.75491523195793,29.325317258466093,29.2899845807142,0.5900165794781174,0.6632720263414669,False,True,2024,0.0732554468633495
2025-02-27,PETR4,LSTM,33.91205978393555,35.373460905227915,35.674259463928614,35.23982091200879,35.44566551411762,1.4614011212923683,1.5336057301820745,False,True,2025,0.07220460888970615
2021-05-20,PETR4,LSTM,7.940125465393066,8.003959329162061,7.926390814594569,7.865698442196166,7.804261049108247,0.0638338637689948,0.1358644162848197,False,True,2021,0.07203055251582491
2022-03-04,PETR4,LSTM,12.476027488708496,12.402192480600306,12.550664507312897,12.44307598388339,12.621808064302463,0.0738350081081904,0.1457805755939674,False,True,2022,0.071945567485777
2023-08-31,PETR4,LSTM,23.233381271362305,23.119876114480437,22.970154682852574,23.74485158635157,23.418452546086957,0.113505156881871,0.185071274724649,False,True,2023,0.07156611784277798
2024-10-08,PETR4,LSTM,32.26448059082031,32.25562041571206,31.981316745129547,32.91096574754775,32.34320020244155,0.0088601751082535,0.0787196116212385,False,True,2024,0.069859436512985
2021-02-04,PETR4,LSTM,8.537740707397461,8.522475808807744,8.605389612732745,8.425548941604392,8.45277057549848,0.0152648985897165,0.0849701318989808,False,True,2021,0.0697052333092643
2023-01-27,PETR4,LSTM,14.957019805908203,15.029076700426089,14.872577403619264,15.24998735046076,15.09862907951567,0.0720568945178854,0.1416092736074663,False,True,2023,0.06955237908958091
2021-01-14,PETR4,LSTM,8.724373817443848,9.047246473214084,9.11607868227019,9.047246473214084,9.11607868227019,0.3228726557702366,0.3917048648263428,False,True,2021,0.06883220905610621
2021-09-27,PETR4,LSTM,8.805624961853027,8.67684506990997,8.738043420761183,8.609496250069139,8.608681020119933,0.1287798919430578,0.1969439417330942,False,True,2021,0.0681640497900364
2022-11-25,PETR4,LSTM,13.929527282714844,14.019745323325708,13.933872443798386,13.993900018323414,13.772232924732837,0.0902180406108641,0.1572943579820087,False,True,2022,0.0670763173711446
2025-08-08,PETR4,LSTM,29.852754592895508,31.88755103962976,32.04065473010248,31.835246297597124,31.953161245022983,2.034796446734248,2.100406652127475,False,True,2025,0.06561020539322726
2025-05-09,PETR4,LSTM,29.340187072753903,28.83055470157217,28.704401376863128,29.08551358727186,28.76576260059437,0.5096323711817341,0.574424472159528,False,False,2025,0.06479210097779387
2025-12-23,PETR4,LSTM,30.309999465942383,30.436056483224604,30.644716372440215,30.1561456062598,30.119430236513,0.1260570172822213,0.1905692294293821,False,True,2025,0.0645122121471608
2023-08-14,PETR4,LSTM,21.46936798095703,21.307283677182696,21.28046459961827,21.388835319102647,21.2450280889202,0.1620843037743355,0.2243398920368307,False,False,2023,0.06225558826249519
2025-01-31,PETR4,LSTM,34.9124641418457,34.76758130141499,34.99393901659937,34.694363252011584,34.70818114010132,0.1448828404307107,0.2042830017443861,False,True,2025,0.0594001613136754
2022-04-11,PETR4,LSTM,12.373977661132812,12.309179384313168,12.396959350600538,12.391094919002496,12.498160548258673,0.0647982768196442,0.1241828871258601,False,True,2022,0.059384610306215904
2025-10-29,PETR4,LSTM,30.020000457763672,30.09414220001065,30.277299699258485,29.98122344791241,30.15240896196572,0.0741417422469794,0.132408504202047,False,True,2025,0.058266761955067595
2021-10-15,PETR4,LSTM,9.603776931762695,9.650210121006904,9.671735971825164,9.524535643881377,9.49953942753589,0.0464331892442082,0.1042375042268055,False,False,2021,0.0578043149825973
2021-02-18,PETR4,LSTM,8.671048164367676,8.642119746268367,8.645894555244308,8.628970238394228,8.585662705736699,0.0289284180993085,0.0853854586309772,False,False,2021,0.056457040531668695
2021-08-10,PETR4,LSTM,8.65972900390625,8.655601740228096,8.745171330895445,8.500578183704732,8.600125723036177,0.0041272636781535,0.059603280870073,False,True,2021,0.055476017191919504
2024-12-12,PETR4,LSTM,34.20720672607422,34.17161250596382,33.9268680272977,34.78749773676653,34.29815694444464,0.0355942201103971,0.0909502183704233,False,True,2024,0.055355998260026205
2025-05-05,PETR4,LSTM,28.15367126464844,28.959793511181573,28.71538399997258,29.24008872041852,29.01418149636117,0.8061222465331319,0.860510231712734,False,True,2025,0.05438798517960208
2022-04-21,PETR4,LSTM,12.679798126220703,12.567087826619115,12.559889181288186,12.578581591251597,12.512973699870146,0.1127102996015878,0.1668244263505567,False,False,2022,0.0541141267489689
2022-02-28,PETR4,LSTM,12.392197608947754,12.324025927675224,12.39229781346718,12.29034074352252,12.270119759400696,0.0681716812725312,0.1220778495470575,False,True,2022,0.053906168274526295
2025-09-17,PETR4,LSTM,31.71999931335449,31.40125759505952,31.417927170960308,31.51158124059216,31.347538782760846,0.3187417182949694,0.3724605305936421,False,False,2025,0.0537188122986727
2022-07-08,PETR4,LSTM,12.797049522399902,12.820209282102851,12.92043554136052,12.68991309638442,12.72158485401513,0.0231597597029491,0.0754646683847717,False,True,2022,0.052304908681822596
2024-12-31,PETR4,LSTM,33.523006439208984,33.5047953220849,33.5047953220849,33.516715168172055,33.45301619734892,0.0182111171240819,0.0699902418600615,False,False,2024,0.051779124735979606
2021-06-22,PETR4,LSTM,8.910823822021484,9.046115495331076,9.011986073720983,8.805864095349566,8.723829206624035,0.1352916733095917,0.1869946153974488,False,False,2021,0.05170294208785711
2022-02-25,PETR4,LSTM,12.392197608947754,12.33662280850912,12.461552944388067,12.172106519471702,12.286800747055068,0.0555748004386345,0.1053968618926859,False,True,2022,0.04982206145405141
2022-02-14,PETR4,LSTM,12.027722358703612,12.080919773075038,12.084406732546732,12.197028926515191,12.130615166329132,0.0531974143714268,0.1028928076255208,False,True,2022,0.04969539325409401
2022-07-22,PETR4,LSTM,13.032553672790527,13.0869098481254,13.237873737085254,12.841663404703215,12.929601554910583,0.054356175334874,0.1029521178799441,False,False,2022,0.048595942545070096
2024-06-06,PETR4,LSTM,31.1353759765625,31.093766836497736,31.093766836497736,31.066888757123024,31.045296511244416,0.0416091400647644,0.0900794653180838,False,False,2024,0.04847032525331941
2021-06-14,PETR4,LSTM,8.803646087646484,8.859996488810967,8.859996488810967,8.712471925590666,8.699182899997437,0.056350401164483,0.1044631876490473,False,False,2021,0.0481127864845643
2025-08-06,PETR4,LSTM,31.63237762451172,31.778121553506,31.59958259102443,31.64952160337512,31.439301954819012,0.1457439289942783,0.1930756696927034,False,True,2025,0.04733174069842511
2022-11-18,PETR4,LSTM,14.569677352905272,14.70270967513214,14.61130209942622,14.760151278988465,14.749934385388814,0.1330323222268692,0.1802570324835422,False,True,2022,0.04722471025667299
2024-04-04,PETR4,LSTM,28.70964813232422,28.445899288970796,28.445899288970796,29.010410566743687,29.02006239875836,0.2637488433534258,0.3104142664341403,False,False,2024,0.046665423080714474
2020-12-30,PETR4,LSTM,8.39554214477539,8.598233501774398,8.644656426429783,8.598233501774398,8.644656426429783,0.2026913569990078,0.2491142816543927,False,True,2020,0.04642292465538489
2024-08-08,PETR4,LSTM,30.74588966369629,31.0608725906352,31.29796124709896,30.38557600153925,30.38449689836028,0.3149829269389101,0.36139276533601,False,True,2024,0.04640983839709989
2022-09-23,PETR4,LSTM,16.337675094604492,17.0226637080425,16.884252473403897,17.2887085896746,17.069027277780187,0.6849886134380085,0.7313521831756944,False,True,2022,0.04636356973768585
2020-12-29,PETR4,LSTM,8.374804496765137,8.544309213906839,8.590440994671766,8.544309213906839,8.590440994671766,0.1695047171417023,0.2156364979066296,False,True,2020,0.0461317807649273
2023-10-03,PETR4,LSTM,24.710018157958984,25.217999899552808,25.39912621811853,24.97479233750605,25.262301275023063,0.5079817415938237,0.5522831170640821,False,True,2023,0.044301375470258364
2025-10-30,PETR4,LSTM,29.88999938964844,30.086099963803434,30.293420543115733,30.05961187298585,30.129624375716883,0.1961005741549932,0.239624986068442,False,True,2025,0.043524411913448774
2024-08-09,PETR4,LSTM,30.46220970153809,30.985996937484916,31.351777025518,30.8182312976386,31.028793880063272,0.5237872359468234,0.5665841785251828,False,True,2024,0.04279694257835942
2021-01-13,PETR4,LSTM,8.635499000549316,9.020777902780337,9.062738960138802,9.020777902780337,9.062738960138802,0.3852789022310183,0.4272399595894853,False,True,2021,0.041961057358467
2024-07-09,PETR4,LSTM,32.064170837402344,32.06672744006912,32.21518206551523,32.138372777409955,32.108294964164884,0.0025566026667718,0.04412412676254,False,False,2024,0.0415675240957682
2021-09-30,PETR4,LSTM,8.834826469421387,8.83550036839166,8.895705339767826,8.77990086128502,8.792815313047946,0.0006738989702732,0.0420111563734408,False,True,2021,0.0413372574031676
2025-04-01,PETR4,LSTM,34.55120849609375,34.36679470209532,34.31837837558872,34.45398632912557,34.325916310620805,0.1844137939984307,0.225292185472945,False,False,2025,0.0408783914745143
2022-02-21,PETR4,LSTM,12.337525367736816,12.200062146431025,12.319568340222354,12.04649554038592,12.159222836946968,0.1374632213057935,0.178302530789848,False,True,2022,0.04083930948405451
2023-09-25,PETR4,LSTM,24.913686752319336,24.98425135761073,24.98425135761073,24.830571620190504,24.803676638183465,0.0705646052913948,0.1100101141358713,False,False,2023,0.03944550884447651
2024-01-15,PETR4,LSTM,29.163196563720703,29.143073394418195,29.441041549286624,28.997101952333026,29.103677961853236,0.0201231693025079,0.0595186018674702,False,True,2024,0.03939543256496229
2022-10-26,PETR4,LSTM,17.849210739135742,18.674905609357825,18.81923900406825,18.427133375660915,18.71407154798252,0.8256948702220797,0.8648608088467746,False,True,2022,0.039165938624694974
2023-01-02,PETR4,LSTM,13.380749702453612,14.105981157581295,14.15546585374401,14.243798797348784,14.144625309012303,0.7252314551276857,0.7638756065586918,False,False,2023,0.03864415143100608
2024-04-18,PETR4,LSTM,30.12320709228516,29.9600672306276,29.925894934935155,30.11931022439568,30.32327460064804,0.1631398616575587,0.2000675083628813,False,False,2024,0.036927646705322614
2025-09-03,PETR4,LSTM,31.059999465942383,30.74303092579632,30.894560300629006,31.27115225566303,31.41361771673037,0.316968540146064,0.3536182507879921,False,True,2025,0.03664971064192807
2023-02-23,PETR4,LSTM,15.499956130981444,15.464178643904772,15.67039825216004,15.136043847048215,15.427789058765253,0.03577748707667,0.0721670722161906,False,True,2023,0.036389585139520605
2022-11-16,PETR4,LSTM,14.815229415893556,14.760490351716,14.75475412729378,14.89331680436394,14.905765129713023,0.0547390641775553,0.0905357138194666,False,False,2022,0.035796649641911295
2022-01-03,PETR4,LSTM,10.602619171142578,10.799463746077866,10.713319967583317,10.399246215880083,10.370914038109584,0.1968445749352874,0.2317051330329942,False,False,2022,0.0348605580977068
2024-06-04,PETR4,LSTM,30.948789596557617,30.89904440746216,30.709827993413786,31.21779393137115,31.032551220897396,0.0497451890954607,0.0837616243397754,False,False,2024,0.0340164352443147
2021-08-26,PETR4,LSTM,8.919182777404785,8.968103837203014,8.903689908272378,8.88974506791986,8.836912262396039,0.0489210597982285,0.0822705150087461,False,True,2021,0.0333494552105176
2022-03-30,PETR4,LSTM,12.024077415466309,11.86899295765609,11.964539219460846,11.7636202475819,11.83677694930977,0.1550844578102186,0.1873004661565378,False,True,2022,0.032216008346319214
2021-08-13,PETR4,LSTM,8.98737621307373,8.752689430203528,8.725960312320092,8.710782759793966,8.720675911172028,0.2346867828702024,0.266700301901702,False,False,2021,0.032013519031499627
2022-04-04,PETR4,LSTM,11.918377876281738,12.061514897114948,12.140260491708435,12.03872771561567,12.09345179969598,0.1431370208332083,0.1750739234142422,False,True,2022,0.03193690258103388
2021-02-05,PETR4,LSTM,8.54366397857666,8.574380932356998,8.658543625675897,8.456952661378596,8.48188616958137,0.0307169537803382,0.0617778089952896,False,True,2021,0.0310608552149514
2021-03-17,PETR4,LSTM,7.133544921875,6.884629596356007,6.962646921668883,6.795483103678508,6.854057737783014,0.2489153255189933,0.2794871840919857,False,True,2021,0.030571858572992383
2021-08-17,PETR4,LSTM,8.769933700561523,8.827070895191891,8.800114629874301,8.672456104519165,8.683190699805966,0.0571371946303678,0.0867430007555576,False,False,2021,0.0296058061251898
2022-03-25,PETR4,LSTM,11.772586822509766,11.761184949605903,11.689146064805644,11.768677928631616,11.813483493670454,0.0114018729038605,0.0408966711606879,False,True,2022,0.029494798256827402
2023-04-26,PETR4,LSTM,15.616711616516112,15.486511769122828,15.366080428973362,15.78968843025208,15.776355424110632,0.1301998473932837,0.1596438075945201,False,True,2023,0.029443960201236408
2022-01-31,PETR4,LSTM,11.790813446044922,11.804254308444158,11.76638337075234,11.790135472800818,11.831385047167092,0.0134408623992356,0.0405716011221706,False,False,2022,0.027130738722934998
2025-07-24,PETR4,LSTM,31.231475830078125,31.24305345840725,31.279001090301104,31.28723608645282,31.194069524765155,0.0115776283291211,0.0374063053129702,False,False,2025,0.0258286769838491
2022-04-13,PETR4,LSTM,12.59995174407959,12.43946557778814,12.55464285496645,12.351115591068282,12.414237963739517,0.1604861662914487,0.185713780340075,False,True,2022,0.02522761404862628
2021-06-16,PETR4,LSTM,8.92307186126709,9.013701915068818,9.01223527889476,8.861357527712247,8.808571718294823,0.0906300538017284,0.1145001429722665,False,False,2021,0.02387008917053811
2022-04-08,PETR4,LSTM,12.46873950958252,12.246493705823651,12.223341153832957,12.321662089283956,12.222643740241413,0.2222458037588666,0.2460957693411067,False,True,2022,0.02384996558224009
2023-08-07,PETR4,LSTM,21.154052734375,21.18331251999578,21.199752848962596,21.02930815006548,21.101406072517214,0.0292597856207805,0.0526466618577821,False,False,2023,0.0233868762370016
2021-10-07,PETR4,LSTM,9.279324531555176,9.18029987453107,9.200587267673292,9.096402401151469,9.157535082903909,0.0990246570241062,0.1217894486512687,False,False,2021,0.022764791627162495
2025-09-29,PETR4,LSTM,31.809999465942383,31.918810284857077,31.658817445197545,32.21328113411884,31.94023131453337,0.1088108189146908,0.1302318485909914,False,True,2025,0.021421029676300607
2024-11-29,PETR4,LSTM,33.380008697509766,33.187265905487635,33.187265905487635,33.127485117035626,33.16603124990686,0.1927427920221305,0.2139774476029075,False,False,2024,0.021234655580777
2026-01-09,PETR4,LSTM,30.299999237060547,30.36557935058019,30.580600140564027,30.264458767337448,30.38655566249828,0.0655801135196441,0.0865564254377346,False,True,2026,0.020976311918090504
2023-01-31,PETR4,LSTM,15.219730377197266,15.152063169260517,15.164132717060188,15.02750328758839,15.131734947120895,0.0676672079367506,0.0879954300763685,False,False,2023,0.020328222139617894
2021-06-09,PETR4,LSTM,8.77608871459961,8.614976891738063,8.614976891738063,8.565200914098318,8.594961511724026,0.161111822861546,0.181127202875583,False,False,2021,0.02001538001403702
2025-02-24,PETR4,LSTM,35.3107795715332,35.16912762283434,34.91723872518016,35.538671798788215,35.47207157549723,0.1416519486988647,0.1612920039640286,False,True,2025,0.019640055265163908
2025-01-02,PETR4,LSTM,34.060264587402344,33.505948427796056,33.505948427796056,33.478180465327085,33.48634861089277,0.5543161596062873,0.5739159765095749,False,False,2025,0.019599816903287604
2024-01-11,PETR4,LSTM,28.77767944335937,29.06183230270463,29.26905373280104,28.73122130765424,29.081401421421617,0.2841528593452587,0.3037219780622457,False,True,2024,0.019569118716987022
2021-09-24,PETR4,LSTM,8.727757453918457,8.614788190536931,8.713893784842687,8.543091526032436,8.595382948571066,0.112969263381526,0.132374505347391,False,True,2021,0.019405241965865003
2025-04-29,PETR4,LSTM,29.007963180541992,29.148248847556744,28.93354214061312,28.870685096490572,28.84861306706889,0.1402856670147514,0.1593501134731063,False,True,2025,0.019064446458354894
2021-08-27,PETR4,LSTM,9.243635177612305,9.054798823892629,9.158866885253348,8.90578371027036,9.037324250163174,0.188836353719676,0.206310927449131,False,True,2021,0.01747457372945499
2025-09-04,PETR4,LSTM,31.059999465942383,30.88423843178504,30.88423843178504,31.00718815734455,30.867331860748344,0.1757610341573467,0.192667605194039,False,False,2025,0.016906571036692297
2021-08-16,PETR4,LSTM,8.769965171813965,8.801252637040871,8.721648539914414,8.793884487743785,8.723445964621336,0.0312874652269066,0.0465192071926292,False,True,2021,0.0152317419657226
2022-05-10,PETR4,LSTM,12.934986114501951,12.62409771718923,12.461832091194086,12.69909889935312,12.609517806504597,0.3108883973127216,0.3254683079973564,False,True,2022,0.014579910684634767
2021-09-29,PETR4,LSTM,8.886738777160645,8.774589833448953,8.841679111669839,8.655309900906536,8.762196934772579,0.1121489437116913,0.1245418423880657,False,True,2021,0.0123928986763744
2023-08-15,PETR4,LSTM,21.623523712158203,21.359958972083803,21.174861360581207,21.50834107398925,21.348478568321188,0.2635647400744005,0.2750451438370156,False,True,2023,0.01148040376261511
2021-10-08,PETR4,LSTM,9.448040008544922,9.249332551727075,9.314568693905423,9.196128960650393,9.23918357001804,0.1987074568178464,0.2088564385268814,False,True,2021,0.010148981709034999
2025-11-27,PETR4,LSTM,32.400001525878906,32.5572128787492,32.5545181218158,32.2579607409109,32.23325132858756,0.1572113528702914,0.1667501972913427,False,False,2025,0.009538844421051296
2025-10-23,PETR4,LSTM,30.190000534057617,30.034726522791573,30.421086213805506,29.875713680101597,30.028276502742347,0.1552740112660444,0.1617240313152699,False,True,2025,0.006450020049225513
2022-01-04,PETR4,LSTM,10.64271354675293,10.801966649305914,10.946838172573228,10.60607417873259,10.807537447584664,0.1592531025529844,0.1648239008317347,False,True,2022,0.005570798278750316
2022-12-29,PETR4,LSTM,14.3031587600708,13.856691504338144,13.474273486326112,14.34298680832481,13.85145413102966,0.4464672557326565,0.4517046290411421,False,False,2022,0.0052373733084856156
2024-02-13,PETR4,LSTM,31.21928977966309,31.612895519388783,31.862472385558743,31.407589762612965,31.617437438128302,0.3936057397256967,0.3981476584652128,False,False,2024,0.004541918739516093
2023-12-14,PETR4,LSTM,26.69891357421875,26.219751266189466,26.42614942118557,26.17038571611501,26.21710327472506,0.4791623080292879,0.4818102994936915,False,True,2023,0.0026479914644035873
2025-08-07,PETR4,LSTM,31.808385848999023,31.83243553701368,31.82548022849916,31.68392959947563,31.834892432456996,0.0240496880146565,0.0265065834579694,False,False,2025,0.0024568954433128974
2021-05-10,PETR4,LSTM,7.563482284545898,7.78315249337582,7.700435748532687,7.465256023385124,7.342021403714132,0.2196702088299211,0.2214608808317661,False,True,2021,0.0017906720018449895
2022-10-24,PETR4,TRANSFORMER,18.689563751220703,18.879152839086387,19.044197244079623,20.634850533412813,20.65381437284534,0.1895890878656843,1.964250621624636,False,True,2022,1.7746615337589517
2023-07-27,PETR4,TRANSFORMER,20.593494415283203,20.87677079939669,20.98648192501811,21.743401392166,21.976343015614752,0.283276384113492,1.382848600331549,False,True,2023,1.099572216218057
2022-03-11,PETR4,TRANSFORMER,11.841840744018556,11.683961902686484,11.576907088136444,13.070933957127046,12.968989783686167,0.1578788413320726,1.1271490396676107,False,True,2022,0.9692701983355381
2022-03-07,PETR4,TRANSFORMER,11.590351104736328,11.99324132735672,12.0784871558591,12.9000088689823,12.931344231741328,0.4028902226203925,1.3409931270049995,False,True,2022,0.938102904384607
2023-10-23,PETR4,TRANSFORMER,25.713836669921875,26.64377208506224,26.424048553718823,27.60953955861181,27.56597187267276,0.9299354151403634,1.8521352027508835,False,True,2023,0.9221997876105201
2022-08-30,PETR4,TRANSFORMER,17.69642448425293,17.99305994219654,17.866119914772952,19.002671298589863,18.7955047336472,0.2966354579436085,1.0990802493942695,False,True,2022,0.8024447914506609
2024-10-02,PETR4,TRANSFORMER,32.16150665283203,32.14493947797428,32.14771505301826,31.550089632400997,31.346713408325687,0.0165671748577551,0.8147932445063439,False,False,2024,0.7982260696485889
2026-02-12,PETR4,TRANSFORMER,37.11000061035156,37.7509460619936,37.41168859639031,38.95140003090711,38.50752656314239,0.6409454516420396,1.397525952790822,False,True,2026,0.7565805011487823
2023-06-30,PETR4,TRANSFORMER,20.69159698486328,21.40989041629483,21.60075281874213,21.935370102029182,22.067784698669733,0.7182934314315474,1.376187713806452,False,True,2023,0.6578942823749045
2022-09-02,PETR4,TRANSFORMER,18.23664665222168,18.083967206838462,18.20833937587154,18.801643312585878,19.036909032773785,0.1526794453832138,0.8002623805521054,False,True,2022,0.6475829351688916
2022-04-11,PETR4,TRANSFORMER,12.373977661132812,12.378643554158018,12.46691888754475,12.942741440895002,13.018408795053642,0.004665893025205,0.6444311339208291,False,True,2022,0.639765240895624
2025-01-07,PETR4,TRANSFORMER,34.25478744506836,34.34513401698814,34.35450774578556,33.55652035746777,33.541506005283864,0.0903465719197811,0.7132814397844953,False,True,2025,0.6229348678647142
2024-01-09,PETR4,TRANSFORMER,28.800355911254883,28.83269864225474,29.08666968918528,29.045077736824982,29.42038281246123,0.0323427309998578,0.620026901206348,False,True,2024,0.5876841702064901
2023-08-04,PETR4,TRANSFORMER,21.02092170715332,21.15964311982248,21.07684680569976,21.87387186589083,21.728264829711726,0.138721412669156,0.7073431225584059,False,True,2023,0.5686217098892499
2024-02-16,PETR4,TRANSFORMER,32.2700080871582,32.274323347790414,31.962339198573613,32.17551275092463,31.72953310699599,0.0043152606322109,0.5404749801622124,False,False,2024,0.5361597195300015
2024-04-12,PETR4,TRANSFORMER,29.435321807861328,29.57936532332161,29.787969347655363,29.93992793041464,30.107473018535625,0.1440435154602823,0.6721512106742971,False,True,2024,0.5281076952140148
2024-02-08,PETR4,TRANSFORMER,31.642597198486328,31.51536342886476,31.781164223481404,32.02846411283615,32.2868838527534,0.1272337696215686,0.64428665426707,False,True,2024,0.5170528846455014
2024-11-13,PETR4,TRANSFORMER,31.64665412902832,31.82711994096354,32.079040094254225,31.93543102668756,32.33180983389734,0.1804658119352211,0.6851557048690182,False,True,2024,0.5046898929337971
2022-03-14,PETR4,TRANSFORMER,11.615864753723145,12.25051851189862,12.163544485072032,12.82378880298704,12.752231209758818,0.6346537581754745,1.136366456035674,False,True,2022,0.5017126978601996
2022-09-05,PETR4,TRANSFORMER,18.192989349365234,18.24875806033548,18.374287587778102,18.649383373788275,18.74917146895977,0.0557687109702413,0.5561821195945313,False,True,2022,0.5004134086242901
2026-02-20,PETR4,TRANSFORMER,37.970001220703125,38.00186088128169,37.74120679972614,37.866317560339056,37.44417802042294,0.0318596605785614,0.5258232002801861,False,True,2026,0.49396353970162477
2023-01-02,PETR4,TRANSFORMER,13.380749702453612,13.743433289283267,13.791646144025894,14.206533434548858,14.229836136468538,0.3626835868296556,0.8490864340149269,False,False,2023,0.48640284718527127
2025-08-22,PETR4,TRANSFORMER,30.46999931335449,30.74210893295691,30.80276463232641,29.654419752613272,29.71199518655549,0.2721096196024213,0.7580041267989941,False,True,2025,0.4858945071965728
2024-02-15,PETR4,TRANSFORMER,31.97520065307617,31.91210555292889,32.1619305630617,31.27838261399844,31.435208847862533,0.0630951001472759,0.539991805213635,False,True,2024,0.47689670506635906
2025-02-14,PETR4,TRANSFORMER,34.68088912963867,34.94209856470587,35.01601343285079,33.87256807073574,33.94329285626579,0.2612094350672009,0.7375962733728798,False,True,2025,0.4763868383056789
2022-12-08,PETR4,TRANSFORMER,14.46662139892578,14.437174508058604,14.347417779470195,14.94755855403166,14.962914193913354,0.0294468908671756,0.4962927949875748,False,True,2022,0.46684590412039917
2024-05-03,PETR4,TRANSFORMER,32.360347747802734,32.794125700116126,32.84627404407385,33.07227936636288,33.24815000997667,0.4337779523133918,0.8878022621739348,False,False,2024,0.454024309860543
2023-11-13,PETR4,TRANSFORMER,25.961156845092773,26.06748845139434,26.26480980373361,25.46854425174689,25.41009063606929,0.1063316063015662,0.5510662090234781,False,True,2023,0.44473460272191195
2025-07-30,PETR4,TRANSFORMER,32.04306411743164,31.904090361844965,31.961899035713586,31.695373420417383,31.461902847907577,0.1389737555866759,0.5811612695240633,False,False,2025,0.4421875139373874
2021-02-22,PETR4,TRANSFORMER,6.419597148895264,7.636706531404528,7.711926568862084,7.98380692924842,8.076274943583448,1.217109382509264,1.656677794688184,False,True,2021,0.43956841217892006
2025-09-23,PETR4,TRANSFORMER,31.89999961853028,31.872014845623823,31.86937680245635,31.392068555445498,31.441946687464554,0.027984772906457,0.4580529310657262,False,False,2025,0.4300681581592692
2024-08-29,PETR4,TRANSFORMER,33.748992919921875,33.38224403387068,33.66377654448165,34.15661391462934,34.53558496499077,0.366748886051198,0.7865920450688932,False,True,2024,0.41984315901769526
2022-05-27,PETR4,TRANSFORMER,13.596867561340332,14.06251165385074,14.138308442465664,14.49238806680862,14.472728656098193,0.4656440925104093,0.8758610947578607,False,True,2022,0.4102170022474514
2022-09-30,PETR4,TRANSFORMER,16.26128387451172,16.308121716148207,16.21402375020764,15.833191651926368,15.813393059127812,0.0468378416364885,0.4478908153839072,False,False,2022,0.40105297374741866
2025-08-27,PETR4,TRANSFORMER,30.65999984741211,30.761247045655463,30.82383491234371,30.30728443421512,30.16096415110817,0.1012471982433567,0.4990356963039346,False,False,2025,0.39778849806057787
2024-08-12,PETR4,TRANSFORMER,31.154720306396484,31.44638852988669,31.663793247821605,30.57309044220471,30.469240900480223,0.2916682234902055,0.6854794059162614,False,True,2024,0.39381118242605595
2024-04-01,PETR4,TRANSFORMER,28.46019554138184,28.36502453574542,28.362021862802308,28.099360507113737,27.97421687634612,0.0951710056364198,0.4859786650357236,False,False,2024,0.39080765939930384
2021-10-29,PETR4,TRANSFORMER,8.808868408203125,9.036011068473048,8.94298769423665,9.457866312880933,9.426334442670466,0.2271426602699229,0.6174660344673413,False,True,2021,0.39032337419741836
2022-07-06,PETR4,TRANSFORMER,12.294944763183594,11.91550196444723,11.78214753429502,11.61757225569045,11.533596576490131,0.3794427987363633,0.7613481866934606,False,True,2022,0.38190538795709733
2026-02-19,PETR4,TRANSFORMER,37.810001373291016,37.91066964284522,38.08660407561342,37.35654870483196,37.33448603095285,0.1006682695542053,0.4755153423381628,False,True,2026,0.37484707278395746
2026-02-27,PETR4,TRANSFORMER,39.33000183105469,38.83844522134285,39.17897587166005,39.63508181196805,40.183233558019005,0.4915566097118358,0.8532317269643173,False,True,2026,0.36167511725248147
2023-02-22,PETR4,TRANSFORMER,15.03874969482422,15.05082774083153,14.929932564567316,15.50555650403832,15.405700721841068,0.0120780460073088,0.3669510270168477,False,True,2023,0.3548729810095389
2024-11-14,PETR4,TRANSFORMER,31.981306076049805,31.87774841176116,31.840070973707167,31.744501081205208,31.526433014166667,0.1035576642886439,0.4548730618831378,False,False,2024,0.35131539759449393
2023-07-03,PETR4,TRANSFORMER,21.07697868347168,21.12617477975193,21.157426467254805,20.815714216615486,20.680073366924603,0.0491960962802551,0.3969053165470768,False,False,2023,0.34770922026682166
2024-06-27,PETR4,TRANSFORMER,31.46343231201172,31.35997690232972,31.489142620772338,31.07839958661573,31.01623699352196,0.1034554096819988,0.4471953184897579,False,False,2024,0.3437399088077591
2023-05-02,PETR4,TRANSFORMER,14.95456886291504,15.239110357214784,15.113275339922444,15.62103717757523,15.58070892705616,0.2845414942997433,0.6261400641411203,False,True,2023,0.34159856984137704
2025-09-10,PETR4,TRANSFORMER,31.51000022888184,31.39969389520388,31.39969389520388,31.05311575364084,31.061633370534658,0.1103063336779577,0.4483668583471818,False,False,2025,0.3380605246692241
2022-04-22,PETR4,TRANSFORMER,12.185365676879885,12.621133817541477,12.621133817541477,12.98547137929848,12.955750438924506,0.4357681406615921,0.7703847620446211,False,False,2022,0.33461662138302906
2021-02-24,PETR4,TRANSFORMER,7.228343486785889,7.337459925481792,7.402119363174643,7.567017341256062,7.669349824365461,0.1091164386959029,0.4410063375795721,False,True,2021,0.33188989888366915
2024-04-04,PETR4,TRANSFORMER,28.70964813232422,28.771871701329477,28.771871701329477,29.144872375813943,29.102347102625497,0.0622235690052548,0.3926989703012786,False,False,2024,0.3304754012960238
2025-06-11,PETR4,TRANSFORMER,30.361217498779297,29.812577880093045,30.03579494209675,29.391715675952096,29.4841421145746,0.5486396186862521,0.8770753842046979,False,True,2025,0.3284357655184458
2025-05-02,PETR4,TRANSFORMER,29.24526596069336,29.5909357187943,29.58848648029557,28.532980525962707,28.572818072438423,0.3456697581009393,0.6724478882549363,False,False,2025,0.326778130153997
2025-08-28,PETR4,TRANSFORMER,30.93000030517578,30.899786919028827,30.825756678396825,30.703188480852823,30.573030798483607,0.0302133861469542,0.3569695066921738,False,False,2025,0.32675612054521963
2023-02-07,PETR4,TRANSFORMER,14.957019805908203,14.884536497653857,15.0520520710762,15.24076728229736,15.354657432676897,0.0724833082543483,0.3976376267686916,False,True,2023,0.3251543185143433
2024-08-14,PETR4,TRANSFORMER,31.50514793395996,31.50782029811461,31.53076037258375,30.980485349665805,31.181927427746263,0.0026723641546482,0.3232205062136977,False,False,2024,0.32054814205904947
2024-08-26,PETR4,TRANSFORMER,33.954933166503906,32.33887268113932,32.633261583784645,31.95169704665987,32.01878335951985,1.616060485364585,1.936149806984055,False,True,2024,0.32008932161947
2025-03-31,PETR4,TRANSFORMER,34.42152404785156,34.55819058096631,34.628996844814466,34.75687963962844,34.87423581184517,0.1366665331147487,0.4527117639936051,False,False,2025,0.3160452308788564
2024-05-31,PETR4,TRANSFORMER,31.467981338500977,31.70723136806953,31.746622153364324,30.6253360645894,30.916131307284395,0.2392500295685522,0.5518500312165813,False,False,2024,0.31260000164802904
2021-10-21,PETR4,TRANSFORMER,8.906204223632812,8.926640589891012,8.847811735684903,9.347410179060493,9.236890921256096,0.020436366258199,0.3306866976232836,False,True,2021,0.3102503313650846
2022-12-12,PETR4,TRANSFORMER,13.95871353149414,14.36886159993923,14.528779962164633,14.499419227959686,14.67907855817293,0.4101480684450891,0.72036502667879,False,True,2022,0.3102169582337009
2024-10-03,PETR4,TRANSFORMER,32.556236267089844,32.3444636457175,32.122938539304506,32.30343100662953,32.04193885724189,0.2117726213723472,0.5142974098479556,False,True,2024,0.3025247884756084
2022-07-08,PETR4,TRANSFORMER,12.797049522399902,12.76592910499928,12.86573101087993,13.061443234012629,13.128315853953003,0.0311204174006221,0.3312663315531008,False,True,2022,0.3001459141524787
2023-10-24,PETR4,TRANSFORMER,26.099363327026367,26.12503801510645,25.945546109976195,25.83187891581402,25.77589936560329,0.0256746880800875,0.323463961423073,False,True,2023,0.2977892733429855
2024-01-25,PETR4,TRANSFORMER,29.692338943481445,29.39684516218466,29.638378876208428,28.919738082556982,29.100079147391494,0.2954937812967841,0.5922597960899516,False,True,2024,0.2967660147931675
2025-06-10,PETR4,TRANSFORMER,29.383399963378903,29.710322727583677,29.94216177134353,28.576139106076127,28.76423682412188,0.3269227642047703,0.6191631392570223,False,True,2025,0.292240375052252
2021-09-08,PETR4,TRANSFORMER,8.101564407348633,8.218618931357017,8.218618931357017,8.531168991028663,8.51077085646602,0.1170545240083846,0.4092064491173879,False,False,2021,0.2921519251090033
2025-09-03,PETR4,TRANSFORMER,31.059999465942383,31.181021780171815,31.33470996883474,31.32364333639641,31.472739592038373,0.1210223142294353,0.41274012609599,False,True,2025,0.29171781186655465
2022-11-24,PETR4,TRANSFORMER,14.157208442687988,14.307553378751791,14.508465105376892,13.598984898996996,13.725968263078515,0.1503449360638029,0.4312401796094711,False,True,2022,0.2808952435456682
2025-06-23,PETR4,TRANSFORMER,31.290143966674805,31.24952953611125,30.94179880374432,32.08783398316782,31.60706475128684,0.0406144305635507,0.3169207846120372,False,True,2025,0.2763063540484865
2025-02-18,PETR4,TRANSFORMER,35.53309631347656,35.3144312356776,35.3144312356776,35.046791418175445,35.038211405293424,0.2186650777989598,0.4948849081831383,False,False,2025,0.2762198303841785
2024-12-03,PETR4,TRANSFORMER,33.894866943359375,33.92077636339803,34.2675915038018,33.84338671559588,34.19183397032868,0.0259094200386584,0.2969670269693054,False,True,2024,0.27105760693064695
2024-07-08,PETR4,TRANSFORMER,32.072509765625,31.91533129854304,32.183368791364245,31.46203799580768,31.64552021983162,0.1571784670819624,0.4269895457933792,False,True,2024,0.26981107871141685
2024-10-04,PETR4,TRANSFORMER,32.47042465209961,32.4587465021479,32.46785153651536,32.566474236052606,32.74663639768339,0.011678149951706,0.2762117455837796,False,False,2024,0.26453359563207357
2021-11-03,PETR4,TRANSFORMER,8.711533546447754,8.886310471778643,8.887703239897041,9.179139038558066,9.145814730520913,0.1747769253308888,0.4342811840731588,False,True,2021,0.25950425874227
2024-04-24,PETR4,TRANSFORMER,31.166372299194336,31.176906004136697,31.26949910790536,31.531224064686377,31.433153702584736,0.010533704942361,0.2667814033904001,False,False,2024,0.2562476984480391
2021-07-06,PETR4,TRANSFORMER,8.47293758392334,8.394093837877097,8.396455314509854,8.836904438188892,8.806925871173243,0.0788437460462425,0.3339882872499036,False,True,2021,0.2551445412036611
2025-05-21,PETR4,TRANSFORMER,30.137527465820312,30.29238295372141,30.29238295372141,30.49037337527832,30.54540161236628,0.1548554879011021,0.4078741465459643,False,False,2025,0.2530186586448622
2024-07-03,PETR4,TRANSFORMER,31.571901321411133,31.91758833701391,31.93871023299463,32.16952135031016,32.170161916474534,0.3456870156027776,0.598260595063401,False,False,2024,0.2525735794606234
2023-02-02,PETR4,TRANSFORMER,14.314833641052246,14.663228097762977,14.53508620377439,14.989354220065325,14.911737164989784,0.3483944567107286,0.596903523937538,False,True,2023,0.24850906722680938
2023-03-07,PETR4,TRANSFORMER,14.653438568115234,14.91685357599892,14.877241586205027,15.289263294822332,15.15842318508676,0.2634150078836867,0.5049846169715266,False,True,2023,0.24156960908783992
2022-04-01,PETR4,TRANSFORMER,12.031366348266602,12.063264224862252,12.07658286102301,12.25526697883494,12.301067040541332,0.0318978765956501,0.2697006922747302,False,True,2022,0.2378028156790801
2022-04-04,PETR4,TRANSFORMER,11.918377876281738,12.06724538994282,12.146028397006374,12.22660311795426,12.303160032527185,0.1488675136610808,0.3847821562454445,False,True,2022,0.23591464258436368
2025-03-17,PETR4,TRANSFORMER,33.49522399902344,33.81092398989193,33.965926660333274,32.924530132926776,32.94871022870137,0.3156999908684952,0.5465137703220648,False,False,2025,0.23081377945356962
2021-10-19,PETR4,TRANSFORMER,9.087898254394531,8.855728583957344,8.918188611831251,9.462196363160924,9.549773869133496,0.2321696704371874,0.4618756147389646,False,True,2021,0.2297059443017772
2023-10-09,PETR4,TRANSFORMER,25.4228744506836,25.002817834748853,25.22929064942772,24.652954006481643,24.77367159442253,0.4200566159347474,0.6492028562610663,False,True,2023,0.22914624032631892
2024-12-05,PETR4,TRANSFORMER,34.01499938964844,34.04140744785872,34.389457745405764,33.822385181592445,34.267828170189766,0.0264080582102792,0.2528287805413285,False,True,2024,0.22642072233104932
2024-04-15,PETR4,TRANSFORMER,29.715023040771484,29.621339354666645,29.586326450036577,29.575735370228852,29.398643223457867,0.0936836861048391,0.3163798173136172,False,False,2024,0.2226961312087781
2024-11-08,PETR4,TRANSFORMER,31.04598045349121,31.398061353216235,31.037492685612165,30.661914819936317,30.475397287596124,0.3520808997250242,0.5705831658950871,False,True,2024,0.21850226617006285
2023-07-05,PETR4,TRANSFORMER,21.097999572753903,21.25443750627535,21.453018587620893,21.28866726250431,21.471650169532847,0.1564379335214489,0.3736505967789441,False,True,2023,0.21721266325749516
2024-08-20,PETR4,TRANSFORMER,31.94736099243164,32.05359088609322,32.026825101749296,32.10895619669557,32.270249510690405,0.1062298936615775,0.3228885182587646,False,False,2024,0.21665862459718707
2024-02-19,PETR4,TRANSFORMER,32.428749084472656,32.5016203985042,32.5016203985042,32.54576334219746,32.716959241687995,0.0728713140315449,0.2882101572153388,False,False,2024,0.21533884318379393
2021-11-17,PETR4,TRANSFORMER,8.623931884765625,8.582391513476729,8.525095047865445,8.958309497754579,8.880805239519077,0.0415403712888959,0.2568733547534521,False,True,2021,0.21533298346455618
2023-02-24,PETR4,TRANSFORMER,15.120479583740234,15.084114755643654,15.00928606319878,15.533807928763949,15.371602576543811,0.0363648280965804,0.2511229928035785,False,True,2023,0.21475816470699813
2023-12-15,PETR4,TRANSFORMER,26.759389877319336,26.824997768252658,26.67317573083235,26.807310853924857,26.482129655472512,0.0656078909333217,0.2772602218468236,False,True,2023,0.21165233091350188
2023-01-10,PETR4,TRANSFORMER,14.063802719116213,13.655268646007634,13.2784095112428,13.885029066856656,13.44369596197897,0.4085340731085782,0.6201067571372434,False,False,2023,0.2115726840286652
2021-09-17,PETR4,TRANSFORMER,8.088586807250977,8.029465492736941,7.954275417510946,8.454113924797827,8.359267314436881,0.0591213145140354,0.2706805071859044,False,True,2021,0.211559192671869
2021-01-26,PETR4,TRANSFORMER,7.99857759475708,8.33737314572761,8.33737314572761,8.52273401827022,8.548233781745564,0.3387955509705307,0.549656186988484,False,False,2021,0.21086063601795324
2024-02-02,PETR4,TRANSFORMER,31.015186309814453,30.644259676896127,30.644259676896127,31.417659508517275,31.59522500365742,0.3709266329183265,0.5800386938429654,False,False,2024,0.20911206092463885
2025-01-10,PETR4,TRANSFORMER,34.21773910522461,34.5970175434195,34.84811183553706,34.3241755883731,34.80504695654367,0.3792784381948877,0.5873078513190606,False,True,2025,0.2080294131241729
2022-01-05,PETR4,TRANSFORMER,10.230853080749512,10.097921238557344,10.037401716780028,10.690066145867942,10.571457875677082,0.1329318421921677,0.3406047949275699,False,True,2022,0.2076729527354022
2021-02-01,PETR4,TRANSFORMER,8.155584335327148,8.102712445536412,8.164000042690878,7.81400871948742,7.896851771799728,0.0528718897907367,0.2587325635274204,False,True,2021,0.2058606737366837
2021-07-19,PETR4,TRANSFORMER,8.035050392150879,8.00545848951894,7.942498973863355,8.282800379532638,8.27018882401187,0.0295919026319388,0.2351384318609906,False,True,2021,0.20554652922905178
2023-10-25,PETR4,TRANSFORMER,26.23756599426269,26.28970224825352,26.411810199436992,26.211893412819336,26.49471860108106,0.0521362539908274,0.2571526068183694,False,True,2023,0.205016352827542
2024-03-28,PETR4,TRANSFORMER,28.24098014831543,28.382441595143742,28.6148516670474,27.67913599649532,27.895208971348083,0.1414614468283161,0.3457711769673466,False,True,2024,0.2043097301390305
2023-11-29,PETR4,TRANSFORMER,26.630884170532227,26.84314996327494,26.919078642995096,27.064114345927035,27.045652401382377,0.2122657927427127,0.4147682308501501,False,False,2023,0.20250243810743737
2025-03-21,PETR4,TRANSFORMER,34.08805847167969,33.70652981399513,33.70652981399513,33.47724346251872,33.50782404029426,0.3815286576845551,0.5802344313854277,False,False,2025,0.19870577370087267
2025-06-25,PETR4,TRANSFORMER,30.517667770385746,31.183800051927903,31.203208107966617,31.15456240303762,31.382242058440177,0.6661322815421578,0.8645742880544312,False,False,2025,0.1984420065122734
2021-01-27,PETR4,TRANSFORMER,8.117073059082031,8.284600273251,8.284600273251,8.495392206129114,8.479679924597177,0.1675272141689685,0.3626068655151453,False,True,2021,0.1950796513461768
2022-07-14,PETR4,TRANSFORMER,12.214963912963867,12.77181572194796,12.639524247992703,13.000487661521378,12.96651692007804,0.5568518089840921,0.7515530071141718,False,True,2022,0.1947011981300797
2025-09-04,PETR4,TRANSFORMER,31.059999465942383,31.085537743075065,31.085537743075065,30.962806589126647,30.840248317614517,0.0255382771326821,0.2197511483278695,False,False,2025,0.19421287119518738
2022-06-20,PETR4,TRANSFORMER,12.272727012634276,12.667691997284052,12.70483157858876,11.600616057413166,11.686067928596652,0.3949649846497767,0.5866590840376222,False,False,2022,0.19169409938784554
2021-05-04,PETR4,TRANSFORMER,7.009234428405762,6.927386706952646,6.958862385335572,7.278631261912601,7.280795961134056,0.0818477214531157,0.2715615327282945,False,True,2021,0.18971381127517878
2023-01-04,PETR4,TRANSFORMER,13.456645011901855,12.937347857687854,12.921890315945536,12.703840209262706,12.752263608792749,0.5192971542140015,0.7043814031091067,False,True,2023,0.18508424889510522
2025-01-13,PETR4,TRANSFORMER,34.33816146850586,34.55719728734732,34.43708560520953,34.20234876581283,33.93409616451312,0.219035818841462,0.4040653039927377,False,False,2025,0.1850294851512757
2021-01-25,PETR4,TRANSFORMER,8.025236129760742,8.2698860358614,8.26559804685215,8.40017977454048,8.453952841520756,0.2446499061006584,0.4287167117600141,False,False,2021,0.18406680565935568
2024-11-12,PETR4,TRANSFORMER,31.68955421447754,31.512555653337813,31.392261042518893,31.18647471602833,31.329591455224,0.176998561139726,0.3599627592535412,False,False,2024,0.1829641981138152
2023-10-03,PETR4,TRANSFORMER,24.710018157958984,25.099284101550523,25.279557753150844,25.024996543674707,25.282116356077392,0.3892659435915391,0.5720981981184075,False,True,2023,0.18283225452686835
2022-10-26,PETR4,TRANSFORMER,17.849210739135742,18.496133656444016,18.63908537012308,18.445112672743985,18.67440350295333,0.6469229173082738,0.8251927638175864,False,True,2022,0.17826984650931266
2024-08-15,PETR4,TRANSFORMER,31.98908233642578,31.6652130810682,31.58460256551003,31.508790847775643,31.490370255531243,0.3238692553575788,0.4987120808945384,False,False,2024,0.17484282553695957
2024-08-22,PETR4,TRANSFORMER,31.85259437561035,32.10737626037297,32.35843389017105,31.88346032996054,32.28216769713076,0.2547818847626217,0.429573321520408,False,True,2024,0.1747914367577863
2023-07-13,PETR4,TRANSFORMER,20.76166343688965,20.90935525566519,20.999632884834224,20.536380107335653,20.44197812280716,0.1476918187755416,0.3196853140824913,False,True,2023,0.17199349530694968
2023-08-21,PETR4,TRANSFORMER,21.931825637817383,21.886439011214406,21.886439011214406,22.16526919994962,22.14820069562853,0.0453866266029763,0.2163750578111525,False,False,2023,0.1709884312081762
2022-08-19,PETR4,TRANSFORMER,17.3144474029541,16.78163511064045,16.633677164653673,18.27155142488928,18.01425859112658,0.5328122923136505,0.6998111881724789,False,True,2022,0.16699889585882843
2023-08-31,PETR4,TRANSFORMER,23.233381271362305,23.078117214797928,22.928666208591583,23.848191923360247,23.55471951057787,0.155264056564377,0.3213382392155637,False,True,2023,0.1660741826511867
2023-03-09,PETR4,TRANSFORMER,14.776037216186523,14.79506016589869,14.66461717280148,15.004687462657428,14.95816083282459,0.0190229497121663,0.1821236166380657,False,True,2023,0.1631006669258994
2021-11-19,PETR4,TRANSFORMER,8.468194961547852,8.406409510894974,8.351410828484251,8.696660490364277,8.691950474438745,0.0617854506528772,0.223755512890893,False,True,2021,0.1619700622380158
2024-04-18,PETR4,TRANSFORMER,30.12320709228516,30.085566437280363,30.051250997850424,30.1360449312513,30.321788499837,0.0376406550047967,0.1985814075518384,False,False,2024,0.1609407525470417
2024-12-09,PETR4,TRANSFORMER,34.35824203491211,34.28498566279268,34.518462394532804,33.787690784268115,34.12519718704939,0.073256372119431,0.2330448478627218,False,True,2024,0.1597884757432908
2022-03-31,PETR4,TRANSFORMER,12.19173526763916,12.178622739605302,12.07468576171136,12.531580360750768,12.36359161664474,0.0131125280338579,0.17185634900558,False,True,2022,0.1587438209717221
2023-11-21,PETR4,TRANSFORMER,26.44851493835449,26.417234756448124,26.380202185046134,26.816736411032565,26.638326753747307,0.0312801819063643,0.1898118153928187,False,False,2023,0.15853163348645438
2023-11-14,PETR4,TRANSFORMER,26.31758689880371,26.106781327562373,26.29266488305097,25.91215740260383,25.949895899297157,0.2108055712413374,0.3676909995065571,False,False,2023,0.1568854282652197
2024-11-21,PETR4,TRANSFORMER,32.530494689941406,32.4107192804812,32.63064965469094,32.52762281481471,32.806678315120635,0.1197754094602032,0.2761836251792289,False,True,2024,0.1564082157190257
2024-05-10,PETR4,TRANSFORMER,33.73134231567383,33.74197367738958,33.83253704061158,34.001044953523504,33.89779663743847,0.0106313617157525,0.1664543217646397,False,False,2024,0.1558229600488872
2023-09-22,PETR4,TRANSFORMER,24.7536563873291,24.726098279871398,24.761282209606552,24.74031209702481,24.93641094050165,0.0275581074577075,0.1827545531725505,False,False,2023,0.15519644571484298
2022-07-11,PETR4,TRANSFORMER,12.734843254089355,12.8282226292011,12.97620243490171,12.91057459101483,12.97911488612874,0.0933793751117448,0.2442716320393838,False,False,2022,0.150892256927639
2023-08-08,PETR4,TRANSFORMER,21.175073623657227,21.10691988129372,21.288650090609803,21.191590644506025,21.390963680890398,0.0681537423635063,0.2158900572331674,False,False,2023,0.1477363148696611
2024-01-08,PETR4,TRANSFORMER,29.04981231689453,29.01170785465922,28.78194027107699,29.52212588459819,29.233720902635657,0.0381044622353101,0.1839085857411255,False,True,2024,0.1458041235058154
2026-01-05,PETR4,TRANSFORMER,30.200000762939453,30.987216426680504,31.19078668170813,30.73016428135863,31.131619206999385,0.7872156637410512,0.9316184440599322,False,True,2026,0.14440278031888099
2025-05-09,PETR4,TRANSFORMER,29.340187072753903,29.50396843688611,29.374868468156727,29.26693116295463,29.03349224240648,0.163781364132209,0.3066948303474248,False,False,2025,0.14291346621521578
2024-11-15,PETR4,TRANSFORMER,31.981306076049805,32.02731777814142,31.70737577172105,32.1117376570312,31.797153644953784,0.0460117020916186,0.1841524310960203,False,True,2024,0.13814072900440172
2022-02-08,PETR4,TRANSFORMER,11.601284980773926,11.540516412745577,11.51663557857056,11.850291790574351,11.799471528390534,0.0607685680283509,0.1981865476166078,False,True,2022,0.1374179795882569
2023-12-01,PETR4,TRANSFORMER,26.963483810424805,26.93080197853186,26.72588746404054,27.13647914204698,26.79732050957277,0.032681831892944,0.166163300852034,False,True,2023,0.13348146895909002
2025-08-26,PETR4,TRANSFORMER,30.43000030517578,30.942336273905653,31.21658964307476,30.7632047166559,31.073949165201267,0.5123359687298716,0.6439488600254855,False,True,2025,0.13161289129561382
2023-12-14,PETR4,TRANSFORMER,26.69891357421875,26.72204927712805,26.93240145066779,26.41589199693821,26.55046783165588,0.0231357029093004,0.148445742562874,False,True,2023,0.1253100396535736
2022-02-03,PETR4,TRANSFORMER,11.68875789642334,11.52706883985185,11.495249685527286,11.95620791749719,11.975050839943142,0.1616890565714897,0.2862929435198023,False,False,2022,0.12460388694831259
2021-11-05,PETR4,TRANSFORMER,8.387083053588867,8.3834122435016,8.48482756171897,8.377015221183637,8.513618729438829,0.0036708100872679,0.1265356758499614,False,True,2021,0.1228648657626935
2022-09-21,PETR4,TRANSFORMER,17.008865356445312,17.139166723230204,17.43714167910868,16.926203218458934,17.259726594919787,0.1303013667848915,0.2508612384744744,False,False,2022,0.1205598716895829
2024-12-11,PETR4,TRANSFORMER,34.83019256591797,34.75597894352387,35.052890424794995,34.74047392095576,35.02172458455683,0.0742136223940974,0.1915320186388598,False,True,2024,0.1173183962447624
2021-01-29,PETR4,TRANSFORMER,7.906741142272949,8.300110344126482,8.256503651439631,8.526338966257287,8.415599546487098,0.3933692018535328,0.5088584042141484,False,True,2021,0.1154892023606156
2023-09-12,PETR4,TRANSFORMER,24.38995742797852,24.09475569248157,24.345243218632785,24.46055494558456,24.79818143303024,0.2952017354969491,0.4082240050517178,False,True,2023,0.11302226955476868
2024-04-17,PETR4,TRANSFORMER,30.070293426513672,30.0049523006976,29.709024653910568,30.12638885163169,29.896479579066455,0.0653411258160758,0.1738138474472137,False,True,2024,0.1084727216311379
2022-07-13,PETR4,TRANSFORMER,12.55266284942627,12.236670179450698,12.128783637195871,12.20180952119977,12.128807036830382,0.3159926699755715,0.4238558125958871,False,True,2022,0.1078631426203156
2022-09-22,PETR4,TRANSFORMER,17.429040908813477,17.05895088755406,17.176273524730234,17.004187295733075,16.95222379429632,0.3700900212594149,0.4768171145171571,False,True,2022,0.10672709325774216
2021-03-09,PETR4,TRANSFORMER,6.395896434783936,6.418112590860144,6.459840110624399,6.217248244840194,6.267593160412154,0.0222161560762073,0.128303274371782,False,True,2021,0.10608711829557468
2024-08-19,PETR4,TRANSFORMER,32.072509765625,31.98472908490345,31.711515759256823,32.18537974101113,31.88076668502836,0.0877806807215506,0.1917430805966375,False,True,2024,0.1039623998750869
2021-11-08,PETR4,TRANSFORMER,8.474684715270996,8.560826715624849,8.621206781501108,8.63840836034523,8.664185231884789,0.0861420003538526,0.1895005166137924,False,True,2021,0.10335851625993982
2022-04-18,PETR4,TRANSFORMER,12.249159812927246,12.21068903589805,12.25749484047682,12.444529245883327,12.390828559612332,0.0384707770291967,0.1416687466850863,False,False,2022,0.10319796965588961
2023-09-28,PETR4,TRANSFORMER,25.05917358398437,25.080444714531936,24.915589980737465,25.137615311382344,24.936573962610552,0.0212711305475643,0.1225996213738191,False,True,2023,0.10132849082625481
2023-03-08,PETR4,TRANSFORMER,14.840255737304688,14.557541287905323,14.454838651653164,14.57023030382687,14.45773827891074,0.2827144493993643,0.3825174583939486,False,True,2023,0.09980300899458427
2023-02-28,PETR4,TRANSFORMER,14.7351713180542,15.027896549591643,14.86454782215715,15.268101041789771,15.12688262238628,0.292725231537446,0.3917113043320821,False,True,2023,0.09898607279463612
2022-10-25,PETR4,TRANSFORMER,18.29667091369629,18.497637119434145,18.264889894126995,19.030749881767512,18.589596330110474,0.2009662057378562,0.2929254164141852,False,True,2022,0.09195921067632898
2025-11-03,PETR4,TRANSFORMER,30.100000381469727,30.383898733637352,30.383898733637352,29.74577982403242,29.72522753032109,0.2838983521676255,0.3747728511486343,False,False,2025,0.0908744989810088
2025-11-20,PETR4,TRANSFORMER,32.81999969482422,32.65256660752465,32.66370737976732,32.789135607812966,33.074973841279984,0.167433087299571,0.2549741464557655,False,False,2025,0.0875410591561945
2024-11-27,PETR4,TRANSFORMER,33.45724105834961,33.36751181762071,33.36883815806026,33.747124569069804,33.6330832573008,0.0897292407289001,0.1758421989511873,False,False,2024,0.0861129582222872
2024-11-19,PETR4,TRANSFORMER,32.43610000610352,32.36256420914077,32.21214465299154,32.821923302508765,32.59452719005184,0.0735357969627514,0.1584271839483193,False,False,2024,0.0848913869855679
2025-09-17,PETR4,TRANSFORMER,31.71999931335449,31.881647826809967,31.898572421205028,31.61430038164024,31.47390074671033,0.1616485134554786,0.2460985666441537,False,False,2025,0.0844500531886751
2025-07-08,PETR4,TRANSFORMER,31.798608779907227,31.984974949660625,32.438356080546704,31.46492564046015,32.06647024849206,0.1863661697533984,0.267861468584833,False,True,2025,0.08149529883143461
2023-04-27,PETR4,TRANSFORMER,15.237244606018066,15.009157352461608,14.88948873901168,15.579629241133349,15.544500134755356,0.2280872535564597,0.30725552873729,False,True,2023,0.0791682751808303
2023-09-13,PETR4,TRANSFORMER,24.02625274658203,24.27158900178505,24.195296682508044,24.54575479166434,24.349078402562803,0.2453362552030142,0.3228256559807718,False,False,2023,0.0774894007777576
2026-01-13,PETR4,TRANSFORMER,31.13999938964844,30.75327611022783,30.997672245118327,30.45239392949604,30.676189320342434,0.386723279420611,0.4638100693060067,False,True,2026,0.07708678988539569
2021-03-10,PETR4,TRANSFORMER,6.618079662322998,6.608919008975807,6.619248376078195,6.523449009127144,6.533006756894665,0.009160653347191,0.0850729054283334,False,True,2021,0.0759122520811424
2022-04-21,PETR4,TRANSFORMER,12.679798126220703,12.46676640042493,12.459625220942591,13.038192442650882,12.968313968452154,0.2130317257957727,0.2885158422314511,False,False,2022,0.0754841164356784
2022-02-15,PETR4,TRANSFORMER,11.8381929397583,11.690827676030615,11.57469752723788,12.211743021963915,12.06064746221138,0.1473652637276856,0.2224545224530789,False,True,2022,0.07508925872539329
2025-06-24,PETR4,TRANSFORMER,30.67411994934082,30.65298295848072,30.418912442538787,30.82928846431048,30.76963319816405,0.0211369908601,0.0955132488232308,False,True,2025,0.0743762579631308
2022-12-09,PETR4,TRANSFORMER,14.42575454711914,14.358387146621652,14.356911992754137,14.49755019621603,14.567435156667294,0.0673674004974884,0.1416806095481533,False,False,2022,0.07431320905066491
2024-04-16,PETR4,TRANSFORMER,29.85108184814453,29.801086161342653,29.698697982057183,29.828356277573484,29.72801628317839,0.0499956868018784,0.12306556496614,False,False,2024,0.07306987816426161
2023-03-01,PETR4,TRANSFORMER,14.770201683044434,14.879601377315446,14.975265613230029,14.766335090789592,14.951647560741826,0.109399694271012,0.1814458776973921,False,False,2023,0.0720461834263801
2025-08-25,PETR4,TRANSFORMER,30.64999961853028,30.856106586268996,30.79295310842708,30.443125949223965,30.37216150719861,0.2061069677387124,0.2778381113316719,False,False,2025,0.07173114359295951
2023-09-27,PETR4,TRANSFORMER,25.110090255737305,24.93192887863617,25.079174488913104,24.62345287919947,24.860678726290736,0.1781613771011336,0.2494115294465686,False,True,2023,0.071250152345435
2024-05-08,PETR4,TRANSFORMER,33.479854583740234,33.21033047835829,33.21033047835829,33.12531456842842,33.13909803775239,0.2695241053819472,0.3407565459878441,False,False,2024,0.0712324406058969
2021-02-02,PETR4,TRANSFORMER,8.490339279174805,8.130077654006486,8.200019682513016,8.008357500460967,8.059411516500088,0.3602616251683184,0.4309277626747168,False,True,2021,0.07066613750639839
2024-06-24,PETR4,TRANSFORMER,30.921104431152344,31.133791160318367,31.583629522742445,30.76429534999024,31.20147590272037,0.2126867291660232,0.2803714715680314,False,True,2024,0.0676847424020082
2023-07-04,PETR4,TRANSFORMER,21.12602424621582,21.176713509913185,21.176713509913185,21.03607727570389,21.008837761360518,0.0506892636973645,0.1171864848553063,False,False,2023,0.06649722115794181
2023-03-10,PETR4,TRANSFORMER,14.583383560180664,14.692784729546853,14.608007268284467,14.749001615286367,14.757750061855036,0.1094011693661869,0.1743665016743705,False,False,2023,0.0649653323081836
2023-01-06,PETR4,TRANSFORMER,13.859469413757324,13.610762822325585,13.490761374479325,14.35916185633682,14.172897791734847,0.2487065914317412,0.3134283779775231,False,True,2023,0.0647217865457819
2021-01-28,PETR4,TRANSFORMER,8.22372055053711,8.24298228480745,8.312132955931784,8.069084679055905,8.141350177040124,0.0192617342703407,0.0823703734969854,False,True,2021,0.0631086392266447
2023-02-01,PETR4,TRANSFORMER,15.009557723999023,14.812290368081564,14.716849905139467,15.34363276097758,15.269165171425408,0.1972673559174609,0.2596074474263847,False,True,2023,0.062340091508923806
2023-09-21,PETR4,TRANSFORMER,24.557260513305664,24.71365629383452,24.444596230183382,25.044004311760204,24.77508002018963,0.1563957805288538,0.2178195068839663,False,True,2023,0.06142372635511251
2024-04-23,PETR4,TRANSFORMER,31.30999565124512,31.024228907225734,31.229789649732854,31.61864704925074,31.65661335899243,0.2857667440193872,0.3466177077473098,False,True,2024,0.06085096372792265
2023-07-28,PETR4,TRANSFORMER,20.852754592895508,20.67079759907276,20.62647445553169,20.71350494387208,20.61016530820316,0.1819569938227516,0.2425892846923467,False,False,2023,0.060632290869595096
2022-07-04,PETR4,TRANSFORMER,12.948128700256348,12.997244200507213,13.10597587067254,12.842854379465775,13.056460888052532,0.0491155002508634,0.1083321877961847,False,True,2022,0.0592166875453213
2023-12-04,PETR4,TRANSFORMER,26.38899040222168,27.051044596676206,26.86198292713801,27.212145653682978,27.108769542435407,0.6620541944545266,0.7197791402137277,False,True,2023,0.05772494575920106
2025-10-27,PETR4,TRANSFORMER,30.0,30.44497645661494,30.44497645661494,29.80773075318462,29.505727620144803,0.4449764566149383,0.4942723798551967,False,False,2025,0.04929592324025839
2024-05-07,PETR4,TRANSFORMER,32.976890563964844,33.04792205435831,33.04792205435831,32.833750299174305,32.8575675925283,0.0710314903934659,0.1193229714365458,False,False,2024,0.0482914810430799
2023-03-28,PETR4,TRANSFORMER,13.77189826965332,13.460447256407292,13.460447256407292,13.505515817814876,13.412283536490484,0.3114510132460282,0.3596147331628359,False,False,2023,0.04816371991680768
2025-09-25,PETR4,TRANSFORMER,32.36000061035156,32.325625488022695,32.298463622036834,32.66231657270313,32.441233338768235,0.0343751223288677,0.0812327284166727,False,False,2025,0.046857606087805
2021-03-23,PETR4,TRANSFORMER,6.754352569580078,6.615482061337666,6.537971774133726,7.013236059288351,6.937035303182467,0.1388705082424124,0.1826827336023893,False,True,2021,0.04381222535997689
2024-02-20,PETR4,TRANSFORMER,32.08858871459961,32.65398278852598,32.65398278852598,32.644362021524394,32.69749492557596,0.5653940739263703,0.6089062109763503,False,False,2024,0.043512137049980026
2024-01-30,PETR4,TRANSFORMER,30.47849464416504,29.96040160669736,30.203091303338255,30.63761916350148,31.038872727215207,0.5180930374676791,0.5603780830501677,False,False,2024,0.04228504558248858
2022-12-21,PETR4,TRANSFORMER,13.76022243499756,13.512032755772218,13.614253405838438,13.454685280986409,13.472410333438294,0.2481896792253426,0.2878121015592665,False,True,2022,0.03962242233392391
2023-05-03,PETR4,TRANSFORMER,14.901954650878906,14.903636501315049,14.779051217934017,14.892271395640282,14.861132019789835,0.0016818504361424,0.0408226310890693,False,True,2023,0.0391407806529269
2021-07-09,PETR4,TRANSFORMER,8.417819023132324,8.167705564772021,8.201489178500886,8.626483089589504,8.706762707683232,0.2501134583603033,0.2889436845509081,False,True,2021,0.03883022619060478
2022-11-28,PETR4,TRANSFORMER,14.221426010131836,14.262247879947026,14.394806802195465,14.162653779222918,14.299796329953397,0.0408218698151898,0.0783703198215608,False,True,2022,0.037548450006371
2024-01-17,PETR4,TRANSFORMER,28.6340560913086,29.378193861705316,29.616167472665214,29.092064459981096,29.41400575267466,0.744137770396712,0.7799496613660608,False,False,2024,0.03581189096934878
2023-08-15,PETR4,TRANSFORMER,21.623523712158203,21.47371936590521,21.287635948334007,21.642859852622603,21.43801697164106,0.1498043462529921,0.1855067405171446,False,True,2023,0.035702394264152504
2024-08-16,PETR4,TRANSFORMER,32.1225700378418,31.99053641046794,32.03333988129889,32.17402141365662,32.2900894471481,0.1320336273738576,0.1675194093063012,False,False,2024,0.03548578193244359
2022-03-23,PETR4,TRANSFORMER,11.681468963623049,11.618519465607136,11.72765469031392,11.547778704182,11.58304214663152,0.0629494980159126,0.0984268169915285,False,True,2022,0.0354773189756159
2024-12-10,PETR4,TRANSFORMER,34.48695755004883,34.60246590643851,34.56699864153255,34.466841828525446,34.336288673207875,0.1155083563896823,0.1506688768409532,False,False,2024,0.035160520451270896
2022-04-27,PETR4,TRANSFORMER,11.98599624633789,12.534444362808898,12.672963970914672,12.474839200527242,12.568917859054906,0.5484481164710076,0.5829216127170156,False,True,2022,0.03447349624600804
2022-04-26,PETR4,TRANSFORMER,11.98599624633789,12.210491114768525,12.320371508320337,12.061217474886648,12.243704884309736,0.2244948684306322,0.2577086379718452,False,True,2022,0.03321376954121297
2025-01-02,PETR4,TRANSFORMER,34.060264587402344,34.473504924004715,34.473504924004715,33.62403844830689,33.613931797771805,0.4132403366023709,0.4463327896305387,False,False,2025,0.03309245302816777
2022-04-14,PETR4,TRANSFORMER,12.468467712402344,12.302965767237446,12.431256432596829,12.62019012166466,12.666084062658186,0.1655019451648982,0.1976163502558421,False,True,2022,0.032114405090943904
2021-02-19,PETR4,TRANSFORMER,8.096334457397461,7.80042725854593,7.761461114395637,8.474403630591187,8.42359482324037,0.2959071988515305,0.3272603658429087,False,True,2021,0.03135316699137819
2024-01-26,PETR4,TRANSFORMER,30.20635414123535,29.619495368987828,29.643437098097795,29.720229203559107,29.58823630711592,0.586858772247524,0.6181178341194311,False,True,2024,0.03125906187190708
2023-07-20,PETR4,TRANSFORMER,20.41131401062012,20.47179343529096,20.64787083779154,20.336972589725335,20.320435984575514,0.0604794246708415,0.0908780260446064,False,True,2023,0.030398601373764905
2023-01-09,PETR4,TRANSFORMER,13.935362815856934,13.649643875025347,13.782201131363877,14.0840203870326,14.251117985054456,0.2857189408315861,0.3157551691975229,False,True,2023,0.03003622836593678
2023-10-02,PETR4,TRANSFORMER,24.819128036499023,25.15233802817768,24.987010736850134,25.331097630997142,25.18074067238969,0.3332099916786575,0.3616126358906655,False,True,2023,0.028402644212008
2022-03-21,PETR4,TRANSFORMER,11.575773239135742,11.755771007652896,11.844576098675084,11.380996688451122,11.369046160151118,0.1799977685171541,0.206727078984624,False,True,2022,0.026729310467469902
2022-07-18,PETR4,TRANSFORMER,12.708185195922852,12.72755699234687,12.826451166685,12.597901549079833,12.752217022427711,0.0193717964240178,0.0440318265048613,False,True,2022,0.0246600300808435
2023-09-25,PETR4,TRANSFORMER,24.913686752319336,24.894009157136963,24.894009157136963,24.916474394349912,24.95581555431724,0.0196775951823724,0.0421288019979044,False,False,2023,0.022451206815531997
2022-11-29,PETR4,TRANSFORMER,14.816905975341797,14.307014934933576,14.391114229016791,14.27344441603898,14.2855420666975,0.5098910404082204,0.5313639086442965,False,True,2022,0.02147286823607608
2025-09-26,PETR4,TRANSFORMER,32.25,32.37599825947285,32.37599825947285,32.41472042763297,32.39454941714639,0.1259982594728512,0.1445494171463934,False,False,2025,0.018551157673542207
2024-10-10,PETR4,TRANSFORMER,32.30738830566406,32.55528775770051,32.81304319107688,32.311984359706855,32.569993073333805,0.2478994520364494,0.2626047676697425,False,True,2024,0.014705315633293109
2025-03-14,PETR4,TRANSFORMER,32.88386154174805,33.63209180011262,33.87490879138312,31.909441593381175,32.123344660307744,0.7482302583645719,0.7605168814403029,False,True,2025,0.012286623075731029
2023-11-27,PETR4,TRANSFORMER,26.50993537902832,26.518559310851582,26.375702372717964,26.693790995059093,26.53068271670318,0.0086239318232657,0.0207473376748588,False,True,2023,0.012123405851593098
2025-11-05,PETR4,TRANSFORMER,30.850000381469727,30.5220304715138,30.73210918269609,30.305165046590854,30.50992863568463,0.3279699099559252,0.3400717457850959,False,True,2025,0.012101835829170737
2023-01-16,PETR4,TRANSFORMER,14.03460693359375,13.790236104459233,13.705832225877158,14.370620387792018,14.28965352686567,0.2443708291345174,0.2550465932719206,False,True,2023,0.010675764137403176
2021-09-02,PETR4,TRANSFORMER,8.63042163848877,8.365219173463437,8.411194036908302,8.807105477382228,8.904099233584704,0.2652024650253324,0.2736775950959345,False,True,2021,0.008475130070602077
2025-09-16,PETR4,TRANSFORMER,31.530000686645508,31.78504756371564,31.99599646441216,31.578948220594462,31.790161769231755,0.2550468770701286,0.2601610825862472,False,True,2025,0.005114205516118631
2022-05-24,PETR4,TRANSFORMER,14.041210174560549,13.747691052215655,13.678625027648629,14.494608205182976,14.339795170677384,0.2935191223448914,0.2985849961168352,False,True,2022,0.005065873771943785
2024-12-02,PETR4,TRANSFORMER,33.59453201293945,33.72399112904975,33.72399112904975,33.441153702065044,33.46094669727191,0.1294591161102971,0.1335853156675455,False,False,2024,0.004126199557248411
2025-11-19,PETR4,TRANSFORMER,32.81999969482422,32.64427604791268,32.25991220814678,33.103324953249114,32.64095129892014,0.1757236469115355,0.1790483959040756,False,True,2025,0.003324748992540094
2025-07-29,PETR4,TRANSFORMER,31.720382690429688,31.852507935789504,32.22257846534152,31.45886104200781,31.58568865897756,0.1321252453598163,0.1346940314521276,False,True,2025,0.002568786092311315
2024-08-30,PETR4,TRANSFORMER,33.7833137512207,33.64743376096038,33.75040731286892,34.02775171497543,33.92037456419679,0.1358799902603209,0.1370608129760882,False,False,2024,0.0011808227157672768
2025-07-04,PETR4,TRANSFORMER,31.407480239868164,31.982019655279373,32.25523390843913,31.65287408461157,31.982967875877613,0.5745394154112091,0.5754876360094485,False,True,2025,0.0009482205982394021
2021-11-10,PETR4,TRANSFORMER,8.575264930725098,8.541211317966425,8.505459231515298,8.65439454314534,8.6097078141171,0.0340536127586723,0.0344428833920016,False,True,2021,0.00038927063332929585
2023-03-21,PETR4,TRANSFORMER,13.66097354888916,13.941275127425511,14.141200589014105,13.651829038411387,13.941555520888594,0.2803015785363527,0.2805819719994336,False,True,2023,0.00028039346308089685
2025-05-08,PETR4,TRANSFORMER,29.15034294128418,29.27195078283455,29.480658082457527,28.68226793823787,29.02861332293929,0.1216078415503716,0.1217296183448901,False,True,2025,0.00012177679451849666
2026-03-03,PRIO3,AUTOENCODER,55.119998931884766,54.85215503457846,55.60909709681518,57.34105211478556,57.51630981760598,0.2678438973063066,2.396310885721213,False,True,2026,2.1284669884149063
2026-03-16,PRIO3,AUTOENCODER,59.79999923706055,60.54169915136441,59.51067148706007,58.49131479600407,57.31472574034928,0.7416999143038652,2.4852734967112653,False,True,2026,1.7435735824074001
2023-08-31,PRIO3,AUTOENCODER,46.34555816650391,46.23022516892087,45.46467466994758,45.87796231858177,44.49286067065997,0.1153329975830459,1.852697495843941,False,True,2023,1.7373644982608951
2023-12-08,PRIO3,AUTOENCODER,44.47855758666992,44.83206527226616,45.34709487139179,43.02545015688983,42.45964735234726,0.3535076855962415,2.018910234322661,False,True,2023,1.6654025487264192
2025-02-27,PRIO3,AUTOENCODER,38.20000076293945,38.22397894538528,38.45935715079001,36.53764274889807,36.582154753495765,0.0239781824458304,1.6178460094436886,False,True,2025,1.5938678269978581
2024-05-16,PRIO3,AUTOENCODER,47.61000061035156,47.33783145655991,46.67067167268635,47.27686657141996,45.97533609024824,0.2721691537916513,1.6346645201033212,False,True,2024,1.36249536631167
2022-05-02,PRIO3,AUTOENCODER,25.109668731689453,25.83325799824885,25.963662086709057,26.533190278275143,27.108222941807977,0.7235892665594008,1.998554210118524,False,True,2022,1.2749649435591233
2026-02-23,PRIO3,AUTOENCODER,53.45000076293945,53.42670297722685,52.58937096868135,54.778675285438304,54.74493299278857,0.0232977857126002,1.2949322298491168,False,True,2026,1.2716344441365166
2021-10-19,PRIO3,AUTOENCODER,26.72707176208496,26.99697013332704,27.6166280468573,27.233034350431065,28.20930647852154,0.2698983712420784,1.4822347164365794,False,True,2021,1.212336345194501
2024-03-11,PRIO3,AUTOENCODER,44.900001525878906,44.70445791228036,43.99072325699437,44.90566780417478,43.4937910638384,0.1955436135985451,1.4062104620405125,False,True,2024,1.2106668484419674
2022-11-10,PRIO3,AUTOENCODER,36.52134323120117,36.333329660290616,36.73237343211957,36.94433196790969,37.836749433500856,0.1880135709105559,1.315406202299684,False,True,2022,1.127392631389128
2024-01-12,PRIO3,AUTOENCODER,46.08000183105469,46.00698632293114,45.92769099377951,45.662691858781166,44.88473434476514,0.0730155081235466,1.195267486289545,False,False,2024,1.1222519781659983
2023-11-10,PRIO3,AUTOENCODER,46.39548110961914,47.7950483312531,47.11897837994085,45.27801189588687,43.88737102133359,1.3995672216339583,2.508110088285555,False,True,2023,1.1085428666515968
2022-09-08,PRIO3,AUTOENCODER,27.50581932067871,27.826421377096157,27.897357768774345,28.36823649990817,28.917057783077716,0.3206020564174423,1.4112384623990015,False,False,2022,1.0906364059815592
2021-07-06,PRIO3,AUTOENCODER,20.2075424194336,20.27083619119935,20.30027144854132,21.25793040778166,21.34932141144236,0.0632937717657498,1.14177899200876,False,True,2021,1.0784852202430102
2024-06-17,PRIO3,AUTOENCODER,41.720001220703125,41.628235192272655,42.21006219466408,41.98299375629525,42.890029338995824,0.0917660284304702,1.1700281182926986,False,True,2024,1.0782620898622284
2021-11-12,PRIO3,AUTOENCODER,24.32093620300293,25.57047138859525,26.05447725396893,25.757460533236188,26.634841519088027,1.2495351855923218,2.3139053160850978,False,True,2021,1.064370130492776
2022-10-27,PRIO3,AUTOENCODER,33.55610275268555,33.00743370666882,32.462916935510854,33.14259484308169,31.954022244153776,0.5486690460167267,1.6020805085317704,False,True,2022,1.0534114625150437
2022-05-03,PRIO3,AUTOENCODER,25.788578033447266,25.98066221613104,25.756698342456936,25.098642111890285,24.566494118323547,0.1920841826837716,1.2220839151237186,False,True,2022,1.029999732439947
2025-10-17,PRIO3,AUTOENCODER,36.119998931884766,36.33533283272391,36.82465457285915,34.57882042754755,34.89991766748552,0.2153339008391412,1.2200812643992478,False,True,2025,1.0047473635601065
2023-11-14,PRIO3,AUTOENCODER,46.914649963378906,47.20081241980597,47.14641765112959,46.26479874789732,45.625988013889554,0.2861624564270641,1.2886619494893523,False,False,2023,1.0024994930622881
2021-11-05,PRIO3,AUTOENCODER,27.52578926086425,24.843935894223847,24.9830887591099,23.547040934769143,23.84359028755268,2.681853366640404,3.682198973311575,False,True,2021,1.000345606671171
2024-09-17,PRIO3,AUTOENCODER,43.36000061035156,43.46755254554023,43.15092723287335,42.60343880103712,42.28258494768357,0.1075519351886669,1.0774156626679885,False,False,2024,0.9698637274793216
2023-10-09,PRIO3,AUTOENCODER,48.37230682373047,46.11399351373041,47.07857949534345,44.90219345257972,45.14550516847627,2.2583133100000623,3.2268016552542,False,True,2023,0.9684883452541375
2023-04-24,PRIO3,AUTOENCODER,34.97382354736328,35.08489371306149,35.08489371306149,34.03042709196122,33.8967562317511,0.1110701656982087,1.077067315612183,False,False,2023,0.9659971499139743
2025-07-03,PRIO3,AUTOENCODER,42.58000183105469,42.38553989176,42.13969767086262,42.13990182447294,41.43061138598879,0.1944619392946833,1.1493904450658974,False,False,2025,0.954928505771214
2025-07-30,PRIO3,AUTOENCODER,42.720001220703125,42.52991807685851,42.65835501268082,42.0565314807353,41.60752922965046,0.1900831438446175,1.112471991052665,False,False,2025,0.9223888472080475
2024-02-08,PRIO3,AUTOENCODER,43.400001525878906,43.726055395623234,44.34069848844588,43.93192009873563,44.638958423384985,0.326053869744328,1.2389568975060783,False,True,2024,0.9129030277617503
2024-02-07,PRIO3,AUTOENCODER,43.970001220703125,43.85748188809868,43.83577652282807,43.68998443957441,42.94668982451708,0.1125193326044495,1.0233113961860454,False,False,2024,0.9107920635815959
2025-08-26,PRIO3,AUTOENCODER,37.72999954223633,37.76996510426852,38.3279137182942,38.01889998057087,38.660831360149736,0.0399655620321937,0.9308318179134076,False,True,2025,0.8908662558812139
2022-11-16,PRIO3,AUTOENCODER,36.21183776855469,37.16441645946193,37.16441645946193,38.033419639652735,38.04251246412316,0.9525786909072452,1.830674695568476,False,False,2022,0.8780960046612308
2026-03-12,PRIO3,AUTOENCODER,59.5,59.815992497243656,59.05707695117351,59.91112497474276,58.30761927067252,0.3159924972436556,1.192380729327482,False,True,2026,0.8763882320838263
2023-05-03,PRIO3,AUTOENCODER,34.04531478881836,34.188810180476935,33.463784614987496,33.35990566216819,33.032893528778715,0.1434953916585755,1.0124212600396447,False,True,2023,0.8689258683810692
2023-08-01,PRIO3,AUTOENCODER,45.72655487060547,44.893368816061525,44.96008974039477,45.46207127719703,44.02788870439388,0.833186054543944,1.6986661662115878,False,False,2023,0.8654801116676438
2026-03-10,PRIO3,AUTOENCODER,58.900001525878906,58.39099315345811,59.32656634772741,59.96224865913433,60.25525842414957,0.5090083724207943,1.3552568982706603,False,True,2026,0.846248525849866
2024-08-27,PRIO3,AUTOENCODER,47.7400016784668,48.26809316145148,47.48488154283679,47.6476705748325,46.376952448743566,0.5280914829846779,1.3630492297232308,False,True,2024,0.8349577467385529
2022-05-06,PRIO3,AUTOENCODER,26.457504272460938,26.499589396056763,26.921425347034106,26.439465153023686,27.325934628710023,0.0420851235958252,0.8684303562490889,False,True,2022,0.8263452326532638
2024-12-09,PRIO3,AUTOENCODER,39.900001525878906,39.95220787803623,40.58821809444371,39.58527803209719,40.7783725860036,0.0522063521573272,0.8783710601246923,False,True,2024,0.8261647079673652
2023-06-02,PRIO3,AUTOENCODER,35.26335906982422,34.91977750238979,35.356575882999195,34.24108277230918,34.12688831149352,0.3435815674344269,1.1364707583307023,False,True,2023,0.7928891908962754
2022-08-23,PRIO3,AUTOENCODER,25.06973457336425,25.272545015789436,26.102872728955848,23.72015398548609,24.074921182601244,0.2028104424251822,0.9948133907630066,False,True,2022,0.7920029483378244
2025-06-20,PRIO3,AUTOENCODER,43.560001373291016,43.40422710807388,44.042791514501296,43.60732426299796,44.50013497162977,0.1557742652171327,0.940133598338754,False,True,2025,0.7843593331216213
2024-10-31,PRIO3,AUTOENCODER,40.97999954223633,41.6389505479566,40.37143880163341,41.2396663844864,39.54595997898039,0.6589510057202688,1.4340395632559364,False,False,2024,0.7750885575356676
2023-11-02,PRIO3,AUTOENCODER,47.99291610717773,48.66805708741407,49.20745669122429,48.25970015909041,49.41649009482168,0.6751409802363426,1.4235739876439553,False,True,2023,0.7484330074076126
2024-08-09,PRIO3,AUTOENCODER,47.83000183105469,46.32373945313464,46.27879901006247,46.56809168495506,45.57708486123371,1.506262377920052,2.25291696982098,False,True,2024,0.746654591900928
2024-04-26,PRIO3,AUTOENCODER,49.25,49.62866421667741,49.105341599082365,49.569449054346286,48.12930879150027,0.3786642166774072,1.1206912084997285,False,True,2024,0.7420269918223212
2022-09-09,PRIO3,AUTOENCODER,28.00501823425293,27.97019707872704,28.155122932482104,27.38828093445717,27.23109664758184,0.0348211555258899,0.7739215866710936,False,True,2022,0.7391004311452036
2023-01-06,PRIO3,AUTOENCODER,35.12358474731445,35.680889420851884,34.80160542569631,35.23585758842814,33.829525360646834,0.5573046735374305,1.2940593866676195,False,True,2023,0.736754713130189
2022-11-29,PRIO3,AUTOENCODER,35.22342300415039,35.5078302996057,35.5078302996057,35.15830526063966,34.20808392856533,0.2844072954553098,1.0153390755850609,False,True,2022,0.730931780129751
2023-11-03,PRIO3,AUTOENCODER,48.12270736694336,48.60110653755783,47.98291251687597,48.15889209609365,46.916121535231376,0.4783991706144661,1.2065858317119833,False,True,2023,0.7281866610975172
2025-07-21,PRIO3,AUTOENCODER,42.7599983215332,42.695624857482926,42.613276671463005,43.03346858938446,43.54494040608808,0.0643734640502771,0.7849420845548707,False,False,2025,0.7205686205045936
2023-11-13,PRIO3,AUTOENCODER,46.22575378417969,47.44262954131125,48.07675774664752,46.91835047174042,48.15214913564338,1.216875757131561,1.9263953514636896,False,True,2023,0.7095195943321286
2024-07-24,PRIO3,AUTOENCODER,46.0,45.96773299327828,46.659548497323215,44.18206286037957,45.26808354394078,0.0322670067217245,0.7319164560592171,False,True,2024,0.6996494493374925
2024-12-10,PRIO3,AUTOENCODER,40.04999923706055,39.96755248522277,40.07773948614502,39.79052435486857,39.271521762490494,0.0824467518377787,0.7784774745700531,False,False,2024,0.6960307227322744
2022-02-04,PRIO3,AUTOENCODER,24.3708553314209,24.12221601276663,24.59370701160304,23.079514309777498,23.427187081964536,0.2486393186542699,0.943668249456362,False,True,2022,0.695028930802092
2021-02-25,PRIO3,AUTOENCODER,16.755088806152344,16.830418597257403,16.568188603322056,18.18172610548657,17.522245483736313,0.0753297911050587,0.7671566775839693,False,True,2021,0.6918268864789107
2024-12-26,PRIO3,AUTOENCODER,39.900001525878906,40.25650627938092,40.08675066767952,39.32755365805445,38.86328360401694,0.3565047535020085,1.036717921861964,False,False,2024,0.6802131683599555
2025-06-23,PRIO3,AUTOENCODER,43.25,43.63805536687579,42.73706713937177,43.66364594655513,42.18721111818643,0.3880553668757898,1.0627888818135671,False,True,2025,0.6747335149377773
2024-11-14,PRIO3,AUTOENCODER,39.70000076293945,39.93007597122016,39.81554501007548,39.3067963596063,38.83052805810416,0.2300752082807093,0.8694727048352959,False,False,2024,0.6393974965545867
2025-07-04,PRIO3,AUTOENCODER,42.58000183105469,42.3053108785864,42.98915847149649,42.528824017426935,43.47090313136323,0.2746909524682905,0.890901300308542,False,True,2025,0.6162103478402514
2023-05-16,PRIO3,AUTOENCODER,34.44467544555664,34.091359330555264,34.701196378519384,34.317964110054255,35.41083477824741,0.3533161150013768,0.966159332690772,False,True,2023,0.6128432176893952
2024-01-09,PRIO3,AUTOENCODER,46.27999877929688,46.19899474058536,46.87722973152314,45.8089518758513,46.9682911417781,0.0810040387115194,0.6882923624812207,False,True,2024,0.6072883237697013
2025-01-27,PRIO3,AUTOENCODER,42.09999847412109,42.61260467796217,42.32907887986729,41.44357527273853,40.98242270634272,0.5126062038410808,1.1175757677783622,False,True,2025,0.6049695639372814
2023-09-04,PRIO3,AUTOENCODER,46.535255432128906,46.34613686113983,46.11829902690676,46.75167517736572,45.74647884295653,0.1891185709890805,0.7887765891723788,False,False,2023,0.5996580181832983
2021-02-01,PRIO3,AUTOENCODER,14.67043685913086,14.6594030348315,15.000773513552428,13.798307120288287,14.060780998552644,0.0110338242993588,0.6096558605782167,False,True,2021,0.5986220362788579
2022-07-27,PRIO3,AUTOENCODER,23.65201187133789,23.569639110016084,23.97422728843801,23.732534209964395,24.332764468382454,0.0823727613218068,0.6807525970445631,False,True,2022,0.5983798357227563
2025-04-21,PRIO3,AUTOENCODER,34.560001373291016,34.097966225530655,33.647695520191554,34.50392363423807,33.50596205862329,0.4620351477603606,1.054039314667726,False,True,2025,0.5920041669073655
2022-10-26,PRIO3,AUTOENCODER,33.276554107666016,32.793531652496455,33.43335246925694,33.55563235621388,34.351287510815055,0.4830224551695607,1.0747334031490396,False,True,2022,0.5917109479794789
2026-03-13,PRIO3,AUTOENCODER,57.79999923706055,60.32164631964412,60.43982054118083,60.0441336734077,60.91038696401146,2.52164708258357,3.1103877269509117,False,True,2026,0.5887406443673417
2023-08-16,PRIO3,AUTOENCODER,45.90626525878906,47.72381231989556,48.375614251349454,46.77404834873116,48.30647098740237,1.8175470611064952,2.400205728613308,False,True,2023,0.5826586675068128
2024-11-21,PRIO3,AUTOENCODER,39.130001068115234,39.66003743485607,40.13881053141513,39.73875374177294,40.236098652140925,0.5300363667408305,1.10609758402569,False,True,2024,0.5760612172848594
2022-12-23,PRIO3,AUTOENCODER,35.43309020996094,35.09197885056344,35.78905812714616,35.06605686596154,36.347803222377976,0.3411113593975017,0.9147130124170388,False,True,2022,0.5736016530195371
2021-01-26,PRIO3,AUTOENCODER,14.097356796264648,14.938452443284008,14.938452443284008,15.355260243423944,15.501354022758724,0.84109564701936,1.4039972264940754,False,False,2021,0.5629015794747154
2022-06-01,PRIO3,AUTOENCODER,28.1048583984375,28.086381079857915,28.125622368174103,28.01765014756077,27.52768338375428,0.0184773185795847,0.577175014683224,False,True,2022,0.5586976961036393
2022-05-31,PRIO3,AUTOENCODER,27.945114135742188,27.783365934260644,28.32730948315952,28.05935948892375,28.6641238424713,0.1617482014815436,0.7190097067291141,False,True,2022,0.5572615052475706
2025-08-27,PRIO3,AUTOENCODER,38.34999847412109,37.692334939273024,37.82015175755993,37.46786787634856,37.14151616000216,0.6576635348480622,1.2084823141189247,False,False,2025,0.5508187792708625
2021-12-03,PRIO3,AUTOENCODER,21.175987243652344,21.4685443919997,21.4685443919997,20.85932268030132,20.33295743056948,0.2925571483473561,0.8430298130828682,False,False,2021,0.550472664735512
2024-10-02,PRIO3,AUTOENCODER,44.119998931884766,44.05814292142907,43.97018652080013,44.23989041610321,43.51175513581087,0.0618560104556991,0.6082437960739,False,False,2024,0.5463877856182009
2023-09-27,PRIO3,AUTOENCODER,48.2225456237793,48.221746184643166,49.09623844573765,47.16750819346322,48.76587095036849,0.0007994391361307,0.5433253265891906,False,True,2023,0.54252588745306
2021-01-25,PRIO3,AUTOENCODER,14.376907348632812,14.956529500208562,14.939044144228086,15.457909218111483,15.480477516056498,0.5796221515757498,1.103570167423685,False,False,2021,0.5239480158479353
2024-11-19,PRIO3,AUTOENCODER,39.77000045776367,39.643589976576266,39.33648765252977,39.94392459160065,39.12498136354613,0.1264104811874062,0.6450190942175382,False,False,2024,0.5186086130301321
2023-03-22,PRIO3,AUTOENCODER,31.29972648620605,31.73301438345069,31.098038115929956,31.74546147065598,30.355148344537703,0.433287897244643,0.944578141668348,False,True,2023,0.511290244423705
2025-10-29,PRIO3,AUTOENCODER,36.0,35.95261457053917,36.3343350870101,36.1888749984378,36.55472976431686,0.0473854294608315,0.5547297643168605,False,True,2025,0.507344334856029
2021-09-22,PRIO3,AUTOENCODER,20.666805267333984,19.9364987130088,20.20013660376626,19.503018058026218,19.43070042450738,0.7303065543251819,1.236104842826606,False,True,2021,0.505798288501424
2026-02-27,PRIO3,AUTOENCODER,54.4900016784668,54.27930558430103,54.80150946425595,52.71048953200911,53.773949676597184,0.2106960941657689,0.7160520018696133,False,True,2026,0.5053559077038443
2023-11-01,PRIO3,AUTOENCODER,47.99291610717773,48.81141751795428,48.1789149559563,48.13841056393328,46.67160038230127,0.8185014107765554,1.321315724876456,False,True,2023,0.5028143140999006
2025-07-15,PRIO3,AUTOENCODER,42.119998931884766,42.37480070904627,42.37480070904627,42.68308098708253,42.87204128901371,0.2548017771615036,0.7520423571289427,False,False,2025,0.49724057996743914
2023-09-01,PRIO3,AUTOENCODER,46.87471008300781,46.2511657242473,47.02810505709704,46.47968333428721,47.99490293980752,0.6235443587605118,1.1201928567997044,False,True,2023,0.49664849803919253
2024-01-17,PRIO3,AUTOENCODER,45.04999923706055,46.20142850148562,46.46829576412765,45.6773150253219,46.69339647919416,1.151429264425076,1.6433972421336094,False,False,2024,0.4919679777085333
2024-11-26,PRIO3,AUTOENCODER,39.84999847412109,39.686570534461,40.093366372335694,39.51539949102432,40.50328427730731,0.1634279396600888,0.6532858031862219,False,False,2024,0.48985786352613303
2026-02-09,PRIO3,AUTOENCODER,51.04999923706055,50.68230568569726,50.68230568569726,50.90879839998579,50.195079650640174,0.3676935513632884,0.8549195864203725,False,False,2026,0.48722603505708406
2021-04-01,PRIO3,AUTOENCODER,18.166820526123047,17.939139224021933,18.16365889528512,18.46687266315442,18.88048220201848,0.2276813021011143,0.7136616758954304,False,True,2021,0.4859803737943161
2022-01-28,PRIO3,AUTOENCODER,23.80177116394043,23.74331177727943,23.185931513647983,23.88573931606232,23.25815545733464,0.0584593866609992,0.5436157066057916,False,True,2022,0.4851563199447924
2025-05-27,PRIO3,AUTOENCODER,39.40999984741211,38.90121461318478,38.734866185054656,38.93708934511633,38.42033308546044,0.5087852342273322,0.9896667619516748,False,False,2025,0.48088152772434256
2022-09-01,PRIO3,AUTOENCODER,27.156383514404297,26.45164941211374,25.82978957084085,27.10965054933375,25.98479658978298,0.7047341022905584,1.171586924621316,False,True,2022,0.46685282233075753
2025-03-03,PRIO3,AUTOENCODER,38.16999816894531,37.79900174393239,37.25418144753863,38.01434869125823,37.3331362977608,0.3709964250129189,0.8368618711845173,False,True,2025,0.46586544617159836
2024-08-28,PRIO3,AUTOENCODER,47.36000061035156,48.21463211431933,48.23932926938519,47.82173112518208,48.67458702833551,0.8546315039677665,1.3145864179839464,False,False,2024,0.4599549140161798
2023-08-25,PRIO3,AUTOENCODER,46.31560897827149,46.29733229640146,46.29733229640146,45.93098791620271,45.837433602408026,0.0182766818700272,0.478175375863465,False,False,2023,0.4598986939934378
2025-05-02,PRIO3,AUTOENCODER,36.43000030517578,33.76812354631744,33.76812354631744,33.56779018248279,33.31196898443521,2.661876758858341,3.1180313207405703,False,False,2025,0.45615456188222936
2023-05-15,PRIO3,AUTOENCODER,34.41472625732422,34.01841968656754,33.48685562806503,34.26245183416062,33.563138425697176,0.3963065707566784,0.8515878316270431,False,True,2023,0.4552812608703647
2022-12-13,PRIO3,AUTOENCODER,34.83404922485352,34.4770457598799,34.45065747720822,34.60747645282483,34.024878366726234,0.3570034649736229,0.8091708581272883,False,True,2022,0.4521673931536654
2025-05-23,PRIO3,AUTOENCODER,38.79999923706055,38.78258153377735,38.78258153377735,38.71646085477638,39.26875877911312,0.0174177032832005,0.4687595420525738,False,False,2025,0.4513418387693733
2025-10-30,PRIO3,AUTOENCODER,35.77000045776367,35.99770041669916,35.50779530280421,35.90502486987181,35.0913869216177,0.2276999589354886,0.6786135361459742,False,True,2025,0.4509135772104856
2026-02-04,PRIO3,AUTOENCODER,50.25,49.646925933082855,50.00392028014396,51.38431899761516,51.303406421057616,0.603074066917145,1.0534064210576162,False,True,2026,0.4503323541404711
2021-05-24,PRIO3,AUTOENCODER,19.1692123413086,18.85172467666867,19.136081742106374,18.428916403288543,18.40848665255424,0.3174876646399305,0.7607256887543627,False,True,2021,0.44323802411443225
2023-04-28,PRIO3,AUTOENCODER,34.69427490234375,34.57010052280481,35.0446602270972,33.799691606694175,34.13114161229455,0.1241743795389425,0.5631332900492012,False,True,2023,0.4389589105102587
2025-04-28,PRIO3,AUTOENCODER,33.810001373291016,33.77706719214322,33.17390609179641,34.59125589662446,34.27874945646966,0.0329341811477945,0.4687480831786459,False,True,2025,0.4358139020308514
2023-12-27,PRIO3,AUTOENCODER,45.93999862670898,45.84519398291553,45.73976710289542,45.880154224860526,45.4114969433414,0.0948046437934451,0.5285016833675797,False,False,2023,0.43369703957413464
2022-12-22,PRIO3,AUTOENCODER,35.20345687866211,35.00107873190407,34.46666404792804,35.34603308689001,34.57258190524272,0.2023781467580363,0.6308749734193881,False,True,2022,0.4284968266613518
2021-03-02,PRIO3,AUTOENCODER,17.106525421142578,17.111640945730475,16.88725723134264,17.750567488812862,17.536529235480394,0.0051155245878966,0.430003814337816,False,True,2021,0.4248882897499194
2022-10-14,PRIO3,AUTOENCODER,31.000207901000977,30.95879079087979,30.505547049236288,31.561040627370723,30.534570599658693,0.0414171101211877,0.4656373013422836,False,True,2022,0.4242201912210959
2025-01-21,PRIO3,AUTOENCODER,42.720001220703125,42.59581002581968,42.48224632763272,42.5577235983416,42.17285329971725,0.1241911948834513,0.5471479209858785,False,False,2025,0.4229567261024272
2025-12-17,PRIO3,AUTOENCODER,38.56999969482422,38.897272941684776,39.456966106289656,38.4504868578524,39.316638100018615,0.3272732468605568,0.7466384051943962,False,True,2025,0.41936515833383936
2023-06-08,PRIO3,AUTOENCODER,34.73421096801758,34.64142673648942,34.68923397858994,34.58036363796231,34.2321348693745,0.0927842315281566,0.5020760986430801,False,False,2023,0.4092918671149235
2025-09-10,PRIO3,AUTOENCODER,37.630001068115234,37.25712402852415,37.25712402852415,37.0613707467083,36.85486486232042,0.3728770395910885,0.7751362057948157,False,False,2025,0.4022591662037272
2022-01-04,PRIO3,AUTOENCODER,20.6867733001709,20.719220045562224,21.28344959169195,20.391756124414812,21.11536815846405,0.0324467453913257,0.4285948582931524,False,True,2022,0.3961481129018267
2023-11-28,PRIO3,AUTOENCODER,46.016090393066406,47.09028904018157,47.73846547464289,46.24792964091889,47.479816369851406,1.0741986471151677,1.4637259767849995,False,True,2023,0.38952732966983183
2023-07-31,PRIO3,AUTOENCODER,45.54684066772461,44.59957813485545,46.32116808020652,45.10706734913653,46.88355595185788,0.9472625328691606,1.3367152841332697,False,True,2023,0.38945275126410905
2024-11-15,PRIO3,AUTOENCODER,39.70000076293945,39.78571820929005,39.1233085647624,39.74946215988711,39.22536025240387,0.0857174463505998,0.4746405105355862,False,True,2024,0.3889230641849864
2022-09-19,PRIO3,AUTOENCODER,28.034971237182617,28.15641382621092,27.482134836992326,28.00767462123044,27.52571783603263,0.1214425890283052,0.5092534011499872,False,True,2022,0.387810812121682
2021-08-20,PRIO3,AUTOENCODER,18.001087188720703,18.09199472593456,17.798725265070914,18.1039512439609,17.52322164986089,0.0909075372138552,0.4778655388598132,False,True,2021,0.386958001645958
2021-08-10,PRIO3,AUTOENCODER,18.689979553222656,18.59607000761125,18.88922416975601,17.80049388679437,18.212449746194853,0.0939095456114067,0.4775298070278033,False,True,2021,0.3836202614163966
2025-07-18,PRIO3,AUTOENCODER,43.290000915527344,42.57642843901397,41.97056104188,43.283303065780295,42.19297593193728,0.7135724765133773,1.0970249835900674,False,True,2025,0.3834525070766901
2022-07-28,PRIO3,AUTOENCODER,23.75185203552246,23.780863176232813,24.71571025824209,23.68755471469984,24.163793140654462,0.0290111407103523,0.4119411051320014,False,True,2022,0.38292996442164906
2021-12-27,PRIO3,AUTOENCODER,20.62686920166016,20.413856235599667,20.837706141145134,19.857246283901983,20.031301279458493,0.2130129660604929,0.595567922201667,False,True,2021,0.3825549561411741
2025-12-16,PRIO3,AUTOENCODER,38.54999923706055,38.88636356590109,38.44717717127122,39.35615946084166,39.26701603304296,0.3363643288405455,0.717016795982417,False,True,2025,0.38065246714187145
2021-09-14,PRIO3,AUTOENCODER,19.598520278930664,19.3431852480008,19.44781601855621,19.332660529244677,18.972769675484017,0.2553350309298672,0.6257506034466473,False,False,2021,0.37041557251678014
2024-07-17,PRIO3,AUTOENCODER,46.16999816894531,46.067619306030906,46.58737336359654,45.45266825849095,46.641655176562416,0.1023788629144064,0.4716570076171038,False,True,2024,0.3692781447026974
2021-03-18,PRIO3,AUTOENCODER,17.611711502075195,18.466962395713853,18.24747123805477,19.47723149804853,18.83556286853841,0.855250893638658,1.223851366463219,False,True,2021,0.3686004728245609
2023-12-21,PRIO3,AUTOENCODER,45.15999984741211,45.59330823939212,45.59330823939212,45.30191704650351,45.96136444560732,0.433308391980006,0.8013645981952138,False,False,2023,0.3680562062152078
2023-01-10,PRIO3,AUTOENCODER,36.15193176269531,35.39265894724102,35.41323072988061,35.76135208601331,35.02482582266116,0.7592728154542954,1.1271059400341557,False,False,2023,0.3678331245798603
2022-02-16,PRIO3,AUTOENCODER,25.19952392578125,25.09058139312356,24.75734402144277,25.53541667037009,25.674457500379205,0.1089425326576929,0.474933574597955,False,True,2022,0.3659910419402621
2025-05-01,PRIO3,AUTOENCODER,33.709999084472656,33.7893108815953,33.97856517002004,33.38595848446483,34.15448934041326,0.0793117971226422,0.4444902559406003,False,False,2025,0.36517845881795813
2024-12-04,PRIO3,AUTOENCODER,39.709999084472656,39.769791541804295,39.02512674402677,40.6889874079859,39.28787631099391,0.059792457331639,0.4221227734787476,False,True,2024,0.3623303161471086
2024-06-11,PRIO3,AUTOENCODER,42.54999923706055,41.39337215960546,41.87679912463541,41.03766975722972,41.03315186092357,1.1566270774550844,1.5168473761369723,False,True,2024,0.3602202986818879
2021-12-31,PRIO3,AUTOENCODER,20.63685417175293,20.5729322942189,20.298384353446107,20.741475372895792,20.217003908955625,0.0639218775340282,0.4198502627973042,False,True,2021,0.35592838526327597
2021-09-17,PRIO3,AUTOENCODER,20.03781509399414,19.794559394602658,19.900328713275336,20.56612083881765,20.635527002790965,0.2432556993914829,0.5977119087968248,False,True,2021,0.3544562094053419
2023-10-23,PRIO3,AUTOENCODER,48.761680603027344,49.31337474687547,48.63558603092012,49.6335584108338,49.66781895010692,0.551694143848124,0.906138347079576,False,True,2023,0.354444203231452
2024-01-05,PRIO3,AUTOENCODER,46.08000183105469,46.166035150659184,46.20248715377522,46.16421927499811,46.51776046217345,0.0860333196044962,0.4377586311187613,False,False,2024,0.3517253115142651
2025-07-01,PRIO3,AUTOENCODER,41.79999923706055,42.66630399539224,42.87733965215366,42.37953159690604,43.01684363513259,0.8663047583316938,1.2168443980720411,False,False,2025,0.3505396397403473
2023-06-29,PRIO3,AUTOENCODER,36.23180770874024,36.29597738722907,36.43423913755079,36.03172828232127,35.8194236375148,0.064169678488831,0.4123840712254392,False,False,2023,0.3482143927366082
2025-04-17,PRIO3,AUTOENCODER,34.560001373291016,34.335109845335154,34.89149516542945,33.60098131167722,33.988175257079014,0.2248915279558616,0.5718261162120015,False,True,2025,0.34693458825613993
2025-07-25,PRIO3,AUTOENCODER,41.900001525878906,42.85084093727573,43.6423309912102,42.42118422646353,43.19681049619119,0.950839411396828,1.2968089703122845,False,True,2025,0.34596955891545644
2024-03-22,PRIO3,AUTOENCODER,46.68999862670898,47.67062698553673,47.84259918329506,47.15333568527331,48.01545193000077,0.9806283588277508,1.3254533032917948,False,False,2024,0.344824944464044
2022-11-24,PRIO3,AUTOENCODER,36.45145034790039,35.97132900051068,36.53531276497072,35.26457324379593,35.634426105763154,0.4801213473897121,0.8170242421372365,False,True,2022,0.33690289474752433
2023-05-25,PRIO3,AUTOENCODER,35.5728645324707,35.50247091983303,35.39053465141732,35.74928312539608,35.16689817438615,0.0703936126376731,0.4059663580845551,False,True,2023,0.335572745446882
2024-03-28,PRIO3,AUTOENCODER,48.7400016784668,47.8118191563658,48.444766806772215,47.27227421155729,47.47750848308532,0.9281825221009968,1.2624931953814809,False,True,2024,0.334310673280484
2025-07-14,PRIO3,AUTOENCODER,42.900001525878906,42.310678768012565,42.189319552230536,42.63240815080233,41.97657328136855,0.5893227578663414,0.9234282445103617,False,False,2025,0.3341054866440203
2025-03-12,PRIO3,AUTOENCODER,36.880001068115234,37.80440707583395,38.31649774397093,37.23872405525675,38.13502741466596,0.9244060077187156,1.2550263465507214,False,True,2025,0.3306203388320058
2023-05-09,PRIO3,AUTOENCODER,34.554500579833984,33.706207307470265,33.81834274377273,34.09550163974013,33.37663093238356,0.8482932723637191,1.1778696474504289,False,False,2023,0.3295763750867098
2024-10-03,PRIO3,AUTOENCODER,44.61000061035156,44.1590265655716,43.65495611288751,44.14512862186922,43.83118224104293,0.4509740447799686,0.778818369308631,False,True,2024,0.3278443245286624
2022-12-26,PRIO3,AUTOENCODER,35.3831672668457,35.17341112874158,35.546603985235244,35.263372164483854,34.84631715916852,0.2097561381041259,0.5368501076771821,False,False,2022,0.3270939695730562
2023-09-11,PRIO3,AUTOENCODER,47.63349151611328,47.05285337251576,46.3131357097328,47.516864696434766,46.72751423881843,0.5806381435975254,0.905977277294852,False,True,2023,0.3253391336973266
2025-07-16,PRIO3,AUTOENCODER,42.38999938964844,42.442043990982825,42.442043990982825,41.990166314139806,42.01428169216093,0.0520446013343871,0.3757176974875094,False,False,2025,0.3236730961531223
2023-06-14,PRIO3,AUTOENCODER,35.34323501586914,34.20810326688627,34.31700119095789,34.428342338931934,33.884550232131424,1.1351317489828716,1.4586847837377164,False,True,2023,0.32355303475484476
2025-08-22,PRIO3,AUTOENCODER,38.04999923706055,38.02514408369544,38.15018656278346,37.52726939832147,37.70414977885088,0.0248551533651095,0.3458494582096705,False,True,2025,0.320994304844561
2023-06-28,PRIO3,AUTOENCODER,36.08204650878906,36.28293379034824,36.58003897257399,35.68199683418898,36.60271268456542,0.2008872815591758,0.5206661757763555,False,True,2023,0.31977889421717975
2024-06-19,PRIO3,AUTOENCODER,41.310001373291016,41.77461825173515,41.46249872036969,41.15795693561307,40.52968632476025,0.4646168784441329,0.7803150485307668,False,False,2024,0.3156981700866339
2021-10-20,PRIO3,AUTOENCODER,26.81692695617676,27.12260495563214,27.193099708864125,26.67088592661559,26.19629177138248,0.30567799945538,0.6206351847942848,False,False,2021,0.3149571853389048
2021-01-21,PRIO3,AUTOENCODER,14.83217716217041,15.016719981326462,15.331357576609202,15.016719981326462,15.331357576609202,0.1845428191560518,0.4991804144387917,False,True,2021,0.3146375952827399
2025-09-30,PRIO3,AUTOENCODER,38.130001068115234,38.40880691741839,37.99852045869469,38.7186568008819,38.71840328588575,0.2788058493031542,0.5884022177705148,False,True,2025,0.3095963684673606
2024-07-10,PRIO3,AUTOENCODER,45.470001220703125,45.3904415038752,45.21599257732767,45.34047438098262,45.08379189717446,0.07955971682793,0.3862093235286679,False,False,2024,0.3066496067007379
2022-04-26,PRIO3,AUTOENCODER,25.26941299438477,25.49250253939056,25.936897179910904,24.938691802717184,25.79785825649021,0.2230895450057879,0.5284452621054392,False,True,2022,0.30535571709965126
2021-04-05,PRIO3,AUTOENCODER,18.09493637084961,17.999426715189703,17.70891203835234,18.316254429814503,17.696928882609324,0.0955096556599066,0.3980074882402853,False,True,2021,0.3024978325803787
2023-08-14,PRIO3,AUTOENCODER,48.51208114624024,47.391660120723145,47.52149411133989,48.20542302608288,47.09095526255488,1.1204210255170963,1.421125883685363,False,False,2023,0.30070485816826675
2021-02-02,PRIO3,AUTOENCODER,15.541038513183594,14.558127946628092,14.883590581389727,14.1700606747575,14.267001017923208,0.9829105665555016,1.2740374952603872,False,True,2021,0.29112692870488566
2025-03-06,PRIO3,AUTOENCODER,37.47999954223633,37.87821300254771,38.4593734890021,37.32553937736425,38.16927979615313,0.398213460311382,0.6892802539167988,False,True,2025,0.2910667936054168
2025-08-29,PRIO3,AUTOENCODER,37.869998931884766,37.66670216100812,37.66670216100812,38.22046947605521,38.36206991775212,0.2032967708766477,0.4920709858673504,False,False,2025,0.28877421499070266
2021-01-19,PRIO3,AUTOENCODER,14.676426887512209,14.980339510694323,15.268190734093649,14.980339510694323,15.268190734093649,0.3039126231821143,0.5917638465814381,False,True,2021,0.2878512233993238
2025-10-01,PRIO3,AUTOENCODER,38.38999938964844,38.44089511882643,38.84487627602259,38.067152349235954,38.728735564234576,0.050895729177995,0.3387361745861383,False,True,2025,0.2878404454081433
2024-11-22,PRIO3,AUTOENCODER,40.400001525878906,39.65385942641694,40.291490775798025,39.15744113697725,39.36645931334792,0.746142099461963,1.033542212530989,False,True,2024,0.287400113069026
2023-02-06,PRIO3,AUTOENCODER,41.133934020996094,41.23259076642535,41.97894814934533,40.42973920277007,41.518978389138425,0.0986567454292526,0.3850443681423314,False,True,2023,0.2863876227130788
2022-01-24,PRIO3,AUTOENCODER,23.13284492492676,22.95238118199705,22.96425455362777,23.286534026357568,23.599334978595795,0.1804637429297066,0.4664900536690339,False,False,2022,0.28602631073932727
2021-03-15,PRIO3,AUTOENCODER,18.130878448486328,18.242847906379243,18.004179405373893,18.8655522960746,18.526022462230515,0.1119694578929149,0.3951440137441864,False,True,2021,0.2831745558512715
2021-06-07,PRIO3,AUTOENCODER,19.66840934753418,19.969676150064515,19.728198346096683,20.52272321807777,20.250701235405643,0.3012668025303355,0.5822918878714631,False,True,2021,0.28102508534112763
2022-09-12,PRIO3,AUTOENCODER,27.555740356445312,28.06452828967656,28.567771882560454,27.9600053032022,28.343692101672165,0.5087879332312468,0.7879517452268523,False,False,2022,0.27916381199560547
2025-11-20,PRIO3,AUTOENCODER,39.40999984741211,39.18924596090381,39.21153101171672,39.18894232105195,39.90934912829173,0.2207538865083051,0.4993492808796205,False,False,2025,0.2785953943713154
2024-12-30,PRIO3,AUTOENCODER,40.150001525878906,40.005777848733146,40.005777848733146,39.75098270021528,39.72893807895221,0.1442236771457601,0.4210634469266949,False,False,2024,0.27683976978093483
2022-04-20,PRIO3,AUTOENCODER,25.65878868103028,25.214757660819203,25.61452198641759,24.8041281756971,24.93923306923337,0.444031020211078,0.7195556117969062,False,True,2022,0.2755245915858282
2023-11-06,PRIO3,AUTOENCODER,47.93301010131836,48.59325042544901,48.59325042544901,48.17242786374016,48.86508654629665,0.6602403241306547,0.9320764449782928,False,False,2023,0.2718361208476381
2022-12-28,PRIO3,AUTOENCODER,37.19026565551758,35.26927067345923,35.35312142603609,35.44482675545488,34.99810216201803,1.920994982058346,2.192163493499549,False,True,2022,0.271168511441203
2023-05-01,PRIO3,AUTOENCODER,34.69427490234375,34.42435568735462,34.38288166103129,34.60599202923179,34.156153169588634,0.2699192149891303,0.5381217327551155,False,False,2023,0.26820251776598525
2023-09-29,PRIO3,AUTOENCODER,46.96456909179688,48.07141124209648,48.40821074051369,47.08934321165256,48.33846820610754,1.1068421502995918,1.3738991143106605,False,False,2023,0.2670569640110687
2024-11-25,PRIO3,AUTOENCODER,39.84999847412109,39.64956375333145,39.13652589432965,40.42020318212048,39.38268359021024,0.2004347207896373,0.4673148839108521,False,True,2024,0.26688016312121476
2025-10-02,PRIO3,AUTOENCODER,38.29999923706055,38.41084923425777,38.41254138723811,38.30733483935428,37.925169721459554,0.1108499971972207,0.3748295156009931,False,False,2025,0.2639795184037724
2024-05-20,PRIO3,AUTOENCODER,47.5,47.32559797869203,47.20650015756462,47.83475300534921,47.93678196156937,0.1744020213079693,0.4367819615693733,False,False,2024,0.262379940261404
2023-08-29,PRIO3,AUTOENCODER,45.77647399902344,46.2344119184416,46.2344119184416,46.45350811620651,46.49328186477918,0.457937919418157,0.7168078657557402,False,False,2023,0.2588699463375832
2026-03-11,PRIO3,AUTOENCODER,59.34999847412109,59.16217199200764,60.333583097038655,59.242587904200064,59.791243460302816,0.1878264821134436,0.4412449861817293,False,True,2026,0.2534185040682857
2021-08-19,PRIO3,AUTOENCODER,18.070974349975582,18.20279807315902,18.61743626049339,17.518838564911864,17.68690396632501,0.1318237231834373,0.3840703836505739,False,True,2021,0.2522466604671366
2022-12-16,PRIO3,AUTOENCODER,35.293312072753906,34.51959913315906,33.875839901640994,35.24965572379125,34.26955277396414,0.7737129395948443,1.0237592987897628,False,True,2022,0.25004635919491847
2021-09-09,PRIO3,AUTOENCODER,19.74828147888184,19.222689405442782,19.588602294008915,18.50591456301417,18.973861920744703,0.5255920734390571,0.7744195581371365,False,True,2021,0.24882748469807936
2023-03-31,PRIO3,AUTOENCODER,31.13998413085937,31.14099949156639,30.55215340845902,32.05522684265315,31.386713851211837,0.0010153607070186,0.2467297203524623,False,True,2023,0.2457143596454437
2024-11-29,PRIO3,AUTOENCODER,40.13999938964844,39.69302425567344,39.69302425567344,39.31700362114847,39.44762195302898,0.4469751339750019,0.6923774366194593,False,False,2024,0.2454023026444574
2025-03-07,PRIO3,AUTOENCODER,38.31999969482422,37.87268853549719,38.459599388988046,37.60742125062206,37.62981675024351,0.4473111593270289,0.6901829445807053,False,True,2025,0.24287178525367636
2023-01-09,PRIO3,AUTOENCODER,35.95225143432617,35.465186723999466,36.059194897057445,35.15674728285136,36.68162183627559,0.487064710326706,0.7293704019494172,False,True,2023,0.24230569162271115
2024-03-25,PRIO3,AUTOENCODER,47.66999816894531,47.74592720740464,48.4584422506573,46.97983489936437,47.35385738394636,0.0759290384593214,0.3161407849989572,False,True,2024,0.24021174653963578
2025-07-09,PRIO3,AUTOENCODER,42.56999969482422,42.25112821283767,42.10461066378405,42.95211768507693,42.01512996140218,0.3188714819865481,0.5548697334220378,False,False,2025,0.23599825143548975
2025-04-02,PRIO3,AUTOENCODER,39.58000183105469,39.71296407574857,39.71296407574857,39.92158763142674,39.947226354278285,0.1329622446938856,0.367224523223598,False,False,2025,0.2342622785297124
2024-06-25,PRIO3,AUTOENCODER,42.02000045776367,41.7507673949126,41.736559605658414,41.957957504195726,41.5186352778949,0.2692330628510717,0.5013651798687704,False,False,2024,0.2321321170176987
2022-05-12,PRIO3,AUTOENCODER,26.09808158874512,26.56212513767855,26.98495656913835,26.00825442993519,25.402130273851515,0.4640435489334287,0.6959513148936054,False,True,2022,0.2319077659601767
2021-04-28,PRIO3,AUTOENCODER,18.42440795898437,18.89538515586785,19.26783026728496,18.47491872135346,19.127010628366133,0.4709771968834744,0.7026026693817613,False,True,2021,0.2316254724982869
2025-03-10,PRIO3,AUTOENCODER,37.52999877929688,37.88337666028994,38.10122792765753,38.33653045184204,38.113447216525735,0.3533778809930581,0.5834484372288529,False,True,2025,0.23007055623579475
2021-11-11,PRIO3,AUTOENCODER,25.628835678100582,25.40319883172731,24.838021755371383,25.60791105677356,25.1733739107777,0.2256368463732734,0.455461767322884,False,True,2021,0.22982492094961063
2024-02-27,PRIO3,AUTOENCODER,45.400001525878906,45.582820942421904,45.74499337625508,45.74477229758797,45.81148859795152,0.1828194165429977,0.4114870720726173,False,False,2024,0.22866765552961962
2023-03-27,PRIO3,AUTOENCODER,31.56929397583008,31.159329285199817,31.78447732804571,30.430592601490623,30.9331433876334,0.4099646906302645,0.6361505881966814,False,True,2023,0.22618589756641683
2022-04-14,PRIO3,AUTOENCODER,24.860069274902344,24.90208065464097,25.359168452914552,24.594141949290226,24.59404253950349,0.042011379738625,0.266026735398853,False,True,2022,0.224015355660228
2025-04-25,PRIO3,AUTOENCODER,34.880001068115234,33.75207944561342,33.445700394293866,34.331951315689544,33.5283434737004,1.127921622501816,1.3516575944148317,False,False,2025,0.22373597191301564
2025-12-18,PRIO3,AUTOENCODER,38.54999923706055,38.870698995743055,38.83659168503186,38.55386600273006,38.00999779710004,0.3206997586825082,0.5400014399605055,False,False,2025,0.21930168127799732
2024-03-06,PRIO3,AUTOENCODER,43.63999938964844,45.1710558289891,46.02382218951873,44.58517049560201,45.39031218061405,1.5310564393406594,1.7503127909656158,False,True,2024,0.21925635162495638
2025-09-03,PRIO3,AUTOENCODER,37.5099983215332,37.68854303767458,37.73924983244388,37.887644297085686,37.90743027691074,0.1785447161413742,0.3974319553775345,False,True,2025,0.2188872392361603
2022-09-21,PRIO3,AUTOENCODER,28.484249114990234,28.18003662431974,28.18003662431974,28.12529678849654,27.96415873869632,0.3042124906704941,0.5200903762939184,False,False,2022,0.2158778856234243
2024-11-27,PRIO3,AUTOENCODER,39.56999969482422,39.71524466288588,39.71787576182981,39.63096110306589,39.21219022419305,0.1452449680616609,0.3578094706311674,False,False,2024,0.2125645025695065
2023-09-18,PRIO3,AUTOENCODER,48.08277130126953,48.2098122465784,47.69319348200566,49.19806310815471,48.41983289019592,0.1270409453088632,0.3370615889263888,False,True,2023,0.21002064361752562
2023-08-23,PRIO3,AUTOENCODER,45.77647399902344,46.7185329136322,45.93157991420149,45.45637449215434,44.62626274275098,0.942058914608765,1.1502112562724562,False,True,2023,0.20815234166369123
2025-08-25,PRIO3,AUTOENCODER,38.18000030517578,37.84757995188773,37.71847496715378,37.89067409087976,37.6400623759065,0.3324203532880574,0.5399379292692785,False,False,2025,0.20751757598122111
2024-07-25,PRIO3,AUTOENCODER,45.81999969482422,45.80827910604376,46.32510717951766,46.29975246372483,46.03858097670389,0.011720588780463,0.2185812818796719,False,True,2024,0.2068606930992089
2022-01-31,PRIO3,AUTOENCODER,23.881641387939453,23.89161546553629,23.66557121203537,23.775858991305093,24.094355951129156,0.0099740775968371,0.2127145631896994,False,False,2022,0.20274048559286229
2022-02-01,PRIO3,AUTOENCODER,23.70193099975586,24.017143066207325,24.1629236012679,24.007745885515074,24.21811856687413,0.3152120664514655,0.5161875671182727,False,True,2022,0.20097550066680725
2023-10-25,PRIO3,AUTOENCODER,48.28245162963867,49.631533671836735,50.01574018443071,49.1142379466548,49.8317547633856,1.349082042198063,1.5493031337469247,False,True,2023,0.2002210915488618
2023-08-30,PRIO3,AUTOENCODER,45.73654174804688,46.25794281229264,46.93245910983888,45.79661363355414,46.45201299268631,0.521401064245758,0.7154712446394242,False,True,2023,0.1940701803936662
2021-04-19,PRIO3,AUTOENCODER,19.1692123413086,19.06196247404505,18.937974117623813,19.69815073156583,19.46771196658693,0.1072498672635511,0.2984996252783247,False,True,2021,0.1912497580147736
2024-04-11,PRIO3,AUTOENCODER,49.79999923706055,49.820032708388624,49.820032708388624,50.10513416801734,49.58924650775063,0.0200334713280767,0.2107527293099167,False,False,2024,0.19071925798184
2025-03-14,PRIO3,AUTOENCODER,39.34999847412109,37.53401283595366,38.146165511765055,36.67017045354256,37.34342686103364,1.815985638167426,2.006571613087445,False,True,2025,0.19058597492001894
2023-09-12,PRIO3,AUTOENCODER,48.03285217285156,47.19739494296141,48.02653303665843,47.634043613790894,49.057984841500726,0.835457229890153,1.0251326686491635,False,True,2023,0.1896754387590105
2025-10-03,PRIO3,AUTOENCODER,38.2400016784668,38.37525675753949,38.03505062300228,38.17839492586724,37.916634448519765,0.1352550790726923,0.3233672299470314,False,False,2025,0.18811215087433908
2022-04-19,PRIO3,AUTOENCODER,24.620454788208008,25.0743211472207,25.31577834473661,24.91561348825052,25.26242760520554,0.453866359012693,0.6419728169975336,False,True,2022,0.1881064579848406
2022-01-27,PRIO3,AUTOENCODER,23.771818161010746,23.56682241470844,23.70736903299761,23.489108148945185,23.37918449188896,0.2049957463023055,0.3926336691217855,False,False,2022,0.18763792281948
2021-06-01,PRIO3,AUTOENCODER,19.62847328186035,19.32649781749237,19.63672806734586,19.7632677293865,20.11666641633701,0.301975464367981,0.4881931344766599,False,True,2021,0.1862176701086789
2022-07-26,PRIO3,AUTOENCODER,23.70193099975586,23.33250399986508,23.217801296714416,23.571672750824536,23.155239278948557,0.3694269998907771,0.5466917208073063,False,False,2022,0.17726472091652923
2025-07-31,PRIO3,AUTOENCODER,42.18999862670898,42.43913709334811,42.43913709334811,42.60591590946312,42.616351490366405,0.2491384666391312,0.4263528636574278,False,False,2025,0.1772143970182966
2023-11-20,PRIO3,AUTOENCODER,47.45378112792969,46.7050468147695,47.26586273351446,46.692487291462896,46.52875995401146,0.7487343131601847,0.9250211739182248,False,True,2023,0.17628686075804012
2024-10-25,PRIO3,AUTOENCODER,41.650001525878906,42.69469219945961,43.244903701494856,42.26560706972136,42.86788558449811,1.044690673580703,1.2178840586192052,False,True,2024,0.17319338503850212
2024-07-12,PRIO3,AUTOENCODER,45.59000015258789,45.71288589033776,45.4823228636022,45.33577835712417,45.29440569220759,0.1228857377498684,0.2955944603803004,False,False,2024,0.17270872263043202
2021-05-26,PRIO3,AUTOENCODER,18.81977272033692,18.89694837921532,18.89694837921532,18.76345340661231,19.068715336391264,0.0771756588783993,0.2489426160543431,False,False,2021,0.17176695717594379
2024-07-18,PRIO3,AUTOENCODER,45.470001220703125,46.16238961510089,46.77361375054138,46.32228799298583,46.329774247928825,0.6923883943977671,0.8597730272256996,False,True,2024,0.16738463282793248
2024-01-26,PRIO3,AUTOENCODER,45.68999862670898,45.2220218457158,45.89502253965493,44.922688563017246,45.05517590085471,0.4679767809931761,0.6348227258542707,False,True,2024,0.1668459448610946
2025-06-30,PRIO3,AUTOENCODER,42.400001525878906,42.87998820243507,42.331959757515925,42.06987182477974,41.75339935681679,0.479986676556166,0.6466021690621204,False,True,2025,0.16661549250595442
2023-09-08,PRIO3,AUTOENCODER,47.41384506225586,46.93568905930198,46.93568905930198,46.726470675494845,46.76918577591692,0.4781560029538809,0.6446592863389426,False,False,2023,0.16650328338506176
2021-09-13,PRIO3,AUTOENCODER,19.488698959350582,19.24937227494927,19.780827021007685,19.068155053045,19.891061324150314,0.2393266844013126,0.4023623647997318,False,True,2021,0.1630356803984192
2025-12-08,PRIO3,AUTOENCODER,39.34999847412109,38.04455460332304,37.570017318078136,38.87176241575984,37.88257593635448,1.305443870798051,1.467422537766609,False,True,2025,0.16197866696855812
2026-02-06,PRIO3,AUTOENCODER,50.630001068115234,50.48925568645495,51.18589979820717,49.49388458840516,50.9283357249092,0.140745381660281,0.2983346567939691,False,True,2026,0.1575892751336881
2024-10-10,PRIO3,AUTOENCODER,44.880001068115234,44.747925222345145,45.64481942728137,43.95016079766514,44.59523495485786,0.132075845770089,0.2847661132573762,False,True,2024,0.15269026748728723
2022-03-18,PRIO3,AUTOENCODER,25.86845016479492,25.90506756025212,26.34394436768923,25.595151017525467,26.057215713647803,0.0366173954572026,0.188765548852885,False,True,2022,0.15214815339568238
2021-08-26,PRIO3,AUTOENCODER,18.03103828430176,18.452394719891632,18.1660882898598,18.81595070750336,18.604381987882537,0.4213564355898711,0.5733437035807754,False,True,2021,0.15198726799090423
2022-08-24,PRIO3,AUTOENCODER,25.938337326049805,25.205728918458448,25.57472573117234,25.295218795668475,25.05469923287344,0.732608407591357,0.8836380931763657,False,True,2022,0.15102968558500862
2025-11-19,PRIO3,AUTOENCODER,39.40999984741211,39.02313582270361,38.25735163119092,39.846607321688815,38.87898967263491,0.3868640247085011,0.5310101747772009,False,True,2025,0.1441461500686998
2023-08-24,PRIO3,AUTOENCODER,45.986141204833984,46.45910761711008,46.45590627031568,45.876426103816144,46.60158941646886,0.4729664122760937,0.6154482116348774,False,False,2023,0.1424817993587837
2021-07-01,PRIO3,AUTOENCODER,20.507062911987305,19.98982190375429,20.39982372620604,19.747404535076164,19.85060784216893,0.5172410082330146,0.6564550698183744,False,True,2021,0.13921406158535987
2023-09-20,PRIO3,AUTOENCODER,48.63188934326172,48.65729407767054,48.65729407767054,48.71050446543234,48.468980603578814,0.0254047344088235,0.1629087396829049,False,False,2023,0.1375040052740814
2025-01-17,PRIO3,AUTOENCODER,42.709999084472656,42.36506226158383,42.15450321100042,41.79556294415341,42.228385184859626,0.3449368228888261,0.4816138996130306,False,False,2025,0.13667707672420448
2023-12-20,PRIO3,AUTOENCODER,45.540000915527344,45.31671046211221,44.68408381025641,46.56587155486149,45.89682332814997,0.2232904534151316,0.3568224126226198,False,True,2023,0.13353195920748823
2021-10-26,PRIO3,AUTOENCODER,27.10646247863769,26.92790067974994,27.567405704814803,27.370507217145345,27.41812724472676,0.1785617988877526,0.3116647660890663,False,True,2021,0.1331029672013137
2021-03-19,PRIO3,AUTOENCODER,18.755874633789062,18.42674662425043,18.78994032973787,17.83321726902218,18.29819491734253,0.3291280095386319,0.4576797164465276,False,True,2021,0.1285517069078957
2023-03-21,PRIO3,AUTOENCODER,31.669132232666016,31.95119338947086,32.62303321715893,31.01981220076427,32.079097809722,0.2820611568048434,0.4099655770559849,False,True,2023,0.12790442025114152
2025-01-20,PRIO3,AUTOENCODER,42.68999862670898,42.47819640290123,42.769868726228125,42.67259268346237,43.0283414070829,0.2118022238077443,0.3383427803739209,False,False,2025,0.1265405565661766
2022-12-12,PRIO3,AUTOENCODER,34.584449768066406,34.73871420106394,35.3571819280071,33.8651578415493,34.30477900777777,0.154264432997536,0.2796707602886386,False,True,2022,0.12540632729110257
2021-05-18,PRIO3,AUTOENCODER,18.60012435913086,18.8573844472098,18.8573844472098,19.218606410680437,18.982193343303944,0.2572600880789402,0.3820689841730846,False,True,2021,0.12480889609414442
2024-04-29,PRIO3,AUTOENCODER,49.560001373291016,49.5734501809248,49.14381485588125,49.183045184392704,49.42244541684948,0.0134488076337788,0.1375559564415382,False,False,2024,0.1241071488077594
2022-01-26,PRIO3,AUTOENCODER,23.55217170715332,23.36054501006976,23.74369340912525,23.896724791556377,23.864118624364025,0.1916266970835636,0.3119469172107045,False,True,2022,0.12032022012714089
2021-05-25,PRIO3,AUTOENCODER,18.7998046875,18.8409352869993,18.605946930782952,19.329684102552253,18.960603999789388,0.0411305994993007,0.160799312289388,False,True,2021,0.11966871279008731
2021-12-30,PRIO3,AUTOENCODER,20.63685417175293,20.506064288001586,20.76504525243476,20.165148273984112,20.38753145893969,0.1307898837513477,0.2493227128132389,False,True,2021,0.11853282906189119
2021-05-03,PRIO3,AUTOENCODER,18.342538833618164,18.754283187365846,19.02000237471977,18.570160127022188,18.871758953424703,0.4117443537476823,0.5292201198065385,False,True,2021,0.11747576605885618
2021-03-24,PRIO3,AUTOENCODER,17.573772430419922,18.177123597591976,18.539111551054724,17.76845794269907,18.294058738337128,0.603351167172054,0.7202863079172062,False,True,2021,0.11693514074515221
2021-12-08,PRIO3,AUTOENCODER,20.93637084960937,21.32718628292743,20.930058776225817,21.82776374873215,21.4404857276932,0.3908154333180569,0.5041148780838292,False,True,2021,0.11329944476577225
2025-09-01,PRIO3,AUTOENCODER,37.970001220703125,37.679272621154496,37.679272621154496,37.55443617832381,37.56653274952389,0.290728599548629,0.4034684711792309,False,False,2025,0.1127398716306019
2022-05-24,PRIO3,AUTOENCODER,27.146398544311523,26.76331376952578,27.263104540938013,26.47076883426005,26.650780667673715,0.3830847747857433,0.4956178766378087,False,True,2022,0.11253310185206539
2023-12-29,PRIO3,AUTOENCODER,46.04999923706055,45.97118110487543,45.86881435230741,45.92193525977023,45.86009613050186,0.0788181321851198,0.1899031065586882,False,False,2023,0.1110849743735684
2024-12-18,PRIO3,AUTOENCODER,39.91999816894531,40.77399532786558,40.26807681388837,41.22500897764652,40.8810581171511,0.8539971589202651,0.9610599482057864,False,True,2024,0.10706278928552138
2022-08-15,PRIO3,AUTOENCODER,25.28938102722168,25.23096514687037,24.87224730873268,25.76734499586495,25.12614743315531,0.0584158803513048,0.1632335940663694,False,True,2022,0.1048177137150646
2022-02-10,PRIO3,AUTOENCODER,24.710309982299805,24.30126763200569,24.446194297370937,24.42182068417059,24.201083606644925,0.4090423502941149,0.5092263756548796,False,False,2022,0.1001840253607647
2024-04-03,PRIO3,AUTOENCODER,49.38999938964844,48.26024726092686,48.239778627334296,48.897056635284784,48.16015002105905,1.1297521287215773,1.2298493685893843,False,False,2024,0.10009723986780705
2022-09-26,PRIO3,AUTOENCODER,28.074907302856445,28.430571034867768,27.730491833136483,27.869619135854204,27.62120627093028,0.3556637320113225,0.4537010319261654,False,True,2022,0.09803729991484289
2023-06-07,PRIO3,AUTOENCODER,34.73421096801758,34.72184976976277,35.17137447666342,34.106686572720605,34.84063259727089,0.0123611982548084,0.1064216292533117,False,True,2023,0.0940604309985033
2021-12-07,PRIO3,AUTOENCODER,21.894832611083984,21.281667295404414,21.308500264991185,21.46990126217405,21.18879452055633,0.6131653156795664,0.7060380905276524,False,True,2021,0.09287277484808598
2024-04-25,PRIO3,AUTOENCODER,49.38999938964844,49.77158554909715,50.793391529803614,48.67230318859831,49.86275230565322,0.381586159448716,0.4727529160047794,False,True,2024,0.09116675655606343
2026-02-12,PRIO3,AUTOENCODER,52.22999954223633,51.42171628581025,51.27605070841741,53.51012203571528,53.12931082784043,0.8082832564260798,0.8993112856040995,False,True,2026,0.09102802917801966
2025-12-15,PRIO3,AUTOENCODER,39.5,38.7903185107372,38.35246854204604,39.33320780810247,38.69930339817287,0.709681489262806,0.8006966018271271,False,True,2025,0.09101511256432104
2024-01-30,PRIO3,AUTOENCODER,44.09000015258789,45.15291324773261,45.06977223160153,44.56675365409591,45.24311892014943,1.0629130951447223,1.153118767561537,False,False,2024,0.09020567241681476
2025-10-06,PRIO3,AUTOENCODER,37.90999984741211,38.32788181458869,38.32788181458869,38.12112333708108,38.41773251181019,0.4178819671765836,0.507732664398084,False,False,2025,0.08985069722150035
2022-03-10,PRIO3,AUTOENCODER,25.778594970703125,27.24898011779152,27.94147955689946,26.23416458312188,27.33870020647105,1.4703851470883933,1.5601052357679208,False,True,2022,0.08972008867952752
2022-09-16,PRIO3,AUTOENCODER,27.975067138671875,28.16972803007297,27.846547012285907,27.49055798037096,27.69168451483197,0.1946608914010994,0.2833826238399055,False,False,2022,0.08872173243880607
2024-08-02,PRIO3,AUTOENCODER,46.0099983215332,46.94374599923333,46.11745689838463,47.82028312908901,47.026759854856,0.9337476777001256,1.0167615333227928,False,True,2024,0.08301385562266728
2022-02-07,PRIO3,AUTOENCODER,24.13124084472656,24.10096145122614,24.01790974798534,24.4081622830892,24.01831698126852,0.0302793935004181,0.1129238634580396,False,False,2022,0.08264446995762151
2022-04-22,PRIO3,AUTOENCODER,24.44074249267578,25.426259992705297,25.264475146102843,25.49638858938301,25.505896849318457,0.9855175000295162,1.065154356642676,False,False,2022,0.07963685661315978
2022-04-29,PRIO3,AUTOENCODER,26.65718460083008,25.6647004837028,25.30951320882888,26.209703392493545,25.59235633054941,0.9924841171272796,1.064828270280671,False,True,2022,0.07234415315339149
2023-05-05,PRIO3,AUTOENCODER,34.23501205444336,33.851582823958665,34.5617603376917,32.613910646532105,33.78085101415486,0.383429230484694,0.454161040288497,False,True,2023,0.070731809803803
2022-05-05,PRIO3,AUTOENCODER,26.507423400878903,26.26962792380408,25.897714646526808,27.30143696019471,26.1991230334684,0.2377954770748225,0.3083003674105065,False,True,2022,0.070504890335684
2022-02-21,PRIO3,AUTOENCODER,25.229476928710938,25.475445789920343,26.185023794715807,24.64985836647805,25.541357558288595,0.2459688612094055,0.3118806295776579,False,True,2022,0.06591176836825238
2021-05-07,PRIO3,AUTOENCODER,19.1791934967041,18.852862417341274,19.14901406798009,19.25364921176843,19.570541149873502,0.3263310793628271,0.3913476531694044,False,True,2021,0.06501657380657727
2022-09-23,PRIO3,AUTOENCODER,28.074907302856445,28.389132426196767,27.90411044271879,29.326766645146357,28.45267550711533,0.3142251233403215,0.377768204258885,False,True,2022,0.06354308091856353
2025-11-04,PRIO3,AUTOENCODER,36.75,35.877700686940045,35.65911484457054,36.19878931663917,35.81567630620253,0.8722993130599548,0.9343236937974666,False,False,2025,0.06202438073751182
2022-09-20,PRIO3,AUTOENCODER,28.284570693969727,28.14016889768436,28.18819316361257,27.871014809961903,28.49093499563247,0.1444017962853649,0.2063643016627416,False,False,2022,0.061962505377376714
2021-05-04,PRIO3,AUTOENCODER,19.021448135375977,18.73233253616927,19.023967513288373,18.646452476064404,18.67360426156671,0.2891155992067062,0.3478438738092677,False,True,2021,0.05872827460256147
2023-08-02,PRIO3,AUTOENCODER,45.17743682861328,45.12372173237509,44.473638568957874,45.70789794107636,45.28679909274539,0.0537150962381929,0.109362264132109,False,True,2023,0.055647167893916105
2022-08-08,PRIO3,AUTOENCODER,24.610471725463867,24.49285482181179,25.131333263529395,24.208941160479597,24.43842362689792,0.1176169036520775,0.1720480985659449,False,True,2022,0.054431194913867414
2024-10-09,PRIO3,AUTOENCODER,43.70000076293945,44.72920398465084,44.86093164122077,43.847628050745406,44.7826790186007,1.0292032217113842,1.08267825566125,False,False,2024,0.05347503394986575
2022-11-28,PRIO3,AUTOENCODER,34.84403610229492,35.710062214971714,36.23019771147,34.47320875196356,35.76163545977943,0.8660261126767921,0.9175993574845052,False,True,2022,0.05157324480771308
2022-02-08,PRIO3,AUTOENCODER,23.831722259521484,24.163803540373834,24.080466457244704,24.153442787400124,24.21216251550885,0.3320812808523499,0.3804402559873701,False,True,2022,0.04835897513502019
2024-11-06,PRIO3,AUTOENCODER,40.88999938964844,41.03292706448485,40.94674888889613,40.2187111124046,40.70030966943135,0.1429276748364145,0.189689720217089,False,False,2024,0.046762045380674494
2024-07-19,PRIO3,AUTOENCODER,45.290000915527344,46.233656261211024,45.3591335029815,45.61421042236654,44.30088057131733,0.9436553456836804,0.9891203442100148,False,True,2024,0.045464998526334455
2026-03-04,PRIO3,AUTOENCODER,55.52000045776367,55.54881313552045,56.18005271968365,55.304921944835485,55.44704133604178,0.0288126777567754,0.0729591217218939,False,True,2026,0.04414644396511849
2023-11-15,PRIO3,AUTOENCODER,46.914649963378906,47.05458253410643,47.05458253410643,46.90598679120261,47.09800268439733,0.1399325707275238,0.1833527210184229,False,False,2023,0.0434201502908991
2022-07-25,PRIO3,AUTOENCODER,23.572139739990234,23.149223082837807,23.587635972424668,22.76187378001662,23.10638813196569,0.4229166571524274,0.4657516080245401,False,True,2022,0.0428349508721127
2024-03-08,PRIO3,AUTOENCODER,44.70000076293945,44.85117795402135,45.60076300382717,43.70065375264265,44.50809379606462,0.1511771910818993,0.1919069668748321,False,True,2024,0.0407297757929328
2025-09-19,PRIO3,AUTOENCODER,38.060001373291016,37.766828445989375,37.32873184047742,38.68456172106174,38.3920366574806,0.2931729273016401,0.3320352841895797,False,True,2025,0.03886235688793965
2022-05-17,PRIO3,AUTOENCODER,26.47747230529785,26.776428847495996,26.20107944659959,26.98588742214785,26.14350452190846,0.298956542198141,0.3339677833893901,False,True,2022,0.0350112411912491
2022-08-30,PRIO3,AUTOENCODER,26.82691192626953,25.95914470629748,25.373857735783545,26.975924658064315,25.926778870196703,0.8677672199720519,0.9001330560728285,False,True,2022,0.03236583610077659
2024-11-01,PRIO3,AUTOENCODER,39.84999847412109,41.4629641059073,40.78009938387351,41.02581855761367,41.49185487116346,1.612965631786217,1.6418563970423747,False,True,2024,0.028890765256157636
2025-10-31,PRIO3,AUTOENCODER,36.02999877929688,35.957956931004844,35.96535553682061,35.64135374026211,36.13007348883644,0.0720418482920379,0.1000747095395553,False,False,2025,0.0280328612475174
2021-01-28,PRIO3,AUTOENCODER,14.332978248596191,14.84592868273734,15.188656451550154,13.389433732592918,13.792382862821531,0.5129504341411479,0.5405953857746599,False,True,2021,0.027644951633511994
2022-07-21,PRIO3,AUTOENCODER,22.803373336791992,22.893046772020995,23.269748745868142,22.39699177529588,22.686525627922688,0.0896734352290025,0.1168477088693045,False,True,2022,0.027174273640302005
2025-01-02,PRIO3,AUTOENCODER,40.77000045776367,39.95780382617613,39.95780382617613,39.92206065930304,39.93215169210335,0.8121966315875397,0.8378487656603184,False,False,2025,0.025652134072778665
2023-11-24,PRIO3,AUTOENCODER,47.13429260253906,47.01790592753258,47.01790592753258,47.01419002830959,46.99741544461697,0.1163866750064812,0.1368771579220933,False,False,2023,0.02049048291561209
2022-04-28,PRIO3,AUTOENCODER,26.23785781860352,25.57123044968722,26.011459638131768,25.634508164887343,25.55104095280826,0.6666273689162985,0.686816865795258,False,True,2022,0.020189496878959545
2025-06-18,PRIO3,AUTOENCODER,43.70000076293945,43.14490052353233,42.96221378452331,43.9595034455616,43.12633184748503,0.5551002394071247,0.5736689154544266,False,False,2025,0.018568676047301835
2021-04-21,PRIO3,AUTOENCODER,18.562185287475582,19.189294121257536,19.255114753271275,18.98159435593936,19.204794414319228,0.6271088337819535,0.6426091268436451,False,True,2021,0.01550029306169165
2022-02-28,PRIO3,AUTOENCODER,25.778594970703125,25.452816919340023,25.687820185858985,25.623434782342965,25.43793296397365,0.3257780513631019,0.3406620067294703,False,True,2022,0.014883955366368384
2022-08-09,PRIO3,AUTOENCODER,25.009828567504883,24.532565970822816,24.911009094327262,24.63434153281434,24.52052898500277,0.4772625966820669,0.4892995825021131,False,True,2022,0.012036985820046198
2025-09-25,PRIO3,AUTOENCODER,39.150001525878906,38.05747736312421,37.93769108375163,38.6297935544636,38.047276005852055,1.0925241627546995,1.102725520026851,False,False,2025,0.010201357272151546
2021-03-22,PRIO3,AUTOENCODER,18.08095932006836,18.32355771497545,17.972814814890942,18.98257314459972,18.331544602774432,0.2425983949070946,0.2505852827060728,False,True,2021,0.007986887798978187
2023-09-19,PRIO3,AUTOENCODER,48.63188934326172,48.46377774941658,48.70539625270625,47.96037631685731,48.80792578146568,0.1681115938451398,0.1760364382039654,False,False,2023,0.007924844358825595
2023-02-13,PRIO3,AUTOENCODER,41.97258377075195,41.5839986095317,42.02520833948135,42.45525199867421,42.368601549285536,0.3885851612202486,0.396017778533583,False,False,2023,0.007432617313334389
2022-10-17,PRIO3,AUTOENCODER,31.29972648620605,31.14674861346924,31.278336766517132,30.830043951106507,31.459955230644542,0.1529778727368089,0.1602287444384948,False,False,2022,0.007250871701685896
2022-11-11,PRIO3,AUTOENCODER,37.63954544067383,36.51200345091439,37.12529113216981,36.41736864674959,36.505104624639245,1.127541989759436,1.1344408160345836,False,True,2022,0.006898826275147485
2024-09-26,PRIO3,AUTOENCODER,42.63999938964844,44.086990646785296,43.18344281755382,44.32661257660225,44.09097728775121,1.4469912571368582,1.4509778981027708,False,True,2024,0.003986640965912613
2023-10-20,PRIO3,AUTOENCODER,49.62030029296875,48.99596467142197,48.15792957386717,49.8253586569333,48.99283440177204,0.624335621546777,0.6274658911967066,False,True,2023,0.0031302696499295735
2026-03-16,PRIO3,LSTM,59.79999923706055,60.34039478822962,59.31279534563438,58.39208471890218,57.2022433541068,0.5403955511690697,2.5977558829537486,False,True,2026,2.057360331784679
2026-03-03,PRIO3,LSTM,55.119998931884766,54.74406541585432,55.49951587618676,57.2817573734449,57.470498757748885,0.3759335160304431,2.3504998258641194,False,True,2026,1.9745663098336763
2023-12-08,PRIO3,LSTM,44.47855758666992,44.283808720596255,44.79253996272429,42.9686859607116,42.39776990711251,0.1947488660736667,2.0807876795574103,False,True,2023,1.8860388134837436
2023-08-31,PRIO3,LSTM,46.34555816650391,46.15891767647395,45.39454799559583,45.92393034908845,44.54489259145001,0.1866404900299656,1.8006655750539051,False,True,2023,1.6140250850239395
2025-02-27,PRIO3,LSTM,38.20000076293945,38.08923709190725,38.32378557480429,36.57275103967847,36.60658439881246,0.1107636710322026,1.5934163641269947,False,True,2025,1.482652693094792
2022-05-02,PRIO3,LSTM,25.109668731689453,24.78683186442946,24.91195368279694,26.141044605181754,26.72921293335429,0.3228368672599941,1.6195442016648371,False,True,2022,1.296707334404843
2023-11-14,PRIO3,LSTM,46.914649963378906,46.96321268257401,46.909091726615706,46.23245968012103,45.58616776718881,0.0485627191951039,1.3284821961900946,False,False,2023,1.2799194769949906
2023-11-10,PRIO3,LSTM,46.39548110961914,47.59059880018566,46.917420825957656,45.33543624984284,43.93372704178287,1.1951176905665193,2.4617540678362744,False,True,2023,1.266636377269755
2022-03-17,PRIO3,LSTM,25.009828567504883,24.55866933292613,24.53351230699312,23.19529283571585,23.339227373645524,0.4511592345787534,1.6706011938593583,False,True,2022,1.219441959280605
2021-02-02,PRIO3,LSTM,15.541038513183594,15.52583553076967,15.872932311155536,14.186017449961014,14.311902148283902,0.015202982413923,1.2291363648996914,False,True,2021,1.2139333824857683
2021-10-19,PRIO3,LSTM,26.72707176208496,26.635280926865107,27.246637035492235,27.034024857247093,28.025174365293537,0.0917908352198537,1.2981026032085765,False,True,2021,1.2063117679887227
2022-09-08,PRIO3,LSTM,27.50581932067871,27.46568525182593,27.53570203840191,28.192464032794696,28.72502823541649,0.0401340688527795,1.2192089147377845,False,False,2022,1.1790748458850049
2026-02-23,PRIO3,LSTM,53.45000076293945,53.59282162508055,52.752886115788925,54.80095200576972,54.76518671611328,0.1428208621410931,1.315185953173824,False,True,2026,1.1723650910327308
2024-05-16,PRIO3,LSTM,47.61000061035156,47.13192507281372,46.467667248203,47.294834456166285,46.00410080123128,0.4780755375378476,1.605899809120288,False,True,2024,1.1278242715824405
2021-11-12,PRIO3,LSTM,24.32093620300293,25.384431641904115,25.864916088872054,25.610452674804492,26.511856800543956,1.0634954389011853,2.190920597541023,False,True,2021,1.1274251586398378
2024-02-08,PRIO3,LSTM,43.400001525878906,43.52481570585502,44.13663003710293,43.91953309454274,44.63425334304937,0.1248141799761128,1.2342518171704668,False,True,2024,1.109437637194354
2022-11-16,PRIO3,LSTM,36.21183776855469,36.81877305563472,36.81877305563472,37.87446591591798,37.89821652792599,0.6069352870800344,1.686378759371301,False,False,2022,1.0794434722912667
2022-11-29,PRIO3,LSTM,35.22342300415039,35.07032008048182,35.07032008048182,34.94506931349742,33.99644217892799,0.1531029236685697,1.2269808252223982,False,True,2022,1.0738779015538285
2023-04-24,PRIO3,LSTM,34.97382354736328,34.88696087464237,34.88696087464237,33.97690972720777,33.82948783285477,0.0868626727209118,1.1443357145085145,False,False,2023,1.0574730417876026
2024-03-11,PRIO3,LSTM,44.900001525878906,44.57253785990207,43.86090939083344,44.923250568519535,43.523999888438055,0.3274636659768362,1.3760016374408508,False,True,2024,1.0485379714640146
2022-10-27,PRIO3,LSTM,33.55610275268555,32.97224969331842,32.42831334551345,33.131206831419014,31.940289851433825,0.5838530593671294,1.6158129012517222,False,True,2022,1.0319598418845928
2026-03-10,PRIO3,LSTM,58.900001525878906,58.567112346101965,59.50550742071162,59.92925936417269,60.255471575479824,0.3328891797769415,1.3554700496009175,False,True,2026,1.022580869823976
2024-09-17,PRIO3,LSTM,43.36000061035156,43.31050859217618,42.99502721534015,42.61362387458493,42.301408730621006,0.0494920181753855,1.058591879730557,False,False,2024,1.0090998615551714
2024-10-31,PRIO3,LSTM,40.97999954223633,41.4475309983244,40.18584616465011,41.21200873892403,39.525923595177865,0.4675314560880679,1.4540759470584632,False,False,2024,0.9865444909703953
2023-11-03,PRIO3,LSTM,48.12270736694336,48.361433848733896,47.74628840520814,48.14719997093873,46.90399897630229,0.2387264817905361,1.2187083906410692,False,True,2023,0.979981908850533
2025-07-30,PRIO3,LSTM,42.720001220703125,42.6572395124868,42.78606094881596,42.1122575652633,41.67924370921356,0.0627617082163283,1.0407575114895664,False,False,2025,0.9779958032732381
2023-05-03,PRIO3,LSTM,34.04531478881836,34.018664764588266,33.29724739065971,33.38605198724577,33.05446081123621,0.0266500242300935,0.990853977582148,False,True,2023,0.9642039533520544
2024-01-12,PRIO3,LSTM,46.08000183105469,45.79378886806836,45.71486099533387,45.61672694735029,44.83110470039395,0.2862129629863261,1.2488971306607368,False,False,2024,0.9626841676744107
2024-06-17,PRIO3,LSTM,41.720001220703125,41.502105108134,42.08216922318641,42.00072764341833,42.89350271096232,0.2178961125691216,1.1735014902591914,False,True,2024,0.9556053776900697
2023-11-13,PRIO3,LSTM,46.22575378417969,47.20542465200157,47.83638232669463,46.930138715921466,48.156695506828456,0.9796708678218806,1.930941722648768,False,True,2023,0.9512708548268873
2023-11-02,PRIO3,LSTM,47.99291610717773,48.451653195113465,48.9886543433297,48.2491452707958,49.40046409964806,0.458737087935738,1.4075479924703345,False,True,2023,0.9488109045345965
2025-08-26,PRIO3,LSTM,37.72999954223633,37.7812216739149,38.33933657317319,38.085059251234895,38.728489540022814,0.0512221316785712,0.9984899977864856,False,True,2025,0.9472678661079144
2021-09-22,PRIO3,LSTM,20.666805267333984,20.18238259792049,20.44927202796389,19.332531787900344,19.260772055314877,0.4844226694134903,1.4060332120191106,False,True,2021,0.9216105426056203
2022-08-23,PRIO3,LSTM,25.06973457336425,24.83102930276432,25.646851047810227,23.62208394052013,23.95878490181908,0.2387052705999295,1.1109496715451712,False,True,2022,0.8722444009452417
2024-12-26,PRIO3,LSTM,39.900001525878906,40.10351632494303,39.93440584879114,39.30190498334543,38.82796503477396,0.2035147990641235,1.0720364911049458,False,False,2024,0.8685216920408223
2023-01-06,PRIO3,LSTM,35.12358474731445,35.52683405779612,34.65134644824924,35.26159234211632,33.85982412467739,0.4032493104816694,1.263760622637065,False,True,2023,0.8605113121553956
2025-07-03,PRIO3,LSTM,42.58000183105469,42.30503176195168,42.05965649977378,42.15841718004153,41.4594799000435,0.2749700691030057,1.12052193101119,False,False,2025,0.8455518619081843
2023-03-22,PRIO3,LSTM,31.29972648620605,31.39844374075432,30.7701622175574,31.73719298891068,30.36108128180061,0.0987172545482657,0.938645204405436,False,True,2023,0.8399279498571702
2024-08-27,PRIO3,LSTM,47.7400016784668,48.21392411114834,47.43159145473804,47.68915429454381,46.43181148136095,0.4739224326815474,1.3081901971058445,False,True,2024,0.8342677644242971
2023-08-01,PRIO3,LSTM,45.72655487060547,44.838866187341296,44.90550610938261,45.43251441344869,44.01527590316329,0.887688683264173,1.7112789674421762,False,False,2023,0.8235902841780032
2022-11-10,PRIO3,LSTM,36.52134323120117,36.06443482135657,36.46052535956348,36.88469531165621,37.78211257718495,0.4569084098446012,1.2607693459837748,False,True,2022,0.8038609361391735
2024-04-26,PRIO3,LSTM,49.25,49.500134410252485,48.97816710930356,49.62831014088821,48.20169164391693,0.2501344102524854,1.0483083560830764,False,True,2024,0.798173945830591
2025-06-20,PRIO3,LSTM,43.560001373291016,43.84988106559479,44.49500194759652,43.72950190179913,44.645608787060965,0.2898796923037707,1.0856074137699494,False,True,2025,0.7957277214661787
2024-12-09,PRIO3,LSTM,39.900001525878906,40.06889224679276,40.706759993849126,39.66632462413049,40.86256627068251,0.1688907209138506,0.9625647448036004,False,True,2024,0.7936740238897498
2023-05-16,PRIO3,LSTM,34.44467544555664,34.176763914986,34.78812870724294,34.40810792907936,35.504472490851725,0.2679115305706432,1.059797045295085,False,True,2023,0.7918855147244417
2022-04-25,PRIO3,LSTM,24.66039085388184,24.77357382428049,24.278643609120643,24.21436409351176,23.761354165599755,0.1131829703986504,0.8990366882820844,False,True,2022,0.7858537178834339
2021-09-09,PRIO3,LSTM,19.74828147888184,19.74956119787369,20.125503337571445,18.488816681058555,18.963162200371205,0.0012797189918494,0.7851192785106349,False,True,2021,0.7838395595187855
2021-10-20,PRIO3,LSTM,26.81692695617676,26.730405237520586,26.799880618815724,26.42400901836213,25.971336528648923,0.0865217186561757,0.8455904275278385,False,False,2021,0.7590687088716628
2021-07-01,PRIO3,LSTM,20.507062911987305,20.50883503118034,20.92948208744886,19.662979541737474,19.752654824470707,0.0017721191930348,0.7544080875165982,False,True,2021,0.7526359683235634
2025-05-27,PRIO3,LSTM,39.40999984741211,39.26674507723544,39.09883357662203,39.04782274137506,38.53107678889504,0.143254770176668,0.8789230585170671,False,False,2025,0.7356682883403991
2024-02-07,PRIO3,LSTM,43.970001220703125,43.655598868526056,43.6339934165312,43.66870475997587,42.92932572600596,0.3144023521770691,1.0406754946971688,False,False,2024,0.7262731425200997
2022-05-03,PRIO3,LSTM,25.788578033447266,24.873550339360197,24.659130220285167,24.6837245719525,24.180259883555497,0.9150276940870724,1.608318149891769,False,True,2022,0.6932904558046965
2023-10-09,PRIO3,LSTM,48.37230682373047,45.87144115816295,46.83095356917062,44.94894906293755,45.181167590449625,2.5008656655675168,3.1911392332808437,False,True,2023,0.6902735677133269
2021-11-05,PRIO3,LSTM,27.52578926086425,24.296514139562035,24.43260085157334,23.326776754368083,23.61017419679897,3.229275121302216,3.915615064065282,False,True,2021,0.6863399427630656
2024-12-10,PRIO3,LSTM,40.04999923706055,40.09039784311142,40.2009235178008,39.85166133760852,39.33071380534943,0.0403986060508714,0.7192854317111212,False,False,2024,0.6788868256602498
2025-07-21,PRIO3,LSTM,42.7599983215332,42.91499691692343,42.83222562218408,43.07960807325813,43.59277580476098,0.1549985953902251,0.8327774832277797,False,False,2025,0.6777788878375546
2026-02-04,PRIO3,LSTM,50.25,49.82299747166712,50.18125788994556,51.42979735614828,51.344726461564605,0.4270025283328778,1.0947264615646048,False,True,2026,0.6677239332317271
2023-11-01,PRIO3,LSTM,47.99291610717773,48.62142759010965,47.99138693399816,48.17410707637613,46.70292890374829,0.6285114829319198,1.2899872034294404,False,True,2023,0.6614757204975206
2021-03-01,PRIO3,LSTM,17.61770248413086,17.546946313633175,17.521855515699595,16.791318145784537,16.88775360677325,0.0707561704976846,0.7299488773576108,False,True,2021,0.6591927068599263
2022-07-12,PRIO3,LSTM,22.20433616638184,22.198071029575445,21.83460266373833,21.982464569630608,21.54200949120274,0.0062651368063946,0.6623266751790986,False,True,2022,0.656061538372704
2025-10-17,PRIO3,LSTM,36.119998931884766,36.53741327625767,37.02945639931605,34.73818879037617,35.05272435080192,0.4174143443729008,1.0672745810828488,False,True,2025,0.649860236709948
2022-08-03,PRIO3,LSTM,23.721899032592773,23.828714659779465,23.463105893511926,23.4870964370107,22.975045273487183,0.1068156271866911,0.7468537591055906,False,True,2022,0.6400381319188995
2022-07-18,PRIO3,LSTM,22.054576873779297,21.92513410523013,22.30382386277183,20.96642765037367,21.29521397574683,0.1294427685491683,0.7593628980324674,False,True,2022,0.629920129483299
2022-10-26,PRIO3,LSTM,33.276554107666016,32.79255985006705,33.432361706398666,33.57848628378689,34.384714248915266,0.4839942575989653,1.1081601412492503,False,True,2022,0.624165883650285
2026-03-12,PRIO3,LSTM,59.5,59.99263248068155,59.231475814404384,59.96258250354111,58.38774596568179,0.4926324806815501,1.1122540343182123,False,True,2026,0.6196215536366623
2024-11-26,PRIO3,LSTM,39.84999847412109,39.7727426896372,40.18042181053672,39.55591586729954,40.5461205618267,0.0772557844838885,0.6961220877056107,False,False,2024,0.6188663032217222
2026-02-09,PRIO3,LSTM,51.04999923706055,50.87007629590977,50.87007629590977,50.97734617733983,50.25570343530443,0.1799229411507781,0.7942958017561139,False,False,2026,0.6143728606053358
2025-05-02,PRIO3,LSTM,36.43000030517578,34.05238681946781,34.05238681946781,33.700929114009,33.43845506919927,2.3776134857079683,2.99154523597651,False,False,2025,0.6139317502685415
2024-08-09,PRIO3,LSTM,47.83000183105469,46.258946951405335,46.21406936603356,46.6199479422141,45.64859665519034,1.5710548796493526,2.1814051758643487,False,True,2024,0.610350296214996
2024-01-17,PRIO3,LSTM,45.04999923706055,46.054041302910434,46.32005723217365,45.64861841888538,46.66128481266615,1.0040420658498874,1.6112855756055993,False,False,2024,0.6072435097557118
2022-05-12,PRIO3,LSTM,26.09808158874512,25.679102221281823,26.087877177899475,25.685962959713923,25.08506349528514,0.4189793674632973,1.01301809345998,False,True,2022,0.5940387259966826
2025-07-04,PRIO3,LSTM,42.58000183105469,42.24857531678845,42.93150580315654,42.55248095595625,43.49893356860744,0.3314265142662407,0.9189317375527536,False,True,2025,0.5875052232865129
2021-07-06,PRIO3,LSTM,20.2075424194336,20.751450358183675,20.781583514791063,21.228028662217376,21.330820031247637,0.543907938750074,1.1232776118140322,False,True,2021,0.5793696730639581
2022-02-04,PRIO3,LSTM,24.3708553314209,23.77955268959421,24.244346017187578,22.855612864326357,23.20355794313456,0.5913026418266867,1.1672973882863396,False,True,2022,0.5759947464596529
2024-11-14,PRIO3,LSTM,39.70000076293945,39.95675884072665,39.84215134542529,39.34108269743745,38.86726345136969,0.2567580777871967,0.8327373115697654,False,False,2024,0.5759792337825687
2021-02-17,PRIO3,LSTM,17.394062042236328,16.514948297318643,16.628955375927745,16.08848177997995,15.938977572501434,0.8791137449176851,1.455084469734894,False,True,2021,0.5759707248172088
2023-08-16,PRIO3,LSTM,45.90626525878906,47.73193733705489,48.383850238308135,46.78613867211151,48.30703610368872,1.825672078265825,2.400770844899661,False,True,2023,0.5750987666338361
2021-12-03,PRIO3,LSTM,21.175987243652344,21.481686700861104,21.481686700861104,20.79980057131809,20.29569920573108,0.3056994572087603,0.8802880379212681,False,False,2021,0.5745885807125077
2025-08-27,PRIO3,LSTM,38.34999847412109,37.72470055538509,37.85262712728847,37.47907967346677,37.15803072064605,0.6252979187360026,1.1919677534750337,False,False,2025,0.5666698347390311
2024-11-21,PRIO3,LSTM,39.130001068115234,39.74756432686905,40.2273940417228,39.81873105675069,40.313424497835285,0.6175632587538189,1.183423429720051,False,True,2024,0.5658601709662321
2021-03-19,PRIO3,LSTM,18.755874633789062,18.56908079057885,18.935079922023487,17.560478243255883,18.015647951598776,0.1867938432102072,0.7402266821902863,False,True,2021,0.5534328389800791
2023-09-04,PRIO3,LSTM,46.535255432128906,46.29674342837944,46.06914841250208,46.75421683175356,45.74629787902472,0.238512003749463,0.7889575531041828,False,False,2023,0.5504455493547198
2021-04-01,PRIO3,LSTM,18.166820526123047,18.108325601961443,18.33496274773011,18.323649510123605,18.77151699508953,0.0584949241616037,0.6046964689664875,False,True,2021,0.5462015448048838
2024-11-19,PRIO3,LSTM,39.77000045776367,39.69187034665919,39.38439401476256,39.97075849904456,39.14798373631755,0.0781301111044854,0.6220167214461227,False,False,2024,0.5438866103416373
2021-12-27,PRIO3,LSTM,20.62686920166016,20.70222286366649,21.132060083252878,19.82798380073593,20.01098080457192,0.0753536620063322,0.6158883970882378,False,True,2021,0.5405347350819056
2024-08-28,PRIO3,LSTM,47.36000061035156,48.12635296893717,48.15100490445769,47.815661248158726,48.665081396541375,0.7663523585856069,1.3050807861898122,False,False,2024,0.5387284276042053
2025-07-18,PRIO3,LSTM,43.290000915527344,42.82280673479386,42.21343334661632,43.37088792264044,42.284179582173465,0.467194180733486,1.0058213333538788,False,True,2025,0.5386271526203927
2026-03-11,PRIO3,LSTM,59.34999847412109,59.369473958927415,60.54498964325239,59.32053656580792,59.90117293615286,0.0194754848063283,0.5511744620317742,False,True,2026,0.5316989772254459
2022-09-12,PRIO3,LSTM,27.555740356445312,27.61370216475993,28.108861696635305,27.749621031508973,28.13397992556059,0.0579618083146158,0.5782395691152757,False,False,2022,0.5202777608006599
2025-09-10,PRIO3,LSTM,37.630001068115234,37.47519751484094,37.47519751484094,37.16040052334873,36.9555905641384,0.1548035532742915,0.6744105039768371,False,False,2025,0.5196069507025456
2026-03-13,PRIO3,LSTM,57.79999923706055,60.31475009644981,60.432910807814686,59.9550472358312,60.8329794568637,2.5147508593892667,3.032980219803157,False,True,2026,0.5182293604138901
2024-01-09,PRIO3,LSTM,46.27999877929688,46.08766124194801,46.76426177579721,45.8329477693324,46.98284810368562,0.1923375373488696,0.7028493243887368,False,True,2024,0.5105117870398672
2025-03-06,PRIO3,LSTM,37.47999954223633,37.64817494341355,38.22580598590128,37.32429715167088,38.15642896307774,0.1681754011772227,0.6764294208414086,False,True,2025,0.5082540196641858
2023-09-27,PRIO3,LSTM,48.2225456237793,48.15351918676231,49.02677416413389,47.21409207860282,48.79632564268193,0.069026437016987,0.5737800189026316,False,True,2023,0.5047535818856447
2022-09-09,PRIO3,LSTM,28.00501823425293,27.565957902847344,27.748211116344983,27.242185497135463,27.062392730254345,0.4390603314055852,0.9426255039985848,False,True,2022,0.5035651725929996
2025-01-21,PRIO3,LSTM,42.720001220703125,42.72208647599848,42.608186115105326,42.60357631583953,42.21658273568785,0.0020852552953556,0.5034184850152741,False,False,2025,0.5013332297199184
2026-02-27,PRIO3,LSTM,54.4900016784668,54.270370448128745,54.79248836598951,52.72155256906204,53.77510608204517,0.2196312303380523,0.714895596421627,False,True,2026,0.4952643660835747
2023-06-02,PRIO3,LSTM,35.26335906982422,34.56545425199522,34.99782053615229,34.19234166438869,34.07892201449863,0.6979048178289986,1.1844370553255883,False,True,2023,0.4865322374965897
2024-07-17,PRIO3,LSTM,46.16999816894531,46.31444350765406,46.83698233860785,45.60368911748911,46.79784552052634,0.1444453387087492,0.6278473515810319,False,True,2024,0.4834020128722827
2022-03-10,PRIO3,LSTM,25.778594970703125,25.43770037086722,26.084168354728376,25.56104948462528,26.600334746667787,0.3408945998359058,0.8217397759646623,False,True,2022,0.4808451761287565
2023-11-28,PRIO3,LSTM,46.016090393066406,47.040163777220414,47.6876502602101,46.28347298217793,47.50589059167583,1.0240733841540075,1.489800198609423,False,True,2023,0.4657268144554154
2022-04-22,PRIO3,LSTM,24.44074249267578,24.738862947664543,24.581451942339523,25.178339600735228,25.20424146571064,0.2981204549887621,0.76349897303486,False,False,2022,0.4653785180460979
2021-02-05,PRIO3,LSTM,15.674822807312012,15.70393577074772,16.05328843896254,15.098994066699303,15.183048029646574,0.0291129634357094,0.4917747776654373,False,True,2021,0.4626618142297279
2022-01-28,PRIO3,LSTM,23.80177116394043,23.476352033550697,22.92523871758579,23.637601666633216,23.014381765811425,0.3254191303897329,0.7873893981290045,False,True,2022,0.46197026773927163
2023-11-06,PRIO3,LSTM,47.93301010131836,48.38061460771706,48.38061460771706,48.14649905860862,48.83254820273373,0.4476045063987044,0.8995381014153736,False,False,2023,0.4519335950166692
2023-12-21,PRIO3,LSTM,45.15999984741211,45.470759017445175,45.470759017445175,45.26851149238756,45.91873681529029,0.3107591700330658,0.7587369678781783,False,False,2023,0.44797779784511255
2022-06-29,PRIO3,LSTM,22.4339656829834,22.64128101461189,22.11964778875185,22.56372022164954,21.779649074295666,0.207315331628493,0.6543166086877363,False,True,2022,0.4470012770592433
2025-07-14,PRIO3,LSTM,42.900001525878906,42.49302702701653,42.37114478389586,42.7064978380208,42.047797555477366,0.4069744988623824,0.8522039704015398,False,False,2025,0.44522947153915743
2023-09-01,PRIO3,LSTM,46.87471008300781,46.17571573247784,46.95138763638063,46.50189626770728,48.01725424078788,0.698994350529972,1.1425441577800657,False,True,2023,0.44354980725009363
2025-07-01,PRIO3,LSTM,41.79999923706055,42.54175330294271,42.75217290828369,42.36060761971894,42.98161693587665,0.7417540658821622,1.181617698816105,False,False,2025,0.4398636329339427
2022-11-28,PRIO3,LSTM,34.84403610229492,35.23193712163538,35.74510847924996,34.38571576585993,35.65926797446638,0.387901019340461,0.8152318721714593,False,True,2022,0.4273308528309983
2023-06-29,PRIO3,LSTM,36.23180770874024,36.24796081640457,36.38603965788612,36.01629236701017,35.789701834104164,0.0161531076643299,0.4421058746360771,False,False,2023,0.42595276697174717
2021-09-14,PRIO3,LSTM,19.598520278930664,19.85349555279504,19.96088668363902,19.27710124070532,18.918357283368927,0.2549752738643747,0.6801629955617372,False,False,2021,0.4251877216973625
2024-07-24,PRIO3,LSTM,46.0,46.158699829344414,46.85338938893541,44.345657165967545,45.41796927357527,0.1586998293444139,0.5820307264247333,False,True,2024,0.4233308970803194
2025-11-20,PRIO3,LSTM,39.40999984741211,39.574848995624166,39.597353320449926,39.27426248594969,39.995477322013606,0.1648491482120562,0.5854774746014968,False,False,2025,0.4206283263894406
2022-12-23,PRIO3,LSTM,35.43309020996094,34.949631068789415,35.643882699511394,35.04807124971127,36.33191392724032,0.4834591411715223,0.8988237172793774,False,True,2022,0.4153645761078551
2022-09-26,PRIO3,LSTM,28.074907302856445,28.186458008848888,27.49238988766108,27.79336410359976,27.549000941636223,0.1115507059924425,0.525906361220219,False,True,2022,0.41435565522777656
2023-05-15,PRIO3,LSTM,34.41472625732422,34.051685624019626,33.51960175957419,34.332142980796355,33.63860141347622,0.3630406333045926,0.7761248438479953,False,True,2023,0.4130842105434027
2025-09-19,PRIO3,LSTM,38.060001373291016,38.10667166999275,37.664632870524656,38.81064482557924,38.514860866156525,0.046670296701734,0.4548594928655092,False,True,2025,0.4081891961637752
2022-06-08,PRIO3,LSTM,27.75541877746582,27.75274309518485,28.166854357359025,27.450914186077167,27.3489033289216,0.0026756822809659,0.4065154485442228,False,True,2022,0.4038397662632569
2025-03-12,PRIO3,LSTM,36.880001068115234,37.79511964000688,38.30708450246176,37.30175915941247,38.1963847097736,0.9151185718916396,1.3163836416583692,False,True,2025,0.4012650697667296
2025-06-18,PRIO3,LSTM,43.70000076293945,43.6942701378797,43.50925722492804,44.12175121934798,43.29369603200774,0.0057306250597548,0.4063047309317156,False,False,2025,0.4005741058719608
2024-03-06,PRIO3,LSTM,43.63999938964844,45.03964975968205,45.88993535739979,44.63421490425197,45.434001928538855,1.399650370033612,1.7940025388904175,False,True,2024,0.39435216885680546
2025-01-27,PRIO3,LSTM,42.09999847412109,42.71601398726273,42.4318001484538,41.56404027034582,41.09295911763202,0.6160155131416403,1.0070393564890665,False,True,2025,0.39102384334742624
2025-03-10,PRIO3,LSTM,37.52999877929688,37.78233814045376,37.99960837805211,38.37448515237912,38.16783386322064,0.2523393611568778,0.6378350839237612,False,True,2025,0.38549572276688343
2023-02-06,PRIO3,LSTM,41.133934020996094,41.12463730215717,41.86904060303741,40.45309238118643,41.527686458851456,0.0092967188389252,0.3937524378553618,False,True,2023,0.3844557190164366
2025-04-21,PRIO3,LSTM,34.560001373291016,33.97950163726247,33.530795281344226,34.58582979177368,33.59892647816573,0.5804997360285427,0.961074895125286,False,True,2025,0.38057515909674333
2022-10-14,PRIO3,LSTM,31.000207901000977,30.90844768078909,30.45594097373256,31.56089644032816,30.52898544745048,0.0917602202118814,0.4712224535504958,False,True,2022,0.3794622333386144
2025-04-25,PRIO3,LSTM,34.880001068115234,34.02331103539785,33.714469923116994,34.45222480559009,33.64434183927129,0.8566900327173812,1.235659228843943,False,False,2025,0.37896919612656177
2024-10-02,PRIO3,LSTM,44.119998931884766,43.870702485772256,43.78312028580089,44.21273003924403,43.49345597635675,0.2492964461125097,0.6265429555280164,False,False,2024,0.37724650941550675
2025-11-19,PRIO3,LSTM,39.40999984741211,39.440621125217376,38.6666442644557,39.976102131470974,39.00346476702023,0.0306212778052668,0.4065350803918832,False,True,2025,0.3759138025866164
2024-06-19,PRIO3,LSTM,41.310001373291016,41.70548242286077,41.3938794406204,41.16033286622843,40.54327091862856,0.3954810495697529,0.7667304546624578,False,False,2024,0.37124940509270493
2025-07-15,PRIO3,LSTM,42.119998931884766,42.59818592107615,42.59818592107615,42.77280912882489,42.96871008016127,0.4781869891913857,0.8487111482765073,False,False,2025,0.3705241590851216
2025-08-29,PRIO3,LSTM,37.869998931884766,37.73684553285659,37.73684553285659,38.2312592501532,38.37314523949829,0.1331533990281741,0.5031463076135267,False,False,2025,0.3699929085853526
2025-12-15,PRIO3,LSTM,39.5,39.25300709262922,38.80993447589409,39.524933143976405,38.88521067135401,0.2469929073707817,0.6147893286459905,False,True,2025,0.36779642127520873
2021-12-07,PRIO3,LSTM,21.894832611083984,21.544905767658733,21.572070641218158,21.45799859112199,21.180145969886507,0.3499268434252514,0.7146866411974777,False,True,2021,0.36475979777222634
2024-01-05,PRIO3,LSTM,46.08000183105469,46.03352963412027,46.06987701288453,46.132564378367626,46.48997675050988,0.0464721969344168,0.4099749194551876,False,False,2024,0.3635027225207708
2023-08-23,PRIO3,LSTM,45.77647399902344,46.52507785488342,45.74138352025322,45.50227579866798,44.668255528937166,0.748603855859983,1.1082184700862712,False,True,2023,0.35961461422628815
2023-09-29,PRIO3,LSTM,46.96456909179688,47.932540504741496,48.26836704244303,47.04328910397247,48.28722738801671,0.967971412944614,1.322658296219828,False,False,2023,0.3546868832752139
2023-12-27,PRIO3,LSTM,45.93999862670898,45.72711743484683,45.6219620869326,45.83987764523842,45.37446611143942,0.2128811918621451,0.5655325152695596,False,False,2023,0.3526513234074145
2023-08-14,PRIO3,LSTM,48.51208114624024,47.44314012052109,47.57311514552646,48.19466458082592,47.09710803368926,1.0689410257191485,1.4149731125509817,False,False,2023,0.3460320868318332
2021-08-27,PRIO3,LSTM,19.36888885498047,19.51323705770099,19.95802193196292,18.26811512920306,18.87868467874906,0.144348202720522,0.4902041762314084,False,True,2021,0.34585597351088637
2023-08-29,PRIO3,LSTM,45.77647399902344,46.139886687392334,46.139886687392334,46.44670240137317,46.4854937114654,0.3634126883688964,0.7090197124419575,False,False,2023,0.3456070240730611
2023-03-06,PRIO3,LSTM,34.574466705322266,34.91353482058409,35.03103149774146,34.51361103458294,33.89074796012301,0.3390681152618242,0.6837187451992577,False,False,2023,0.3446506299374335
2025-12-08,PRIO3,LSTM,39.34999847412109,38.32004272178688,37.84206921852822,38.96494606319667,37.97748570973838,1.0299557523342102,1.372512764382705,False,True,2025,0.34255701204849487
2024-03-22,PRIO3,LSTM,46.68999862670898,47.64316463176988,47.81503775885028,47.1451827989185,47.98540473057179,0.9531660050609004,1.2954061038628095,False,False,2024,0.3422400988019091
2023-07-31,PRIO3,LSTM,45.54684066772461,44.55118543734636,46.27090737441251,45.10640765701944,46.88338468630364,0.9956552303782472,1.3365440185790334,False,True,2023,0.34088878820078616
2025-04-28,PRIO3,LSTM,33.810001373291016,34.07300911375344,33.46456334336522,34.72027048143634,34.4111704652339,0.2630077404624273,0.6011690919428858,False,True,2025,0.3381613514804585
2021-01-21,PRIO3,LSTM,14.83217716217041,16.122850695049056,16.46066447716,16.122850695049056,16.46066447716,1.290673532878646,1.6284873149895915,False,True,2021,0.3378137821109455
2024-10-25,PRIO3,LSTM,41.650001525878906,42.568769750866295,43.11735847554888,42.3108355597845,42.9059609244862,0.9187682249873887,1.2559593986072883,False,True,2024,0.3371911736198996
2023-10-23,PRIO3,LSTM,48.761680603027344,49.36340129785606,48.684924990919015,49.66922549946455,49.69779504194954,0.6017206948287139,0.9361144389221964,False,True,2023,0.33439374409348244
2026-02-06,PRIO3,LSTM,50.630001068115234,50.68105646856384,51.38034702229008,49.56950319613651,51.00739629696069,0.0510554004486039,0.377395228845458,False,True,2026,0.3263398283968541
2025-10-29,PRIO3,LSTM,36.0,36.4356820706268,36.822531470708185,36.384385754746496,36.76157460953177,0.4356820706267967,0.7615746095317704,False,True,2025,0.32589253890497366
2021-04-07,PRIO3,LSTM,18.8896598815918,18.57912643653255,18.59422577327849,18.40688857989101,18.254685837419377,0.3105334450592494,0.6349740441724236,False,False,2021,0.32444059911317424
2021-01-07,PRIO3,LSTM,14.782257080078123,14.996460198279822,15.318496469029943,14.996460198279822,15.318496469029943,0.2142031182016985,0.5362393889518202,False,True,2021,0.32203627075012176
2023-09-11,PRIO3,LSTM,47.63349151611328,47.10594339875541,46.36539110794647,47.57389315794137,46.78494373477562,0.5275481173578669,0.8485477813376576,False,True,2023,0.32099966397979074
2021-01-11,PRIO3,LSTM,15.545031547546388,15.555250850014176,15.870116114784778,15.555250850014176,15.870116114784778,0.0102193024677887,0.3250845672383899,False,True,2021,0.3148652647706012
2025-11-04,PRIO3,LSTM,36.75,36.16702890585208,35.94668032364024,36.23915102118519,35.855350615615066,0.582971094147922,0.8946493843849339,False,False,2025,0.3116782902370119
2021-01-19,PRIO3,LSTM,14.676426887512209,16.093096691595353,16.402329841328193,16.093096691595353,16.402329841328193,1.4166698040831438,1.725902953815984,False,True,2021,0.3092331497328402
2023-08-24,PRIO3,LSTM,45.986141204833984,46.25616599664238,46.25297863389846,45.855082925567885,46.564614759406254,0.270024791808396,0.5784735545722697,False,False,2023,0.3084487627638737
2023-08-25,PRIO3,LSTM,46.31560897827149,46.12710859170062,46.12710859170062,45.92740506563576,45.8193997962152,0.1885003865708725,0.4962091820562975,False,False,2023,0.30770879548542496
2023-09-12,PRIO3,LSTM,48.03285217285156,47.25524697129822,48.085401377877545,47.696719808167416,49.1163800432997,0.7776052015533423,1.0835278704481368,False,True,2023,0.30592266889479447
2025-01-20,PRIO3,LSTM,42.68999862670898,42.62473263612668,42.91741113596801,42.71417378371478,43.06084639304605,0.0652659905822972,0.3708477663370715,False,False,2025,0.3055817757547743
2022-09-19,PRIO3,LSTM,28.034971237182617,27.74773431313628,27.08324222400699,27.932208083264385,27.44804386626508,0.2872369240463399,0.5869273709175395,False,True,2022,0.29969044687119967
2023-06-28,PRIO3,LSTM,36.08204650878906,36.283505639063264,36.58061550390971,35.67076153084753,36.58055527620187,0.2014591302742019,0.4985087674128081,False,True,2023,0.2970496371386062
2022-03-25,PRIO3,LSTM,25.18954086303711,25.54159643234783,25.002506985761197,25.68066236788729,25.838099060005835,0.3520555693107212,0.6485581969687253,False,True,2022,0.2965026276580041
2023-05-25,PRIO3,LSTM,35.5728645324707,35.590011427291614,35.47779915110838,35.82970748114887,35.259424488869904,0.017146894820911,0.3134400436007993,False,True,2023,0.2962931487798883
2021-03-12,PRIO3,LSTM,18.672008514404297,18.21171533905896,18.34590358736401,18.042849856971205,17.91704362730812,0.4602931753453383,0.7549648870961754,False,False,2021,0.29467171175083706
2023-08-30,PRIO3,LSTM,45.73654174804688,46.17107286552965,46.84432245748337,45.81404674469038,46.465727134344974,0.4345311174827699,0.7291853862980915,False,True,2023,0.2946542688153216
2024-11-22,PRIO3,LSTM,40.400001525878906,39.76365778356336,40.40305468302304,39.25745713940924,39.47096710084304,0.636343742315546,0.9290344250358658,False,True,2024,0.29269068272031973
2022-12-22,PRIO3,LSTM,35.20345687866211,34.867208266944175,34.3348375868908,35.33947795284819,34.57850932123539,0.3362486117179344,0.6249475574267223,False,True,2022,0.28869894570878785
2021-09-17,PRIO3,LSTM,20.03781509399414,20.2981394144458,20.406599538937098,20.50145084533207,20.58540788465989,0.2603243204516587,0.5475927906657496,False,True,2021,0.2872684702140909
2021-02-08,PRIO3,LSTM,16.191993713378906,15.757264918250655,16.069706206980417,15.43232911275972,15.470891850799248,0.4347287951282492,0.7211018625796584,False,True,2021,0.28637306745140917
2021-01-14,PRIO3,LSTM,15.574984550476074,15.683527919730226,15.969168706121865,15.683527919730226,15.969168706121865,0.1085433692541517,0.3941841556457888,False,True,2021,0.2856407863916371
2024-11-15,PRIO3,LSTM,39.70000076293945,39.81404854771364,39.1511672191182,39.82158966078333,39.30108807102877,0.1140477847741863,0.3989126919106809,False,True,2024,0.2848649071364946
2025-10-28,PRIO3,LSTM,36.43000030517578,36.29316409578283,36.29316409578283,36.7261100085943,36.8508371853282,0.1368362093929533,0.4208368801524145,False,False,2025,0.2840006707594612
2024-11-25,PRIO3,LSTM,39.84999847412109,39.7322843930491,39.21817618633401,40.47181483639876,39.448405414699344,0.1177140810719876,0.4015930594217423,False,True,2024,0.2838789783497547
2021-04-05,PRIO3,LSTM,18.09493637084961,18.29031134972641,17.995101731381382,18.25619154442353,17.62186638026897,0.1953749788768028,0.4730699905806403,False,True,2021,0.2776950117038375
2022-09-23,PRIO3,LSTM,28.074907302856445,28.1620829573709,27.68094006332983,29.302900107908744,28.439451670709303,0.0871756545144535,0.3645443678528579,False,True,2022,0.2773687133384044
2025-03-03,PRIO3,LSTM,38.16999816894531,37.54723002976584,37.00603867418023,37.94620039084256,37.27107586910618,0.6227681391794704,0.8989222998391284,False,True,2025,0.27615416065965803
2023-01-10,PRIO3,LSTM,36.15193176269531,35.24875730273837,35.26924544336178,35.71722722942431,34.97335103753376,0.9031744599569436,1.1785807251615523,False,False,2023,0.27540626520460876
2024-03-25,PRIO3,LSTM,47.66999816894531,47.68989964877767,48.401578589755374,47.0164877762647,47.37641989084737,0.019901479832356,0.2935782780979394,False,True,2024,0.2736767982655834
2021-04-09,PRIO3,LSTM,18.86769676208496,18.83258816788369,18.83258816788369,18.6677783092,19.17625391327998,0.0351085942012723,0.3085571511950178,False,False,2021,0.2734485569937455
2025-07-25,PRIO3,LSTM,41.900001525878906,43.05792165320457,43.8532366572085,42.549556253216366,43.32987971652727,1.1579201273256672,1.4298781906483595,False,True,2025,0.27195806332269234
2022-07-04,PRIO3,LSTM,22.753454208374023,22.39408238823485,22.762691500629405,22.13783681002345,22.12708687318508,0.3593718201391738,0.6263673351889452,False,True,2022,0.26699551504977137
2024-04-25,PRIO3,LSTM,49.38999938964844,49.63749042928493,50.65654344976526,48.70374658316756,49.90373256799449,0.2474910396364862,0.513733178346051,False,True,2024,0.2662421387095648
2021-01-06,PRIO3,LSTM,14.566603660583496,14.676157691602556,14.94148144452934,14.676157691602556,14.94148144452934,0.1095540310190603,0.374877783945843,False,True,2021,0.2653237529267827
2021-05-04,PRIO3,LSTM,19.021448135375977,19.170193353017243,19.468645181644625,18.59421442256741,18.60834748659219,0.1487452176412667,0.4131006487837858,False,True,2021,0.2643554311425191
2025-07-09,PRIO3,LSTM,42.56999969482422,42.324426964202985,42.177655231323904,42.99352211110207,42.060440784280125,0.2455727306212338,0.5095589105440936,False,False,2025,0.26398617992285983
2022-06-27,PRIO3,LSTM,22.63364601135254,23.105577921014927,23.478685608596525,21.940700800885324,21.8983251378347,0.4719319096623877,0.7353208735178391,False,True,2022,0.26338896385545146
2024-07-09,PRIO3,LSTM,45.40999984741211,45.42742105411355,45.41421860464994,45.10713836374829,45.68909814067275,0.0174212067014423,0.2790982932606383,False,False,2024,0.26167708655919597
2024-11-29,PRIO3,LSTM,40.13999938964844,39.71996922250764,39.71996922250764,39.33167848647072,39.45843501180197,0.4200301671407942,0.6815643778464633,False,False,2024,0.26153421070566907
2022-12-26,PRIO3,LSTM,35.3831672668457,35.02970350433867,35.401371610825734,35.19148691279026,34.76946899904483,0.3534637625070331,0.6136982678008707,False,False,2022,0.26023450529383757
2025-01-17,PRIO3,LSTM,42.709999084472656,42.552056791397376,42.34056835729463,41.86198254483521,42.29398485795782,0.1579422930752798,0.4160142265148394,False,False,2025,0.2580719334395596
2022-02-01,PRIO3,LSTM,23.70193099975586,23.65532706590828,23.798911430926,23.775957979798957,24.00367372300448,0.0466039338475781,0.3017427232486191,False,True,2022,0.255138789401041
2022-09-15,PRIO3,LSTM,27.655580520629883,27.683312832299464,27.236800297673245,28.384580867319176,27.37495825297976,0.0277323116695811,0.2806222676501271,False,True,2022,0.252889955980546
2023-03-31,PRIO3,LSTM,31.13998413085937,31.10698981039863,30.518786817361278,32.089407184354165,31.423059918613006,0.032994320460741,0.2830757877536349,False,True,2023,0.2500814672928939
2022-05-11,PRIO3,LSTM,25.44912338256836,25.7449550258369,26.722494782489363,24.63109884883829,25.99420205263294,0.2958316432685421,0.54507867006458,False,True,2022,0.24924702679603788
2025-06-30,PRIO3,LSTM,42.400001525878906,42.78826434931716,42.24140818271928,42.07561340348923,41.76467784281607,0.3882628234382537,0.6353236830628362,False,True,2025,0.24706085962458246
2023-03-21,PRIO3,LSTM,31.669132232666016,31.54279469496163,32.206047096658985,31.00477629227015,32.03681379686177,0.1263375377043871,0.367681564195756,False,True,2023,0.24134402649136888
2023-12-12,PRIO3,LSTM,43.72976303100586,43.67340787136544,42.95899635627865,44.36513165324493,43.43673812541365,0.0563551596404181,0.2930249055922118,False,True,2023,0.2366697459517937
2021-01-08,PRIO3,LSTM,14.866122245788574,15.284385175330131,15.519221555446803,15.284385175330131,15.519221555446803,0.4182629295415569,0.6530993096582307,False,True,2021,0.2348363801166738
2025-05-01,PRIO3,LSTM,33.709999084472656,34.030838674881664,34.22144576303687,33.50146293266752,34.26479640825881,0.3208395904090082,0.5547973237861541,False,False,2025,0.23395773337714587
2026-01-06,PRIO3,LSTM,40.81999969482422,40.55543338743803,40.681334292308,41.03620075647725,41.31747522587568,0.2645663073861897,0.4974755310514567,False,True,2026,0.232909223665267
2024-12-04,PRIO3,LSTM,39.709999084472656,39.824818365179965,39.07912322410134,40.75631268135958,39.36433339171483,0.1148192807073087,0.3456656927578265,False,True,2024,0.2308464120505178
2023-10-25,PRIO3,LSTM,48.28245162963867,49.64487000079788,50.02917975228177,49.1751705041736,49.87513324148589,1.3624183711592082,1.5926816118472118,False,True,2023,0.23026324068800363
2026-02-12,PRIO3,LSTM,52.22999954223633,51.54532751251367,51.399311773710224,53.51773004044095,53.13855792508254,0.6846720297226625,0.9085583828462092,False,True,2026,0.22388635312354666
2025-09-03,PRIO3,LSTM,37.5099983215332,37.78984025097708,37.84068333270766,37.99321889261849,38.01355216650434,0.2798419294438758,0.5035538449711368,False,True,2025,0.22371191552726094
2021-12-31,PRIO3,LSTM,20.63685417175293,20.87480629528217,20.59622981428091,20.703361008592584,20.17610284788916,0.2379521235292401,0.4607513238637679,False,True,2021,0.22279920033452777
2023-05-09,PRIO3,LSTM,34.554500579833984,33.5528225051101,33.6644476534535,34.02979768936683,33.33436180638421,1.001678074723884,1.2201387734497755,False,False,2023,0.21846069872589147
2022-02-23,PRIO3,LSTM,24.850086212158203,25.17372240972398,24.894180298666083,24.420249808946792,24.30897787012328,0.3236361975657758,0.5411083420349243,False,False,2022,0.21747214446914853
2023-06-08,PRIO3,LSTM,34.73421096801758,34.35496286694462,34.40237477176101,34.48603147959034,34.13976257478222,0.3792481010729602,0.5944483932353606,False,False,2023,0.2152002921624004
2025-09-25,PRIO3,LSTM,39.150001525878906,38.33886267146176,38.218190729100165,38.701282879657086,38.124479296070206,0.8111388544171518,1.0255222298087006,False,False,2025,0.21438337539154873
2021-05-07,PRIO3,LSTM,19.1791934967041,19.357565711446075,19.66164553290178,19.254096242240475,19.570535417644805,0.178372214741973,0.3913419209407038,False,True,2021,0.2129697061987308
2022-01-27,PRIO3,LSTM,23.771818161010746,23.387919714405584,23.527399401859203,23.289753478569956,23.18173496293213,0.383898446605162,0.5900831980786201,False,False,2022,0.2061847514734581
2024-07-25,PRIO3,LSTM,45.81999969482422,45.93713568316298,46.45541757017903,46.40215028051162,46.142045961619424,0.1171359883387594,0.3220462667952048,False,True,2024,0.2049102784564454
2025-09-23,PRIO3,LSTM,38.58000183105469,38.20049570559382,38.3132373056412,38.08784885221944,37.99716494101751,0.379506125460864,0.5828368900371785,False,False,2025,0.20333076457631455
2024-11-01,PRIO3,LSTM,39.84999847412109,41.31055621176864,40.63020153638759,41.06092622632378,41.51350631709067,1.4605577376475551,1.6635078429695866,False,True,2024,0.2029501053220315
2023-04-28,PRIO3,LSTM,34.69427490234375,34.29137703408125,34.76211057257176,33.77648721293766,34.091854984743364,0.4028978682624995,0.6024199176003862,False,True,2023,0.19952204933788664
2025-10-01,PRIO3,LSTM,38.38999938964844,38.6261894198712,39.032117862788105,38.17190320505416,38.82434260295294,0.2361900302227582,0.4343432133045013,False,True,2025,0.19815318308174312
2022-09-16,PRIO3,LSTM,27.975067138671875,27.732553091296893,27.4143876221695,27.32939576853691,27.53537187770888,0.242514047374982,0.4396952609629956,False,False,2022,0.1971812135880136
2023-09-08,PRIO3,LSTM,47.41384506225586,46.99090309505459,46.99090309505459,46.75467990698586,46.793773332376325,0.4229419672012682,0.620071729879534,False,False,2023,0.19712976267826576
2025-09-22,PRIO3,LSTM,38.18000030517578,38.18094732957957,38.35833834003178,37.840692417857056,38.37529285017546,0.0009470244037856,0.1952925449996811,False,False,2025,0.1943455205958955
2022-01-24,PRIO3,LSTM,23.13284492492676,22.98097787257511,22.992866037404493,23.1511459435564,23.476654980492317,0.1518670523516512,0.3438100555655516,False,False,2022,0.1919430032139004
2021-03-25,PRIO3,LSTM,17.85332489013672,18.13826256296534,18.031072854919888,17.71090292817146,17.37724740878554,0.2849376728286223,0.4760774813511794,False,True,2021,0.19113980852255708
2024-06-25,PRIO3,LSTM,42.02000045776367,41.71841369231544,41.70421691302865,41.967546311428016,41.53317236986235,0.3015867654482349,0.4868280879013227,False,False,2024,0.18524132245308783
2024-03-28,PRIO3,LSTM,48.7400016784668,47.6779452875445,48.30912067426766,47.284245367597485,47.49343371183377,1.0620563909222938,1.2465679666330305,False,True,2024,0.18451157571073673
2025-09-01,PRIO3,LSTM,37.970001220703125,37.73931673623224,37.73931673623224,37.54805206226007,37.5584066385986,0.2306844844708848,0.4115945821045272,False,False,2025,0.1809100976336424
2021-01-12,PRIO3,LSTM,15.27546501159668,15.58928010338498,15.76737770710904,15.58928010338498,15.76737770710904,0.3138150917883013,0.4919126955123616,False,True,2021,0.1780976037240603
2024-09-13,PRIO3,LSTM,43.310001373291016,43.61228813608562,44.22365086061413,42.63629624159345,42.82966830626368,0.3022867627946084,0.4803330670273311,False,True,2024,0.17804630423272266
2021-04-08,PRIO3,LSTM,18.919612884521484,18.70996916677807,18.33901551769753,18.885888661333816,18.535826941173383,0.2096437177434147,0.3837859433481014,False,True,2021,0.1741422256046867
2022-12-12,PRIO3,LSTM,34.584449768066406,34.4389003871124,35.052030404463096,33.84405646248137,34.26785221608998,0.1455493809540087,0.3165975519764288,False,True,2022,0.1710481710224201
2022-12-13,PRIO3,LSTM,34.83404922485352,34.16408112741345,34.13793238380336,34.56965343225396,33.99503548741339,0.6699680974400692,0.8390137374401334,False,True,2022,0.16904564000006417
2025-08-22,PRIO3,LSTM,38.04999923706055,37.95386552407041,38.078673609627096,37.60848314958271,37.78693924667833,0.096133712990138,0.2630599903822173,False,True,2025,0.16692627739207927
2021-08-24,PRIO3,LSTM,19.04940223693848,18.865190352362976,19.22234657144321,18.688088762940364,18.698470638539103,0.1842118845755038,0.3509315983993737,False,True,2021,0.1667197138238699
2025-09-30,PRIO3,LSTM,38.130001068115234,38.60492549771186,38.19254408201719,38.77555435272991,38.77055685685908,0.4749244295966264,0.6405557887438462,False,True,2025,0.16563135914721983
2023-09-18,PRIO3,LSTM,48.08277130126953,48.31214933953828,47.7944339255477,49.24145260107149,48.47773718655829,0.2293780382687487,0.3949658852887623,False,True,2023,0.1655878470200136
2022-06-28,PRIO3,LSTM,22.6236629486084,22.77866596646622,23.157694180738847,22.77318808651436,22.93938989910629,0.1550030178578225,0.3157269504978934,False,True,2022,0.1607239326400709
2025-06-23,PRIO3,LSTM,43.25,44.01917891999511,43.11032169302037,43.80435658936616,42.32059627249394,0.7691789199951131,0.929403727506056,False,True,2025,0.16022480751094292
2024-01-30,PRIO3,LSTM,44.09000015258789,45.0668023620616,44.98381990372933,44.551493113747405,45.22510772459376,0.9768022094737034,1.1351075720058643,False,False,2024,0.15830536253216088
2025-05-23,PRIO3,LSTM,38.79999923706055,39.23702255949968,39.23702255949968,38.843271159329376,39.39485951903946,0.4370233224391313,0.5948602819789173,False,False,2025,0.157836959539786
2025-08-25,PRIO3,LSTM,38.18000030517578,37.81808889672709,37.68908451135065,37.91158132010733,37.66060745384055,0.3619114084486909,0.5193928513352333,False,False,2025,0.15748144288654237
2024-12-30,PRIO3,LSTM,40.150001525878906,39.84599038308153,39.84599038308153,39.7189035303884,39.691991262406,0.3040111427973784,0.4580102634729073,False,False,2024,0.1539991206755289
2024-01-16,PRIO3,LSTM,45.880001068115234,45.90476836512022,45.278688268283645,46.996058256234,45.70186734755538,0.0247672970049848,0.1781337205598561,False,True,2024,0.1533664235548713
2022-09-01,PRIO3,LSTM,27.156383514404297,26.0258569858558,25.41400722775325,26.98942382309152,25.872855474127125,1.1305265285485009,1.2835280402771725,False,True,2022,0.1530015117286716
2022-05-23,PRIO3,LSTM,26.128034591674805,25.806842331862185,26.267448537205272,25.53560189736351,25.65390160233885,0.3211922598126193,0.4741329893359562,False,True,2022,0.15294072952333693
2024-02-27,PRIO3,LSTM,45.400001525878906,45.66973513938308,45.83221679249151,45.76529927211671,45.82163312349409,0.2697336135041723,0.4216315976151819,False,False,2024,0.15189798411100958
2023-09-19,PRIO3,LSTM,48.63188934326172,48.57474022716144,48.81691193924001,47.9945236462269,48.83937584290116,0.0571491161002768,0.2074864996394367,False,False,2023,0.15033738353915987
2025-11-03,PRIO3,LSTM,36.43999862670898,36.28759197467272,36.48535431246084,36.025149918950675,36.138085094599816,0.1524066520362552,0.301913532109161,False,False,2025,0.1495068800729058
2021-02-03,PRIO3,LSTM,15.351343154907228,15.452585284429292,15.736680859118032,14.959598398482202,15.101592772673788,0.1012421295220633,0.2497503822334401,False,True,2021,0.1485082527113768
2022-03-30,PRIO3,LSTM,25.03978157043457,25.34310195679788,26.01564389572704,25.11571850689267,25.489404472414613,0.3033203863633105,0.4496229019800424,False,True,2022,0.1463025156167319
2021-10-22,PRIO3,LSTM,26.437536239624023,26.70219743810736,26.48527792514421,25.890632690553407,26.02790754429338,0.2646611984833384,0.4096286953306425,False,False,2021,0.1449674968473041
2024-10-03,PRIO3,LSTM,44.61000061035156,44.010158687287856,43.50778754513285,44.17127957125522,43.8661106341356,0.5998419230637069,0.7438899762159679,False,True,2024,0.144048053152261
2021-02-24,PRIO3,LSTM,17.443981170654297,17.44483642842167,17.77104443163024,17.50727127763369,17.58707714434379,0.0008552577673732,0.1430959736894941,False,True,2021,0.1422407159221209
2021-09-13,PRIO3,LSTM,19.488698959350582,19.74031035355665,20.28531937910896,19.03463214389459,19.88173050373874,0.2516113942060691,0.3930315443881582,False,True,2021,0.1414201501820891
2025-12-17,PRIO3,LSTM,38.56999969482422,39.372577935852064,39.93911026773576,38.64424310694702,39.51280448560429,0.8025782410278453,0.9428047907800732,False,True,2025,0.14022654975222792
2022-04-12,PRIO3,LSTM,23.7119140625,23.99521964590194,24.23978006899278,23.38827739020475,23.29076492174888,0.2833055834019404,0.421149140751119,False,True,2022,0.13784355734917858
2025-03-14,PRIO3,LSTM,39.34999847412109,37.57446432481896,38.18727673523581,36.75969249378538,37.44001055506771,1.7755341493021248,1.9099879190533784,False,True,2025,0.13445376975125356
2022-04-19,PRIO3,LSTM,24.620454788208008,24.36025825198045,24.594839266307893,24.671909257473107,25.013383269681,0.2601965362275535,0.392928481472989,False,True,2022,0.13273194524543547
2021-09-15,PRIO3,LSTM,21.05618095397949,19.968731578526302,20.22056167535645,19.5915282006998,19.83860605518285,1.0874493754531862,1.217574898796638,False,True,2021,0.13012552334345173
2025-12-11,PRIO3,LSTM,38.93000030517578,38.96318190995294,38.60896999994094,39.33389877076674,39.089582599769415,0.0331816047771553,0.1595822945936333,False,False,2025,0.126400689816478
2021-05-06,PRIO3,LSTM,19.1692123413086,19.218377564015643,19.206586788690096,19.104336440115127,18.993988119067776,0.0491652227070424,0.1752242222408249,False,False,2021,0.1260589995337825
2021-08-25,PRIO3,LSTM,18.8896598815918,19.086391987305426,19.04216432339152,18.804523558507007,18.568172188136923,0.1967321057136217,0.3214876934548769,False,False,2021,0.12475558774125517
2022-02-08,PRIO3,LSTM,23.831722259521484,23.791224530331263,23.70917241245523,23.948811669797717,23.99672012037076,0.0404977291902213,0.1649978608492759,False,True,2022,0.1245001316590546
2022-12-28,PRIO3,LSTM,37.19026565551758,35.09115341417419,35.17458070275667,35.40750655780079,34.967355836366934,2.099112241343392,2.222909819150644,False,True,2022,0.12379757780725198
2021-12-30,PRIO3,LSTM,20.63685417175293,20.80244871159367,21.06517285769188,20.116877777233487,20.349062631516748,0.1655945398407396,0.2877915402361815,False,True,2021,0.12219700039544187
2022-04-08,PRIO3,LSTM,23.542186737060547,24.242731427527687,24.16634478804607,23.597429683483615,22.719617678054355,0.7005446904671402,0.8225690590061916,False,True,2022,0.12202436853905141
2025-07-31,PRIO3,LSTM,42.18999862670898,42.53953738917198,42.53953738917198,42.63950022229498,42.66146817708201,0.3495387624630055,0.4714695503730297,False,False,2025,0.12193078791002415
2022-08-01,PRIO3,LSTM,23.3325252532959,23.64339653170491,23.16622818721132,24.13323355318249,22.90142792029714,0.3108712784090102,0.4310973329987568,False,True,2022,0.12022605458974661
2025-04-17,PRIO3,LSTM,34.560001373291016,34.128948171984035,34.68199273303794,33.63611533145475,34.0093585494924,0.4310532013069803,0.5506428237986185,False,True,2025,0.11958962249163818
2022-01-10,PRIO3,LSTM,20.107702255249023,20.578189558149603,20.53050504803686,19.719326638744683,19.519402383913512,0.4704873029005796,0.5882998713355114,False,False,2022,0.11781256843493182
2024-11-27,PRIO3,LSTM,39.56999969482422,39.79011259435612,39.79274865323261,39.65793624948712,39.235563046184325,0.2201128995318981,0.334436648639894,False,False,2024,0.11432374910799586
2024-10-10,PRIO3,LSTM,44.880001068115234,44.784533751691015,45.68216171082162,44.03528664222871,44.67273049330559,0.0954673164242194,0.207270574809641,False,True,2024,0.1118032583854216
2024-03-08,PRIO3,LSTM,44.70000076293945,44.72584096958866,45.47333129782853,43.760174793464905,44.57098167710863,0.0258402066492067,0.1290190858308264,False,True,2024,0.10317887918161972
2024-11-06,PRIO3,LSTM,40.88999938964844,40.96152426391876,40.87549604992247,40.23979248267728,40.71642612189655,0.0715248742703238,0.173573267751891,False,False,2024,0.1020483934815672
2025-06-02,PRIO3,LSTM,39.7400016784668,39.30425903371344,40.20844518434957,38.86643544077364,40.27415733446415,0.4357426447533612,0.5341556559973526,False,True,2025,0.09841301124399138
2026-01-07,PRIO3,LSTM,41.06999969482422,40.77011152200936,41.44424063583895,40.99076615294339,41.46715611084741,0.2998881728148603,0.3971564160231935,False,True,2026,0.09726824320833322
2021-03-03,PRIO3,LSTM,17.89525604248047,17.480211908975765,17.77757330150853,16.981789859866062,17.3846660652153,0.4150441335047041,0.5105899772651696,False,True,2021,0.09554584376046554
2025-04-02,PRIO3,LSTM,39.58000183105469,39.95141477833028,39.95141477833028,40.020268207727526,40.04508133379039,0.3714129472755871,0.4650795027357048,False,False,2025,0.0936665554601177
2025-05-28,PRIO3,LSTM,39.20000076293945,39.302482218063176,39.12579331360345,39.34437290899941,39.39498855174276,0.1024814551237227,0.1949877888033029,False,False,2025,0.0925063336795802
2024-07-18,PRIO3,LSTM,45.470001220703125,46.40451648799348,47.01894656207329,46.48687760263588,46.49409050272403,0.934515267290351,1.0240892820209029,False,True,2024,0.08957401473055193
2023-06-06,PRIO3,LSTM,34.22502899169922,34.52061858964805,34.27046458821274,35.13862279441192,34.609976163372146,0.2955895979488332,0.3849471716729269,False,True,2023,0.0893575737240937
2025-12-16,PRIO3,LSTM,38.54999923706055,39.370828351093,38.9261703637807,39.54504930821768,39.45483501446616,0.8208291140324491,0.9048357774056156,False,True,2025,0.08400666337316653
2021-11-11,PRIO3,LSTM,25.628835678100582,25.15553217440791,24.59586525125048,25.48053686609625,25.07179528621554,0.4733035036926729,0.5570403918850424,False,True,2021,0.08373688819236952
2023-01-09,PRIO3,LSTM,35.95225143432617,35.29762824277401,35.88882997051174,35.159407640254955,36.68886656359536,0.6546231915521616,0.7366151292691896,False,True,2023,0.08199193771702795
2022-01-04,PRIO3,LSTM,20.6867733001709,21.038475864859308,21.61139944317872,20.380150720623003,21.12045566072179,0.3517025646884093,0.4336823605508932,False,True,2022,0.08197979586248388
2024-12-27,PRIO3,LSTM,39.90999984741211,39.93406189291835,39.93406189291835,39.84824259689809,40.015179178552565,0.0240620455062412,0.1051793311404551,False,False,2024,0.08111728563421391
2022-10-25,PRIO3,LSTM,33.735816955566406,32.52884739011293,32.52884739011293,33.08953138743172,32.448570362656355,1.206969565453477,1.2872465929100514,False,True,2022,0.0802770274565745
2021-06-02,PRIO3,LSTM,20.24748039245605,20.42111922485971,20.85242504623941,19.894379425435904,19.9985803761138,0.1736388324036575,0.2489000163422545,False,True,2021,0.07526118393859701
2022-05-17,PRIO3,LSTM,26.47747230529785,25.995824716732727,25.4372482813998,26.7400930164694,25.925515383460464,0.4816475885651243,0.5519569218373874,False,True,2022,0.07030933327226313
2024-10-09,PRIO3,LSTM,43.70000076293945,44.74302706579204,44.87479543138255,43.87377163189629,44.80833420672417,1.0430263028525817,1.1083334437847157,False,False,2024,0.06530714093213397
2021-01-15,PRIO3,LSTM,14.83217716217041,15.82352788810431,15.8874891765106,15.82352788810431,15.8874891765106,0.9913507259339004,1.0553120143401884,False,True,2021,0.06396128840628801
2024-01-11,PRIO3,LSTM,45.5,45.952640271835264,46.69557749424761,44.4868000606277,46.01444632824855,0.4526402718352642,0.5144463282485461,False,True,2024,0.06180605641328191
2024-12-18,PRIO3,LSTM,39.91999816894531,40.85124936617649,40.34437229398229,41.26970715971481,40.91269519358433,0.9312511972311768,0.992697024639014,False,True,2024,0.06144582740783722
2023-06-14,PRIO3,LSTM,35.34323501586914,33.91704078059146,34.025012137636395,34.405885805252545,33.85959247873234,1.426194235277677,1.4836425371368025,False,True,2023,0.05744830185912542
2024-07-10,PRIO3,LSTM,45.470001220703125,45.69636354710718,45.52073887143096,45.45639465140556,45.189649118861446,0.2263623264040575,0.2803521018416788,False,False,2024,0.05398977543762129
2023-05-01,PRIO3,LSTM,34.69427490234375,34.16790196183379,34.12673690770037,34.55787614425078,34.115665470647045,0.5263729405099582,0.5786094316967052,False,False,2023,0.052236491186747
2023-08-02,PRIO3,LSTM,45.17743682861328,45.07736454398258,44.427949233892186,45.72460941867287,45.32907268074982,0.1000722846306985,0.1516358521365362,False,True,2023,0.05156356750583768
2021-06-04,PRIO3,LSTM,20.46712684631348,20.653038768382142,20.653038768382142,20.140833025319253,20.233740786594417,0.1859119220686658,0.2333860597190629,False,False,2021,0.0474741376503971
2021-05-24,PRIO3,LSTM,19.1692123413086,19.8018138742092,20.100501966688217,18.54386285895376,18.490573950690912,0.6326015329006012,0.6786383906176887,False,True,2021,0.04603685771708754
2025-03-07,PRIO3,LSTM,38.31999969482422,37.70199339599259,38.28625899682546,37.63200506578099,37.65702789950893,0.6180062988316308,0.6629717953152863,False,True,2025,0.04496549648365544
2023-05-02,PRIO3,LSTM,33.46624755859375,34.0833517466142,33.61428683666845,34.4852009586139,34.127700096346985,0.6171041880204484,0.6614525377532345,False,True,2023,0.04434834973278612
2024-03-27,PRIO3,LSTM,47.08000183105469,47.71848187294478,48.23108162597534,47.25901836055671,47.76277816989812,0.6384800418900909,0.682776338843432,False,False,2024,0.04429629695334114
2023-11-15,PRIO3,LSTM,46.914649963378906,46.82011434936152,46.82011434936152,46.85619187331514,47.05227737473133,0.0945356140173885,0.137627411352426,False,False,2023,0.04309179733503751
2024-04-29,PRIO3,LSTM,49.560001373291016,49.45752827712164,49.02889760567066,49.17317908110151,49.41454329254578,0.1024730961693762,0.1454580807452359,False,False,2024,0.0429849845758597
2024-04-08,PRIO3,LSTM,49.65999984741211,49.17273059773163,49.17273059773163,50.12764011506164,50.189209857132575,0.4872692496804802,0.5292100097204653,False,False,2024,0.04194076003998509
2024-04-03,PRIO3,LSTM,49.38999938964844,48.20778014132321,48.18733376062631,48.89481838561735,48.16745378784634,1.1822192483252252,1.2225456018020964,False,False,2024,0.04032635347687119
2024-01-02,PRIO3,LSTM,45.34999847412109,45.85704963216813,45.73336287533888,45.85010771803735,45.89494913667214,0.5070511580470409,0.5449506625510523,False,False,2024,0.03789950450401136
2025-03-05,PRIO3,LSTM,37.369998931884766,37.60289337522312,37.27199000318852,38.02658570819805,37.64045670535536,0.2328944433383526,0.2704577734705893,False,True,2025,0.0375633301322367
2023-10-27,PRIO3,LSTM,47.693397521972656,49.51889989814498,50.07749231225917,48.35281016677831,49.55634605731924,1.825502376172324,1.8629485353465824,False,True,2023,0.03744615917425853
2025-09-18,PRIO3,LSTM,38.88999938964844,37.98696126845255,37.72846907773536,38.04145634406228,37.95140261877923,0.9030381211958912,0.9385967708692108,False,False,2025,0.035558649673319564
2025-09-29,PRIO3,LSTM,38.90999984741211,38.54304329747868,38.01979304751631,39.08068285695547,38.50764087289642,0.3669565499334339,0.4023589745156855,False,True,2025,0.03540242458225157
2026-03-04,PRIO3,LSTM,55.52000045776367,55.51167700765774,56.142494588314726,55.31584382476117,55.48065737206839,0.0083234501059337,0.0393430856952861,False,True,2026,0.031019635589352397
2024-01-25,PRIO3,LSTM,44.79999923706055,45.22113343789067,45.8403851666254,44.870189334217145,45.25149614387895,0.4211342008301244,0.4514969068184058,False,True,2024,0.03036270598828139
2022-04-11,PRIO3,LSTM,23.31255531311035,24.087780848924,24.374074587501823,23.59325742673566,24.117221365549835,0.7752255358136466,0.8046660524394831,False,True,2022,0.029440516625836466
2024-06-11,PRIO3,LSTM,42.54999923706055,41.043999825615685,41.52334652372669,41.0204179094216,41.02015673374759,1.5059994114448614,1.529842503312956,False,True,2024,0.023843091868094524
2025-04-01,PRIO3,LSTM,40.060001373291016,39.7691073656631,39.71885654326746,39.65895305464526,39.74674870752088,0.2908940076279123,0.3132526657701362,False,False,2025,0.02235865814222393
2022-12-16,PRIO3,LSTM,35.293312072753906,34.29260582804628,33.653079815897165,35.23037531111055,34.2702954363807,1.0007062447076294,1.0230166363732067,False,True,2022,0.022310391665577356
2025-04-29,PRIO3,LSTM,34.65999984741211,34.08282755195876,33.99938175931077,33.696389798464615,34.061011560158384,0.5771722954533516,0.5989882872537251,False,True,2025,0.021815991800373524
2024-08-02,PRIO3,LSTM,46.0099983215332,47.08840330096655,46.25956798764085,47.88623205082619,47.10899839029256,1.078404979433344,1.0990000687593593,False,True,2024,0.020595089326015392
2023-12-29,PRIO3,LSTM,46.04999923706055,45.83404974069532,45.7319883466604,45.882855704026966,45.817036216095325,0.2159494963652264,0.2329630209652222,False,False,2023,0.017013524599995805
2024-06-18,PRIO3,LSTM,41.25,41.63717373230634,42.17756576661101,41.73414357028704,41.65285532235916,0.3871737323063371,0.4028553223591586,False,True,2024,0.015681590052821492
2025-12-22,PRIO3,LSTM,39.40999984741211,39.09933636591154,39.65959047033592,38.41100905435833,39.08528022484198,0.3106634815005691,0.3247196225701287,False,True,2025,0.014056141069559602
2022-09-21,PRIO3,LSTM,28.484249114990234,27.85527080438308,27.85527080438308,28.011167319465088,27.841450196110763,0.6289783106071525,0.6427989188794712,False,False,2022,0.01382060827231868
2023-10-20,PRIO3,LSTM,49.62030029296875,49.04804034696474,48.209114538427386,49.85601474818869,49.03740859819773,0.5722599460040101,0.5828916947710212,False,True,2023,0.010631748767011118
2024-01-26,PRIO3,LSTM,45.68999862670898,45.11300297282975,45.78438123207644,44.96590757733629,45.10497878785872,0.57699565387923,0.5850198388502577,False,True,2024,0.008024184971027637
2026-01-15,PRIO3,LSTM,43.77999877929688,42.47377138308258,41.57737094129431,43.99825604162125,42.46746743363612,1.3062273962143038,1.3125313456607586,False,True,2026,0.006303949446454737
2022-08-02,PRIO3,LSTM,23.35249137878418,23.759549898083197,23.759549898083197,23.084793808388987,23.76543271161265,0.4070585192990137,0.4129413328284705,False,False,2022,0.0058828135294567985
2022-02-17,PRIO3,LSTM,24.850086212158203,24.993912580358295,24.779695729534986,25.0689411801081,24.99936942996814,0.1438263682000951,0.1492832178099377,False,True,2022,0.005456849609842607
2023-05-04,PRIO3,LSTM,32.64756393432617,33.93629131873331,33.25257080376547,34.12694766927727,33.94094676498516,1.2887273844071387,1.2933828306589916,False,True,2023,0.004655446251852879
2024-04-11,PRIO3,LSTM,49.79999923706055,49.94785110778116,49.94785110778116,50.15944811508571,49.64785988218983,0.1478518707206149,0.1521393548707195,False,False,2024,0.0042874841501046035
2024-05-20,PRIO3,LSTM,47.5,47.14265744780465,47.0240200079414,47.77156536776948,47.86109803625544,0.3573425521953481,0.3610980362554343,False,False,2024,0.0037554840600861894
2024-04-09,PRIO3,LSTM,49.84000015258789,49.49649568241699,49.49649568241699,49.4580964757462,49.49489585539483,0.3435044701708989,0.3451042971930604,False,False,2024,0.001599827022161493
2022-08-05,PRIO3,LSTM,24.031400680541992,23.868968724683626,24.22976957718884,23.35775567473316,23.86807796923633,0.1624319558583664,0.163322711305657,False,True,2022,0.0008907554472906143
2023-03-27,PRIO3,LSTM,31.56929397583008,30.938110630950376,31.558820375157705,30.454886352271217,30.937481490564892,0.6311833448797053,0.6318124852651863,False,True,2023,0.0006291403854810085
2023-11-10,PRIO3,TRANSFORMER,46.39548110961914,46.61941246969434,45.95997210884042,45.05161601626172,44.12849938454284,0.2239313600751984,2.266981725076306,False,True,2023,2.0430503650011076
2021-01-25,PRIO3,TRANSFORMER,14.376907348632812,14.503895073923731,14.486938883086312,16.215531013397477,16.298125426754716,0.1269877252909186,1.9212180781219037,False,False,2021,1.794230352830985
2023-12-08,PRIO3,TRANSFORMER,44.47855758666992,44.378139931545775,44.88795484817029,42.55160659737108,42.62210249870335,0.1004176551241471,1.856455087966573,False,True,2023,1.756037432842426
2021-01-26,PRIO3,TRANSFORMER,14.097356796264648,14.488039887527352,14.488039887527352,16.12250875722652,16.121113537370867,0.3906830912627033,2.0237567411062187,False,False,2021,1.6330736498435154
2024-05-16,PRIO3,TRANSFORMER,47.61000061035156,47.47945251392525,46.81029678154462,46.83874547887295,45.84782645944536,0.1305480964263097,1.7621741509062048,False,True,2024,1.631626054479895
2023-11-01,PRIO3,TRANSFORMER,47.99291610717773,48.1074989806483,47.484117855824735,47.27664732096435,46.41995359982442,0.1145828734705745,1.57296250735331,False,True,2023,1.4583796338827355
2023-08-31,PRIO3,TRANSFORMER,46.34555816650391,46.64950260446119,45.877009070951225,45.73269815093561,44.60176052188412,0.3039444379572771,1.7437976446197965,False,True,2023,1.4398532066625194
2026-03-03,PRIO3,TRANSFORMER,55.119998931884766,56.81034203562069,57.594306447405565,57.75580700750725,58.2301983720891,1.6903431037359269,3.110199440204333,False,True,2026,1.4198563364684063
2026-01-15,PRIO3,TRANSFORMER,43.77999877929688,43.89466907388237,42.96828087079358,43.76000563684936,42.38777910827014,0.1146702945854869,1.3922196710267445,False,True,2026,1.2775493764412575
2023-07-31,PRIO3,TRANSFORMER,45.54684066772461,45.5048997472768,47.2614360452714,45.14656202054172,46.85976945103796,0.0419409204478142,1.312928783313346,False,True,2023,1.2709878628655318
2024-04-26,PRIO3,TRANSFORMER,49.25,49.36665538935347,48.84609559335584,48.94040189890056,47.934141616862846,0.1166553893534683,1.3158583831371544,False,True,2024,1.199202993783686
2026-01-02,PRIO3,TRANSFORMER,41.7599983215332,41.615896194701406,40.975013732140376,41.126329035592505,40.426153042972885,0.1441021268317968,1.333845278560318,False,False,2026,1.1897431517285213
2026-03-17,PRIO3,TRANSFORMER,62.68999862670898,60.92470503983736,61.0900089663526,59.26732061527867,59.74477147032073,1.7652935868716142,2.945227156388249,False,True,2026,1.1799335695166349
2022-03-17,PRIO3,TRANSFORMER,25.009828567504883,25.013292465233302,24.987669739560047,23.65235411753969,23.861919154201782,0.0034638977284231,1.1479094133031005,False,True,2022,1.1444455155746773
2025-02-27,PRIO3,TRANSFORMER,38.20000076293945,38.46030734038473,38.697140824780185,36.6190225895576,36.81163921325025,0.2603065774452773,1.3883615496892006,False,True,2025,1.1280549722439233
2022-05-03,PRIO3,TRANSFORMER,25.788578033447266,25.95068270685965,25.726977268747024,24.812175521254964,24.511856138092465,0.1621046734123865,1.2767218953548038,False,True,2022,1.1146172219424173
2026-03-10,PRIO3,TRANSFORMER,58.900001525878906,60.82867530204976,61.80330640493138,61.5128004312538,61.93526080539868,1.9286737761708537,3.035259279519771,False,True,2026,1.1065855033489171
2023-09-11,PRIO3,TRANSFORMER,47.63349151611328,47.4036553282931,46.6584227097906,47.08570962026964,46.30809001130956,0.2298361878201831,1.3254015048037218,False,True,2023,1.0955653169835387
2023-06-14,PRIO3,TRANSFORMER,35.34323501586914,35.3611408926173,35.473709391547715,34.332455169697575,34.24676293188849,0.0179058767481592,1.0964720839806503,False,True,2023,1.078566207232491
2025-06-04,PRIO3,TRANSFORMER,40.900001525878906,41.05821775467916,40.502843708604864,40.688050588470496,39.693191290684645,0.1582162288002564,1.2068102351942611,False,True,2025,1.0485940063940047
2021-04-08,PRIO3,TRANSFORMER,18.919612884521484,18.836224342823133,18.4627674924892,18.376953112087836,17.855809958851417,0.0833885416983513,1.0638029256700676,False,True,2021,0.9804143839717163
2026-02-04,PRIO3,TRANSFORMER,50.25,50.51848804814927,50.88174950525482,51.10442657963947,51.49452114636747,0.2684880481492655,1.244521146367468,False,True,2026,0.9760330982182024
2022-12-28,PRIO3,TRANSFORMER,37.19026565551758,36.77523256254986,36.86266365674823,36.10292344137304,35.811754392981726,0.4150330929677182,1.3785112625358522,False,True,2022,0.963478169568134
2024-08-13,PRIO3,TRANSFORMER,49.130001068115234,48.34008483003959,47.51783923458402,48.48452427696044,47.382726596839646,0.7899162380756479,1.7472744712755883,False,True,2024,0.9573582331999404
2025-05-02,PRIO3,TRANSFORMER,36.43000030517578,34.561323666187576,34.561323666187576,33.564136148371176,33.61137673256434,1.8686766389882048,2.8186235726114437,False,False,2025,0.9499469336232389
2023-08-23,PRIO3,TRANSFORMER,45.77647399902344,46.28676671061908,45.50708662168712,45.183952123704415,44.33543376254371,0.510292711595639,1.4410402364797292,False,True,2023,0.9307475248840902
2024-06-11,PRIO3,TRANSFORMER,42.54999923706055,42.408464898282034,42.90374697866692,41.27083640642744,41.48756419375015,0.1415343387785128,1.0624350433104013,False,True,2024,0.9209007045318884
2023-01-17,PRIO3,TRANSFORMER,38.677879333496094,38.68762401233042,39.35436087350105,38.59569916271973,39.6048454865813,0.0097446788343233,0.9269661530852034,False,True,2023,0.9172214742508801
2022-09-01,PRIO3,TRANSFORMER,27.156383514404297,26.574515193170782,25.949766863020866,26.40104806720665,25.68667729817604,0.5818683212335145,1.469706216228257,False,True,2022,0.8878378949947425
2023-10-20,PRIO3,TRANSFORMER,49.62030029296875,49.21300508580418,48.37125769304181,49.373788009439785,48.32856703942935,0.4072952071645659,1.2917332535394053,False,True,2023,0.8844380463748394
2021-11-08,PRIO3,TRANSFORMER,27.715484619140625,27.634498055976906,28.20350535950184,28.225800122566262,28.675260087909702,0.0809865631637194,0.9597754687690808,False,True,2021,0.8787889056053614
2025-01-27,PRIO3,TRANSFORMER,42.09999847412109,42.48171259172637,42.19905769282891,41.16936570802744,40.87539593468763,0.3817141176052772,1.2246025394334552,False,True,2025,0.842888421828178
2025-10-17,PRIO3,TRANSFORMER,36.119998931884766,36.43594757181592,36.92662427351,34.50270717949612,34.966981355978014,0.3159486399311504,1.1530175759067518,False,True,2025,0.8370689359756014
2025-03-14,PRIO3,TRANSFORMER,39.34999847412109,38.20934914909253,38.83251607304647,36.91254283224433,37.375066854471655,1.140649325028555,1.974931619649432,False,True,2025,0.834282294620877
2022-09-08,PRIO3,TRANSFORMER,27.50581932067871,27.66737765516021,27.73790860527621,27.97349881919753,28.4927663247871,0.1615583344814979,0.9869470041083908,False,False,2022,0.8253886696268928
2021-11-05,PRIO3,TRANSFORMER,27.52578926086425,24.84369847489127,24.98285000997272,23.882545440997088,24.024205276068336,2.682090785972981,3.5015839847959143,False,True,2021,0.8194931988229333
2024-07-30,PRIO3,TRANSFORMER,47.040000915527344,47.04245797980332,47.30871443957262,47.27743370229408,47.85891758297513,0.0024570642759726,0.8189166674477875,False,False,2024,0.8164596031718149
2026-02-02,PRIO3,TRANSFORMER,50.880001068115234,50.13893707899626,49.34986159805951,50.330732010597856,49.35326239566742,0.7410639891189703,1.526738672447813,False,True,2026,0.7856746833288426
2024-08-09,PRIO3,TRANSFORMER,47.83000183105469,46.41281850594555,46.36779164385478,46.27611058679523,45.63332154370526,1.4171833251091357,2.19668028734943,False,True,2024,0.7794969622402945
2023-04-24,PRIO3,TRANSFORMER,34.97382354736328,34.93569395829135,34.93569395829135,34.102848065290694,34.160980265422026,0.0381295890719286,0.8128432819412552,False,False,2023,0.7747136928693266
2021-03-01,PRIO3,TRANSFORMER,17.61770248413086,17.494722144636878,17.469706023290787,16.77650139164892,16.728207076596792,0.1229803394939814,0.8894954075340671,False,True,2021,0.7665150680400856
2025-12-04,PRIO3,TRANSFORMER,39.59000015258789,39.756240769575015,39.44911693844489,39.25265917035229,38.66751264685656,0.1662406169871246,0.9224875057313326,False,False,2025,0.756246888744208
2022-07-12,PRIO3,TRANSFORMER,22.20433616638184,21.83569934890302,21.47816441045355,21.55804400690184,21.089527816142127,0.3686368174788192,1.1148083502397128,False,True,2022,0.7461715327608935
2021-08-09,PRIO3,TRANSFORMER,17.551809310913086,17.137220113178348,17.017826709201323,16.71282869469635,16.40943670111251,0.4145891977347382,1.1423726098005744,False,True,2021,0.7277834120658362
2022-11-09,PRIO3,TRANSFORMER,37.16031646728516,36.47650968617668,35.990682260835506,36.430564477371945,35.75043472893504,0.6838067811084798,1.4098817383501228,False,True,2022,0.726074957241643
2022-07-04,PRIO3,TRANSFORMER,22.753454208374023,22.512312961031853,22.88286816193948,21.53383490941138,21.787160369850483,0.2411412473421705,0.9662938385235408,False,True,2022,0.7251525911813703
2025-06-03,PRIO3,TRANSFORMER,40.95000076293945,40.68349346098989,41.28605135619629,39.728327139178845,39.974891728439445,0.2665073019495594,0.975109034500008,False,True,2025,0.7086017325504486
2025-04-25,PRIO3,TRANSFORMER,34.880001068115234,35.23868187299743,34.91880842818058,34.203129549875825,33.8144498807676,0.3586808048821979,1.065551187347637,False,False,2025,0.7068703824654392
2026-02-20,PRIO3,TRANSFORMER,55.02000045776367,54.268855729806205,53.33733299305084,54.814823417714926,53.56357254973256,0.7511447279574668,1.4564279080311096,False,True,2026,0.7052831800736428
2023-01-06,PRIO3,TRANSFORMER,35.12358474731445,35.73775943517509,34.8570739925161,35.000659604957534,33.80463909523708,0.6141746878606398,1.3189456520773746,False,True,2023,0.7047709642167348
2023-01-16,PRIO3,TRANSFORMER,39.0073471069336,38.72918005421968,37.90667424991639,38.8122869480496,38.03146303454154,0.2781670527139184,0.9758840723920628,False,True,2023,0.6977170196781444
2023-05-03,PRIO3,TRANSFORMER,34.04531478881836,34.4592759014466,33.72851470019633,33.506434405170495,32.93828102818784,0.4139611126282432,1.1070337606305216,False,True,2023,0.6930726480022784
2022-10-26,PRIO3,TRANSFORMER,33.276554107666016,33.36024223874085,34.01111990762693,33.454495707400135,34.04675707538594,0.0836881310748367,0.7702029677199249,False,True,2022,0.6865148366450882
2021-05-19,PRIO3,TRANSFORMER,18.2307186126709,18.087530561709816,17.785727516305204,17.830643792022187,17.40641510565181,0.1431880509610827,0.8243035070190885,False,True,2021,0.6811154560580058
2022-12-01,PRIO3,TRANSFORMER,36.64114761352539,36.65643439586458,36.65643439586458,36.46841565187557,35.94480977364472,0.0152867823391886,0.6963378398806697,False,True,2022,0.6810510575414811
2025-12-15,PRIO3,TRANSFORMER,39.5,39.66767229597394,39.21991910033994,39.10760843100456,38.65390651658604,0.1676722959739436,0.8460934834139593,False,True,2025,0.6784211874400157
2023-03-27,PRIO3,TRANSFORMER,31.56929397583008,31.635233358973323,32.26992944111039,30.15733940377964,30.85091431208661,0.0659393831432417,0.7183796637434696,False,True,2023,0.652440280600228
2022-10-25,PRIO3,TRANSFORMER,33.735816955566406,33.011234117920765,33.011234117920765,32.96464079791581,32.36974517167756,0.7245828376456416,1.3660717838888488,False,True,2022,0.6414889462432072
2025-09-18,PRIO3,TRANSFORMER,38.88999938964844,39.15262551804304,38.886201260757325,38.29492180633913,37.99190360679032,0.2626261283946007,0.8980957828581211,False,False,2025,0.6354696544635203
2024-03-11,PRIO3,TRANSFORMER,44.900001525878906,45.427414246390754,44.70213714066446,44.821520015038764,43.73731970778066,0.5274127205118475,1.1626818180982497,False,True,2024,0.6352690975864022
2024-07-29,PRIO3,TRANSFORMER,47.18000030517578,46.58033614083422,45.76044366638898,47.10526867504826,45.950122803015134,0.5996641643415614,1.2298775021606474,False,True,2024,0.630213337819086
2022-10-11,PRIO3,TRANSFORMER,31.4494857788086,31.5126364829668,30.701320334792523,31.38433701943057,30.76098908582498,0.0631507041581969,0.6884966929836196,False,True,2022,0.6253459888254227
2025-01-17,PRIO3,TRANSFORMER,42.709999084472656,42.91116416898819,42.697890931454346,41.95427779266985,41.90096057096319,0.2011650845155372,0.8090385135094706,False,False,2025,0.6078734289939335
2026-01-30,PRIO3,TRANSFORMER,50.9900016784668,50.77797121031517,51.072233186700615,51.623487086453785,51.80500263034146,0.2120304681516245,0.8150009518746657,False,False,2026,0.6029704837230412
2021-12-31,PRIO3,TRANSFORMER,20.63685417175293,20.74544169184915,20.468591595058637,20.348024940259503,19.933785469730463,0.108587520096222,0.7030687020224633,False,True,2021,0.5944811819262413
2023-12-19,PRIO3,TRANSFORMER,46.709999084472656,46.81604673498976,46.81604673498976,45.95049507111417,46.01208047574766,0.1060476505170981,0.6979186087249971,False,False,2023,0.591870958207899
2023-08-14,PRIO3,TRANSFORMER,48.51208114624024,48.19593810751621,48.3279754946868,48.131746212996376,47.60945929599796,0.3161430387240287,0.9026218502422836,False,False,2023,0.5864788115182549
2026-01-21,PRIO3,TRANSFORMER,46.880001068115234,45.5009240371628,44.92363095598638,45.50291595455154,44.92034533177493,1.3790770309524305,1.9596557363403024,False,True,2026,0.5805787053878719
2026-02-17,PRIO3,TRANSFORMER,52.560001373291016,52.43050507317594,52.37395097071236,51.79314851113663,51.85187952157288,0.129496300115079,0.7081218517181327,False,False,2026,0.5786255516030536
2025-11-14,PRIO3,TRANSFORMER,39.790000915527344,39.84486370495847,40.43096859675655,39.68590504178375,40.42222563254051,0.0548627894311266,0.6322247170131661,False,True,2025,0.5773619275820394
2021-09-22,PRIO3,TRANSFORMER,20.666805267333984,19.70722737365476,19.96783340745536,19.074044704004297,19.133587701886405,0.9595778936792244,1.533217565447579,False,True,2021,0.5736396717683546
2022-07-28,PRIO3,TRANSFORMER,23.75185203552246,23.70825370680079,24.640246445377635,23.597891270408667,24.36878417928553,0.0435983287216714,0.6169321437630693,False,True,2022,0.5733338150413979
2026-03-05,PRIO3,TRANSFORMER,56.959999084472656,55.62711215928084,56.25924150940679,54.86699596163672,55.05547886112429,1.332886925191815,1.904520223348364,False,True,2026,0.5716332981565491
2025-12-03,PRIO3,TRANSFORMER,39.33000183105469,39.0649454522671,39.77695205508508,37.83267231396285,38.494559699286285,0.265056378787591,0.8354421317684029,False,True,2025,0.5703857529808118
2022-03-03,PRIO3,TRANSFORMER,28.41436004638672,29.15789622508373,28.97774644179085,27.55781320086531,27.10499925107796,0.7435361786970134,1.3093607953087592,False,True,2022,0.5658246166117458
2021-01-27,PRIO3,TRANSFORMER,13.658062934875488,14.506665391619814,14.506665391619814,15.18446506250481,15.071381550920377,0.8486024567443256,1.4133186160448865,False,True,2021,0.564716159300561
2022-11-10,PRIO3,TRANSFORMER,36.52134323120117,36.99127904940357,37.39754898542829,37.05099680085719,37.55449065865863,0.4699358182024014,1.0331474274574577,False,True,2022,0.5632116092550563
2023-09-08,PRIO3,TRANSFORMER,47.41384506225586,47.43156699176461,47.43156699176461,46.795306633029725,46.83643881731608,0.0177219295087525,0.5774062449397803,False,False,2023,0.5596843154310278
2026-02-27,PRIO3,TRANSFORMER,54.4900016784668,54.19734060181395,54.71875592282519,52.89471118017854,53.6377938087556,0.2926610766528483,0.8522078697112008,False,True,2026,0.5595467930583524
2022-08-26,PRIO3,TRANSFORMER,26.51740837097168,26.038590831349325,25.55802736426452,26.070118845692072,25.481956765372555,0.478817539622355,1.0354516055991247,False,True,2022,0.5566340659767697
2025-05-15,PRIO3,TRANSFORMER,39.0,38.98184868586486,38.329513237253536,39.12470180521296,38.42526800192833,0.0181513141351388,0.5747319980716696,False,True,2025,0.5565806839365308
2022-04-29,PRIO3,TRANSFORMER,26.65718460083008,26.624691514052927,26.256218418906528,26.720149632220167,26.07249581323992,0.0324930867771549,0.5846887875901601,False,True,2022,0.5521957008130052
2022-10-28,PRIO3,TRANSFORMER,33.96544647216797,33.9494931951692,33.9494931951692,33.509538506221794,33.39888193498713,0.015953276998772,0.5665645371808381,False,True,2022,0.5506112601820661
2025-05-09,PRIO3,TRANSFORMER,36.66999816894531,36.56280438036325,36.55916084320383,36.19939008368428,36.018206107580475,0.1071937885820659,0.6517920613648371,False,False,2025,0.5445982727827713
2023-04-10,PRIO3,TRANSFORMER,34.8640022277832,34.949631068789415,34.949631068789415,34.78661609655198,34.23390543526982,0.085628841006212,0.6300967925133847,False,True,2023,0.5444679515071726
2023-07-17,PRIO3,TRANSFORMER,41.922664642333984,41.85687937016394,42.317086197564734,41.591851663855245,42.53271884782082,0.0657852721700464,0.6100542054868399,False,False,2023,0.5442689333167935
2021-05-20,PRIO3,TRANSFORMER,17.701568603515625,17.754309550058128,17.474259215972985,17.408614694983797,17.105719190440777,0.052740946542503,0.5958494130748484,False,True,2021,0.5431084665323453
2026-02-09,PRIO3,TRANSFORMER,51.04999923706055,50.27901278328648,50.27901278328648,49.85235091134782,49.74252312461663,0.7709864537740714,1.307476112443915,False,False,2026,0.5364896586698435
2021-08-20,PRIO3,TRANSFORMER,18.001087188720703,17.11137246616263,16.833998795994855,17.006927143158897,16.57731833081412,0.8897147225580717,1.423768857906584,False,True,2021,0.5340541353485122
2026-01-13,PRIO3,TRANSFORMER,42.79999923706055,43.01334128046233,43.544312604404375,43.09532537561012,43.54605825335622,0.2133420434017807,0.7460590162956748,False,True,2026,0.5327169728938941
2022-08-03,PRIO3,TRANSFORMER,23.721899032592773,23.078711242992892,22.72460993014124,22.84824167242701,22.54619328293943,0.6431877895998781,1.1757057496533427,False,True,2022,0.5325179600534646
2022-09-19,PRIO3,TRANSFORMER,28.034971237182617,28.18947723390977,27.514406454896463,27.85372857054497,27.35159801616876,0.1545059967271527,0.6833732210138557,False,True,2022,0.528867224286703
2022-04-08,PRIO3,TRANSFORMER,23.542186737060547,24.09484896711895,24.018928291805715,22.87216868650492,22.467807040590326,0.5526622300584023,1.0743796964702206,False,True,2022,0.5217174664118183
2025-11-17,PRIO3,TRANSFORMER,39.84999847412109,39.89347765345849,39.820319947678186,39.57643156228074,39.28554797229532,0.0434791793374031,0.5644505018257675,False,False,2025,0.5209713224883644
2025-11-11,PRIO3,TRANSFORMER,40.29999923706055,39.04236253381566,38.54701246696549,39.092573300903936,38.525313389212,1.2576367032448843,1.774685847848545,False,True,2025,0.5170491446036607
2023-08-01,PRIO3,TRANSFORMER,45.72655487060547,45.92008233755416,45.98832917266189,45.67025254394061,45.0190530821744,0.1935274669486943,0.7075017884310739,False,False,2023,0.5139743214823796
2022-04-12,PRIO3,TRANSFORMER,23.7119140625,23.59829281527257,23.83880774117408,23.02263320735591,23.08464034257548,0.113621247227428,0.6272737199245206,False,True,2022,0.5136524726970926
2023-05-10,PRIO3,TRANSFORMER,34.59443664550781,35.04980160396886,34.50212140712332,34.451713267728,33.63302361322271,0.4553649584610468,0.9614130322851012,False,True,2023,0.5060480738240545
2022-11-29,PRIO3,TRANSFORMER,35.22342300415039,35.62917625654811,35.62917625654811,34.77969219449063,34.31246274502271,0.4057532523977158,0.910960259127684,False,True,2022,0.5052070067299681
2022-10-27,PRIO3,TRANSFORMER,33.55610275268555,33.80999955117821,33.25224301814789,33.65054741222281,32.79859387918871,0.2538967984926614,0.7575088734968389,False,True,2022,0.5036120750041775
2025-06-10,PRIO3,TRANSFORMER,42.56999969482422,42.53632754787276,43.35386871717622,42.38984257963056,43.10464487189881,0.03367214695146,0.5346451770745944,False,True,2025,0.5009730301231343
2023-06-15,PRIO3,TRANSFORMER,35.542911529541016,35.846424306475654,35.274765197568804,35.480890803897466,34.74159693067544,0.3035127769346388,0.8013145988655737,False,True,2023,0.49780182193093486
2024-06-12,PRIO3,TRANSFORMER,42.68999862670898,42.96170129917863,42.76336264806028,42.44846773400586,41.92353575429176,0.2717026724696509,0.7664628724172147,False,True,2024,0.49476019994756376
2025-11-06,PRIO3,TRANSFORMER,38.459999084472656,37.80250431731193,37.80765927632035,37.51382514073033,37.30796029080352,0.6574947671607276,1.152038793669135,False,False,2025,0.49454402650840734
2021-08-30,PRIO3,TRANSFORMER,19.26905059814453,19.30268270121451,19.560824336353647,19.59941926342493,19.79626226666589,0.0336321030699799,0.5272116685213639,False,False,2021,0.49357956545138404
2021-09-01,PRIO3,TRANSFORMER,18.60012435913086,18.632812989482375,18.424510562138845,18.38347278476057,18.07824865319109,0.0326886303515188,0.5218757059397703,False,True,2021,0.4891870755882515
2024-01-12,PRIO3,TRANSFORMER,46.08000183105469,46.5336828165,46.45347969974569,45.35590687491197,45.139804566074815,0.4536809854453167,0.9401972649798722,False,False,2024,0.4865162795345555
2021-05-04,PRIO3,TRANSFORMER,19.021448135375977,18.82547409755985,19.11855915234934,18.161211604211584,18.339525018280668,0.195974037816125,0.6819231170953088,False,True,2021,0.48594907927918385
2021-02-12,PRIO3,TRANSFORMER,15.892474174499512,15.778417363949176,15.96444365559154,15.154125882673284,15.2972705424189,0.1140568105503359,0.5952036320806116,False,True,2021,0.48114682153027566
2023-09-01,PRIO3,TRANSFORMER,46.87471008300781,47.07102318466343,47.86173470029717,46.55246470620634,47.546042792523146,0.196313101655619,0.6713327095153332,False,True,2023,0.4750196078597142
2026-02-24,PRIO3,TRANSFORMER,54.68000030517578,54.56354162656021,55.26349117720793,54.05258588473675,55.26780446602613,0.1164586786155723,0.5878041608503466,False,True,2026,0.4713454822347743
2025-03-27,PRIO3,TRANSFORMER,40.65999984741211,40.70634698642255,40.63036601716654,40.46855117961688,40.14376271227484,0.0463471390104359,0.516237135137267,False,False,2025,0.4698899961268311
2025-05-20,PRIO3,TRANSFORMER,39.7400016784668,39.41539170452825,39.28097827860709,39.14518448400192,38.948960100843216,0.3246099739385499,0.7910415776235808,False,False,2025,0.46643160368503095
2021-09-07,PRIO3,TRANSFORMER,18.50028610229492,18.103838461672257,18.182671740607237,17.619238133190127,17.63968708824825,0.3964476406226609,0.8605990140466666,False,False,2021,0.4641513734240057
2023-04-28,PRIO3,TRANSFORMER,34.69427490234375,34.7743832646637,35.25174725231374,33.65831703725338,34.15270387701327,0.0801083623199474,0.5415710253304766,False,True,2023,0.46146266301052924
2024-05-17,PRIO3,TRANSFORMER,48.119998931884766,47.98040560373374,47.58385483806823,47.69691225056431,47.52471875538474,0.1395933281510224,0.595280176500026,False,False,2024,0.4556868483490035
2021-10-06,PRIO3,TRANSFORMER,26.207904815673828,25.91973820288166,25.562710628712686,26.117902124688456,25.46943827540955,0.2881666127921676,0.7384665402642767,False,True,2021,0.4502999274721091
2024-04-03,PRIO3,TRANSFORMER,49.38999938964844,49.01097229633001,48.99018525749606,48.87684505691347,48.565922263232736,0.3790270933184274,0.8240771264157019,False,False,2024,0.4450500330972745
2022-09-12,PRIO3,TRANSFORMER,27.555740356445312,27.915622968917432,28.41619644214548,27.90454385580504,28.35461600827456,0.3598826124721199,0.7988756518292455,False,False,2022,0.4389930393571256
2025-01-07,PRIO3,TRANSFORMER,41.630001068115234,41.817421808827135,41.817421808827135,41.21922502471467,41.012598505555786,0.1874207407119001,0.6174025625594481,False,True,2025,0.4299818218475481
2024-03-28,PRIO3,TRANSFORMER,48.7400016784668,47.81166257874145,48.44460815632484,47.07171506053536,47.38214522344244,0.9283390997253492,1.3578564550243613,False,True,2024,0.429517355299012
2021-02-17,PRIO3,TRANSFORMER,17.394062042236328,15.900438987379276,16.010203944854055,15.605536741368306,15.472753531260649,1.4936230548570515,1.921308510975681,False,True,2021,0.4276854561186294
2024-06-27,PRIO3,TRANSFORMER,43.18000030517578,43.02767153695197,43.010423700221146,42.83210512426644,42.60986153648501,0.1523287682238105,0.570138768690768,False,False,2024,0.4178100004669575
2021-09-16,PRIO3,TRANSFORMER,20.85650062561035,20.826185539059352,20.86563398016666,21.31848021917656,21.300774593185025,0.0303150865509991,0.4442739675746736,False,False,2021,0.4139588810236745
2024-04-04,PRIO3,TRANSFORMER,50.04999923706055,49.28313824606846,48.99008541976136,49.22180494966441,48.874139549096334,0.766860990992086,1.1758596879642127,False,False,2024,0.40899869697212665
2025-01-22,PRIO3,TRANSFORMER,42.45000076293945,42.80966442593245,42.26038470732887,42.26218503889488,41.68808024989431,0.3596636629930003,0.7619205130451476,False,True,2025,0.40225685005214734
2022-11-24,PRIO3,TRANSFORMER,36.45145034790039,36.2406459182582,36.80885222253882,35.54417896667668,35.839742019678795,0.2108044296421951,0.6117083282215958,False,True,2022,0.40090389857940073
2024-02-15,PRIO3,TRANSFORMER,44.56999969482422,43.69486921748592,44.5390661160723,42.53223310970671,43.29764742867493,0.8751304773383026,1.2723522661492908,False,True,2024,0.39722178881098813
2021-05-14,PRIO3,TRANSFORMER,18.290620803833008,17.786954282804903,18.04172495216044,17.133877150771813,17.39489203079807,0.503666521028105,0.8957287730349393,False,True,2021,0.3920622520068342
2022-05-06,PRIO3,TRANSFORMER,26.457504272460938,26.721390110605427,27.1467568149824,26.66146201759401,27.11081300160629,0.263885838144489,0.6533087291453512,False,True,2022,0.3894228910008622
2021-02-05,PRIO3,TRANSFORMER,15.674822807312012,15.306701741627096,15.647217467943722,14.707701750134245,14.918527326624282,0.3681210656849156,0.7562954806877293,False,True,2021,0.38817441500281374
2021-01-13,PRIO3,TRANSFORMER,15.870509147644045,16.358209840515148,16.74373140331004,16.358209840515148,16.74373140331004,0.4877006928711029,0.8732222556659952,False,True,2021,0.3855215627948923
2022-10-12,PRIO3,TRANSFORMER,31.4494857788086,31.270742774580043,30.778731831735417,30.989961825804823,30.88700350192471,0.1787430042285578,0.5624822768838911,False,True,2022,0.38373927265533325
2026-02-12,PRIO3,TRANSFORMER,52.22999954223633,52.9216754653238,52.77176085783762,53.48855748625667,53.30401397236746,0.6916759230874732,1.074014430131136,False,True,2026,0.3823385070436629
2023-05-23,PRIO3,TRANSFORMER,36.102012634277344,36.77289410976877,37.43069930232673,36.29136248554354,37.15387800397224,0.6708814754914272,1.0518653696948943,False,True,2023,0.3809838942034671
2023-11-20,PRIO3,TRANSFORMER,47.45378112792969,47.250359026329306,47.817722840639846,46.51947989892676,46.870668483629466,0.2034221016003812,0.5831126443002219,False,True,2023,0.3796905426998407
2021-04-06,PRIO3,TRANSFORMER,18.66801643371582,18.187985319316077,18.506584044733387,17.52556840233693,17.80973470172603,0.4800311143997469,0.8582817319897913,False,True,2021,0.3782506175900444
2024-12-11,PRIO3,TRANSFORMER,41.9900016784668,41.08443429517399,41.64544485335888,40.34014981377261,40.70756169176271,0.9055673832928052,1.282439986704091,False,True,2024,0.3768726034112858
2021-05-18,PRIO3,TRANSFORMER,18.60012435913086,18.23571681674841,18.23571681674841,18.17693807453433,17.859046662835663,0.3644075423824482,0.7410776962951964,False,True,2021,0.37667015391274816
2024-02-07,PRIO3,TRANSFORMER,43.970001220703125,44.31058689822191,44.2886572882084,43.51771531693955,43.25684042364984,0.3405856775187885,0.7131607970532912,False,False,2024,0.3725751195345027
2021-05-07,PRIO3,TRANSFORMER,19.1791934967041,19.04010968386369,19.339202722702915,18.474338319774304,18.669067750946255,0.1390838128404077,0.5101257457578434,False,True,2021,0.3710419329174357
2022-12-30,PRIO3,TRANSFORMER,37.15032958984375,37.200289754745626,37.827788628311616,36.9996171806028,37.56274534782312,0.0499601649018757,0.4124157579793674,False,True,2022,0.3624555930774917
2023-06-19,PRIO3,TRANSFORMER,36.002174377441406,36.60665973062751,37.10863194881798,36.417551155987866,36.96845394597989,0.6044853531861065,0.9662795685384822,False,True,2023,0.36179421535237566
2021-12-30,PRIO3,TRANSFORMER,20.63685417175293,20.70044774994693,20.96188367676282,19.94440784607377,20.215768341016528,0.063593578194002,0.421085830736402,False,True,2021,0.35749225254239997
2023-04-06,PRIO3,TRANSFORMER,34.804100036621094,34.10945425775216,34.92727332214465,33.20265401434414,33.75215257150483,0.6946457788689315,1.051947465116264,False,True,2023,0.3573016862473324
2022-05-24,PRIO3,TRANSFORMER,27.146398544311523,26.500242937445364,26.995120999794967,25.916664471142813,26.14377070351737,0.6461556068661594,1.0026278407941511,False,True,2022,0.35647223392799177
2023-09-26,PRIO3,TRANSFORMER,46.85474395751953,47.483686917505565,46.61187256666188,46.80074811366209,45.88262072744416,0.6289429599860341,0.9721232300753684,False,True,2023,0.34318027008933427
2023-11-02,PRIO3,TRANSFORMER,47.99291610717773,48.65812802371329,49.1974175813588,48.31586414422389,49.00039609257152,0.6652119165355614,1.0074799853937932,False,True,2023,0.3422680688582318
2025-07-17,PRIO3,TRANSFORMER,43.29999923706055,43.113932192524544,43.644698832993306,42.277239466343545,42.77396071770588,0.1860670445360028,0.526038519354664,False,True,2025,0.33997147481866113
2021-12-03,PRIO3,TRANSFORMER,21.175987243652344,20.73130715738995,20.73130715738995,20.532078365421988,20.39308903424229,0.4446800862623945,0.7828982094100496,False,False,2021,0.3382181231476551
2022-07-18,PRIO3,TRANSFORMER,22.054576873779297,21.70181271560148,22.076645277903847,20.935913795593564,21.36473744009683,0.3527641581778198,0.6898394336824651,False,True,2022,0.33707527550464533
2023-05-08,PRIO3,TRANSFORMER,34.45465850830078,34.75354993097133,35.937563745814295,34.154669842177974,35.09006732573721,0.2988914226705503,0.6354088174364279,False,True,2023,0.33651739476587755
2021-02-18,PRIO3,TRANSFORMER,17.653644561767578,17.711225174400727,17.72411871088755,18.142785158286408,18.04625643190455,0.0575806126331492,0.3926118701369709,False,False,2021,0.3350312575038217
2024-04-22,PRIO3,TRANSFORMER,48.0,49.42471164937422,50.29325038763895,48.90283632735037,49.7567380344184,1.424711649374217,1.7567380344183974,False,True,2024,0.33202638504418047
2022-04-20,PRIO3,TRANSFORMER,25.65878868103028,24.847992446046064,25.24194193690723,24.2562573137514,24.5201259309196,0.8107962349842168,1.138662750110683,False,True,2022,0.32786651512646614
2022-09-16,PRIO3,TRANSFORMER,27.975067138671875,28.042534239247143,27.72081246944186,27.78209944509405,27.580497604611526,0.0674671005752713,0.3945695340603485,False,False,2022,0.32710243348507717
2021-02-16,PRIO3,TRANSFORMER,15.892474174499512,15.928077916456198,16.135092201260978,15.477083658609004,15.530059247368264,0.0356037419566863,0.3624149271312475,False,True,2021,0.3268111851745612
2022-09-06,PRIO3,TRANSFORMER,28.6739444732666,28.04995976288899,27.21846454645005,28.731026760609605,27.7273354249618,0.6239847103776128,0.9466090483048042,False,True,2022,0.32262433792719136
2023-08-16,PRIO3,TRANSFORMER,45.90626525878906,47.6552687629046,48.306134540672026,46.9675707159024,47.97664820613909,1.7490035041155352,2.0703829473500264,False,True,2023,0.3213794432344912
2022-01-04,PRIO3,TRANSFORMER,20.6867733001709,20.72887424745504,21.293366698556103,20.368097762480737,21.0493969124532,0.0421009472841404,0.3626236122822988,False,True,2022,0.3205226649981584
2025-03-07,PRIO3,TRANSFORMER,38.31999969482422,38.55103726597415,39.14846045032304,37.41841014213597,37.77074043796044,0.2310375711499261,0.5492592568637775,False,True,2025,0.31822168571385145
2024-04-08,PRIO3,TRANSFORMER,49.65999984741211,49.8039835018925,49.8039835018925,49.96078090203682,50.12145271707299,0.1439836544803938,0.4614528696608815,False,False,2024,0.3174692151804877
2022-02-04,PRIO3,TRANSFORMER,24.3708553314209,23.559870878766404,24.02037032239992,22.79195143642621,23.24265986120459,0.8109844526544947,1.1281954702163084,False,True,2022,0.3172110175618137
2022-08-15,PRIO3,TRANSFORMER,25.28938102722168,24.85306419953052,24.4997191170552,25.068207427561653,24.53634260440934,0.436316827691158,0.7530384228123381,False,True,2022,0.31672159512118014
2023-09-20,PRIO3,TRANSFORMER,48.63188934326172,48.51478461248007,48.51478461248007,48.17269266148168,48.19827906048892,0.1171047307816479,0.4336102827728041,False,False,2023,0.3165055519911562
2021-04-13,PRIO3,TRANSFORMER,20.067768096923828,19.85654711453921,20.13055737023021,19.464157106836627,19.541012577135312,0.2112209823846171,0.5267555197885159,False,True,2021,0.3155345374038988
2022-01-21,PRIO3,TRANSFORMER,23.56215476989746,23.48400561590627,23.12212811585528,23.529879824945603,23.173822096973936,0.0781491539911911,0.388332672923525,False,True,2022,0.3101835189323339
2021-05-25,PRIO3,TRANSFORMER,18.7998046875,18.76394504794681,18.529916931200745,18.85758439500178,18.455323560734158,0.0358596395531911,0.3444811267658458,False,True,2021,0.3086214872126547
2022-05-31,PRIO3,TRANSFORMER,27.945114135742188,28.238802589442173,28.791662690464516,28.04263429156404,28.54729117115493,0.2936884536999855,0.6021770354127476,False,True,2022,0.3084885817127621
2021-01-14,PRIO3,TRANSFORMER,15.574984550476074,16.557369770968595,16.858925654706134,16.557369770968595,16.858925654706134,0.982385220492521,1.2839411042300597,False,True,2021,0.3015558837375387
2026-01-12,PRIO3,TRANSFORMER,43.2400016784668,42.66933343203732,42.65733889905759,42.69612778167758,42.3740592417164,0.5706682464294772,0.8659424367504016,False,False,2026,0.2952741903209244
2024-03-18,PRIO3,TRANSFORMER,47.7599983215332,47.66355376154968,47.49288254420102,47.41880595443431,47.37043100854304,0.0964445599835244,0.3895673129901595,False,False,2024,0.2931227530066351
2024-03-08,PRIO3,TRANSFORMER,44.70000076293945,44.9059358723465,45.65643607575157,43.69648923750872,44.20230423850381,0.2059351094070507,0.4976965244356464,False,True,2024,0.29176141502859565
2021-03-05,PRIO3,TRANSFORMER,19.97990798950196,19.54731056126998,19.8291771269899,19.149627891545304,19.255896183630647,0.4325974282319791,0.7240118058713136,False,True,2021,0.29141437763933453
2024-02-16,PRIO3,TRANSFORMER,45.400001525878906,44.568817439393,44.73193445809861,44.37779516964997,44.27931427288551,0.831184086485905,1.1206872529933989,False,False,2024,0.28950316650749386
2021-01-19,PRIO3,TRANSFORMER,14.676426887512209,14.92443364011237,15.21121061728178,14.92443364011237,15.21121061728178,0.2480067526001619,0.5347837297695701,False,True,2021,0.2867769771694082
2021-06-21,PRIO3,TRANSFORMER,19.388858795166016,19.31856852236348,19.66021066926349,18.712657836405487,19.03306028330951,0.0702902728025343,0.3557985118565057,False,True,2021,0.2855082390539714
2022-07-11,PRIO3,TRANSFORMER,21.884849548339844,21.741786812905573,21.912745727072583,21.4590918237014,21.45768457047422,0.1430627354342704,0.4271649778656226,False,False,2022,0.2841022424313522
2021-01-06,PRIO3,TRANSFORMER,14.566603660583496,15.570578437893715,15.852072027237378,15.570578437893715,15.852072027237378,1.003974777310221,1.2854683666538822,False,True,2021,0.2814935893436612
2022-12-20,PRIO3,TRANSFORMER,35.802494049072266,36.075303350803466,36.717566928350415,35.61669647540939,36.35499021896165,0.2728093017312005,0.5524961698893875,False,True,2022,0.27968686815818705
2025-01-09,PRIO3,TRANSFORMER,41.959999084472656,42.20244618710967,41.64643523688753,41.66375076166168,41.43889024702818,0.2424471026370156,0.5211088374444728,False,True,2025,0.27866173480745715
2022-08-23,PRIO3,TRANSFORMER,25.06973457336425,24.61602269556799,25.424780413450925,23.700659132929083,24.33779878501812,0.453711877796259,0.7319357883461315,False,True,2022,0.2782239105498725
2023-09-12,PRIO3,TRANSFORMER,48.03285217285156,47.67576000852637,48.51330175880302,47.53776392302267,48.66342583058458,0.3570921643251949,0.6305736577330165,False,True,2023,0.27348149340782163
2022-09-28,PRIO3,TRANSFORMER,27.865243911743164,28.019837291438847,28.548865813776796,27.502149149813487,28.291622569306444,0.1545933796956831,0.42637865756328,False,True,2022,0.2717852778675969
2022-08-24,PRIO3,TRANSFORMER,25.938337326049805,25.383534724425488,25.755134507912256,25.09097444581084,25.112492165248806,0.554802601624317,0.8258451608009985,False,True,2022,0.2710425591766814
2021-06-10,PRIO3,TRANSFORMER,19.488698959350582,19.48682990096782,19.76987692176012,18.94131951481169,19.216496737225107,0.0018690583827627,0.2722022221254754,False,True,2021,0.2703331637427127
2026-01-08,PRIO3,TRANSFORMER,41.83000183105469,41.35693722719094,42.19072341267447,40.60176439711319,41.08852386699574,0.4730646038637474,0.7414779640589444,False,True,2026,0.268413360195197
2022-10-10,PRIO3,TRANSFORMER,31.40954971313477,31.4988270172712,30.894837564822534,31.792760409623018,31.052623352439724,0.0892773041364272,0.356926360695045,False,True,2022,0.2676490565586178
2021-07-20,PRIO3,TRANSFORMER,18.769851684570312,18.59416639812388,18.869726439503346,17.996719246197742,18.329136474601665,0.1756852864464342,0.4407152099686477,False,True,2021,0.26502992352221355
2023-09-13,PRIO3,TRANSFORMER,48.12270736694336,48.06272458780632,48.68728615083777,48.01679366507159,48.44637418282986,0.0599827791370444,0.3236668158865043,False,False,2023,0.2636840367494599
2024-07-18,PRIO3,TRANSFORMER,45.470001220703125,45.90782162879509,46.51567509606528,45.7029491593813,46.16936713324131,0.4378204080919659,0.6993659125381839,False,True,2024,0.26154550444621805
2023-10-25,PRIO3,TRANSFORMER,48.28245162963867,48.97267885559165,49.35178505609515,48.557908304695765,49.23338401763405,0.6902272259529809,0.9509323879953796,False,True,2023,0.2607051620423987
2022-01-28,PRIO3,TRANSFORMER,23.80177116394043,24.21415941494477,23.645725883644776,23.82495886187758,23.13024064709894,0.4123882510043444,0.6715305168414893,False,True,2022,0.25914226583714495
2023-05-16,PRIO3,TRANSFORMER,34.44467544555664,35.053928785915105,35.680984581580816,34.51794562015728,35.309330634382675,0.6092533403584639,0.8646551888260348,False,True,2023,0.25540184846757086
2023-07-10,PRIO3,TRANSFORMER,39.42667388916016,39.39223183156969,39.94079704658455,39.25062313367084,39.71572133586752,0.0344420575904749,0.2890474467073503,False,False,2023,0.25460538911687536
2021-10-19,PRIO3,TRANSFORMER,26.72707176208496,28.09734491742398,28.742259589006995,27.621194132485897,28.35022137880172,1.3702731553390208,1.6231496167167592,False,True,2021,0.25287646137773834
2023-10-11,PRIO3,TRANSFORMER,47.52366638183594,47.15102073526191,46.33882552042109,47.850672324608304,46.90073674105361,0.3726456465740284,0.6229296407823242,False,True,2023,0.2502839942082958
2025-05-08,PRIO3,TRANSFORMER,36.65999984741211,36.47690793796036,37.2540032657051,36.1204666360744,37.09252187833046,0.1830919094517469,0.4325220309183493,False,True,2025,0.2494301214666024
2022-05-30,PRIO3,TRANSFORMER,28.21468162536621,28.130164949032803,28.130164949032803,28.250042277571893,27.88094998505289,0.0845166763334077,0.3337316403133208,False,True,2022,0.2492149639799131
2022-12-13,PRIO3,TRANSFORMER,34.83404922485352,35.008274494901485,34.98147961666124,34.70447113300058,34.41263069706163,0.1742252700479625,0.4214185277918929,False,True,2022,0.24719325774393042
2024-09-24,PRIO3,TRANSFORMER,46.540000915527344,45.05096759883361,45.67772730601581,44.57228367122603,44.80383123570239,1.4890333166937353,1.736169679824954,False,True,2024,0.24713636313121867
2022-11-07,PRIO3,TRANSFORMER,36.361595153808594,37.07897783641721,37.13740768168073,37.49764595550866,37.32503178708424,0.7173826826086156,0.9634366332756414,False,True,2022,0.24605395066702584
2022-06-08,PRIO3,TRANSFORMER,27.75541877746582,27.36353707317369,27.771840815836438,26.852956103001723,27.117842669758456,0.3918817042921318,0.6375761077073641,False,True,2022,0.24569440341523224
2021-07-09,PRIO3,TRANSFORMER,19.54860115051269,19.213725336448608,19.34617972646701,18.77098339180077,18.96896007472664,0.3348758140640839,0.5796410757860535,False,True,2021,0.2447652617219696
2022-08-02,PRIO3,TRANSFORMER,23.35249137878418,22.96680929950192,22.96680929950192,22.662179414293757,22.72412815955824,0.3856820792822617,0.628363219225939,False,False,2022,0.24268113994367724
2021-02-02,PRIO3,TRANSFORMER,15.541038513183594,15.651261015598736,16.00116181782782,14.94407936344206,15.18864078920346,0.1102225024151426,0.3523977239801326,False,True,2021,0.24217522156499
2021-03-17,PRIO3,TRANSFORMER,19.26905059814453,18.85830008592612,19.23419797898316,18.262461797576385,18.61627768897592,0.4107505122184101,0.6527729091686147,False,True,2021,0.24202239695020467
2025-12-26,PRIO3,TRANSFORMER,40.59999847412109,41.067414988179166,40.51744664644228,40.58311804093376,39.89102351596297,0.4674165140580797,0.708974958158116,False,True,2025,0.24155844410003624
2021-05-17,PRIO3,TRANSFORMER,18.779834747314453,17.872911994712968,18.138010042208787,17.495024326659337,17.632731114380185,0.9069227526014848,1.147103632934268,False,True,2021,0.2401808803327833
2024-04-29,PRIO3,TRANSFORMER,49.560001373291016,49.74732282504533,49.316180608113086,49.45047544337756,49.13258678256045,0.1873214517543147,0.4274145907305637,False,False,2024,0.240093138976249
2021-05-10,PRIO3,TRANSFORMER,18.45036506652832,18.80581254315408,18.4701728218902,18.36342770623426,17.857956048126407,0.3554474766257591,0.5924090184019128,False,True,2021,0.23696154177615375
2025-11-12,PRIO3,TRANSFORMER,40.0099983215332,39.71998283795324,38.9121261644509,40.05788367692999,39.48668102568248,0.290015483579964,0.523317295850724,False,True,2025,0.23330181227075997
2021-09-08,PRIO3,TRANSFORMER,18.2307186126709,17.989089188121046,17.847477614257155,17.928680215581892,17.756847660695048,0.2416294245498527,0.4738709519758508,False,False,2021,0.23224152742599807
2024-07-02,PRIO3,TRANSFORMER,45.7400016784668,44.11272724282287,43.78313850376336,44.47451043917655,43.88073001270906,1.6272744356439262,1.8592716657577384,False,False,2024,0.23199723011381224
2024-11-22,PRIO3,TRANSFORMER,40.400001525878906,40.63423618268547,41.2876319233022,39.53629031534832,39.93480830121382,0.2342346568065636,0.4651932246650858,False,True,2024,0.23095856785852217
2021-10-14,PRIO3,TRANSFORMER,28.1048583984375,28.049912108829403,28.73613249625533,27.725239422387848,28.39013274712435,0.0549462896080967,0.2852743486868512,False,True,2021,0.2303280590787545
2024-09-23,PRIO3,TRANSFORMER,44.58000183105469,44.89500947725583,45.749398664507375,44.23664915790932,45.12456546010426,0.3150076462011384,0.5445636290495699,False,True,2024,0.22955598284843148
2023-06-22,PRIO3,TRANSFORMER,38.238582611083984,37.79124944959625,37.12030616288929,38.47998972376154,37.56257779195462,0.4473331614877338,0.6760048191293677,False,True,2023,0.22867165764163394
2022-01-11,PRIO3,TRANSFORMER,21.166004180908203,20.290618582684782,20.64521726043993,19.76237115758524,20.062715790189944,0.8753855982234171,1.103288390718259,False,True,2022,0.2279027924948418
2026-03-11,PRIO3,TRANSFORMER,59.34999847412109,58.41475210602289,59.57136429605325,57.66594533907822,58.18779641097986,0.9352463680981984,1.1622020631412298,False,True,2026,0.22695569504303137
2025-09-10,PRIO3,TRANSFORMER,37.630001068115234,38.04062824919933,38.04062824919933,37.10112723923805,36.99315073296015,0.4106271810840951,0.6368503351550814,False,False,2025,0.22622315407098625
2021-12-07,PRIO3,TRANSFORMER,21.894832611083984,21.494734552568687,21.521836167800178,21.402394281299483,21.269523539745368,0.4000980585152973,0.6253090713386165,False,True,2021,0.22521101282331918
2025-12-05,PRIO3,TRANSFORMER,39.2599983215332,40.14783800421896,40.73045761222502,39.79505608711111,40.36800209776452,0.8878396826857511,1.108003776231314,False,True,2025,0.22016409354556288
2021-04-12,PRIO3,TRANSFORMER,19.350919723510746,18.94520492226845,19.324877393972205,18.44578112506136,18.7251448289256,0.4057148012422971,0.6257748945851453,False,True,2021,0.22006009334284826
2026-01-20,PRIO3,TRANSFORMER,45.40999984741211,44.79799261966252,44.79799261966252,44.56193076217931,44.586604487021525,0.6120072277495865,0.8233953603905846,False,False,2026,0.2113881326409981
2025-11-13,PRIO3,TRANSFORMER,39.83000183105469,39.68135922265918,39.68135922265918,39.70023305578594,40.1881600869353,0.1486426083955052,0.3581582558806104,False,False,2025,0.2095156474851052
2021-10-13,PRIO3,TRANSFORMER,26.906784057617188,27.668912796651146,27.668912796651146,27.92695533367084,27.87707157532837,0.7621287390339546,0.9702875177111848,False,False,2021,0.2081587786772302
2025-09-23,PRIO3,TRANSFORMER,38.58000183105469,38.89696489222817,39.011761990484,37.93067952623287,38.05634866973156,0.3169630611734817,0.523653161323125,False,False,2025,0.20669010014964329
2020-12-29,PRIO3,TRANSFORMER,13.542248725891112,13.72477928155716,13.931065933227003,13.72477928155716,13.931065933227003,0.1825305556660499,0.388817207335892,False,True,2020,0.20628665166984209
2022-09-20,PRIO3,TRANSFORMER,28.284570693969727,28.343694280381985,28.39206588456311,28.162628712371436,28.548248511004715,0.0591235864122552,0.2636778170349885,False,False,2022,0.20455423062273329
2022-08-17,PRIO3,TRANSFORMER,24.300968170166016,24.4217890035242,24.78773597294953,24.065856399164147,24.62616193699742,0.1208208333581808,0.3251937668314042,False,True,2022,0.2043729334732234
2022-04-25,PRIO3,TRANSFORMER,24.66039085388184,25.095118740368378,24.59376465210763,24.5079726660366,24.021560803720767,0.434727886486538,0.6388300501610722,False,True,2022,0.2041021636745342
2023-06-30,PRIO3,TRANSFORMER,37.020538330078125,37.07765033047161,37.5860810509644,36.40294069705148,36.760073513305066,0.0571120003934879,0.2604648167730587,False,True,2023,0.2033528163795708
2021-01-12,PRIO3,TRANSFORMER,15.27546501159668,17.287336357630156,17.48483317336812,17.287336357630156,17.48483317336812,2.0118713460334767,2.20936816177144,False,True,2021,0.19749681573796307
2021-06-22,PRIO3,TRANSFORMER,19.299001693725582,19.272223247485872,19.272223247485872,19.14684400254469,19.07568109786517,0.0267784462397102,0.2233205958604109,False,False,2021,0.19654214962070068
2022-01-24,PRIO3,TRANSFORMER,23.13284492492676,23.60290164360677,23.615111532443823,23.642840965586046,23.799363430406768,0.4700567186800093,0.6665185054800062,False,False,2022,0.19646178679999693
2023-07-25,PRIO3,TRANSFORMER,44.88790130615234,44.84186839309518,44.3742790000866,45.65354267193084,44.64655769241397,0.0460329130571537,0.2413436137383655,False,True,2023,0.19531070068121179
2023-08-10,PRIO3,TRANSFORMER,47.30402374267578,47.899489010557545,48.1864965426769,48.01968322797269,48.09476877892795,0.5954652678817638,0.7907450362521686,False,False,2023,0.19527976837040484
2022-05-12,PRIO3,TRANSFORMER,26.09808158874512,25.897068485964557,26.30931315696793,25.567293180765205,25.703460350028525,0.2010131027805677,0.3946212387165957,False,True,2022,0.19360813593602802
2023-07-27,PRIO3,TRANSFORMER,45.01769256591797,45.144056400372506,45.35156514476181,44.98577373358174,45.33712894390544,0.126363834454537,0.3194363779874649,False,True,2023,0.19307254353292788
2023-05-05,PRIO3,TRANSFORMER,34.23501205444336,34.636778763749135,35.36342902273646,33.738588255675936,34.829399132771044,0.4017667093057753,0.594387078327685,False,True,2023,0.1926203690219097
2026-01-09,PRIO3,TRANSFORMER,42.68000030517578,42.00577447933887,42.50151752160347,41.80091271909145,41.81403079223924,0.6742258258369134,0.8659695129365446,False,True,2026,0.1917436870996312
2022-11-16,PRIO3,TRANSFORMER,36.21183776855469,37.93870132153802,37.93870132153802,38.24389024709593,38.12811639529429,1.7268635529833318,1.9162786267396044,False,False,2022,0.18941507375627253
2024-01-03,PRIO3,TRANSFORMER,46.880001068115234,46.71074487875137,47.4005184578735,45.84165978229513,46.52308410537026,0.169256189363864,0.3569169627449753,False,True,2024,0.1876607733811113
2022-12-15,PRIO3,TRANSFORMER,35.71263885498047,36.568693060583456,37.113662249304056,36.43307621022695,36.75451054116789,0.8560542056029874,1.0418716861874202,False,True,2022,0.18581748058443281
2021-07-21,PRIO3,TRANSFORMER,18.969532012939453,18.22812280196732,18.441998341079685,17.944129644544518,18.04514641705393,0.7414092109721331,0.9243855958855214,False,True,2021,0.1829763849133883
2022-08-18,PRIO3,TRANSFORMER,24.600486755371094,24.47157217841476,24.759798060358012,24.11199522850313,24.28999064725458,0.1289145769563333,0.3104961081165136,False,True,2022,0.18158153116018033
2025-07-03,PRIO3,TRANSFORMER,42.58000183105469,43.3413645957578,43.08997845425401,42.19506486734552,41.63715484434899,0.761362764703108,0.942846986705696,False,False,2025,0.18148422200258796
2024-07-10,PRIO3,TRANSFORMER,45.470001220703125,44.77449916828687,44.60241749078338,44.622137775113,44.59383492378334,0.6955020524162592,0.8761662969197843,False,False,2024,0.18066424450352514
2022-09-07,PRIO3,TRANSFORMER,28.6739444732666,27.774184018136932,27.072847716047672,28.01528606919263,27.596898299702914,0.8997604551296661,1.0770461735636871,False,True,2022,0.17728571843402108
2023-12-18,PRIO3,TRANSFORMER,46.09999847412109,47.4427929266584,47.610975101466586,47.24931149179296,47.619594378477146,1.342794452537312,1.5195959043560592,False,False,2023,0.17680145181874707
2022-08-04,PRIO3,TRANSFORMER,23.31255531311035,23.020502660174543,22.721657475008666,23.001620291327967,22.84521392917693,0.2920526529358085,0.467341383933423,False,True,2022,0.1752887309976145
2022-07-21,PRIO3,TRANSFORMER,22.803373336791992,22.289210269498085,22.655976195747616,21.870106580299467,22.116164274666765,0.5141630672939073,0.6872090621252269,False,True,2022,0.17304599483131966
2022-12-12,PRIO3,TRANSFORMER,34.584449768066406,34.466340615780155,35.07995916289487,33.6376047955114,34.29360050909944,0.1181091522862516,0.2908492589669649,False,True,2022,0.1727401066807133
2023-05-17,PRIO3,TRANSFORMER,36.44146728515625,35.202199286523324,35.80519350139442,34.65316941929594,35.03347457550257,1.2392679986329256,1.4079927096536835,False,True,2023,0.16872471102075792
2021-12-27,PRIO3,TRANSFORMER,20.62686920166016,20.63590883589185,21.064369187037297,20.110609919434005,20.45020353405025,0.0090396342316942,0.1766656676099138,False,True,2021,0.1676260333782196
2022-05-16,PRIO3,TRANSFORMER,27.016605377197266,26.98776268824284,27.368834159880343,27.036429553462632,27.20971725525425,0.0288426889544268,0.1931118780569889,False,True,2022,0.1642691891025621
2023-11-13,PRIO3,TRANSFORMER,46.22575378417969,47.07198307357794,47.70115713995373,46.43803990975897,47.235625690632425,0.8462292893982521,1.0098719064527373,False,True,2023,0.16364261705448513
2024-08-12,PRIO3,TRANSFORMER,48.59999847412109,48.20291602338409,48.87008856793764,48.62613038128797,49.15963842558968,0.3970824507369954,0.559639951468597,False,True,2024,0.16255750073160163
2025-11-10,PRIO3,TRANSFORMER,39.22999954223633,38.66882618775463,38.65410220079545,38.67642982433312,38.50765343601359,0.5611733544816957,0.7223461062227372,False,False,2025,0.1611727517410415
2021-02-19,PRIO3,TRANSFORMER,17.74949073791504,18.06805792161169,17.76687769073924,17.753923445356147,17.27046897402837,0.318567183696647,0.4790217638866707,False,True,2021,0.16045458019002373
2022-06-03,PRIO3,TRANSFORMER,27.7654037475586,27.949746679442057,27.55325733410667,27.989233965880004,27.423381685212554,0.1843429318834566,0.3420220623460466,False,True,2022,0.15767913046259
2024-07-19,PRIO3,TRANSFORMER,45.290000915527344,45.99774483923295,45.12768441264945,45.677148693582176,44.426364853163165,0.7077439237056069,0.8636360623641792,False,True,2024,0.15589213865857232
2022-11-03,PRIO3,TRANSFORMER,36.68108367919922,36.282646164060026,36.4970927602205,36.98211983822958,37.23472544442188,0.398437515139193,0.5536417652226646,False,False,2022,0.1552042500834716
2024-03-15,PRIO3,TRANSFORMER,47.79999923706055,48.00658810561458,47.83077956625282,48.40508096485983,48.16170767105595,0.2065888685540358,0.3617084339954033,False,False,2024,0.1551195654413675
2021-05-21,PRIO3,TRANSFORMER,17.991104125976562,17.519643090386726,17.752561080557417,17.119504534750043,17.36619301344805,0.4714610355898365,0.6249111125285118,False,True,2021,0.15345007693867535
2024-08-15,PRIO3,TRANSFORMER,48.91999816894531,48.940171979231536,48.73252600062764,49.13994984036385,49.09318459428319,0.0201738102862236,0.1731864253378745,False,False,2024,0.15301261505165092
2021-06-11,PRIO3,TRANSFORMER,19.65842628479004,19.23993762211669,19.23993762211669,19.140548363487344,19.088039797598363,0.4184886626733508,0.5703864871916764,False,False,2021,0.15189782451832562
2024-04-09,PRIO3,TRANSFORMER,49.84000015258789,49.6875578266023,49.6875578266023,49.48478546436267,49.53829832189102,0.1524423259855893,0.3017018306968708,False,False,2024,0.1492595047112815
2022-04-14,PRIO3,TRANSFORMER,24.860069274902344,24.82576863497222,25.28145569514942,24.49282263587345,24.676808336535704,0.0343006399301231,0.1832609383666401,False,True,2022,0.14896029843651698
2024-04-11,PRIO3,TRANSFORMER,49.79999923706055,49.74012025432512,49.74012025432512,49.796742232262105,49.5942963159371,0.0598789827354266,0.2057029211234464,False,False,2024,0.1458239383880198
2024-07-24,PRIO3,TRANSFORMER,46.0,44.96664033653565,45.64338937165071,43.86356055084545,44.82517756200995,1.0333596634643527,1.174822437990052,False,True,2024,0.14146277452569933
2022-06-02,PRIO3,TRANSFORMER,28.653976440429688,27.598680924406292,28.02821640310898,27.12951512299665,27.45796404360302,1.055295516023392,1.1960123968266672,False,True,2022,0.14071688080327505
2025-03-26,PRIO3,TRANSFORMER,40.619998931884766,40.06380007013991,40.7469452451805,39.275706952797925,39.92351595437578,0.5561988617448606,0.6964829775089854,False,True,2025,0.1402841157641248
2025-12-23,PRIO3,TRANSFORMER,40.41999816894531,40.56299676746653,41.07910498156922,39.859835451081885,40.139998136410746,0.142998598521217,0.2800000325345664,False,True,2025,0.1370014340133494
2025-09-25,PRIO3,TRANSFORMER,39.150001525878906,39.54870393621872,39.424224006734015,38.99617790247002,38.61504145946248,0.3987024103398084,0.5349600664164242,False,False,2025,0.13625765607661583
2025-05-27,PRIO3,TRANSFORMER,39.40999984741211,39.87776542924087,39.707241098253846,39.14753929830811,38.80745588040234,0.4677655818287576,0.6025439670097725,False,False,2025,0.13477838518101493
2021-02-22,PRIO3,TRANSFORMER,18.408432006835938,16.45302099592192,16.79611353161713,16.071294750140616,16.324897581642396,1.955411010914016,2.083534425193541,False,True,2021,0.12812341427952512
2023-05-15,PRIO3,TRANSFORMER,34.41472625732422,34.961903691063384,34.415596966934935,34.45598623808706,33.74351484889421,0.547177433739165,0.6712114084300111,False,True,2023,0.1240339746908461
2025-06-12,PRIO3,TRANSFORMER,43.220001220703125,43.43753729572416,44.12725078020436,43.27864470690807,43.56015789084336,0.2175360750210302,0.3401566701402387,False,True,2025,0.1226205951192085
2022-03-23,PRIO3,TRANSFORMER,27.296157836914062,26.93532960725318,27.48500377752141,26.383839941185624,26.815075571699072,0.360828229660882,0.4810822652149902,False,True,2022,0.12025403555410819
2026-01-07,PRIO3,TRANSFORMER,41.06999969482422,41.78034695046961,42.47118019113926,41.297143333848496,41.90003606255589,0.710347255645388,0.8300363677316653,False,True,2026,0.1196891120862773
2024-03-25,PRIO3,TRANSFORMER,47.66999816894531,47.48948028960661,48.19816836169306,46.676571459751614,47.37001194954547,0.1805178793387085,0.299986219399841,False,True,2024,0.1194683400611325
2022-02-09,PRIO3,TRANSFORMER,24.460712432861328,24.00034756309948,24.44586466496889,23.428536364396567,23.88220796019601,0.4603648697618467,0.5785044726653226,False,True,2022,0.11813960290347586
2026-01-06,PRIO3,TRANSFORMER,40.81999969482422,41.938885198987805,42.06908091272479,41.72488572682491,42.055650667742285,1.118885504163586,1.2356509729180658,False,True,2026,0.1167654687544799
2022-01-26,PRIO3,TRANSFORMER,23.55217170715332,23.573097433197432,23.959732014643,23.503924657966618,23.689442899170253,0.020925726044112,0.1372711920169322,False,True,2022,0.1163454659728202
2021-03-03,PRIO3,TRANSFORMER,17.89525604248047,17.980498692915408,18.286370621562533,17.48296272887933,17.693987675876233,0.0852426504349388,0.2012683666042356,False,True,2021,0.11602571616929681
2021-05-24,PRIO3,TRANSFORMER,19.1692123413086,17.63668316265944,17.90271269333656,17.366742279781313,17.52190048268066,1.5325291786491595,1.6473118586279405,False,True,2021,0.114782679978781
2022-03-21,PRIO3,TRANSFORMER,26.128034591674805,26.1962270565968,26.55709837980139,25.793075822842816,25.945756837247306,0.0681924649219922,0.1822777544274991,False,True,2022,0.1140852895055069
2021-02-23,PRIO3,TRANSFORMER,17.72153663635254,18.411362872657808,18.59429136850627,18.4586423756337,18.522770596569536,0.6898262363052687,0.8012339602169973,False,True,2021,0.1114077239117286
2024-04-01,PRIO3,TRANSFORMER,48.38999938964844,48.551308045290966,48.44200799076111,48.47807783995295,48.119840515909935,0.1613086556425287,0.2701588737385023,False,False,2024,0.10885021809597359
2024-07-12,PRIO3,TRANSFORMER,45.59000015258789,45.16274359945282,44.93495533675264,45.11760361693253,45.055305122517154,0.4272565531350665,0.5346950300707363,False,False,2024,0.10743847693566977
2023-11-14,PRIO3,TRANSFORMER,46.914649963378906,47.258153868932936,47.20369301929945,46.64894297926456,46.46404093235308,0.3435039055540301,0.4506090310258273,False,False,2023,0.10710512547179718
2021-06-30,PRIO3,TRANSFORMER,19.4587459564209,19.089666501971227,19.45627104691872,18.65813032806415,18.98383318929755,0.3690794544496718,0.4749127671233495,False,True,2021,0.10583331267367774
2025-05-21,PRIO3,TRANSFORMER,39.75,39.745423298049104,39.745423298049104,39.5342982078842,39.64073216606544,0.0045767019508957,0.1092678339345596,False,False,2025,0.10469113198366391
2025-06-13,PRIO3,TRANSFORMER,43.97999954223633,43.25753429722408,43.84127058929296,42.98082993623491,43.15513646491907,0.7224652450122448,0.8248630773172607,False,True,2025,0.10239783230501587
2024-08-01,PRIO3,TRANSFORMER,47.9900016784668,47.21433255728266,47.3657924238799,47.406194094119726,47.11368565051878,0.7756691211841371,0.8763160279480147,False,False,2024,0.10064690676387755
2023-12-13,PRIO3,TRANSFORMER,45.22735595703125,45.14436274789841,45.84490586273307,44.148208194888056,45.04576370057859,0.0829932091328373,0.1815922564526602,False,True,2023,0.0985990473198229
2021-11-12,PRIO3,TRANSFORMER,24.32093620300293,25.787641149710623,26.27575767212164,25.237299847724696,25.88456869732867,1.4667049467076936,1.5636324943257414,False,True,2021,0.09692754761804778
2021-08-18,PRIO3,TRANSFORMER,17.252290725708008,16.78033162773698,17.02126421340955,16.405430289411836,16.683859553066153,0.4719590979710268,0.5684311726418549,False,True,2021,0.09647207467082813
2021-04-05,PRIO3,TRANSFORMER,18.09493637084961,18.620746300823047,18.320203390226403,17.831863768536103,17.474853202671774,0.5258099299734376,0.6200831681778354,False,True,2021,0.09427323820439781
2025-10-23,PRIO3,TRANSFORMER,36.86000061035156,36.94950516038477,37.74168813487436,36.13403753311798,36.67642821253724,0.0895045500332116,0.1835723978143235,False,True,2025,0.0940678477811119
2023-01-31,PRIO3,TRANSFORMER,42.03248596191406,41.56685676352652,41.6220410156627,41.176192183377815,41.47500143251786,0.4656291983875462,0.5574845293961985,False,False,2023,0.09185533100865234
2025-11-05,PRIO3,TRANSFORMER,37.810001373291016,37.25280282647816,37.937364035721934,36.4514343455199,37.16389998977064,0.557198546812856,0.6461013835203744,False,True,2025,0.08890283670751842
2024-04-18,PRIO3,TRANSFORMER,49.2400016784668,49.487472045848335,49.40658016241101,48.654673766182086,48.90567776583119,0.2474703673815383,0.334323912635611,False,False,2024,0.08685354525407271
2021-12-22,PRIO3,TRANSFORMER,19.83813667297364,20.13933566473848,19.99809422880372,19.69303884737438,19.450936524217163,0.3011989917648421,0.3872001487564773,False,False,2021,0.08600115699163519
2021-12-01,PRIO3,TRANSFORMER,20.27742958068848,21.057237948890403,20.56842439604643,19.889824164085784,19.417024527729914,0.7798083682019232,0.8604050529585656,False,True,2021,0.08059668475664239
2022-04-13,PRIO3,TRANSFORMER,24.300968170166016,24.383937213802355,24.9439205457038,24.0338514794208,24.462870187843944,0.0829690436363392,0.161902017677928,False,True,2022,0.0789329740415888
2021-07-26,PRIO3,TRANSFORMER,18.719932556152344,18.89056613909226,19.195090474486623,18.705792707562654,18.967769513352597,0.1706335829399172,0.2478369572002492,False,True,2021,0.077203374260332
2022-09-14,PRIO3,TRANSFORMER,28.36444091796875,27.888769906341,28.41605628327665,27.16576407930148,27.814099957728747,0.4756710116277531,0.5503409602400033,False,True,2022,0.07466994861225024
2023-05-18,PRIO3,TRANSFORMER,36.29170608520508,36.27870108869863,36.28686354945243,36.46469387320753,36.20538874507529,0.0130049965064529,0.0863173401297885,False,False,2023,0.07331234362333561
2022-09-21,PRIO3,TRANSFORMER,28.484249114990234,28.297871498229117,28.297871498229117,28.140633472221936,28.22704476690457,0.1863776167611206,0.2572043480856685,False,False,2022,0.07082673132454789
2024-08-16,PRIO3,TRANSFORMER,49.20000076293945,49.27012188007882,49.37999459356258,49.10519334041735,49.33993261019154,0.0701211171393652,0.139931847252086,False,False,2024,0.06981073011272079
2024-04-23,PRIO3,TRANSFORMER,49.18000030517578,49.153274125975145,50.59348822322381,48.27399369412771,49.27577438361608,0.0267261792006365,0.0957740784403,False,True,2024,0.06904789923966351
2024-10-02,PRIO3,TRANSFORMER,44.119998931884766,44.62065824849924,44.531578858561474,43.94812245851167,43.551298116155245,0.5006593166144739,0.568700815729521,False,False,2024,0.06804149911504709
2022-10-03,PRIO3,TRANSFORMER,28.893592834472656,27.84254717047375,28.41070703917188,27.14879247816896,27.7760600989306,1.051045663998906,1.1175327355420563,False,True,2022,0.06648707154315026
2023-06-16,PRIO3,TRANSFORMER,36.21183776855469,36.04859325040579,36.08027681604949,35.639652154254875,35.98356260102451,0.1632445181489004,0.2282751675301781,False,False,2023,0.0650306493812777
2022-09-09,PRIO3,TRANSFORMER,28.00501823425293,27.69854851592123,27.88167835650353,27.452098218764053,27.634449800616864,0.306469718331698,0.3705684336360662,False,True,2022,0.06409871530436817
2024-04-25,PRIO3,TRANSFORMER,49.38999938964844,49.32428412265915,50.33690704705606,48.806481685986704,49.519737704409984,0.0657152669892866,0.1297383147615463,False,True,2024,0.06402304777225969
2021-01-15,PRIO3,TRANSFORMER,14.83217716217041,15.695724806088068,15.759169493528638,15.695724806088068,15.759169493528638,0.8635476439176575,0.9269923313582282,False,True,2021,0.06344468744057075
2023-07-26,PRIO3,TRANSFORMER,45.51689147949219,45.21988762461865,44.980364150096975,45.27499299712185,45.15804207914275,0.2970038548735374,0.3588494003494347,False,False,2023,0.06184554547589727
2024-02-08,PRIO3,TRANSFORMER,43.400001525878906,44.72462579106923,45.35330546667312,44.3144278295399,44.78518699389762,1.324624265190323,1.3851854680187117,False,True,2024,0.060561202828388616
2021-02-24,PRIO3,TRANSFORMER,17.443981170654297,19.228310031577823,19.587867924035734,19.195526979967497,19.28846575541219,1.7843288609235266,1.8444845847578928,False,True,2021,0.06015572383436618
2022-05-02,PRIO3,TRANSFORMER,25.109668731689453,27.40970875111995,27.548070628854912,27.250145436532414,27.46906918225429,2.3000400194304973,2.359400450564838,False,True,2022,0.05936043113434053
2024-07-08,PRIO3,TRANSFORMER,45.34999847412109,45.21726665134145,44.57395016116431,45.78954756903234,45.1579173159035,0.1327318227796396,0.1920811582175901,False,True,2024,0.059349335437950484
2024-12-03,PRIO3,TRANSFORMER,40.810001373291016,40.90953708877237,41.63891633929855,40.27139224731119,40.96768061533088,0.0995357154813518,0.1576792420398618,False,True,2024,0.05814352655851
2025-12-29,PRIO3,TRANSFORMER,41.13999938964844,41.07934892624394,41.59851658580181,40.53770095678633,41.25828562496509,0.0606504634044995,0.1182862353166527,False,True,2025,0.057635771912153196
2022-06-27,PRIO3,TRANSFORMER,22.63364601135254,23.13119367997284,23.504715009516698,21.81931215681244,22.079824715731963,0.4975476686202995,0.5538212956205761,False,True,2022,0.05627362700027666
2022-05-11,PRIO3,TRANSFORMER,25.44912338256836,24.870816187691474,25.81516476314888,23.69068069999893,24.8149228739117,0.578307194876885,0.634200508656658,False,True,2022,0.055893313779773024
2022-12-29,PRIO3,TRANSFORMER,37.15032958984375,37.118694091220334,37.223278393504586,37.083988909481455,37.06564659486405,0.0316354986234159,0.0846829949797012,False,False,2022,0.053047496356285306
2025-07-08,PRIO3,TRANSFORMER,43.08000183105469,43.24208076647278,44.07318639572932,41.97364060853514,42.865970564530905,0.1620789354180942,0.2140312665237829,False,True,2025,0.0519523311056887
2024-07-11,PRIO3,TRANSFORMER,45.36000061035156,45.04399649068853,44.82165276256581,45.08732556953098,44.99631089847309,0.3160041196630345,0.3636897118784787,False,False,2024,0.04768559221544422
2021-04-09,PRIO3,TRANSFORMER,18.86769676208496,19.097955755443056,19.097955755443056,18.984710709460384,19.145052549813617,0.2302589933580954,0.2773557877286556,False,False,2021,0.04709679437056019
2021-06-23,PRIO3,TRANSFORMER,19.4587459564209,19.10215186558263,19.10215186558263,19.0665749013517,19.05601366613592,0.3565940908382679,0.4027322902849768,False,False,2021,0.04613819944670894
2023-01-18,PRIO3,TRANSFORMER,38.907508850097656,38.94163206343609,39.25599417058782,38.83903202493081,38.98746891586874,0.0341232133384323,0.0799600657710826,False,False,2023,0.045836852432650295
2022-05-13,PRIO3,TRANSFORMER,27.04655838012696,25.9663098345423,26.365638455616548,25.792725928079552,25.920503199023948,1.080248545584659,1.1260551811030126,False,True,2022,0.04580663551835351
2023-06-26,PRIO3,TRANSFORMER,36.9806022644043,37.62889717438051,37.49765764192596,37.70856369103227,37.67296009394554,0.6482949099762152,0.692357829541244,False,True,2023,0.044062919565028835
2025-12-12,PRIO3,TRANSFORMER,39.40999984741211,39.66476539833923,39.79189627543099,38.82185574784568,39.113755451080834,0.254765550927118,0.2962443963312751,False,False,2025,0.04147884540415708
2021-09-02,PRIO3,TRANSFORMER,18.73990058898925,18.595386682435407,18.759800727916826,18.36751096847897,18.55410331257176,0.1445139065538434,0.1857972764174924,False,True,2021,0.041283369863649
2024-12-13,PRIO3,TRANSFORMER,41.5,41.9310052598492,41.45225368690276,41.34031331745937,41.0278640306462,0.4310052598492007,0.4721359693538005,False,False,2024,0.041130709504599794
2023-02-13,PRIO3,TRANSFORMER,41.97258377075195,42.91265846414234,43.36796538712895,42.85959501950526,42.94731762532689,0.940074693390386,0.9747338545749358,False,False,2023,0.034659161184549814
2025-06-09,PRIO3,TRANSFORMER,42.150001525878906,42.26799434606954,42.20114511838635,42.28851350661871,41.99754937789531,0.1179928201906364,0.1524521479835954,False,False,2025,0.034459327792959016
2021-07-13,PRIO3,TRANSFORMER,19.538618087768555,19.41220619655296,19.64886039251088,19.176852411269344,19.37776190906665,0.1264118912155964,0.1608561787019056,False,True,2021,0.034444287486309205
2024-06-26,PRIO3,TRANSFORMER,43.02000045776367,42.56800728591293,43.1582460875984,42.05271342935683,42.53609824977072,0.451993171850745,0.4839022079929478,False,True,2024,0.03190903614220281
2026-01-16,PRIO3,TRANSFORMER,44.16999816894531,43.90120448776838,43.87352718654368,43.62189757485445,43.86993641079059,0.2687936811769305,0.300061758154726,False,False,2026,0.031268076977795545
2022-04-21,PRIO3,TRANSFORMER,25.65878868103028,25.20470265424666,25.1560711090678,25.37916837694324,25.17464866696476,0.4540860267836208,0.4841400140655203,False,False,2022,0.030053987281899508
2025-06-17,PRIO3,TRANSFORMER,44.02999877929688,43.95221475469327,44.75643159866977,43.45816758869582,44.13579994979443,0.0777840246036092,0.1058011704975498,False,True,2025,0.02801714589394061
2023-11-21,PRIO3,TRANSFORMER,47.90305709838867,47.98137910809385,48.28618200919744,47.73948520658541,47.80051512751404,0.0783220097051753,0.1025419708746326,False,False,2023,0.024219961169457294
2022-10-17,PRIO3,TRANSFORMER,31.29972648620605,31.31391054484172,31.446204920233463,31.08807913153637,31.33734086688186,0.0141840586356671,0.0376143806758086,False,False,2022,0.023430322040141498
2021-12-02,PRIO3,TRANSFORMER,20.926387786865234,20.995802505465832,21.55808834142703,20.2708634741701,21.019074114304424,0.0694147186005977,0.0926863274391891,False,True,2021,0.023271608838591404
2021-12-10,PRIO3,TRANSFORMER,20.666805267333984,21.03580808848787,21.03580808848787,20.246325137601914,20.27455709101082,0.3690028211538845,0.3922481763231644,False,False,2021,0.02324535516927989
2025-06-11,PRIO3,TRANSFORMER,43.310001373291016,42.87737403688067,43.46887552269599,42.610353025377336,42.85426495487127,0.4326273364103485,0.4557364184197467,False,True,2025,0.023109082009398207
2022-04-22,PRIO3,TRANSFORMER,24.44074249267578,25.3032393359546,25.142237257957795,25.502162260122656,25.326143712856823,0.8624968432788194,0.8854012201810448,False,False,2022,0.022904376902225465
2023-06-21,PRIO3,TRANSFORMER,38.60798645019531,36.29388571439941,36.86806749922454,35.835309770220384,36.27159500480722,2.314100735795904,2.336391445388088,False,True,2023,0.022290709592184044
2026-02-10,PRIO3,TRANSFORMER,51.470001220703125,51.314896307387926,51.314896307387926,51.37338518154692,51.29369092060711,0.1551049133151991,0.17631030009602,False,False,2026,0.0212053867808209
2021-05-31,PRIO3,TRANSFORMER,19.698360443115234,18.89906898486688,18.887474110350528,19.00716285542284,18.878563687700037,0.7992914582483586,0.8197967554152008,False,False,2021,0.02050529716684224
2023-10-27,PRIO3,TRANSFORMER,47.693397521972656,48.55190031717439,49.09958460062548,47.83206166043789,48.571634712506665,0.8585027952017299,0.8782371905340085,False,True,2023,0.01973439533227861
2025-01-15,PRIO3,TRANSFORMER,43.0,42.78013592829643,43.359509930875056,42.116979323277135,42.76211496103771,0.2198640717035687,0.2378850389622897,False,True,2025,0.018020967258721016
2023-02-09,PRIO3,TRANSFORMER,41.8927116394043,42.300906281936136,42.940585119516655,42.26146766842792,42.31860479241099,0.4081946425318392,0.4258931530066903,False,True,2023,0.017698510474851104
2021-06-16,PRIO3,TRANSFORMER,20.017847061157227,20.18760837613325,20.201686827072518,20.280261368571136,20.20376210795108,0.1697613149760286,0.1859150467938555,False,False,2021,0.016153731817826922
2024-07-25,PRIO3,TRANSFORMER,45.81999969482422,45.736940978844245,46.25296418587119,45.60171851765761,45.9175933067766,0.0830587159799733,0.0975936119523837,False,True,2024,0.014534895972410394
2021-07-22,PRIO3,TRANSFORMER,19.02943420410156,18.86665060890313,18.99875170411435,18.828908237053568,18.853779667013963,0.1627835951984266,0.1756545370875954,False,True,2021,0.012870941889168791
2021-06-24,PRIO3,TRANSFORMER,19.41880989074707,19.37070036161933,19.37070036161933,19.444784318477737,19.47938406178868,0.0481095291277391,0.0605741710416083,False,False,2021,0.012464641913869201
2022-07-26,PRIO3,TRANSFORMER,23.70193099975586,23.092463694010064,22.978941030170517,23.32389257400538,23.08025615303418,0.6094673057457953,0.6216748467216782,False,False,2022,0.012207540975882836
2023-09-19,PRIO3,TRANSFORMER,48.63188934326172,48.629392625783225,48.87183681003316,48.165716605634266,48.617632072716624,0.0024967174784933,0.0142572705450945,False,False,2023,0.0117605530666012
2024-03-06,PRIO3,TRANSFORMER,43.63999938964844,45.05562408122739,45.90621125179519,44.27295417152469,45.06712127602356,1.4156246915789552,1.4271218863751258,False,True,2024,0.011497194796170618
2021-07-06,PRIO3,TRANSFORMER,20.2075424194336,20.671531947362723,20.701549054539957,20.741691803729484,20.68293167706692,0.4639895279291224,0.4753892576333207,False,True,2021,0.01139972970419828
2022-05-25,PRIO3,TRANSFORMER,27.425949096679688,26.92043430977131,27.31118993884737,26.768006150811704,26.91061823368968,0.5055147869083783,0.5153308629900089,False,True,2022,0.009816076081630598
2023-04-17,PRIO3,TRANSFORMER,36.0920295715332,36.03041492860461,36.03041492860461,36.070263515078224,36.16307848913191,0.061614642928589,0.0710489175987092,False,False,2023,0.009434274670120195
2021-08-05,PRIO3,TRANSFORMER,17.242305755615234,17.460370800881197,17.899270768984508,16.969726053721622,17.46908941092059,0.2180650452659627,0.2267836553053541,False,True,2021,0.008718610039391395
2022-05-05,PRIO3,TRANSFORMER,26.507423400878903,26.614435679657845,26.237640773189547,26.987544110407818,26.39191763713332,0.1070122787789422,0.1155057637455811,False,True,2022,0.00849348496663889
2023-05-19,PRIO3,TRANSFORMER,36.91071701049805,36.34796115851407,36.40737580315261,36.29328616107421,36.339507648294095,0.5627558519839795,0.5712093622039518,False,False,2023,0.008453510219972316
2021-08-04,PRIO3,TRANSFORMER,17.27225685119629,17.62529341693583,17.321953081564747,17.23884152902015,16.91451733282218,0.35303656573954,0.3577395183741103,False,True,2021,0.004702952634570268
2024-10-01,PRIO3,TRANSFORMER,44.2599983215332,44.54256686028418,45.28030471239287,43.39397694712765,43.97330671497058,0.2825685387509793,0.2866916065626199,False,True,2024,0.004123067811640568
2021-08-13,PRIO3,TRANSFORMER,17.392065048217773,17.635860704648916,17.635860704648916,17.52240620908961,17.639612254151203,0.2437956564311427,0.2475472059334293,False,False,2021,0.003751549502286594
2021-09-15,PRIO3,TRANSFORMER,21.05618095397949,19.575948098184824,19.8228247155464,19.438150507809848,19.572885972084663,1.4802328557946645,1.4832949818948258,False,True,2021,0.003062126100161322
2024-01-15,PRIO3,TRANSFORMER,47.06999969482422,47.119623517717855,47.84499496579596,46.518738513920674,47.12225274973614,0.0496238228936363,0.0522530549119224,False,True,2024,0.002629232018286097
